S1041000FEED
S1121001DF34F0A8EF69CC4600BCCB340000000C
S11310103537FFFF45E044F0D9EFB8CC31004ECC72
S11310201E000000F10FFFFF7EE04AF039F018CDFA
S11310303B0018CD26000000E010FFFFA503C030E0
S1131040E0047005DEFFDB3DFFFF97033030E00472
S11310507005DEFF193DFFFFAD03F02FE0047005BE
S113106000008070BDADFFFFFFFFFFFFFFFFFFFF2C
S1131070FFFFFFFFFFFFFFFFFFFFFFFFFFFFFFFF7C
S11310802E393D1C0C031600F9D6FFFFFFFFFFFFAE
S1131090B6C383040000FFFF3AC8FFFFFFFFFFFF52
S11310A0FFFFFFFFFFFFFFFFFFFFFFFFFFFFFFFF4C
S11310B0FFFFFFFFFFFFFFFFFFFFFFFFFFFFFFFF3C
S11310C0FFFFFFFFFFFFFFFFFFFFFFFFFFFFFFFF2C
S11310D0FFFFFFFFFFFFFFFFFFFFFFFFFFFFFFFF1C
S11310E0FFFFFFFFFFFFFFFFFFFFFFFFFFFFFFFF0C
S11310F0FFFFFFFFFFFFFFFFCB8F508FBF8D738775
S11311003140000AB24000459001B240885A2001A3
S1131110F2C02000AC048243640132D2F2D0400019
S11311201F00F2C040001E00F2D050001900F2D09F
S113113050001A00F2C080002600F2C08000210096
S1131140F2D080002200B2C0EFFE8001B2D00001D4
S11311508001B24000809201B24000809401B2D07C
S113116090008401B24000C18C01B24001809C0116
S1131170B24010818E01B24001809E01B2B00004E1
S1131180F4040324B2D0100080013F400A00B2B23C
S11311908E0103241F83FB23543CF2425B003E4038
S11311A007003F431F83FE231E83FB23F2C00F006F
S11311B01B00F2D003001900F2C21900F2D00B0098
S11311C01A00E2C21A00B01212C6B01212C6B0124D
S11311D0FEC5F2C0EF002100F2C010002200F2D0E0
S11311E0EB002200F2C32600F2C0F7002900F2D07F
S11311F0F7002A00F2C0F7002E00F2C0AE0019007A
S1131200F240AE001A00F2C31B00F2C0BF001D0082
S1131210F2D0BF001E00F2C0BF001F00F2C07F006A
S11312203100F2D07F003200F2C33300F2D3370032
S1131230B2C000808E01B2D000408E0132D0D800FE
S11312400343B2C010008401B2C010008E01F2C387
S11312502600D2C32100E2C32100E2D32200E2C26D
S11312602100F2C010002100F2C07D002200F2C370
S11312702E00F2C007002900F2D007002A00F2C2B3
S11312802A00F2C010002E00F2D010002900F2D083
S113129010002A00F2C060002A00F2C08000290079
S11312A0F2D080002A00F2C00F001B00D2D3190034
S11312B0D2D31A00E2D31900E2D31A00E2C21A0010
S11312C0F2C21900F2D21A00F2C09F001F00F2C04D
S11312D003001D00F2D003001E00F2D01C001D000C
S11312E0F2D01C001E00F2C020001E00F2C020003C
S11312F01F00F2C080001D00F2D080001E00F2C367
S11313003300D2C33100E2D33100F2D00300320003
S1131310E2C23100E2D23200F2C23100F2C2320043
S1131320F2C020003100F2D020003200F2C05000A0
S11313303100F2D050003200F2C080003200E2C32B
S11313400200F24060005600F2400C005700F240E8
S1131350800053000E43E2C302003F431F83FE2379
S1131360D2B35300032CE2B30200F52312D30E6E62
S11313703EF007003E900700EE23E2B35300EA2F4D
S1131380F24088005800D2B35300022CE2D300008C
S11313900443054306430743084309430A430B43F5
S11313A00C430D430E430F43354000023640B00258
S11313B08543000025530596FB2B3540C00236407B
S11313C000058543000025530596FB2BC2431505F4
S11313D0824316058243180582431A0535402805C1
S11313E0364040058543000025530596FB2B3540C8
S11313F046053640E0058543000025530596FB2B42
S11314003540F00536401006854300002553059607
S1131410FB2B354018063640200685430000255333
S11314200596FB2B354030063640600685430000A8
S113143025530596FB2BB2F000066C0635406E066C
S1131440364070088543000025530596FB2B8243E4
S11314507E083540A0083640200985430000255306
S11314600596FB2B354028093640000A85430000C9
S113147025530596FB2BB012346E3F4020001F838A
S1131480FE23B01240783D433E4000113F403EFDF4
S1131490B01222BC3E40E0FF3F43B01222BC0F43D7
S11314A0B01222BC824DBA081D9094E80424B2D034
S11314B00001F204033CB2C00001F2040A430B43EE
S11314C00C430D430E430F433E4007003F431F832D
S11314D0FE231E83FB23F2E020003100B0124E8174
S11314E03F4080102D423C40C0040A43B012FC81AE
S11314F00A930324B2D00010F2043F4090102D420E
S11315003C40C0040A43B2C00040F204B012FC8163
S11315100A930724B2D00040F2042F43C24FFD04C3
S1131520093C0F435F42C2047FF00F00C24FFD0429
S11315301F830F5F924FC8FA7603924FD0FA780355
S1131540924FD8FA8603924FE0FA8803924F98FAA2
S11315503004924FA0FA3204924FA8FA3404924F06
S1131560B0FA3604924FB8FA3804924FC0FA3A04EB
S1131570924FECFA2804924FF4FA2A04924FFCFAA0
S11315802C04924F08FB3C04924F10FB3E0412C300
S11315900F10D24F04FB2E04B2B00040F204012419
S11315A0762CF2B08000C104042CB2C00080F40494
S11315B0033CB2D00080F404F2B02000C104042C37
S11315C0B2C00020F404033CB2D00020F404F2B012
S11315D04000C204092CB2C00004F40432D020003C
S11315E0B2C010008001083CB2D00004F40432C040
S11315F02000B2D010008001F2B08000C2040A2C96
S1131600B2C000087C02B2C000088C02B2C000085C
S11316109C02093CB2D000087C02B2D000088C02C3
S1131620B2D000089C025F42C2047FF030003F90B9
S113163010000424B2C00040F404033CB2D00040C3
S1131640F404D242C304F704B2B00040F604032405
S1131650F2D020001F00D2B3C404042CB2C0800016
S1131660F604033CB2D08000F604E2B3C404042CB4
S1131670B2C04000F604033CB2D04000F604F2B21B
S1131680C404032C92C33A08023C92D33A08B2D061
S113169010008401B2D010008E01D2D3AC04D2D396
S11316A0150592B33A080A2CF2C030001B00F2C0B0
S11316B030001900F2D030001A000F3CF2D0300094
S11316C01B00B012C048C2436400F240E000610055
S11316D0B24010082808E2C30100B0120248C24315
S11316E0D400F2D0C0001B00F240E000D100B240B0
S11316F0B004A404E2C30600B012A256B012D45639
S1131700B01286C6B2B08000F0042C2CB2B04000F7
S1131710E0040324B2D000406C06D242E00439084D
S1131720F2F030003908B2B00040F4040324F2C0EF
S113173010003908B2B00080F4040324F2C0200081
S11317403908B2B2E0040324B2D08000FA04A2B291
S1131750E004042CB2C00001F404053CB2D0000142
S1131760F404013C0E3CA2C2E004B012B0C692B331
S1131770E004042CB2C00002F404033CB2D0000222
S1131780F404B2B00002F40407241F4234041E42DD
S113179036041D423A04093CB2C00002F4041F425C
S11317A030041E4232041D4238043C40F0028C4F87
S11317B000008C4E02002C523C900003F82B824D0A
S11317C0D803824DDA03824DDC03824DDE033C40B4
S11317D0D0058C4F00008C4E02002C523C90E0054A
S11317E0F82B824D0806824D0A06824D0C06824D66
S11317F00E063C4054068C4F00008C4E02002C52C6
S11318003C906006F82B824D6E06824D7C06824D1C
S11318107E06F243D003F243D203F243D403F243ED
S1131820D603B2B00004F4046724B2B04000F60456
S11318304724B012F8CAF2B00C00AC042824D293A6
S1131840FD040D20B2404914C007B2406915C20717
S1131850B240AA17C407B240CB18C6070C3CB2402A
S1131860584DC007B240A451C207B2403C5AC40705
S1131870B240885EC607B2406013C807B240741312
S1131880CA07B2409C13CC07B240B013CE07B012C3
S11318901ACBF2B00C00AC040E24F2403C00E1047C
S11318A0B2401414E204B240CD0CE404B240CD0CB6
S11318B0E6048243E804B0128EF69242E804BA07C2
S11318C0B240F81CA804A2C3F204F2D00300AC0492
S11318D0F2400300AB04B240BA06AE04B012A2C395
S11318E0A2B3F2040120043C8243BA06C243BC06FC
S11318F0B012C25EB012CACAB01228C6B0125CC618
S1131900B2B00080F2040524D2C3FC048243E00494
S1131910083C92B3E004032CD2C3FC04023CD2D3AF
S1131920FC04B2B00004F4040A2CB2F00600E00493
S1131930F2F0F100FC04D252E004FC04173CB012B3
S113194038CEB2B02000F2040224B01254D0B01247
S1131950A6D05F42FC047FF0700012C30F100F107A
S11319600F10F2F0F100FC04C25FFC04D2B3FC04DB
S11319700324C243BE03083C5F42FC043FF006005C
S11319800F111F53C24FBE03B012DAC6B0129CC768
S113199092B3F0040124213C92B3F8041E24B2B2A1
S11319A0F804162CA2B2F8040D245F42FC043FF0A4
S11319B006000F111F533E420E5E1F83FD2382BE9D
S11319C0F804062CE2C31D00B2C00002F804053C72
S11319D0E2D31D00B2D00002F804B012CAC7B0129C
S11319E00AC892428C047C0492428E047E04B01293
S11319F058C8B2B01000F0040C24B240FF00C80470
S1131A00B240FF00CA04B240FF00CC04B240FF0061
S1131A10CE04B0129CC8B2B02000F0040B24D24310
S1131A202004F2402D002104F2400F002204F24071
S1131A301E002304B2C010008401B2B00004F404F8
S1131A402A24B240AC00A804E243AB04B240E00450
S1131A50AE04B01258CCF2B00C00AC040E20C29309
S1131A60E1040B24C2430D0592430E059242E004A7
S1131A701C05B2D00040FA04023C82431C05824398
S1131A80E004B240AC00A804E243AB04B240E0047A
S1131A90AE04B012F4CBB240E800A804E243AB04B5
S1131AA0B240E004AE04B01258CCF2B00C00AC0466
S1131AB00D20B2D0FF014405B2D0001AE00492F226
S1131AC0E0044405B2F0FF1F4405023C8243440590
S1131AD092B344050324F240F800FC07A2B3440582
S1131AE00324F240F800FD07A2B244050324F240A7
S1131AF0F800FE07B2B04000F6041524B2B010009E
S1131B0044050324F240F800F907B2B0200044056C
S1131B100324F240F800FA07B2B04000440503245D
S1131B20F240F800FB07B2B000014405042CB2C037
S1131B300004F804033CB2D00004F80492C3F40493
S1131B40B012ACC0B2B00004F2040A2C3F40B002A0
S1131B503E40D004BF4E00002F533E90E004FA2BC9
S1131B60B2B00004F4043224B2B08000F6040E24AF
S1131B70B2B04000FA040A2C3F4060063E407006B2
S1131B80BF4E00002F533E907C06FA2BF2D0030088
S1131B90AC04B2406008A804F2401000AB04B240A8
S1131BA0F005AE04B012A2C3F2B00C00AC040B20DA
S1131BB03F40E0053E40F005BF4E00002F533E90ED
S1131BC00006FA2B033CB2D02000FA04B2405600BF
S1131BD0A804D243AB04B240FC04AE04B012F4CB6C
S1131BE0B2B00004F4041525F2D00300AC04B240F2
S1131BF08600A804D243AB04B240E004AE04B012A1
S1131C00A2C3F290AA00E004042092D34005B012CB
S1131C10B4D58243E004B2408600A804D243AB04A6
S1131C20B240E004AE04B012E2C2B2B00020F40448
S1131C30F024B012A4CA92B3FA040A2C3D40200541
S1131C403C40E004BD4C00002D533C90E804FA2BCA
S1131C50F2D00300AC04B240CD1CA804F242AB04A1
S1131C60B240E004AE04B012A2C3F2B00C00AC0463
S1131C700A203D4010063C40E004BD4C00002D53BA
S1131C803C90E804FA2BB0122ACAB2B00080F004E7
S1131C90142CF2E020003100B012A8D9B290A55A59
S1131CA0EE040B24D242E8041205D2B3E204032466
S1131CB0D2D31405023CD2C31405B240EB00A804ED
S1131CC0F2400300AB04B240EA04AE04B01258CCB4
S1131CD0F2B00C00AC040620D2B3EC040624D2D338
S1131CE01405033CE2C21405783C9292EA04100500
S1131CF00120733C9242EA041605B2501000160506
S1131D001F421605D242EC043005F2C0100015053E
S1131D10D242E80436053D4037053C402005FD4CE1
S1131D2000001D533C902805FA2BB01266C9B2B0CE
S1131D300004F004522CD242E2043105D242E10400
S1131D403205D242E4043305D242E5043405D242DA
S1131D50E6043505B24030051805B01206D98243B1
S1131D602005824322058243240582432605B2B01E
S1131D70800080051F24F2D0100030053D40370557
S1131D803C401006FD4C00001D533C901806FA2BF5
S1131D90824F1605B24030051805F2D01000150523
S1131DA0B01206D9824310068243120682431406F7
S1131DB082431606824FEA04D2423005EC04F2C094
S1131DC01000EC04B240EB00A804F2400300AB04A2
S1131DD0B240EA04AE04B012F4CBE2B2EC04032C39
S1131DE0E2C21405053CE2D21405F2D080001505C8
S1131DF0F2F00F001405B2B00001F404022CE2D397
S1131E001405C29307050324F2D21405023CF2C25E
S1131E10140592D3F404B2C00001F404B2D010004B
S1131E208401B2B00040F6043124F2D00300AC04C3
S1131E30B2408601A804D243AB04B2407908AE0490
S1131E40B012A2C3F2B00C00AC040224C24379085D
S1131E50B2B00004F404152CB2D000066C06B240F3
S1131E609801A804E242AB04B2407A08AE04B0126E
S1131E70A2C3F2B00C00AC04022482437C08824367
S1131E807A08B2D00C006C06B0125EECA2C3A001BA
S1131E90B2401A06A201B2407033A001B2D0800051
S1131EA0A0018243A401B2400002A601F240110045
S1131EB08000F24012008100F24010008200F240E3
S1131EC012008300F24016008400F24014008500E2
S1131ED0F24016008600F24018008700F240150018
S1131EE08800F24098008900F2D33700B240BE0760
S1131EF06E03B240BE077E03B240BE078E03B2D06B
S1131F0000047C02B2D000048C02B2D000049C0213
S1131F10B2400402600182436201B240DC057401F4
S1131F20B24030006401B2B00010F6041C24054332
S1131F3036400F00F2B22000012415531683FA2311
S1131F4035900B001028F2D22600B24010816601B1
S1131F50A2D26601B24038017601F2D010002E0000
S1131F60B2C003006601E242AC02F2402800AD02B6
S1131F70F2401900AE02F24058005900E2425A0001
S1131F80F2425B00F2400700AD04F2400A00CF03C6
S1131F90F2D02000AC04E2433C08D2422004A30265
S1131FA0D2422104A002F2D040009F03B2B000400C
S1131FB0F6040D24E242A2023D400A00C24D3D084F
S1131FC0C243CE03F2400A00CC03D2439F03B2B013
S1131FD00001B8080924B2D00001B808E2D2FF0415
S1131FE0E2D23508E2D2B206B2D020006001F2E0BB
S1131FF020003100D2C3030092B33A080224D2D3A2
S11320000100D2C30700D2D30600D2C32300D2D327
S11320102400F2C040002B00F2C040002C00F2D09B
S113202040002D000343A2B2F4043524F2E0200062
S11320303100B2B00004F404022C92D38401B01233
S1132040AA49B2B000047C021824B2B000048C0285
S11320501424B2B000049C021024824390038243EF
S113206092038243940382439603824398038243F8
S11320709A038243660382436803B012C0DEA2B3AC
S1132080F8040224B0126CDFB01224E0F2D0800015
S1132090B907A2C2F404F2B08000A7043B24C2939F
S11320A0A6044A20F2B02000A7044624D2B3A00517
S11320B00324C293A20540209242AC05A404D24258
S11320C0A605A604F2C02000A704C293A705032016
S11320D0F2C08000A704D2B3A005162432C2034381
S11320E0924274017201924272017601B2507701F8
S11320F07201B2505E017601B2401000620132D228
S1132100C293A7058F270B3CE2D30600C293A70511
S11321108927053CF2B2A7040F24F2C2A704B240F7
S1132120B004B406B0123E82A2B2F6047B27B01209
S1132130C25EA2C2F604763F92B33A083224F2B0E9
S113214080002B081C24C2932A082B20F2B0200004
S11321502B082724924236082808D24232082A083B
S1132160F2C020002B08C29333080320F2C0800081
S11321702B08E2D30100C29333085427053CF2B282
S11321802B080F24F2C22B08B2401008B406B01278
S11321903E82A2B2F6044627B012C25EA2C2F60480
S11321A0413FB2B080006C060924B2C080006C06C6
S11321B0B2408006B406B0123E82343F92B33A086D
S11321C00624B2B02000F6040224B012C048B2B013
S11321D01000F6040224B0120248B2B04000F40425
S11321E00824B01240BFB2B00020F4040224B0129C
S11321F07ECAF2B02000AC040924B2B00001F80495
S11322000524B01276C7B2C00001F804B2B0800051
S1132210F4040224B012ACC0B2B00004F4040724E5
S1132220F2B08000BB060324B0123AF2FB3EA2B324
S11322306C060324B01224E5F53EB2B00040F60467
S11322400924A2B26C06062492B3F4040324B01247
S11322505EECE83EB2B00004F4045324B2B02000B3
S1132260F4040E24F2B02000AC040A24B2B020001E
S1132270F204062CB012D4C8B2C02000F404D23E3A
S1132280D2B34F050824F2B02000AC040424B012E9
S1132290FCD2D2C34F05B2F0DFAD400582934005B6
S11322A00D20B2F0DF6D4205829342050720B2F0A3
S11322B0FF1F4805829348050120033CB01284DBCC
S11322C0B13EB2B04000F6041C24B2B2F604192C9C
S11322D08293BC0704208293BE070120033CB01202
S11322E06CF7A03EF2B08000B9070B24B2B2F6043A
S11322F0082CB0129CF3B012C2F5F2C08000B907EA
S1132300913EF2B29F030B24B012346EB012A86E49
S1132310B2B00004F4048626B0127C49833EF2B2C3
S11323200C050B24C29346060224D2834606B2B09F
S11323300004F4041D24B01238CEB2B00004F40436
S11323401724B2B02000F2040224B01254D0F2B028
S113235010000C050D24B2B00020F4040724E2B2EE
S11323601405042CF2B0600015050220B012A6D0AA
S1132370F2B02000AC049E24B2B00010F4049A24FD
S11323808293F20408208293F0040520B2B07F0007
S1132390FA0401208C3C92D37A08B2B00004F4040D
S11323A0052CF2901F00CF03852C0D3CB2B0002009
S11323B0F404052CF2901F00CF037C2C043CF29013
S11323C02500CF03772CD253CF035F42CF033F8046
S11323D00A000F5F0F5F0F5F005F3040B42430408E
S11323E0B424B012A2C23040B424B01228C6304083
S11323F0B4243040B4243040B424B012DAC630409F
S1132400B4243040B4243040B424B0125CC630400C
S1132410B424B0129CC73040B424B012CAC73040B0
S1132420B424B0120AC83040B424B01226C73040D5
S1132430B424B01258C83040B424B0129CC8304000
S1132440B424B0124CC73040B424B01286C6304015
S1132450B4243040B4243040B4243040B424304058
S1132460B424B01266C93040B424B01298C93040C4
S1132470B424B012CCC93040B424B01200CA3040E5
S1132480B4243040B4243040B424B0122ACA3040BA
S1132490B424B012A4CA3040B4243040B424304030
S11324A0B4243040B4243040B424B012CACAB2C0F8
S11324B00010F404B2B00004F4043027B2B00020D9
S11324C0F4042924E2B21405202CF2B040001505CE
S11324D02224F2B0200015051E24F2C010001505B8
S11324E0B012CED7B01206D9B2B08000800507244E
S11324F0F2D010001505B012CED7B01206D9E2C33F
S11325001405F2C060001505063CE2B2140503246C
S1132510B01224D9033FB2B2F6040027B2B040008F
S1132520F604FC26B2B00001B808F826B012BCF8D4
S1132530F53E0F12E2B302000C24F2C080005800F2
S1132540E2C302003F40FF001F83FE23E2B3020008
S1132550F423F24088005800E2D300003F41001306
S1132560B240085A2001D2C30200D2C300000013B3
S113257092B38401022C3040562A92C3840105127E
S11325800412F2B080002900032CB2D010008E0196
S1132590B2B00001F6040224E2D32100B240F0F00C
S11325A00A0592E200050A0592E202050A0592E292
S11325B004050A0592E206050A05929208050A0531
S11325C01524B2B00004F4040324B2D02000F204B1
S11325D0B2D000066C0682430005B2400001020539
S11325E0B24001010405B2400201060582930E05C2
S11325F00420C2930D0501204A3C92830E05C27348
S11326000D0582930E052D20C2930D052A20C29339
S11326101D051C24E2B20C050D2CD2831D050A20D5
S1132620E2C20C05B2B00004F4041524B2C00040A8
S1132630FA04113CE2D31405E2D20C05C2430D05A1
S113264092430E05C2931C051924113CB2C00040EC
S1132650FA04E2D20C05D24268040D0592426A04DF
S11326600E05E2B20C051324C29369040724C29335
S113267000050D24E2C20C0512D30C3CF290580064
S11326800005052CE2C20C0512D3C2A3000512D327
S1132690C2A30005B2B010006C061024F2905900D9
S11326A000050C20C2430005A2D34005A2D3420575
S11326B0B2D000106C06B2C010006C06F29060003C
S11326C000055029C2430005C2A30105F290300061
S11326D001050320B2D000046C06B2B020006C06E1
S11326E00D24F24059000005A2D34005A2D34205AF
S11326F0B2D000206C06B2C020006C06F2D20C05E9
S1132700B2C003004605C29312050320F2401E0026
S11327101205F290070012051828F2900A0012051B
S11327201424F2900C0012051024F2900F001205EC
S11327300C24F290140012050824F2901E001205D5
S11327400424F2903C0012051A2004435542120559
S113275035900A00052835800A0034501000F83FEF
S1132760045505435592010507280C24C29313050B
S11327701F24D28313051C3C12C305A4F33FD28348
S113278013051620D24212051305B250100010058D
S1132790829310050220D2D31405F2D0400015050F
S11327A0C29307050324F2D21405023CF2C21405B5
S11327B092B3F40478249242B002D0049242B2025A
S11327C0D2049242B402D4049242B602D604924293
S11327D0B802D8049242BA02DA049242BC02DC047F
S11327E09242BE02DE04B2B08000F6041224924289
S11327F0600670069242620672069242640674068D
S113280092426606760692426806780692426A0604
S11328107A069242E005F0059242E205F205924200
S1132820E405F4059242E605F6059242E805F8054A
S11328309242EA05FA059242EC05FC059242EE0545
S1132840FE05924220052805924222052A0592425D
S113285024052C05924226052E05924210061806E0
S1132860924212061A06924214061C069242160658
S11328701E06F2B04000150513248243200582434E
S1132880220582432405824326058243100682439F
S113289012068243140682431606F2D02000150560
S11328A0B2D04000F40412D3F290600001055A281B
S11328B0C2430105B2D000046C06C2A30205F2D0E3
S11328C010000C05F290240002054C28F2C06200AE
S11328D00C05B2D000026C0692427A087C0882434E
S11328E07A08D2D34F05B2D00C006C06C243B206AC
S11328F0C243020512D3C2A30305F29203050228C0
S1132900D243030512D3C2A3040555420505554518
S1132910AD4AE29305051120F2B010000605052C1E
S1132920F2B0030006050920063CE2B306050524BF
S1132930D2B30605022C12D345A3C295040512286E
S1132940D2430405E2D34F0512D3C2A30505F29086
S1132950130005050728D2430505E2D24F0512D31B
S1132960C2A3060534413541B2C03C004605B2401D
S1132970F0F0080592E20005080592E20205080558
S113298092E20405080592E206050805B2B00001CA
S1132990F6042C240512E2B220001724E2C321001D
S11329A0B2B0000244052124B2B0000842051D2C37
S11329B0B2C00002440535402006B012724AB2D2B9
S11329C07A08B2D000084005103CE2C32100B2B03E
S11329D0000244050A2CB2D0000244053540280602
S11329E0B012724AB2D00008420535410512F2B065
S11329F080003000132CB2B0000844051D2CB2B086
S1132A0000204205192CB2D0000844053540900836
S1132A10B012724AB2D0002040050E3CB2B0000899
S1132A2044050A24B2C00008440535409808B01291
S1132A30724AB2D0002042053541F2C02000330072
S1132A40B2B02000F204BE2DF2B20C05BB25B2D008
S1132A502000F404B73D92B38E01B42592C38E01D5
S1132A60B2B000808E01292C0F123F400A00B2B28E
S1132A708E011A241F83FB233F41C2435800314077
S1132A80FC09B1400A110200B1C0D0000000F2D02C
S1132A9050001900F2D050001A00B2D000808E010C
S1132AA0B2C000408E018E3D3F400A00B2B28E019A
S1132AB0DC2F1F83FB233F41853D0F123F400A005B
S1132AC0B2B28E0177211F83FB233F41F2C0030082
S1132AD02900F2C003001D00F2C080002200F2C0F1
S1132AE080002600E2C22900F2C040003100D2C3B7
S1132AF00C05E2C31F00F2C010003100B240885A36
S1132B002001A24260018243620182436401824344
S1132B106601A2C3A001B2C03000A0018243A0019B
S1132B208243A2018243A601C2432D00C243250071
S1132B30F2C003000100F2C003000600F2C08000EE
S1132B402900F2C00A001900D2D31900E2C23100F0
S1132B50F2C00A003100E2C30000B2C010008401D8
S1132B60B2C010008E01B2C000808E01B2D000400D
S1132B708E01F2B02000AC04BE249242B002D00414
S1132B809242B202D2049242B402D4049242B602F5
S1132B90D6049242B802D8049242BA02DA049242AB
S1132BA0BC02DC049242BE02DE04B2B08000F60431
S1132BB012249242600670069242620672069242A3
S1132BC064067406924266067606924268067806A1
S1132BD092426A067A069242E005F0059242E205C4
S1132BE0F2059242E405F4059242E605F6059242A6
S1132BF0E805F8059242EA05FA059242EC05FC055F
S1132C009242EE05FE05B01240BFB2409801A804FE
S1132C10E242AB04B2407A08AE04B012E2C2B2B0EF
S1132C200004F4046324B240AA00E004B240860025
S1132C30A804D243AB04B240E004AE04B012E2C232
S1132C40F2B02000AC040624B2B02000F204022C3E
S1132C50B012D4C8B2B00020F4042B249242200550
S1132C602805924222052A05924224052C05924207
S1132C7026052E05B0127ECAB240CD1CA804F2422D
S1132C80AB04B2401006AE04B012E2C29242100588
S1132C90E004E2D31405D2421405E204B240EB008E
S1132CA0A804F2400300AB04B240E004AE04B01246
S1132CB0F4CB92D34205A2B3F8040724B2B00001C6
S1132CC044050324B2D000044205B01284DB9242CE
S1132CD01C05E004B240AC00A804E243AB04B240DB
S1132CE0E004AE04B012F4CB82431C05B2C0000170
S1132CF04405B012D8CBB012FEC5F2C02000AC041B
S1132D00F2C080002900F2C00E001900E2D21A00BD
S1132D10B0124078C2435900C2435A00F2C0EF00D7
S1132D202100F2C010002200F2D0EB002200F2C316
S1132D302600F2C0F7002900F2D0F7002A00F2C002
S1132D40F7002E00F2C0AE001900F240AE001A00E7
S1132D50F2C31B00F2C0BF001D00F2D0BF001E0072
S1132D60F2C0BF001F00F2C07F003100F2D07F002C
S1132D703200F2C3330032C20343B2D010008401E4
S1132D80C2435800F24060005600B2B00004F4049C
S1132D900724F2408A005700B1D0D8000000123C4A
S1132DA0F24087005700B2C010008001B1C020007B
S1132DB00000083C3F400A00B2B28E017F261F8308
S1132DC0FB233F410013C293A2051D20C293A60416
S1132DD00C20F2B08000A704032CF2D01000A7044A
S1132DE082436201824366011B3C0F12F2400900D8
S1132DF0A2051F42A404F24FA105824FA404D2836A
S1132E00A6043F41073CD283A205082412C35210F2
S1132E10A105042CB24060006601023C82436601B5
S1132E2092C36201B25071027201B2507102760112
S1132E3000130F12D2D32B08D2422C082D08D242F1
S1132E402E082F08B29028082808032CE2B2650047
S1132E500524E2D32B085F426600073C1F42280882
S1132E60DF426600000092532808D2C303003F41AA
S1132E7000130F12C2932A0812241F422808F24F8B
S1132E806700824F2808D2832A080920E2C3010080
S1132E90F2B080002B08032CF2D010002B083F4125
S1132EA000130F12D2D3A704D2422F04AF02D2428E
S1132EB0A802A902B290C804A404032CE2B2D5006B
S1132EC00524E2D3A7045F42D600073C1F42A404B2
S1132ED0DF42D60000009253A404D2C307003F414E
S1132EE000130F12C293A60412241F42A404F24F2B
S1132EF0D700824FA404D283A6040920E2C30600AB
S1132F00F2B08000A704032CF2D01000A7043F41C4
S1132F10001310522E010013333C013C0013B2B0D5
S1132F20100066012A24B2B000016601042CB2D05C
S1132F3000016601223CA2B366010824A2C3660113
S1132F40B2C010006601E2D2A005173CF240710045
S1132F50D200E243D300F24005002F04D243A8027A
S1132F60C243D000B2C024016601B250F40176011C
S1132F70B2D020006601E2D3A00592C3660100131B
S1132F80B250DC057401B2C010008401B2C010005C
S1132F908E01B2C00002A601F2C040002D0032D260
S1132FA092C36401B24010006401B2403000640175
S1132FB0A2D3A001D283AC0202243040A43CB2408C
S1132FC00C5A2001E242AC0292B38C01742492C3E5
S1132FD08C010F120E12D2B32300022412C3013C3F
S1132FE012D31210360612103406121032061210C2
S1132FF03006C29340062020A2B36C061F203F4037
S1133000330692D36C06B0126644182092423406FA
S11330104206924236064406D242330641069242A2
S11330203006A806D2423206AA06B2D042006C0686
S1133030F2403F004006023CD283400692B3380679
S11330400420D2D32200D2C3210012113E06121052
S11330503C0612103A0612103806D2534706F29074
S1133060400047062220C2434706B2B000806C06E7
S11330700D2C924200063806924202063A0692420B
S113308004063C06924206063E060F3C9242A808FD
S113309038069242AA083A069242AC083C0692428A
S11330A0AE083E06B2C000806C06D2C32200D2C372
S11330B023003E413F41D2B3A7042624C293AF026A
S11330C00324D283AF02563CD283A9020424D24201
S11330D02F04AF024F3CE2B3A0050924B290B2041E
S11330E0A404052CB2C010006601E2D2A005D2C32C
S11330F0A704D2C30600E2B3A7040324E2C3060074
S11331000A3CF2D2A704363CF2B01000A7043224E1
S1133110D2B3D5002F2CB240B004A404F2C07C007A
S1133120D500F2C0BB00A704E2C22900F240E100CE
S1133130D100D2C3D100D2C30700D2D30600F2C05B
S113314080002600B24004816601E2B2A005032C8F
S1133150B2D010006601F2D010002E00824362014A
S1133160D2C3A005E2B3A0050524E2C3A005B2D0F2
S11331701000F60492B33A083924D2B32B081A2467
S1133180C2932D080324D2832D08303CD2832F0808
S11331900424D2422C082D08293CD2C32B08D2C3C4
S11331A00100E2B32B080324E2C301000A3CF2D27B
S11331B02B081C3CF2B010002B081824D2B3650075
S11331C0152CB24010082808F2C07C006500F2C03B
S11331D0BB002B08F2C040003100F240E100610066
S11331E0D2C36100D2C30300D2D30100F2B02000E5
S11331F0AC04D224F2B08000FC04CE24B2B040006F
S1133200F404CA2CB2B08000F404C62C92B3F404C3
S113321085249242B002D0049242B202D204924275
S1133220B402D4049242B602D6049242B802D8043C
S11332309242BA02DA049242BC02DC049242BE0216
S1133240DE048243B0028243B2028243B402824368
S1133250B6028243B8028243BA028243BC0282436A
S1133260BE02B2B08000F6041E24924260067006CC
S1133270924262067206924264067406924266069E
S1133280760692426806780692426A067A06824375
S11332906006824362068243640682436606824372
S11332A0680682436A069242E005F0059242E2050E
S11332B0F2059242E405F4059242E605F6059242CF
S11332C0E805F8059242EA05FA059242EC05FC0588
S11332D09242EE05FE05F2B020001505182C92422C
S11332E020052805924222052A05924224052C0530
S11332F0924226052E0592421006180692421206A4
S11333001A06924214061C06924216061E0692C320
S1133310F404B2D04000F404F2C29F03A2B3F40454
S11333203B249252D204B2029262D004B00292526E
S1133330D604B6029262D404B4029252DA04BA02F7
S11333409262D804B8029252DE04BE029262DC0495
S1133350BC02B2B08000F6041224925272066206D5
S1133360926270066006925276066606926274064F
S1133370640692527A066A06926278066806924257
S11333808C047C0492428E047E04A2C3F40492D37F
S1133390F404F2C08000FC04D283AD025B20F2404E
S11333A02800AD02D283AE020F20F2401900AE0213
S11333B0A2D2F404D2B3A005072CA2C36601B2D0F2
S11333C010006601E2C2A005F2B0400020000B2C00
S11333D0F2B040002000072CF2B040002000032C83
S11333E0D2532D030D3CC2932D030A24D2D32C03B4
S11333F0F29019002D030228E2D32C03C2432D03BB
S1133400F2B0200020000B2CF2B020002000072C8A
S1133410F2B020002000032CD2532E031B3CC29395
S11334202E030A24E2D22C03F29019002E03022860
S1133430F2D22C03C2432E03C2932C030B24C29357
S11334402D030820C2932E030520F2B29F03022C01
S1133450F2D29F03B2B00004F404B224B2B08000EC
S1133460F604AE248293CC0237309282CE02560602
S11334709272CC025406829354062E34B2B00002E7
S1133480F4040D249252360456069262340454060F
S113349092836E06212092423A046E060C3C9252AC
S11334A03204560692623004540692836E06142047
S11334B0924238046E0692536206826360069292C8
S11334C07603600609280420929278036206042891
S11334D082436206824360068293DC023730928222
S11334E0DE025A069272DC025806829358062E3483
S11334F0B2B00002F4040D24925236045A069262C9
S11335003404580692837C06212092423A047C06B5
S11335100C3C925232045A0692623004580692834A
S11335207C061420924238047C0692536606826319
S11335306406929276036406092804209292780322
S11335406606042882436606824364068293EC027C
S113355037309282EE025E069272EC025C0682932F
S11335605C062E34B2B00002F4040D2492523604E8
S11335705E06926234045C0692837E0621209242A7
S11335803A047E060C3C925232045E069262300487
S11335905C0692837E061420924238047E0692537F
S11335A06A068263680692927603680609280420F4
S11335B0929278036A06042882436A068243680664
S11335C082436202824360029252CE02620292629B
S11335D0CC0260029252DE0262029262DC0260025B
S11335E09252EE0262029262EC02600282436A022A
S11335F08243680292523A026A0292623802680274
S113360092524A026A0292624802680292525A0232
S11336106A02926258026802C293D1030324D283DD
S1133620D103113CD2C32900C29339080320F2C04C
S113363010003100B2B00040F404052492B3F80441
S1133640022CE2C31D00C293D3030324D283D30309
S1133650093CE2C32900F290200039080320F2C09B
S113366010003100C293D5030324D283D503103C48
S1133670B2B00040F4040C2CF2901000390803207E
S1133680F2C01000310092B3F804022CE2C31D0012
S1133690C293D7030324D283D703093CD2C31D00AA
S11336A0F290300039080320F2C0100031008293F8
S11336B06002C63092826202F20292726002F002EA
S11336C08293F00215359253200592537E08B2B0CE
S11336D00002F4040D2492523604F202926234047D
S11336E0F0029283D803802092423A04D8030C3C1F
S11336F092523204F20292623004F0029283D803AE
S1133700732092423804D8039253B2028263B00207
S113371092927603B0020928042092927803B202AE
S113372004288243B2028243B00292927C04B00223
S11337305B2092927E04B2025720E2B2FC04252C54
S1133740E2B3FC04112CB2B01000F804422CB2D045
S11337501000F804B2D00001F804A2B2F80439242D
S1133760B2D010004805353CB2B02000F804312C2A
S1133770B2D02000F804B2D00001F804A2B2F804D8
S11337802824B2D020004805243CE2B3FC04112CC8
S1133790B2B04000F8041D2CB2D04000F804B2D0FE
S11337A00001F804A2B2F8041424B2D04000480581
S11337B0103CB2B08000F8040C2CB2D08000F804A5
S11337C0B2D00001F804A2B2F8040324B2D08000FD
S11337D0480592B3F8040824A2B2F8040524E2D3FD
S11337E01D00B2D00002F804C293D0031224D2C345
S11337F02900C29339080320F2C010003100B2B08E
S11338000040F4041A2492B3F804172CE2C31D00F8
S1133810143CD2D32900C29339080320F2D01000FB
S11338203100F2406400D103B2B00040F404052436
S113383092B3F804022CE2D31D00F2E3D003583C07
S113384092526202F60292626002F4028293F402DD
S11338504F3492532205B2B00002F4040D24925264
S11338603604F60292623404F4029283DA032120CD
S113387092423A04DA030C3C92523204F602926207
S11338803004F4029283DA03142092423804DA03F7
S11338909253B6028263B40292927603B402092868
S11338A0042092927803B60204288243B60282432B
S11338B0B402B2B00080F4041B2CC293D2030A24D5
S11338C0E2C32900F290200039081020F2C0100051
S11338D031000C3CE2D32900F29020003908032087
S11338E0F2D010003100F2406400D303F2E3D203BB
S11338F0B2B00040F404B62C829368025B3092822A
S11339006A02FA0292726802F8028293F802AA34F6
S113391092532405B2B00002F4040D2492523604EA
S1133920FA0292623404F8029283DC032120924268
S11339303A04DC030C3C92523204FA0292623004E0
S1133940F8029283DC03142092423804DC0392537D
S1133950BA028263B80292927603B802092804205C
S113396092927803BA0204288243BA028243B802CC
S1133970C293D4030D24F290100039080320F2C03E
S11339801000310092B3F804122CE2C31D000F3C66
S1133990F2406400D503F290100039080320F2D0FD
S11339A01000310092B3F804022CE2D31D00F2E3BC
S11339B0D403583C92526A02FE0292626802FC02EC
S11339C08293FC024F3492532605B2B00002F404F1
S11339D00D2492523604FE0292623404FC02928355
S11339E0DE03212092423A04DE030C3C925232045C
S11339F0FE0292623004FC029283DE03142092429F
S1133A003804DE039253BE028263BC0292927603B0
S1133A10BC020928042092927803BE02042882433F
S1133A20BE028243BC02B2B00080F4041B2CC293D9
S1133A30D6030A24D2C31D00F290300039081020A6
S1133A40F2C0100031000C3CD2D31D00F2903000C3
S1133A5039080320F2D010003100F2406400D7038B
S1133A60F2E3D603B2B00004F4041C258243B20589
S1133A708243B0059252B605B2059262B405B00510
S1133A809252BA05B2059262B805B0059252BE05CB
S1133A90B2059262BC05B0058243C2058243C005EB
S1133AA09252C605C2059262C405C0059252CA0567
S1133AB0C2059262C805C0059252CE05C205926243
S1133AC0CC05C0058293B0053A309282B205D20586
S1133AD09272B005D0058293D0056A3492531006D1
S1133AE0B2B00002F4040D2492523604D20592625C
S1133AF03404D00592830806212092423A04080631
S1133B000C3C92523204D20592623004D005928366
S1133B10080614209242380408069253E205826390
S1133B20E00592927603E005092804209292780336
S1133B30E20504288243E2058243E005393C9252BF
S1133B40B205D6059262B005D4058293D40530340B
S1133B5092531206B2B00002F4040D2492523604B9
S1133B60D60592623404D40592830A062120924237
S1133B703A040A060C3C92523204D605926230048E
S1133B80D40592830A061420924238040A069253FA
S1133B90E6058263E40592927603E405092804208D
S1133BA092927803E60504288243E6058243E405FD
S1133BB0B2B00040F404762C8293C0053A3092826D
S1133BC0C205DA059272C005D8058293D8056A3415
S1133BD092531406B2B00002F4040D249252360437
S1133BE0DA0592623404D80592830C0621209242AD
S1133BF03A040C060C3C92523204DA059262300408
S1133C00D80592830C061420924238040C06925371
S1133C10EA058263E80592927603E8050928042000
S1133C2092927803EA0504288243EA058243E80570
S1133C30393C9252C205DE059262C005DC058293CE
S1133C40DC05303492531606B2B00002F4040D249D
S1133C5092523604DE0592623404DC0592830E0629
S1133C60212092423A040E060C3C92523204DE05A4
S1133C7092623004DC0592830E06142092423804CA
S1133C800E069253EE058263EC0592927603EC05E0
S1133C900928042092927803EE0504288243EE0555
S1133CA08243EC0532C20343F2D040002D00B2D06F
S1133CB010008401B2D010008E01B2D00002A6011F
S1133CC00013A2C3A0010412051206120712121255
S1133CD03C0112123A0116425201F2C040002D007A
S1133CE0B2C010008401B2C010008E01B2C0100036
S1133CF0640132D217424001144242011542440188
S1133D00164246018256E6038263E4032782D29375
S1133D10FD04022037800900058714826E03168291
S1133D206E0334E3145336E31653065435B000805F
S1133D3092627E027E02B290FEFF7E027420B2B0D6
S1133D4000047C020424B2C000047C02B23CF29061
S1133D5030007802AE28F29070007802AA2C92D338
S1133D607C0292420002C00292420202C2029242C9
S1133D700802C40292420A02C60292423002C802F7
S1133D8092423202CA029242E403EC039242E603F4
S1133D90EE03824332028243300232C2034382453D
S1133DA032018245380132D292423A0102029242F1
S1133DB03C01000282430A02824308028243E40374
S1133DC08243E603D24278027902C2437802B2B057
S1133DD020007C02042C544279028254AA029242AA
S1133DE070047404924276047A0482457204824612
S1133DF07804A2C37C02F290120081000224A2D3B0
S1133E007C02B2B000207C02072CF2401200810038
S1133E10F24012008300263CF24013008100F2407D
S1133E20130083001F3C32C20343824532018246A1
S1133E30380192523A01320292623C0130028245C8
S1133E40380192523A01020292623C010002824617
S1133E5032018246380132D292523A010A02926207
S1133E603C010802D25378028245700482467604EB
S1133E7092B37C021724B2B010008C02132CB2B09F
S1133E8010009C020F2C12D3D2624C054C05F29305
S1133E904C050620F2D040002B00B2D010007C026A
S1133EA092C37C02F290FA0078024928B2D000044E
S1133EB07C02C2434C0582430002824302028243D5
S1133EC0080282430A02824330028243320282435E
S1133ED0E4038243E6038243CC028243CE0282435C
S1133EE0380282433A028243B4058243B6058243D0
S1133EF0C4058243C605824360038243620382434E
S1133F0064038243A0038243A2038243A403824343
S1133F10A6038243A8038243AA03C2437802B2B031
S1133F2020007C02062CB2D000028C02B2D0000227
S1133F309C02B2D060007C02B2C010007C02144229
S1133F40480115424A0116424C018256F603826327
S1133F50F403058714827E0316827E0334E314532C
S1133F6036E31653065435B0008092628E028E02F8
S1133F70B290FEFF8E027B20B2B000048C020424B7
S1133F80B2C000048C02B93CF29030008802B5281B
S1133F90F29070008802B12C92D38C0292421002EB
S1133FA0D00292421202D20292421802D4029242E7
S1133FB01A02D60292424002D80292424202DA0225
S1133FC09242F403FC039242F603FE03824342024C
S1133FD08243400232C203438245320182453801A2
S1133FE032D292423A01120292423C0110028243BE
S1133FF01A02824318028243F4038243F603D24234
S113400088028902C2438802D24278027A02B2B09C
S113401020007C020824B2B020008C02042C5442FC
S113402089028254AA029242800484049242860441
S11340308A048245820482468804A2C38C02F290D8
S1134040160084000224A2D38C02B2B000208C0299
S1134050072CF24016008400F24016008600263C2D
S1134060F24017008400F240170086001F3C32C261
S11340700343824532018246380192523A01420298
S113408092623C0140028245380192523A01120286
S113409092623C011002824632018246380132D2D9
S11340A092523A011A0292623C011802D2538802D7
S11340B0824580048246860492B38C021724B2B0EF
S11340C010007C02132CB2B010009C020F2C12D3EF
S11340D0D2624D054D05F2934D050620F2D0400005
S11340E02B00B2D010008C0292C38C02F290FA0022
S11340F088024928B2D000048C02C2434D05824391
S11341001002824312028243180282431A0282433B
S11341104002824342028243DC028243DE02824343
S1134120480282434A028243B8058243BA05824365
S1134130C8058243CA058243F4038243F6038243DB
S1134140700382437203824374038243B003824345
S1134150B2038243B4038243B6038243B803824367
S1134160BA03C2438802B2B020008C02062CB2D03B
S113417000027C02B2D000029C02B2D060008C0229
S1134180B2C010008C0214424E0115425001164276
S113419052018256060482630404058714828E0346
S11341A016828E0334E3145336E31653065435B0A3
S11341B0008092629E029E02B290FEFF9E028420C4
S11341C0B2B000049C020424B2C000049C02C23CAD
S11341D0F29030009802BE28F29070009802BA2C37
S11341E092D39C02A2C39C02F2901800870002247E
S11341F0A2D39C02B2B000209C02072CF24018000B
S11342008700F24098008900063CF24019008700BC
S1134210F24099008900A2D3A00192422002E00258
S113422092422202E20292422802E40292422A02CA
S1134230E60292425002E80292425202EA0292429A
S113424004040C04924206040E0482435202824384
S1134250500232C20343824532018245380132D2D0
S113426092423A01220292423C01200282432A02F3
S1134270824328028243040482430604D242980201
S11342809902C2439802D24278028A02D242880238
S11342909A02B2B020007C020C24B2B020008C023E
S11342A00824B2B020009C02042C54429902825487
S11342B0AA02924290049404924296049A0482457B
S11342C09204824698041F3C32C203438245320161
S11342D08246380192523A01520292623C015002E3
S11342E08245380192523A01220292623C01200234
S11342F0824632018246380132D292523A012A026F
S113430092623C012802D25398028245900482466C
S1134310960492B39C021724B2B010007C02132CB2
S1134320B2B010008C020F2C12D3D2624E054E058F
S1134330F2934E050620F2D040002B00B2D01000BC
S11343409C0292C39C02F290FA0098024928B2D0CF
S113435000049C02C2434E0582432002824322028F
S11343608243280282432A02824350028243520239
S11343708243EC028243EE028243580282435A0291
S11343808243BC058243BE058243CC058243CE05ED
S113439082430404824306048243800382438203EB
S11343A0824384038243C0038243C2038243C4031F
S11343B08243C6038243C8038243CA03C2439802AA
S11343C0B2B020009C02062CB2D000027C02B2D013
S11343D000028C02B2D060009C02B2C010009C02A9
S11343E0A2D3A00132C20343B2D010008401B2D0E0
S11343F010008E01B2D010006401F2D040002D00F4
S1134400B2413A01B2413C01374136413541344170
S11344100013F2B040002B002124F2C040002B0016
S113442032D2B2B010007C020624B012764DB2C073
S113443010007C02133CB2B010008C020624B012AF
S1134440B450B2C010008C02093CB2B010009C02FF
S11344500524B0127E53B2C010009C020013001356
S11344600013001300130E120D120C120B120A1279
S11344703B40CE002C423D40B7003A4005004E4D33
S11344804D4C4C4B7EEF0E120E5E2E517B415DEE79
S113449004455CEE03455B4E02451A83F0233F82DC
S11344A00E4F92B36C06072CC24B4806C24C490609
S11344B0C24D4A061F3C7B9F05207C9F03207D9FA5
S11344C00120183C0F4E3BE37B9F13203CE37C9F71
S11344D010203DE37D9F0D2092423006A0089242B9
S11344E03206A20892423406A40892423606A6086E
S11344F0013C1A530A933A413B413C413D413E4100
S11345003041000000FB4C860DD58AF6990CE1E69B
S1134510931AAA15EC3319177F9F3981A1C2CD27AD
S113452034542BCF18ADD86732232BB4D5B2B82E60
S1134530FE3E894EC5720243849B4F7FD7C968A84B
S11345405693E4D0657DDC9E315AB0CF644B83E250
S1134550BD1AEE4656685129F7AA65715CFC7DA721
S1134560B0FBE9D10C129D8AE404861F4800083789
S11345709FF37B1905E215FEAE93D050AD2B1C2B97
S1134580DD852726C9A131B63ECAFAB83C63B4C753
S11345902F32609FC99BD34F6D4A439606C58179DC
S11345A05A7A35DC8CACD077E056591E68A252EEAC
S11345B054CBE2AF8764B8F8FB43B47DB52D714E9C
S11345C061F7D2A31929EF9FDF7693243A15334577
S11345D08AC8090C3E9000C5DC86EB22B8106E3EFA
S11345E0E6F7321DBBB40AC42BF188AD0711A1FC58
S11345F05D275BEDDCA0A15A563856AD74D0BA0BDA
S11346004F4147C9B7DEC54C9243626C7D9920FB8C
S11346106FB9F794F571838AEE78C6688E5F647516
S113462013E23B7215C03E9336A79FCDEB19DA9483
S11346308621D800D7410C2C0D8A02F3B4F9BF327D
S11346400F263EF46AB8E315271859A1EEC0AD153C
S11346508C2BB23CD0497056BFE95A44A5DC53DADE
S113466043A896C55E0FC9A5434F8BBD7170F1F782
S11346708668FB7D247D6A5BE2911764678E689C83
S1134680C2EEA447335F0BB5A992B952DE3F45A1F0
S1134690A0BEED2648742AB338AC9DC692668A142F
S11346A09013186B5F9E7C2001876C8771F58B8A51
S11346B0B90D2D09F6D6457020DC7CDB90FACCEFE1
S11346C06537A3E3C13AEF3A7669148857EFC4D14A
S11346D0195DDDE2115BF56EC40E2242F8BB4E0398
S11346E0F7C84D963FB6DAB94043B5BB0F33AC704B
S11346F0AC573C2AA1A5265AE9A074179E8F5B18D3
S113470079C214828E9295F10D6EBD8B98248763C5
S11347106801C4D8FA3F947CC90D703241F6253E35
S113472069DE72EF28EBE3D3A765FD595B0615DD5F
S1134730F08CD10BC0571CBFC8E7F34E116A42EA94
S113474026C476E42A8DA8AC7B31A0807D2697020E
S1134750B96C4E3F9AD733619BB54F658BB4290D25
S113476042B001B9FC87AE831855CF9EA356925828
S11347701A14FFAAEF04E669F27F650933E31E4CBD
S11347807CE500FA1399F6E8D570C62B4E3D67C850
S1134790CBFEC430B24227CDDDDC815B2A1857D171
S11347A054D19F35266479A092E0AC69AC2A7ED3BB
S11347B0B5859F3373063F884AB9A6B4875DF8016F
S11347C0AB610D502D8B475214BC1E924A879EB18B
S11347D0CB18167BE3ED37651BAE69E0E2EFF79D7E
S11347E0700CD1F6FA48FA01047C2FFA42D4B6C40C
S11347F0222FC8D9634ECE1CD1355057C3C95B385C
S113480085DD0F125F42A7043FF0BF000F935620CF
S1134810D2B3D500532CB01226C7B2B2F0042B2C5D
S11348205F42E0043FF00F003F9006000128233C64
S1134830F2C04000A704F2B08000E0040324F2D0E8
S11348404000A704D24F18FBD200D24F1EFBD30066
S1134850D24F24FB2F045F42E0043FF030000F935B
S113486007243F9010001324F240C000D000123CF3
S1134870C243D0000F3CF240C400D200F240090011
S1134880D300F24014002F04F2C04000A704F24009
S11348908000D000B0124CC7B2B04000F004032C2A
S11348A0C293E0040320D243A802033CD242E004B2
S11348B0A802B2C01000F604D2D306003F41304132
S11348C00F125F422B083FF0BF000F935520D2B365
S11348D06500522CB01228C6B2B00008F2042B2C8A
S11348E05F42E0043FF00F003F9006000128233CA4
S11348F0F2C040002B08F2B08000E0040324F2D0A0
S113490040002B08D24F18FB6200D24F1EFB6300FD
S1134910D24F24FB2C085F42E0043FF030000F9399
S113492007243F9010001324F240C0006000123CA2
S1134930C24360000F3CF240C4006200F240090030
S11349406300F24014002C08F2C040002B08F2402F
S113495080006000B2B00008F204032CC293E104AA
S11349600320D2432E08033CD242E1042E08B2C0F5
S11349702000F604D2D301003F4130410F12F2D09F
S1134980100022003F404D001F83FE23D2B35A0083
S1134990052CA2D37A0892D3F204023C92C3F20407
S11349A0F2C0100022003F413041A2D26C06F2B0A6
S11349B0200028000824B2B00010F204042CB2C075
S11349C00001B808033CB2D00001B808D283AD049A
S11349D01120B2D00010F404B2C04000F204F2403E
S11349E00700AD04F2D02000AC04F2400A00CF036B
S11349F0E2D33E08C293A2020E24D283A2020E2066
S1134A00F2C031009F03C243BC03C243BD03C2438F
S1134A10BE03E2433C08F2D040009F03F2B04000E2
S1134A209F030824C293A0020324D283A00202207D
S1134A30E2D29F03C29338080324D28338080320A8
S1134A40F2C003003508C293A1020324D283A10259
S1134A500320F2C00300FF04F2B08000FC04082C21
S1134A60C293A3020324D283A3020220F2D29F039F
S1134A703041D54200050000D54201050100D54270
S1134A8002050200D54204050300D54205050400D1
S1134A90D54206050500B540F0F00600A5E5060080
S1134AA095E50200060095E5040006003041322930
S1134AB03231323132323110111213141532313293
S1134AC009120A120B120C120D120E1219420203D1
S1134AD01A4200031B4206030C433E4011000A9B8A
S1134AE001280A8B0C6C1E83062409590A6AF72BC9
S1134AF00A8B12D3F73F82430803824C0A033E41D8
S1134B003D413C413B413A413941304109120A128D
S1134B100B120C120D120E120F12194202031A423A
S1134B2000031B4206033F4020000E430C430D4389
S1134B3009590A6A0E6E0E9B01280E8B0C6C0D6DC2
S1134B401F83F623824D0803824C0A03824E0E0310
S1134B503F413E413D413C413B413A413941304175
S1134B6082431003829300030A34B2E30003B2E3E6
S1134B7002039253020382630003B2E3100382939D
S1134B8006030634B2E3060392530603B2E31003AA
S1134B90B0120C4B829310030824B2E30803B2E36F
S1134BA00A0392530A03826308033041071208126E
S1134BB009120A120B120C120D120F1218420003E2
S1134BC0174202030C480B47084307430A430943AF
S1134BD03F40200012D30767086809870A78032C2E
S1134BE009570A68278317530B5B0C6C09690A6A17
S1134BF00B5B0C6C09690A6A1F83ED23824314035F
S1134C0082481603824702033F413D413C413B41F8
S1134C103A4139413841374130410B120C120D12DF
S1134C200E120F121B4202031C4200033F402000DD
S1134C300D430E430B5B0C6C0DAD0EAE1F83FA23BC
S1134C40824D0A03824E08033F413E413D413C41AF
S1134C503B413041081209120A120B120C120D12B8
S1134C600E120F121B4202031C4200033F4020009D
S1134C700D430E4348430B5B0C6C0DAD0EAE48A8C0
S1134C801F83F92309432A4212C348100E100D1042
S1134C9009101A83F92339900050032812C31DA365
S1134CA00EA3824D0A03824E08033F413E413D411B
S1134CB03C413B413A413941384130410B120C12DD
S1134CC00D120E122B430C430D434F5F0D6D4F5FBE
S1134CD00D6D4F5F0D6D4F5F0D6D0C5D0D431B83AF
S1134CE006240C5C0E4C0C5C0C5C0C5EEE3F0F4C12
S1134CF03E413D413C413B4130410B120C1232C21A
S1134D00034392420603300192420203380132D235
S1134D1092423C013A0182433C0132C20343924233
S1134D200403340192420203380132D21C423C0192
S1134D301B423A0132C203439242060330019242BB
S1134D400003380132D21B523A010C6392423C01F7
S1134D503A0182433C01825C3A0182633C0132C2E3
S1134D60034392420403360192420003380132D2D3
S1134D703C413B4130410812071212120003121247
S1134D8002031212080312120A0312120603121269
S1134D900E0352122A030743B0122E60B012BE5FF4
S1134DA0B0124C60B012F460B012146192923C04E0
S1134DB016031134B2B020007C02092CB2D00002D8
S1134DC08C02B2D000029C02B2D000107C02B2D09D
S1134DD020007C02603CB2B020007C020324B2D0EC
S1134DE000127C02B2C020007C02B2B000107C022F
S1134DF0522CB2B020008C02252CB2B000108C02D0
S1134E00212C82430003B240A08C02035842790251
S1134E1082480603B012C04A58427A02D2927902FA
S1134E207A0201281843188332C2034382483001AE
S1134E3092420A03380132D292523A014E049262EB
S1134E403C014C04B2B020009C02252CB2B00010EE
S1134E509C02212C82430003B240A08C02035842DE
S1134E60790282480603B012C04A58428A02D2929A
S1134E7079028A0201281843188332C20343824804
S1134E80300192420A03380132D292523A015E044E
S1134E9092623C015C04B0126C61B0123A62B012CE
S1134EA07E62B012D462B012DC631843B012D659D9
S1134EB092421E03CE0292421C03CC02B0128865B9
S1134EC0B012BA641843B0121A5C92421E033A023A
S1134ED092421C033802A2B37C020924F24003006C
S1134EE02A0312C312104004D2832A03FA23B2B055
S1134EF040007C020124053C925240040E0282636D
S1134F000C02B2B000017C020624B2C000207C0274
S1134F10C243E0030C3C929246044004082CF290F5
S1134F201200810016209292440440040F28F2904B
S1134F30120081000324E2436C03023CC2436C036D
S1134F40B2C000207C02C243E003183CD2436C038D
S1134F50023CC2436C03F2900A00E0030C2CD253CF
S1134F60E003F2900A00E003062CC2436C03B2C0D3
S1134F7000207C02033CB2D000207C02D2537B028E
S1134F80F29040007B02022C30409250B0124A68EA
S1134F9092420803680592420A036A05B012E26865
S1134FA092420803740592420A037605B012186609
S1134FB0B0125E67B012D467B2B020007C02442CF9
S1134FC09242240400039242260402039242AA025B
S1134FD00603B012C04AB2B000027C02032C924213
S1134FE00A0368038243AA02B2B000107C022C2C8C
S1134FF0B2B020008C02122CB2B000108C020E2C25
S1135000F24006002A0392424C041C0392424E04CE
S11350101E03B0127A5892421E036A03B2B02000F3
S11350209C02122CB2B000109C020E2CF24006001E
S11350302A0392425C041C0392425E041E03B012D3
S11350407A5892421E037A03824304028243060280
S113505082430C0282430E028243340282433602AC
S113506082433C0282433E028243740282437602BC
S1135070C2437B0282434E0482434C0482435E0457
S113508082435C04B2C000127C02B012886DB0127C
S11350901E6AF2412A03B2410E03B2410603B24131
S11350A00A03B2410803B2410203B241000337418B
S11350B0384130410812071212120003121202037F
S11350C01212080312120A031212060312120E031A
S11350D052122A0337401000B0122E60B012BE5F85
S11350E0B0124C60B012F460B012146192923C049D
S11350F016031134B2B020008C02092CB2D0000285
S11351007C02B2D000029C02B2D000108C02B2D059
S113511020008C02373CB2B020008C020324B2D0B1
S113512000128C02B2C020008C02B2B000108C02BB
S1135130292CB2B020009C02252CB2B000109C0295
S1135140212C82430003B240A08C020358428902FE
S113515082480603B012C04A58429A02D292890287
S11351609A0201281843188332C20343824830014B
S113517092420A03380132D292523A016E04926288
S11351803C016C04B0126C61B0123A62B0127E62DF
S1135190B012D462B012DC632843B012D6599242E2
S11351A01E03DE0292421C03DC02B0128865B012B8
S11351B0BA642843B0121A5C92421E034A02924215
S11351C01C034802A2B38C020924F24003002A0300
S11351D012C312105004D2832A03FA23B2B040003F
S11351E08C020124053C925250041E0282631C026C
S11351F0B2B000018C020624B2C000208C02C2436B
S1135200F0030C3C929256045004082CF2901600C1
S1135210840016209292540450040F28F290160031
S113522084000324E2437C03023CC2437C03B2C0F7
S113523000208C02C243F003183CD2437C03023C9E
S1135240C2437C03F2900A00F0030C2CD253F00307
S1135250F2900A00F003062CC2437C03B2C0002083
S11352608C02033CB2D000208C02D2538B02F29009
S113527040008B02022C30405C53B0124A689242C8
S113528008036C0592420A036E05B012E26892426A
S11352900803780592420A037A05B0121866B01220
S11352A05E67B012D467B2B020007C021824B2B09A
S11352B020008C02142C92422404000392422604FF
S11352C002039242AA020603B012C04AB2B000021C
S11352D08C02032C92420A0368038243AA02B2B0EE
S11352E020008C021A2CB2B000108C02162CB2B022
S11352F020009C02122CB2B000109C020E2CF24032
S113530006002A0392426C041C0392426E041E039C
S1135310B0127A5892421E038A03824314028243D3
S1135320160282431C0282431E02824344028243C9
S1135330460282434C0282434E02824384028243E9
S11353408602C2438B0282436E0482436C04B2C061
S113535000128C02B012886DB0121E6AF2412A0348
S1135360B2410E03B2410603B2410A03B24108033B
S1135370B2410203B24100033741384130410812BF
S1135380071212120003121202031212080312125D
S11353900A031212060312120E0352122A03374092
S11353A02000B0122E60B012BE5FB0124C60B0127A
S11353B0F460B012146192923C0416031134B2B03A
S11353C020009C02092CB2D000027C02B2D0000260
S11353D08C02B2D000109C02B2D020009C020A3C85
S11353E0B2B020009C020324B2D000129C02B2C0CE
S11353F020009C02B0126C61B0123A62B0127E625C
S1135400B012D462B012DC6338400300B012D65933
S113541092421E03EE0292421C03EC02B012886513
S1135420B012BA6438400300B0121A5C92421E03F0
S11354305A0292421C035802A2B39C020924F2406D
S113544003002A0312C312106004D2832A03FA232E
S1135450B2B040009C020124053C925260042E022A
S113546082632C02B2B000019C020624B2C0002068
S11354709C02C24300040C3C929266046004082C13
S1135480F2901800870016209292640460040F289A
S1135490F290180087000324E2438C03023CC243C9
S11354A08C03B2C000209C02C2430004183CD243C7
S11354B08C03023CC2438C03F2900A0000040C2CBF
S11354C0D2530004F2900A000004062CC2438C0359
S11354D0B2C000209C02033CB2D000209C02D253F4
S11354E09B02F29040009B02022C30409455B01273
S11354F04A6892420803700592420A037205B01288
S1135500E268924208037C0592420A037E05B012C7
S11355101866B0125E67B012D467B2B020007C0285
S11355201C24B2B020008C021824B2B020009C02CB
S1135530142C924224040003924226040203924251
S1135540AA020603B012C04AB2B000029C02032CA5
S113555092420A0368038243AA02824324028243DA
S1135560260282432C0282432E0282435402824347
S1135570560282435C0282435E0282439402824367
S11355809602C2439B02B2C000129C02B012886D04
S1135590B0121E6AF2412A03B2410E03B24106035D
S11355A0B2410A03B2410803B2410203B24100030B
S11355B0374138413041924218031A03B2B0008097
S11355C01A030428B2E31A0392531A0332C20343A0
S11355D092422803300192421A03380132D2924295
S11355E03C013A0182433C0132C203439242260306
S11355F0360192421A03380132D292523A013A01E8
S113560092623C013C01B2B0008018030828B2E366
S11356103A01B2E33C0192533A0182633C01928223
S11356203A011E0392723C011C033041081282436A
S11356300203B012604B18421803B2B00080180382
S1135640022438E3185332C2034392420A0330015E
S11356508248380132D292423C013A0182433C01F1
S113566032C203439242080336018248380132D2DF
S1135670B2B0008018030824B2E33A01B2E33C015B
S113568092533A0182633C0192423A0118039242D6
S11356901E03280392421C032603B012B655384158
S11356A030410F125F42FD041F830F5F82431C03CE
S11356B0924FFCFA1E0382432603924FFCFA2803FE
S11356C0924248041803B012B65592421E032C04A9
S11356D03F413041924012A41C0392400EA41E0389
S11356E0924006A42603924002A42803924258043E
S11356F01803B012B65592421C03240492421E03AE
S113570026043041C2432A0382932603082082934D
S11357102803052082431403824316036A3CB29093
S1135720FF7F2603292C9252280328039262260322
S11357302603B290FF7F26030D2C925228032803E0
S1135740926226032603D2532A03B290FF7F2603D4
S1135750072CE53F12C312102603121028030C3C39
S113576012C3121026031210280312C312102603A8
S113577012102803D2832A03924226030003924282
S113578028030203B0120C4BB290FF3F0803292CEC
S113579092520A030A03926208030803B290FF3F7D
S11357A008030D2C92520A030A03926208030803A9
S11357B0D2532A03B290FF3F0803072CE53F12C3DC
S11357C01210080312100A030C3C12C3121008032F
S11357D012100A0312C31210080312100A03D28310
S11357E02A0392420803000392420A030203B012FE
S11357F0AC4B3041C2432A03829326030820829390
S1135800280305208243140382431603353CB290D7
S1135810FF3F2603292C9252280328039262260371
S11358202603B290FF3F26030D2C9252280328032F
S1135830926226032603D2532A03B290FF3F260323
S1135840072CE53F12C312102603121028030C3C48
S113585012C3121026031210280312C312102603B7
S113586012102803D2832A03924226030003924291
S113587028030203B012AC4B3041C2932A0319240B
S1135880B2B000801C030D24B2931C030820B29311
S11358901E03052082431C0382431E03023C12D3D1
S11358A0013C12C312101C0312101E03D2832A03DC
S11358B0E43F3041A24F0003924F02000203924F93
S11358C008000803924F0A000A03B2B000800003E4
S11358D00824B2E30203B2E3000392530203826397
S11358E0000312C3121000031210020312C3121099
S11358F0080312100A0382930803F32332C20343FA
S1135900924202033001B240E803380132D2034329
S113591032C20343924200033401B240E803380127
S113592092423C01000392423A01020332D2924273
S11359300A030603829306030324B012C04A043CFC
S11359408243080382430A03304192420E033A0120
S113595082433C0132C20343924206033401924221
S11359600203380132D292423A010E0392423C01C0
S11359703A0182433C0132C203439242040334019C
S113598092420203380132D292423C01080392420D
S11359903A010A0332C2034392420603300192429F
S11359A00003380132D292523A010A0392623C0156
S11359B00803924208033A0182433C0132C2034382
S11359C092420403340192420003380132D29242DB
S11359D03A0108033041B2B00004F4041D258243A7
S11359E00003824302038243180382431A03B2B0C2
S11359F000801C03032438D00001023C38C000019D
S1135A0058930420924282050E030C3C68930420B0
S1135A10924284050E03063C7890030003209242D0
S1135A2086050E0392B380051124B2B000018005EF
S1135A300724928252050203927250050003063C29
S1135A40925252050203926250050003A2B28005ED
S1135A50042C92B380055F24113CB2B0000480058D
S1135A60072492825A050203927258050003063CE9
S1135A7092525A050203926258050003B2B00080A4
S1135A8000030B2438D00002B2E30203B2E30003A4
S1135A909253020382630003023C38C00002824333
S1135AA004038243060358930720924274050403B7
S1135AB0924276050603123C6893072092427805C9
S1135AC0040392427A050603093C789003000620F9
S1135AD092427C05040392427E050603B0124A59A1
S1135AE038B000020824B2E30A03B2E30803925375
S1135AF00A038263080392420A03180392420803CA
S1135B001A03B2B040008005062492520A031E0311
S1135B10926208031C03A2B38005432492425405F5
S1135B2000039242560502038243040382430603A0
S1135B305893072092426805040392426A050603BB
S1135B40123C6893072092426C05040392426E054E
S1135B500603093C78900300062092427005040372
S1135B60924272050603B0124A59B2B0000280058F
S1135B700824B2E30A03B2E3080392530A038263DC
S1135B80080392520A031803926208031A03B2B07C
S1135B9040008005062492520A031E039262080301
S1135BA01C03B2B000801A030824B2E31803B2E362
S1135BB01A039253180382631A0338B000010824AD
S1135BC0B2E31803B2E31A039253180382631A036D
S1135BD058930A2092420E03820592421803B60596
S1135BE092421A03B405183C68930A2092420E03A9
S1135BF0840592421803BA0592421A03B8050C3C74
S1135C0078900300092092420E03860592421803FD
S1135C10BE0592421A03BC053041B2B00004F4043C
S1135C204F258243000382430203824318038243C5
S1135C301A03B2B000801C03032438D00001023CD4
S1135C4038C0000158930420924288050E030C3C8E
S1135C506893042092428A050E03063C7890030060
S1135C60032092428C050E03B2B280051124B2B017
S1135C7000088005072492825E05020392725C0587
S1135C800003063C92525E05020392625C05000327
S1135C90B2B020008005042CB2B280056824113C07
S1135CA0B2B0002080050724928266050203927236
S1135CB064050003063C9252660502039262640581
S1135CC00003B2B0008000030B2438D00002B2E31A
S1135CD00203B2E300039253020382630003023C13
S1135CE038C00002824304038243060358930A2007
S1135CF09242740504039242760506039242880593
S1135D000E03183C68930A209242780504039242D9
S1135D107A05060392428A050E030C3C7890030030
S1135D20092092427C05040392427E0506039242B6
S1135D308C050E03B0124A5938B000020824B2E3AD
S1135D400A03B2E3080392530A03826308039242EC
S1135D500A031803924208031A03B2B040008005F4
S1135D60062492520A031E03926208031C03B2B073
S1135D70100080056A249242600500039242620585
S1135D80020382430403824306035893072092428A
S1135D906805040392426A050603123C68930720CF
S1135DA092426C05040392426E050603093C789006
S1135DB00300062092427005040392427205060312
S1135DC0B0124A5992420803000392420A030203A2
S1135DD082430403824306035893072092426805D2
S1135DE0040392426A050603123C68930720924218
S1135DF06C05040392426E050603093C7890030087
S1135E000620924270050403924272050603B01202
S1135E104A59B2B0001080050824B2E30A03B2E381
S1135E20080392530A038263080392520A03180375
S1135E30926208031A03B2B040008005062492520D
S1135E400A031E03926208031C03B2B000801A0303
S1135E500824B2E31803B2E31A03925318038263CB
S1135E601A0338B000010824B2E31803B2E31A039A
S1135E709253180382631A0358930A2092420E0322
S1135E80880592421803C60592421A03C405183CB9
S1135E9068930A2092420E038A0592421803CA05A7
S1135EA092421A03C8050C3C7890030009209242E0
S1135EB00E038C0592421803CE0592421A03CC05B8
S1135EC030410F120E120D120C120B125F42FD0420
S1135ED01F830F5F1C4F2CFB1B4F34FBA2C3F20428
S1135EE0B2C01000FA04F2D00300AC04B240C01CEB
S1135EF0A804F2400C00AB04B240E004AE04B012BB
S1135F00A2C3A2B3F204522C0F4332C20343B240E1
S1135F10B88D3001924FE004380192423C013A01BD
S1135F2082433C01B24006003401924FE004380140
S1135F301E423C011D423A0132D2034332C20343A2
S1135F40824B3001824D380192423C013A01824336
S1135F503C01824C3401824D38019F423C01E004F3
S1135F601D423A0132D2034332C20343824B300111
S1135F70824E38011D523A019F623C01E004924F67
S1135F80E0043A0182433C01824C3401824E3801E0
S1135F900F5F8F4D52059F423A01500532D212C312
S1135FA00F102F533F900C00B02B033CB2D01000C5
S1135FB0FA043B413C413D413E413F413041184799
S1135FC07804B7B000807804022438E31853D793D8
S1135FD06C030724092808100810081038F0FF1F64
S1135FE0033C085808580858B7B0008078040224C5
S1135FF038E3185332C20343924772043201824891
S1136000380197523A01320297623C01300232D28F
S1136010034332C203438248320182483801975213
S11360203A010A0297623C01080232D2304192B32B
S1136030F6040424B012A25692C3F604A2B3F604E2
S11360400424B012D456A2C3F604304187937204D8
S11360500520B7B0008078044A24463C9247720475
S1136060000382430203B7E3740497537404924712
S113607074040603B0120C4B18477A0438B000803D
S1136080022438E3185332C2034382483001924257
S11360900A03380132D292423C013A0182433C0164
S11360A032C203438248340192420803380132D297
S11360B0B7B000807A040824B2E33A01B2E33C01A9
S11360C092533A0182633C01B7B000807804022401
S11360D03843013C0843925778043A0182683C01F2
S11360E0B2B000803C010324B7C27C02023CB7D2A8
S11360F07C0230419247EC0300039247EE03020313
S11361005847790282480603B012C04A97420A03EC
S11361106E0330419247C00226039247C20228030D
S1136120824304035847790282480603B012045795
S1136130924202031C0397421603C20297421403BD
S1136140C002D2422A032003C2932A03082412C3A2
S11361501210140312101603D2832A03F53F975228
S11361601603060297621403040230418793C402A3
S1136170142097923E04C602102CB7D040007C0233
S1136180F7900A00E103062CD753E103F7900A00C5
S1136190E1030F28C7436D030C3CC743E10312D34B
S11361A0D7676D036D03F7936D030320B7C04000F9
S11361B07C029247C40226039247C6022803824304
S11361C004035847790282480603B012045712C3E5
S11361D01210140312101603121002039242020347
S11361E01E0397421603C60297421403C402D24206
S11361F02A0321032842C2932A030524D2832A03B3
S11362001883F9230B3C9252020302039262160391
S113621016039262140314031883ED23C2932A0312
S1136220082412C31210140312101603D2832A0373
S1136230F53F97421603400430419247C8020003D9
S11362409247CA02020382430403584779028248F0
S11362500603B012604B1211080312100A03B2B005
S113626000800803032CA7D27C02023CA7C27C0254
S113627097420A03CA0297420803C8023041924770
S1136280C202040392421C0306039247C60200039F
S113629092421E030203B012FA4C97423C01700270
S11362A097423A017202C2932003082412C31710C2
S11362B0700217107202D2832003F53FC2932103A8
S11362C0082412C31710700217107202D28321031C
S11362D0F53F304192477002260392477202280329
S11362E09257CA0228039267C802260382932603A0
S11362F00834B2E32603B2E32803925328038263EB
S11363002603B012F45718421603924202031C03E8
S1136310D2422A0324039247700226039247720250
S113632028039287CA0228039277C802260382931D
S113633026030834B2E32603B2E328039253280366
S113634082632603B012F457924202031E03D24220
S11363502A0325038248040392421C030603924243
S11363601603000392421E030203B012FA4CC293B6
S11363702403082412C312103C0112103A01D283E0
S11363802403F53FC2932503082412C312103C01D1
S113639012103A01D2832503F53F92423C011403C3
S11363A092423A011603A7B27C020C24B7B27C02D3
S11363B01424B2E31603B2E3140392531603826364
S11363C014030B3CB7B27C020824B2E31603B2E315
S11363D01403925316038263140330419247CA0292
S11363E01E039247C8021C039247CA02280392471D
S11363F0C8022603A7B37C02042C92473603180371
S1136400033C92473A031803B012B655924216035E
S11364102803924214032603A7B37C02042C924758
S113642038031803033C92473C031803B012B655D3
S1136430B7B080007C02192C979742044004152CB5
S11364409790E896400411289247420400039287EB
S1136450400400039247420406039280CE9606034A
S113646092473E031803B0122C56B7B040007C028A
S1136470052482431C0382431E031E3CA7B37C02F3
S11364800524F24003002A03B0127A5897521E03DF
S1136490360297621C033402B7B000087C020C2455
S11364A0B2B000801C030824B2E31E03B2E31C0351
S11364B092531E0382631C033041924216031E034F
S11364C0924214031C0392421603280392421403BB
S11364D02603A7B37C02042C924736031803033C1B
S11364E092473A031803B012B6559247CA022803DA
S11364F09247C8022603B2E32803B2E32603925369
S1136500280382632603A7B37C02042C9247380332
S11365101803033C92473C031803B012B655B7B0B6
S113652080007C02192C979742044004152C979004
S1136530FA954004112892474204000392874004CC
S113654000039247420406039280E09506039247B3
S11365503E031803B0122C56B7B040007C02052449
S113656082431C0382431E030E3CA7B37C02052412
S1136570F24003002A03B0127A5897521E033E02D7
S113658097621C033C023041924772021E039247F9
S113659070021C039247720228039247700226037A
S11365A0A7B37C02042C924736031803033C92479A
S11365B03A031803B012B655B7B080007C02192C08
S11365C0979742044004152C979060954004112835
S11365D09247420400039287400400039247420416
S11365E0060392804695060392473E031803B012B1
S11365F02C56B7B040007C020E2CA7B37C020524B5
S1136600F24003002A03B0127A5897521E0376020E
S113661097621C037402304132C20343924736022C
S1136620300192422C04380132D292423C013A01A8
S113663082433C0132C20343924734023601924200
S11366402C04380132D2D2422E042A0392423C0155
S11366501C0392423A011E03B0127A5897421C035B
S1136660A00397421E03A2039242A2039203924202
S1136670A00390039252B20392039262B003900378
S11366809252C20392039262C0039003A2B3F8042D
S1136690652482431E0382431C03B2B00080A0031E
S11366A00B24B2B000087C0207249282A2031E03CA
S11366B09272A0031C03063C9252A2031E03926230
S11366C0A0031C03B2B00080B0030B24B2B00008D6
S11366D08C0207249282B2031E039272B0031C033D
S11366E0063C9252B2031E039262B0031C03B2B082
S11366F00080C0030B24B2B000089C0207249282DD
S1136700C2031E039272C0031C03063C9252C203CE
S11367101E039262C0031C03B2B000801C030C244D
S1136720B2B000087C021A24B2E31E03B2E31C03D5
S113673092531E0382631C0358429D0482981C03D7
S11367400A280124043C92929E041E030428B2D019
S11367500004F804033CB2C00004F804304132C21F
S1136760034392473E02300192422C04380132D254
S113677092423C013A0182433C0132C203439247B4
S11367803C02360192422C04380132D2D2422E0409
S11367902A0392423C011C0392423A011E03B012A6
S11367A07A5897421C03A40397421E03A6039242FD
S11367B0A60396039242A40394039252B60396034B
S11367C09262B40394039252C60396039262C40382
S11367D09403304132C2034392477602300192421D
S11367E02C04380132D292423C013A0182433C01EA
S11367F032C2034392477402360192422C04380198
S113680032D2D2422E042A0392423C011C03924209
S11368103A011E03B0127A5897421C03A803974208
S11368201E03AA039242AA039A039242A80398035E
S11368309252BA039A039262B80398039252CA031B
S11368409A039262C80398033041924704021C03DE
S1136850924706021E039247040226039247060249
S11368602803924730031803B012B65532C20343CB
S113687092421E03300192422804380132D29242DD
S11368803C013A0182433C0132C2034392421C035D
S1136890340192422804380132D297423A0160030B
S11368A092476003000382430203D293FD04032052
S11368B0B2408A160603B240F0550603B0120C4BE0
S11368C092420803040392420A0306039242080315
S11368D0000392420A03020382430E03B0124A5990
S11368E0304192470C021C0392470E021E0392474A
S11368F00C02260392470E022803A7B37C02042C41
S1136900924732031803033C924734031803B0122E
S1136910B65532C2034392421E03300192422A0406
S1136920380132D292423C013A0182433C0132C2E4
S1136930034392421C03340192422A04380132D2A6
S1136940A7B37C022E24B290F0003A012A2C32C262
S1136950034392423A013001B2401000380132D26E
S1136960F24003002A03C2932A03062412C312101E
S11369703A01D2832A03F73F18423A01E2422A033A
S113698082431C0392423A011E03B0127A58924287
S11369901E033A0138F00F003892112892533A013D
S11369A00E3CF24003002A03C2932A03082412C3B4
S11369B012103C0112103A01D2832A03F53F974288
S11369C03C01620397423A01640392476203000365
S11369D0924764030203F2900300FD04052012C3EE
S11369E012100003121002039242020300038243B6
S11369F00203B24088130603B0120C4B9242080300
S1136A00040392420A0306039242080300039242DB
S1136A100A03020382430E03B0124A5930410F1293
S1136A200E120D12B2B00001B808E424B7B0400051
S1136A30E803E024B7C08000E803B7B01000E8031F
S1136A402A248293B6080320B2408813B6088243EE
S1136A5008039242B6080A0382430403924268037D
S1136A600603924258041803B012FC6B92421803B6
S1136A705804924218034804B2D00300F604B2C08A
S1136A801000E803B2C01000F803B2C010000804FC
S1136A90B7D08010E8031E4387BEE803A5240D4E3B
S1136AA01DC35F42FD041F8302243D52FC3F0D5D64
S1136AB01F4EAE6D0F578F9300001C208F93020062
S1136AC019202E920420B7B2E80301242D52B7B046
S1136AD00040E803082C9F4DB46D00002D539F4DDA
S1136AE0B46D0200073C9F4DF46D00002D539F4D83
S1136AF0F46D0200BFB000800000762CBFB00080AF
S1136B00F8FF722CA24F0803924F02000A03924F1F
S1136B10F8FF0403924FFAFF06032E924B20B7B2FC
S1136B20E80348248F93040008208F93060005206F
S1136B30AF4F04009F4F02000600BFB00080040066
S1136B40532CBFB00080FCFF4F2CB7B00040E803CB
S1136B5003243D403C03023C3D4038030D57A24D05
S1136B601803B0128C6C9D4218030000B7C2E803EE
S1136B70B7D00008E803A24F0803924F02000A03AB
S1136B80924FF8FF0403924FFAFF0603925FFEFF51
S1136B900603926FFCFF0403121104031210060390
S1136BA0925F06000A03926F04000803121108039F
S1136BB012100A03B7B00040E80303241F4EA86D67
S1136BC0023C1F4EA26D0F57A24F1803B012FC6B6C
S1136BD09F421803000087CEE8038E1087DEE80387
S1136BE08E10B7D08000E8030E5E3E925523B7C0E6
S1136BF04000E8033D413E413F413041924204039D
S1136C00000392420603020392820A030203927271
S1136C1008030003B2B000800003924202030003A1
S1136C20824302031210000312100203829304032E
S1136C300420B2B0008006030924121104031210C8
S1136C4006031211000312100203F03FB012604B4E
S1136C50B2E30A0392530A0332C2034392420A0381
S1136C60320192421803380192423C013A01925295
S1136C703A013A01925218033A0192820A033A0104
S1136C8092423A01180332D2034330410E120D12DC
S1136C900C120B120A120912924FF8FF0403924FBE
S1136CA0FAFF0603924F04000003924F060002030A
S1136CB082430E03B0124A591C420E031D420A03BA
S1136CC01E420803924FFCFF0403924FFEFF06038B
S1136CD0A24F0003924F0200020382430E03B0123C
S1136CE04A591C820E031D720A031E720803924F36
S1136CF0F8FF0403924FFAFF0603A24F0003924FDA
S1136D000200020382430E03B0124A5919420E03D1
S1136D101A420A031B420803924FFCFF0403924FDA
S1136D20FEFF0603924F04000003924F0600020385
S1136D3082430E03B0124A5919520E031A620A030F
S1136D401B6208030B9303203AB0008006240E1143
S1136D500D100C100B110A10F53F824D0003824CEC
S1136D600203824A0603B012604B12110A039252C4
S1136D7018030A0392420A03180339413A413B417A
S1136D803C413D413E413041B7B08000E803082416
S1136D90B0128CBDB7C08000E803B7D00080E80310
S1136DA03041300332033603300334033A03F80826
S1136DB0FC08C80800008A16000088130000B2709E
S1136DC00000B04F0000D85900008813010038C1FA
S1136DD00100A53D0000D85900001027030070826F
S1136DE002004A7B0000D85900008813010038C112
S1136DF00100A53D00008A160000F4010000450BC7
S1136E000000F8070000D8590000B80B0100880DF5
S1136E10000096BE0000D85900008813010038C154
S1136E200100A53D0000D8590000F4010000EC2C3D
S1136E300000C41F0F12F2C010001D003F400600E6
S1136E40D24F5C6E9C03F2429D03B012646E1F83AA
S1136E50F723F2D010001D003F4130410006041812
S1136E60970283000A12B2B010008E01022432C2CB
S1136E700343F2C21D00D2629C039C03032CE2C2B2
S1136E801D00023CE2D21D00F2D21D00B2B010007F
S1136E908E01012432D23A4005001A83FE23D283A4
S1136EA09D03E1233A4130410F12B0123C71F2C00C
S1136EB010001D00F240A0009C03F2429D03B0129A
S1136EC0646EC2439C03D2439D03B012646EF240CD
S1136ED010009E033F401004F24F9C03F2429D03B6
S1136EE0B012646ED2839E03F723C2439C03F24222
S1136EF09D03F2D010001D00E2D21D00D2422004F6
S1136F00A302F2C29F03C2932C030324D24223049C
S1136F10A202C2432C033F4130410412051206125F
S1136F200712081209120A120B120643D2B39F0366
S1136F30052CF2B010009F033C24363CE292CC03B3
S1136F402920E293CE030D24F2900300CE031224F1
S1136F50B2B020007C02172CB2B020008C02132C9B
S1136F60283CB2B020007C020E2CB2B020009C025F
S1136F700A2C1F3CB2B020008C02052CB2B02000B9
S1136F809C02012C163CF2D0C0001204F2D0800006
S1136F901904CB3CF2900A00CC030320E293CE0305
S1136FA01728F292CC0305281A42AC031B42AE0305
S1136FB06B3CD2B39F030C24B2B00080AC03082412
S1136FC0B2E3AE03B2E3AC039253AE038263AC0309
S1136FD09242AC0300039242AE030203D2B39F0376
S1136FE00E2CB24018000603B01242BC92420803B1
S1136FF0000392420A030203B012544C213CB01223
S11370001A4CF2900A00CC031B201A420A030B43C9
S11370101442500604540B6B04540B6B04540B6B56
S113702004540B6BB2B040006C06062C3A4099999C
S11370303B40990082435206B2C040006C06243C97
S113704092420803AC0392420A03AE031A420803B5
S11370501B420A03D2B39F031724F2900500CC030A
S11370600120043CF2900600CC030E200443284285
S113707012C30A100B1004101883FA233490005022
S1137080032812C31BA30AA3344009000643174371
S1137090054314834A2428420B5B0A6A0565188356
S11370A0FB232492182826B3162CF2B080009F03E9
S11370B0022426D3103CD2B39F03052CF2B0100057
S11370C09F030624033CF292CC03022826D3033CFC
S11370D00593042426D3554588FA013C054316B389
S11370E0032439401004023C394017048510384009
S11370F007000555032CC9C70000023CC9D700008E
S11371002892062039800300075707570757075767
S113711019531883EE2316E312C30710071107113E
S1137120071116B3B52F0757B33F3B413A413941D5
S11371303841374136413541344130410C120D124A
S11371400E120F123E4010043F428E4300002E5395
S11371501F83FB23E2B33E081225E2C33E08829359
S1137160F20409208293F00406208293FA04032097
S1137170C243BF03043D1F42F2040E431E533E901C
S1137180110002281E83083C12C30F10F72B5E92D5
S1137190BF03F42BF327203C1F42F0041E533E9000
S11371A0210002281E83083C12C30F10F72B5E92A5
S11371B0BF03F42BF327103C1F42FA041E533E90E6
S11371C031000328C243BF03D63F12C30F10F62B6E
S11371D05E92BF03F32BF227C24EBF037E900A00D8
S11371E00E287E90140016287E901E001B287E9088
S11371F028002628C4247E9032002F28C03CE2D2E6
S11372001704F2D044001804E2D21904F2D0440066
S11372101A042B3CF2D040001804E2D219047E80F8
S11372200A00233CE2D21704F2D040001804F2D042
S113723040001904F2D044001A047E801400153C66
S1137240E2D21704F2D040001804F2D0440019042A
S1137250E2D21A047E801E00083CF2D044001804D6
S1137260F2D0440019047E8028004E930B20E2D211
S11372701004F2D044001104E2D21204F2D044000B
S113728013046E3C5E930620F2D040001104E2D257
S11372901204663C6E930C20E2D21004F2D040003B
S11372A01104F2D040001204F2D044001304583CFC
S11372B07E9003000B20E2D21004F2D040001104AF
S11372C0F2D044001204E2D213044A3C6E92072026
S11372D0F2D044001104F2D044001204413C7E90E8
S11372E005000A20E2D21004E2D21104F2D04400D4
S11372F01204E2D21304343C7E9006000B20E2D246
S11373001004E2D21104F2D044001204F2D044007A
S11373101304263C7E9007000820E2D21004F2D029
S113732040001104E2D212041B3C7E920C20E2D2F3
S11373301004F2D044001104F2D044001204F2D03C
S1137340440013040D3C7E9009000A20E2D210048C
S1137350F2D044001104F2D044001204E2D2130427
S1137360E2D31704E2D31804F2D020001904F2D0B7
S113737022001A04F2D02000120430403278F2C005
S113738080009F03B01234E4B012C87CB0121A6FAC
S1137390D2B39F03FC2CF2D0E4001404E2B39F03A5
S11373A0152CB2B020007C020324F2C08000140427
S11373B0B2B020008C020324F2C040001404B2B026
S11373C020009C020324F2C020001404F2C0220016
S11373D01504F2C022001604F2C020001704C29360
S11373E0BC032B24F2900500BC030F24F29006008A
S11373F0BC030B24F2901300BC030B24F290140082
S1137400BC030724E2D31604073CF2D0200017047F
S1137410033CF2D020001604D293BC030E24F29055
S11374200500BC030A24F2900700BC030624F29072
S11374301300BC030224E2D31504F2B010009F032E
S11374401D24E2C21404F2C005001004F2C0550069
S11374501104F2C055001204F2C055001304F2C026
S113746003001704F2C033001804F2C033001904F7
S1137470F2C033001A04E2D21304DB3DC293BD030D
S11374800720F2D044001504F2D005001604223C73
S1137490D293BD030720F2D044001504F2D01400A7
S11374A01604183CE293BD030920F2D21404F2D06E
S11374B089001504F2D0880016040C3CF2900300F5
S11374C0BD030820F2D21404F2D098001504F2D0BF
S11374D088001604D293BC031628F2900500BC035E
S11374E0122CF2C21404F2C0C0001504E2C2160445
S11374F0D2B3F807042CF2D0C00010049A3DF2D0A5
S113750030001004963DD2B3FC040C2C5E42BE0342
S11375100E5E2E835F42FC043FF006000E9F0224A1
S11375203E43013C0E43F2900600BE030228C243D0
S1137530BE035F42BE030F5F005F053C083C0A3C8C
S11375400C3C0E3C1D3CF2D010001404723D3F4034
S11375508000083C3F404000053C3F402000023C86
S11375603F401000C2DF1004F2B040009F036125C9
S11375700E935F25E2B39F035C2DC2CF1004593DE7
S1137580F2D010001404F2D020001504523DE2D2CF
S11375901404F2900A00CC03CF24F2900B00CC0325
S11375A02225F292CC039D2CE292CC031320E29389
S11375B0CE030824F2900300CE030824F2D0C000C6
S11375C01404373DF2D0A0001404333DF2D060001F
S11375D014042F3DF2900700CC030420F2D0F000F5
S11375E01404343CC293CE031020F2900300CC0365
S11375F00828F2900600CC030424F2D0800014047E
S1137600163CF2D010001404213CD293CE03042083
S1137610F2D0800014040B3CE293CE030420F2D099
S113762040001404093CF2D0200014040A3C1C421B
S1137630A0031D42A4030E3C1C42B0031D42B4032C
S1137640093C1C42C0031D42C403043C1C42900379
S11376501D4294033CB000800424F2D010001604B0
S1137660023CD2D316043DB000800424F2D01000B2
S11376701504023CD2D31504C293CC030320E2D2F6
S11376801504D73CD293CC030620F2D21504F2D0D1
S113769088001604CE3CE293CC030620F2D21504F3
S11376A0F2D080001604C53CF2900300CC03032002
S11376B0F2D21504BE3CF2900500CC030420F2D0B3
S11376C080001604B63CF2900600CC030320D2D30B
S11376D01404AF3CF2900700CC03AB20E2D31404B3
S11376E0A83CE2C21004F2C044001104F2C04400F9
S11376F01204F2C044001304E2C31704F2C02200CF
S11377001804F2C022001904F2C022001A04E2C2D2
S11377101404F292CC030720F2D040001204F2D0F9
S113772020001904863CF2900900CC038220E2D2A6
S11377301304E2D31A047D3CF2900A00CC035320D4
S1137740E2C21404E293CE031C2CE2C21004F2C081
S113775044001104F2C044001204F2C044001304B3
S1137760E2C21704F2C044001804F2C04400190431
S1137770F2C044001A04F2D040001204F2D04000D7
S11377801904F2C033001504F2C033001604F2C029
S113779030001704F2B0100052060324F2D0200087
S11377A01704E2B252060924F2D010001704F2D0F2
S11377B011001604D2D31504163CE2B352060C246D
S11377C0F2D010001704D2D31604D2B352060B24FD
S11377D0F2D010001604073CD2B352060424F2D0AF
S11377E010001704003CF2900B00CC032220E2C2EC
S11377F01404F2C21004F2C088001104F2C088001C
S11378001204F2C088001304F2C21704F2C0880004
S11378101804F2C088001904F2C088001A045E42F9
S1137820CE031E533F4000010F111E83FD23C2DF10
S11378301004E2E39F033F413E413D413C4130415E
S1137840F2C010001D00F240A0009C03F2429D0310
S1137850B012646EC2439C03D2439D03B012646EA3
S1137860F24010009E03F2439C03F2429D03B012C7
S1137870646ED2839E03F723F2D010001D00E2D27F
S11378801D0030410F120E120D12F2B010009F03B2
S11378900124B33CD293BC033A28F2900500BC0304
S11378A0362C5D42BC035F4205051D830A243F90CC
S11378B0100002203F8006001F83F7233F40120080
S11378C0F43FB01284CB5F42BD030F5F0F5FD2B3AE
S11378D0F80701242F5332C20343924FE0043001CE
S11378E0B24060EA380192423C01000392423A01FC
S11378F0020332D25F421205824F0603B0120C4BD0
S113790092420803AC0392420A03AE03A73CF2B0CE
S113791020009F03522CC293BE0301243A3C5F42D1
S1137920BD030F5F0F5F0D430E43E242BE03B0126F
S1137930A0C11E5FE2041D6FE004D283BE03F723DF
S1137940C293BC031524B012C4D41E8FE2041D7F5D
S1137950E0043DB000800C243EE33DE31E530D6380
S11379601E8278031D7276033EE33DE31E530D63CE
S11379708F4DE0048F4EE2049F928603E004322888
S113798004209F928803E2042D28F2D080009F03F4
S1137990293CB012A0C1C293BC0324245F42BD039E
S11379A00F5F0F5F1E4FE2041D4FE004B012C4D4FA
S11379B01E8FE2041D7FE004CC3FD283BC03B012CF
S11379C0C4D45F42BD030F5F0F5F1E4FE2041D4F1F
S11379D0E004D253BC03B012C4D41E8FE2041D7F52
S11379E0E004B73F5F42BD030F5F0F5F924FE004B7
S11379F0AC03924FE204AE03313C5D42BC03F2900F
S1137A000700BC0302283D8006005E4205055F4274
S1137A1006051D8310243E90100002203E800600BF
S1137A201E83F7233E4012003FB00F0002203F8028
S1137A3006001F83EE3F8243AE03C24FAE030D43E5
S1137A400E110D100E110D100E110D100E110D1042
S1137A50825DAE038243AC03825EAC033D413E4192
S1137A603F4130410D120E120F12F2900C00CC0364
S1137A700228C243CC035F42CC030F5F0F5F005F59
S1137A803040B07A3040B07A3040B07A3040DE7A5C
S1137A903040DE7A3040DE7A30402A7B3040567BFC
S1137AA03040627B30409A7B3040D27B3040F87B60
S1137AB05D42CC035E42CE033F4090030D9303240A
S1137AC02F521D83FB3F0E9304243F5010001E834E
S1137AD0FA3FA24FAC03924F0200AE03F13C5E4268
S1137AE0CE03E292CC03032C3F406003093CF290A6
S1137AF00500CC03032C3F406A03023C3F40620371
S1137B002E9304283F5010001E83FA3FF290050084
S1137B10CC0305248243AC03A24FAE03D13CA24F55
S1137B20AC03924F0200AE03CB3C5E42CE033F4017
S1137B3090030E9304243F5010001E83FA3FB012AA
S1137B40B45892420A03660392420803AC03924279
S1137B500A03AE03B53C8243AC0392426803AE030E
S1137B60AF3C8243AE03D2420005AE035F4201053F
S1137B700E430F110E100F110E100F110E100F11D6
S1137B800E10825EAE038243AC03D2420205AC0304
S1137B909210AC03825FAC03933C8243AE03D242A7
S1137BA00605AE035F4205050E430F110E100F11BB
S1137BB00E100F110E100F110E10825EAE038243D1
S1137BC0AC03D2420405AC039210AC03825FAC0355
S1137BD0773CC293CE03092092425006AE03B2F022
S1137BE0FF0FAE038243AC036B3C9242B008AE037A
S1137BF09242B208AC03643C5E42CE030E5E924EE7
S1137C007880A804F2D00300AC04E243AB04B24091
S1137C10E004AE04B012A2C3F2B00C00AC044C20D9
S1137C209242E004A804F2D00300AC04F2400C0039
S1137C30AB04B240E004AE04B012A2C3F2B00C0034
S1137C40AC043A20C293CE031B203E402006003CE5
S1137C503F40F0F032C203432FEE1FEE02001FEE4E
S1137C60040032D21F9E0600272032C20343A24ED4
S1137C70E004924E0200E204924E0400E40432D284
S1137C80E293CE030D24D242E404AC03D242E304D3
S1137C90AD03D242E204AE03D242E504AF03103C8A
S1137CA0C243AE03D242E204AF03D242E104AC03C6
S1137CB0D242E004AD03043C8243AC038243AE03EE
S1137CC03F413E413D4130410F120E120D123D40E5
S1137CD0C804D2B3FC041224B2B00004F404072C88
S1137CE0BDF001010000BDF0010102000A3CBDF03D
S1137CF021210000BDF021210200033CCD930000AE
S1137D000220DDD300003D90CC0403243D40CC048C
S1137D10E03FF2B040009F0306245D423C083D90E2
S1137D2003000A28083CD2B39F0306245D423D08A1
S1137D303D900C0001280D43033CB012E07EFC3F53
S1137D40D2B39F03952CE2B29F035124F2B01000EA
S1137D509F030424F2C010009F037E3CD253BE0351
S1137D60B2B00040F404022C2E42013C2E43B2B0C7
S1137D700004F4040D24D293BC030F28F2900500F0
S1137D80BC030B2CD2E3F807D2B3F807652C093CEB
S1137D90F2900500BE032B28043CF2900600BE03BB
S1137DA02628C243BE03D253BD03B2B00080F404FC
S1137DB00224D253BD03C29EBD031928C243BD038E
S1137DC0F2B040009F03B92FC293BC031024F29079
S1137DD00500BC030C24F2900600BC030824F290B6
S1137DE01300BC03042CF2D010009F03353CC29353
S1137DF0BC030824F2900500BC03042CE2B29F03E8
S1137E002B2C313C1E435F42BE030F9303240E5EB2
S1137E101F83FB3F5F42BD036F9201200F430F118D
S1137E200F5F3F50C804F2B040009F03012C2F5253
S1137E306F4F0FBE012C8A3FE2B29F031624D2B3C8
S1137E40FC040E2C5E42BE030E5E2E835F42FC04D5
S1137E503FF00E000E9F0424D2422204A002033CF1
S1137E60D2422104A002E2C29F03B01284782E3CC5
S1137E70F2B040009F03032CC24DCC03033CD24D0F
S1137E807480CC03E2B29F031F24D253CE03F2903A
S1137E900A00CC030724F2900B00CC030520D293F4
S1137EA0CE030220D253CE03E292CE030828C2436B
S1137EB0CE03F2B040009F03402FB0123680D2426E
S1137EC02204A002E2C29F03B012647AF2B040001E
S1137ED09F030224C24D3C083D413E413F41304195
S1137EE00F120E12E2C29F03F2B040009F03042C53
S1137EF0D2B39F031724793CB2B00040F604062C99
S1137F00B2B00004F404022C2D43083C1D533D90F0
S1137F10030001280D43CD9370806120D24D7480FD
S1137F20BC030B3CD253BC03D293BC030620B2B0B7
S1137F300020F404022CE252BC03F2901500BC03AE
S1137F400328C243BC03173CC293BC031424F2901D
S1137F500500BC031024F2900600BC030C24F2902C
S1137F601300BC03082CF2B040009F03042CF2D091
S1137F7010009F03033CF2C010009F03E293BC0374
S1137F801028F2900500BC030C24F2900700BC03F7
S1137F900824F2901300BC030424F2D020009F03B1
S1137FA0033CF2C020009F03D2C39F03C243BD031E
S1137FB0C243BE03D2B3FC040E2C5E42BE030E5E6B
S1137FC02E835F42FC043FF00E000E9F0424D24235
S1137FD02204A0022D3CD2422104A002293CD24D0D
S1137FE07480CC03D2D39F031E3C1D53B2B0004017
S1137FF0F604042C3D900A0001201D53B2B0000485
S1138000F4040B2CB2B00040F604032C3D92092872
S1138010073C3D900B000528033C7D900C00012893
S11380200D43C24DCC03B0123680D2422204A002CA
S11380303E413F413041F2400300CE03F290030041
S1138040CC031328F2900600CC030F24F2900A000C
S1138050CC030B24F2900B00CC030724F29007000E
S1138060CC03052CD243CE03023CC243CE033041A1
S11380700101000008090001AF00FC1CF900FC002C
S11380800F120E120D123E4003001F42A204B24012
S11380904EA52A0192B32C01FD23B240885A200137
S11380A032C20343B24000A52C01B24002A528010C
S11380B08F43000092B32C01FD23B24000A5280198
S11380C0B2E010332C0132D23D402000BF930000B7
S11380D00124043C2F531D83F923053C1E83D5231F
S11380E0B2D01000F2043D413E413F4130410F12F5
S11380F00E123E4003001F42A204B2404EA52A01C4
S113810092B32C01FD23B240885A200132C20343AA
S1138110B24000A52C01B24040A528019F42A00412
S1138120000092B32C01FD23B24000A52801B2E067
S113813010332C0132D29F92A004000005241E8328
S1138140DA23B2D01000F2043E413F4130410F1215
S11381500D120C120A12B2C00002F2043D423F405A
S113816000103C403003B012FC810A930324B2D0C7
S11381700002F2043D423F4014103C404003B01260
S1138180FC810A930324B2D00002F2043D423F4032
S113819028103C405003B012FC810A930324B2D04F
S11381A00002F2043D4005003F403C103C404004C6
S11381B0B012FC810A930324B2D00002F2043D40C1
S11381C005003F404A103C405004B012FC810A9321
S11381D00324B2D00002F2043D4006003F40581090
S11381E03C406004B012FC810A930324B2D0000224
S11381F0F2043A413C413D413F4130410E120B12E1
S1138200091208120712094F084D074C0A433E4051
S113821003000F490D480C473B40F0F0BC4F0000F1
S11382202BEC2C531D83FA232B9F03241E83F12351
S11382303A433741384139413B413E4130410F12C5
S11382400E120D120C120B120A1209120812071246
S113825006120512041224C21942B40607498249BF
S1138260B606B2500300B6063990B0042620F2B028
S11382704000A70404241742A404378003001F42CB
S1138280A404F2B08000A70405245F42AA053F506D
S1138290B0040749D242FF04B30635409005A5490E
S11382A00000954902000200954904000400954924
S11382B0060006005642A705373C399010082620D0
S11382C0F2B040002B08042417422808378003002A
S11382D01F422808F2B080002B0805245F423408AE
S11382E03F5010080749D2423508B3063540980577
S11382F0A5490000954902000200954904000400C4
S1138300954906000600564233080E3CE9920100E6
S11383100628F990070001000224304080B91F426A
S1138320B006D242B206B306B2B00001B8080324C4
S1138330E2D2B306023CE2C2B306C993000022248F
S1138340D992FE0400001E24F990FE0000001920BA
S1138350F990030001000E20E2B2B306132CF99247
S113836002001024F9900C0002000C24F9900D0076
S113837002000824F990070001000320E2B2B306CA
S1138380012C1E3D084F1882B4062F833990B00487
S11383901320F2B08000A704252CC248AA05B0120D
S11383A0F6BB8D10CE9D000001240A3D8D101E5396
S11383B0CE9D00001724043D399010081320F2B01C
S11383C080002B080F2CC2483408B012F6BB8D1065
S11383D0CE9D00000124F43C8D101E53CE9D000060
S11383E00124EE3CF990FE0000000920F9900300FE
S11383F001000520F9920200022030408289399060
S113840080061824B2B00001B8080324E2D2B306EF
S1138410113CE2C2B3065F42B3063FF003000A24F4
S11384203990B0040420F240F000A102033CF24071
S1138430F0003808F990090001000128C13CD24934
S11384400200DF07F2F03F00DF07F99003000100AC
S11384500420F2D04000DF07073CF9900700010038
S11384600320F2D08000DF070F435F4901000F5F54
S11384700F5F005F304098843040F4843040908532
S11384803040B2853040FEA03040B6A33040C6A78D
S11384903040ECAA304098AD28929220B2B000044B
S11384A0F4042424F2B04000DF07052CF2B080006D
S11384B0DF07042C1B3C3E40D007023C3E40D7075C
S11384C05F42DF073FF03F001D433F9203281E53E6
S11384D03F82FB3F0F9303241F830D5DFB3FCEDDE3
S11384E00000D253DE07B2D000404205C74301006A
S11384F0304062B838900B006320D99302001D24E9
S1138500E99302000224304042B8E2C3AC04B24012
S11385104800A804F2400600AB049242B606AE043A
S1138520B01218CCF2B2AC040420E2B2AC041D24A4
S1138530473CB2D00020F204433CE2C3AC04B24056
S11385404F00A804F2400600AB049242B606AE0403
S1138550B01218CCF2B2AC040420E2B2AC04082489
S11385602F3CB2D00020F2042B3CE2D3B306023CF1
S1138570D2D3B3063990B0040420F240F000A10233
S11385808D3F399010088A23F240F0003808863F66
S1138590289216203990800608243990B0040320CC
S11385A0C243A102023CC2433808F2C00700B3062A
S11385B0753FC99300000620D992FE0400000224EE
S11385C03040D0B8F99038000200FA2F0F435F49C9
S11385D002000F5F0F5F005F3040B8863040E287D3
S11385E030409688304042B8304014893040408949
S11385F0304042B8304042B830408289304042B8BE
S113860030409C8B304042B83040CA8B3040128D91
S1138610304042B8304042B830400C9530403A8F38
S1138620304042B8304042B8304046903040BE906E
S113863030402A913040CA9230400C953040989591
S1138640304042B830402296304042B8304042B8C0
S1138650304042B830408C8F30404C9630404E977A
S11386603040A4973040CE9730407298304042B8A2
S1138670304042B83040CA9830409A9930409A9974
S11386803040E4993040B49A30400A9B3040769BA5
S11386903040B69B3040529D3040DE9D3040489E75
S11386A03040BE903040BA9E3040229F30408A9F76
S11386B03040F09F304040A0B2B00004F4042425C0
S11386C0B2B00020F4042025389007007923E29307
S11386D0B3061E29C99303001725F9902E00030041
S11386E0132DD249030012055E4212055F420105B3
S11386F0B012BC4C0F9E02280F8EFC3F0E8FC24E50
S11387001305F2C0F7001405E2D3140582431005E3
S113871082432005824322058243240582432605A1
S113872082431006824312068243140682431606CD
S113873082431E05F2C070001505D9930400022877
S11387400724E23CF2C080001505E2C21405053C92
S1138750F2D080001505E2D2140592421005E0041F
S1138760D2421405E204D2420205E304D2420105D6
S1138770E4045F4212055F8213050F930D24F2B0E7
S11387800F00E4040520F2800700E4041F83F53F92
S1138790D283E4041F83F13FD2420405E504D242AC
S11387A00505E604D2420605E704D2421205E804B0
S11387B0B240A200A804F2400900AB04B240E004B5
S11387C0AE04B2C00080F004B012F4CBF2B00C00DE
S11387D0AC040424B2D00080F004983CB2D2480522
S11387E0913C38900D00EC22D293B3069128F9F015
S11387F03F000300F9F03F000500F9F03F000700D7
S1138800F9F03F000900C99303007E24D2B3FC04AD
S1138810122C5F4907003FF01F003F901F00742097
S1138820B2B00040F404072C5F4909003FF01F0078
S11388303F901F0069201E42B6063F40C804FF4E09
S113884000001F533F90D004FA23B2B00004F40494
S1138850092C3F40C804FFF01F0000001F533F9045
S1138860D004F92BD2B3FC040724FFF0210000004C
S11388701F533F90D004F92BB2405C00A804F2428D
S1138880AB049242B606AE04B012F4CBF2B00C00C4
S1138890AC043C20373C389009009222D293B306B2
S11388A03728D99303003028F990050004002C28B8
S11388B0F990050005002828F990050006002428F1
S11388C01E42B6063F402004FF4E00001F533F9057
S11388D02404FA23B2406500A804E242AB049242A5
S11388E0B606AE04B012F4CBF2B00C00AC040E2009
S11388F0D2422004A302D2422104A002D242230481
S1138900A202003C30409C84304042B8304048B819
S113891030404EB8389006005322E293B306F82B49
S1138920E9930300F12FC99303000524D2D30C0566
S1138930E2D31F00043CD2C30C05E2C31F00E23F94
S1138940389006003D22D293B306E22BB01228C61B
S1138950D2490300E204B2404400A804F2400300F8
S1138960AB04B240E004AE04B012F4CBF2B00C009D
S1138970AC04CC23D2490300FE04D942FE04000017
S1138980C13FB2B00004F404BF2738900500182298
S11389900F433E40E0041D4F00BE1C4F00BE1B4F62
S11389A00EBE1A4F1CBEFE4D0000FE4D01002E539C
S11389B01B83F9233F920A202E820D4EDE4D0200C6
S11389C00100DE4D030002003E5003003F9006000C
S11389D01F2C2E82BCB0008000000824BEE30200DD
S11389E0BEE300009E5302008E6300000B4C3BF07C
S11389F0F0FFBBB0008000000324BED00080000064
S1138A00BBB0008004000324BED0004000002E52FE
S1138A103C5010000D4C1B4F0EBE1A83C423924FC2
S1138A202ABEA804B240E004AE04D24F38BEAB0460
S1138A30B012E2C2F2B00C00AC04AE202F533F904F
S1138A400E00A72B3F4090033E40E0042D42B0129D
S1138A50B4581C420A03CE4C01008C10CE4C0200C8
S1138A60CE430000BFB0008000000324FED080008D
S1138A700000BFB0008004000324FED040000000CA
S1138A803F5010003E5003001D83E123B240B5085F
S1138A90A804B240E004AE04F2400C00AB04B012EF
S1138AA0E2C2F2B00C00AC04772032C2034392421B
S1138AB00005E00492420205E20492420405E40443
S1138AC092420605E60432D2B240CC08A804B24071
S1138AD0E004AE04F242AB04B012E2C2F2B00C0005
S1138AE0AC045A205D42BE03E242BE033C40190975
S1138AF00F471F530E43CF4300001F531E533E9096
S1138B001000F92BB012A0C1B2B00004F204442C3E
S1138B102842B01264BD824CA804B240E004AE0402
S1138B20F2401000AB04B012E2C2F2B00C00AC048C
S1138B3015203C801100D283BE03E423824CA80498
S1138B408247AE049253AE04F2401000AB04B0125C
S1138B50E2C2F2B00C00AC040120033CC24DBE03DF
S1138B601B3CC24DBE03F990FE0000001320B2D09E
S1138B708000FA04B01286C6B2B08000F0040C2C57
S1138B80B2D2E004B012B0C6F2B00C00AC040420BF
S1138B903040D0B830409C84304048B8389005000C
S1138BA0C421B2B00004F404C225B2B04000F604FB
S1138BB0BE25B2B00001B808BE25B2405020AE05B3
S1138BC0B0128EF6B2D2F604AE3D38900D00AD214F
S1138BD0E293B306B029B2B00004F404012CA73D1B
S1138BE0F99060000300FB2F5F4903003FF00F0082
S1138BF03F900A00F42FF99060000400F02F5F49C1
S1138C0004003FF00F003F900A00E92FF990240080
S1138C100500E52F5F4905003FF00F003F900A0073
S1138C20DE2FC9930600DB27F9920600D82FC993DB
S1138C300800D527F99013000800D12F5F490800D8
S1138C403FF00F003F900A00CA2FF99099000900E5
S1138C50C62F5F4909003FF00F003F900A00BF2F65
S1138C60C9930700BC275F4908005F4FAD4AE993E9
S1138C7008001120F9B010000900052CF9B0030018
S1138C8009000920063CE9B309000524D9B3090009
S1138C90022C12D34FA3C99F0700A12F5F490700DD
S1138CA03FF00F003F900A009A2FE9930A00972F94
S1138CB0B2D020007A08A2D34005B01284DB1E4251
S1138CC0B6063F40000532C20343FF4E00001F5367
S1138CD03F900805FA2BB240F0F0080592E2000537
S1138CE0080592E20205080592E20405080592E2ED
S1138CF006050805F2C042000C0592439001D242D9
S1138D0068040D0592426A040E0532D2A2D34205CC
S1138D100A3D38920A21D293B3060D29B2B0000459
S1138D20F404022C043D053DF99060000300FA2F81
S1138D305F4903003FF00F003F900A00F32FF990C2
S1138D4060000400EF2F5F4904003FF00F003F90E4
S1138D500A00E82FF99024000500E42F5F4905007C
S1138D603FF00F003F900A00DD2FF2B040000C05E9
S1138D700224304056B8D94903001000D9490400F0
S1138D801100D9490500120032C20343D942040537
S1138D901300D94205051400D9420605150032D244
S1138DA00C43D992020505001F2801240B3CD992DB
S1138DB00105040019280124053CD992000503008B
S1138DC013286224C2431C055F4202055E4201056A
S1138DD05D420005D74905000500D7490400040099
S1138DE0D74903000300113CF2431C055F49050009
S1138DF05E4904005D490300D74202050500D742DD
S1138E0001050400D742000503005F97050005240F
S1138E1012D30FA35F97050085235E9704001A24DD
S1138E2012D30EA33E90600001280E435E97040007
S1138E3006243C503C003C90F100F22B733F12D3CB
S1138E400DA33D906100052C1C533C90F100F72BC1
S1138E50693F0D435D970300072412D30DA31C53F0
S1138E603C90F100F72B5E3F32C20343C24C1D0518
S1138E70D2531D05C2430D0592430E0532D29243CF
S1138E809001F2D040000C05B2D020007A08A2D3A1
S1138E904005B01284DBA2C3F204A2C3FA04F2D0E8
S1138EA00300AC04B240B200A804E243AB04B240F5
S1138EB0E004AE04B012A2C3A2B3F2040324A2D30A
S1138EC0FA04313F9242E0044A05A2C2FA049242F3
S1138ED04A05A804F2400C00AB04B240E004AE041E
S1138EE0B012A2C3A2B3F2040324A2D2FA041B3F19
S1138EF092491000E60492491200E80492491400D1
S1138F00EA0492424A05A804F2400C00AB04B240C1
S1138F10E004AE04B012E2C2A2B3F204042FB2D051
S1138F200040FA04003C30409C843040D0B83040CB
S1138F3042B8304048B830404EB838900E00F5235F
S1138F40B2B00040F604F327D9930300F023E29370
S1138F50B306F12BD2490400A808D2490500A90898
S1138F60D2490600AA08D2490700AB08D249080032
S1138F70AC08D2490900AD08D2490A00AE08D2496A
S1138F800B00AF08B2D000806C06CD3F38901200C1
S1138F90CC23D99303000424E99303002924C73F75
S1138FA0D293B306C82BE2C3AC04B2404F00A8046A
S1138FB0F2400600AB048249AE04A252AE04B012E1
S1138FC018CCF2B2AC043B20E2B2AC04AE23B24003
S1138FD04F00A804F2400600AB048249AE04B2502C
S1138FE00A00AE04B012F4CBA2B3F20428209B3FD3
S1138FF0E293B306A02BE2C3AC04B2404800A80439
S1139000F2400600AB048249AE04A252AE04B01290
S113901018CCF2B2AC041320E2B2AC048623B24002
S11390204800A804F2400600AB048249AE04B250E2
S11390300A00AE04B012F4CBA2B3F2047427B2D087
S11390400020F204763F389007006F2392B33A0869
S11390506E27399010080E243990B0040720E2B32B
S1139060A005042CE292B306622B073CE293B306FC
S1139070622B033CD293B3065E2B5F4903003FF09F
S11390800F003F900600532FB01228C6D2490300A8
S1139090E004D2490400E104B2404400A804F240D0
S11390A00300AB04B240E004AE04B012F4CBF2B05F
S11390B00C00AC043E23B2D02000F604343F3890B8
S11390C006003323399010080420E292B3062F2BB4
S11390D00D3C3990B0040320E2B3A0050424E293CC
S11390E0B306292B033CD293B306252BF990150024
S11390F0020002243040909E5F4903003FF00F00BD
S11391003F900600142FB2405A00A804D243AB0487
S11391109242B606AE04B012F4CBF2B00C00AC042A
S11391200823B2D01000F604FE3E38900500FD225C
S1139130F2B08000FC04F92EE293B306FC2A3F400F
S1139140D0043E40B00232C20343BF4E0000BF4EC3
S1139150020032D22F523E90C002F52BB2B000046E
S1139160F4042224B2B08000F6040F243F407006B9
S11391703E40600632C20343BF4E0000BF4E0200B1
S113918032D22F523E906C06F52B3F40F0053E4004
S1139190E00532C20343BF4E0000BF4E020032D28C
S11391A02F523E90F005F52BB01240BFF2B00C00E8
S11391B0AC04BF22B2409801A804E242AB04B2401E
S11391C07A08AE04B012E2C2F2B00C00AC04B122D0
S11391D0B2B00004F4045E24B2B00020F4044724C6
S11391E032C20343924220052805924222052A05F1
S11391F0924224052C05924226052E0532D2B01245
S11392007ECAF2B00C00AC04942232C203439242F0
S113921010061806924212061A06924214061C06FA
S1139220924216061E0632D2B240CD1CA804F24267
S1139230AB04B2401006AE04B012E2C2F2B00C00AD
S1139240AC04772292421005E004D2421405E204F1
S1139250B240EB00A804F2400300AB04B240E004C7
S1139260AE04B012F4CBF2B00C00AC046222924211
S11392701C05E004B240AC00A804E243AB04B240D5
S1139280E004AE04B012F4CBF2B00C00AC045122F2
S113929082431C05B012D8CBF2B00C00AC044922B6
S11392A0B01286C6B2B08000F004432EA2D2E0040D
S11392B0B2D00001F404B012B0C6F2B00C00AC0499
S11392C03822F2C0200032002E3E389018000224CA
S11392D03040D0B8B2B00001B80816253B40800039
S11392E038400E00B2C00040E803B2C00040F803AA
S11392F0B2C0004008040C49C9BB03001224005842
S1139300C93C0F3C8A3C493C383C0B3C0E3C003C7D
S1139310B2D00040E803B2D00040F803B2D000401D
S113932008040B112883E737ED3C3F40C0083D405B
S113933006008F4302008F4300008F4306008F43D3
S113934004008F430A008F4308008F430E008F43AD
S11393500C003F5010001D83EC238243B608C24327
S1139360B508C243B408B2C0FFBFE803B2C0FFBF30
S1139370F803B2C0FFBF0804D43FD2491000B708B5
S1139380D2491100B608B2D01000E803B2D01000E0
S1139390F803B2D010000804C43FD253B4083E40CE
S11393A0A0033F40C0080D43FC9306000620FC9335
S11393B005000320FC93040024249F5E02000200A5
S11393C0AF6E00009F5E060006009F6E040004005E
S11393D0DF5C06000A00DF6C05000B00DF6C040094
S11393E00800ADD2E803DF5C0F000E00DF6C0E0056
S11393F00F00DF6C0D000C00E9B303000224BDD2A2
S1139400E8033E5010003F5010003C5003003D5014
S113941010003D903000C82B843FD253B5083E4025
S113942060033F40F0080D43AF5E02008F6300000D
S11394309F5E040006009F6E02000400FC9305007A
S11394400320FC9304000A24DF5C05000A00DF6C9F
S113945004000B008F6308009DD3E803FC930B000A
S11394600320FC930A000A24DF5C0B000E00DF6C6F
S11394700A000F008F630C00ADD3E8033E501000C8
S11394803F5010002C533D5010003D903000CC2B29
S1139490304022933F40C0080D433D903000032CE0
S11394A05A42B408023C5A42B5080A931B241E438C
S11394B00E9A05240E5E3E900001FA2B253C0A11FB
S11394C00A9310242F111F1002001F1104001F10F3
S11394D006001F1108001F100A001F110C001F10A6
S11394E00E00ED3F3F5010003D5010003D906000D5
S11394F0D42BB2D04000E803B2D04000F803B2D07D
S11395004000080430409C84304042B83890060043
S1139510D421F990100002000424B2B00004F40431
S1139520CE25E293B306CF29B01286C6B2B080002E
S1139530F004C721F990100002001224C99303001B
S11395400924D9930300BB21B2D00008F404E2D368
S1139550E0041B3CB2C00008F404E2C3E004153C80
S1139560C99303000524D99303000924304042B869
S1139570B2C000406C06F2C04000E004063CB2D029
S113958000406C06F2D04000E004B012B0C6F2B065
S11395900C00AC0496218F3D38900B008E21B2B0A4
S11395A00004F4048C25E293B3068D29D9930300B7
S11395B08629F99023000300822DD99304007F2982
S11395C0F99204007C2DD99305007929F9901300B0
S11395D00500752DE99306007229F9902400060010
S11395E06E2DD99307006B29F9920700682DD99342
S11395F008006529F99013000800612DB24091001C
S1139600A804F2400600AB049242B606AE04B012BF
S1139610F4CBF2B00C00AC045421F2D010000C05D1
S11396204A3D389009004921E293B3064C29B240DF
S11396309D00A804E242AB049242B606AE04B01206
S1139640F4CBF2B00C00AC043C21353D389005005D
S11396503421E292B30637293F40B0023E40D004A1
S113966032C203438F4300008F4302008E43000045
S11396708E43020032D22E522F523F90C002F02B62
S11396802F428243A804F2401000AB04B240D0043D
S1139690AE04B012F4CBF2B00C00AC041221B280D0
S11396A0EF00A8041F83EF23B2B00004F4044E2497
S11396B03D406100B2400002A804F2E02000310005
S11396C0F2401000AB04B2400008AE04B012E2C293
S11396D0F2B00C00AC04F520B2501100A8041D83B4
S11396E0EC233F40E00532C203438F4300008F4325
S11396F0020032D22F523F900006F52B3F40600605
S113970032C203438F4300008F4302008F43100093
S11397108F43120032D22F523F906C06F12B2D4210
S1139720B2402A09A804F2400C00AB04B24070060F
S1139730AE04B012E2C2F2B00C00AC04C220B250CB
S11397400D00A8041D83EF23A2D24805B43C389031
S11397500500B320E293B306B62892B0E2EEF40417
S1139760AE24B2400101E004B2400101E204B2407F
S11397700101E404B2400101E604B2408800A804F7
S1139780F242AB04B240E004AE04B012F4CBF2B047
S11397900C00AC040220B012B4D5B012D4C8A2D2CA
S11397A04805893C389009008820E293B3068B2849
S11397B0B2409800A804E242AB049242B606AE045A
S11397C0B012E2C2F2B00C00AC047B20743C3890BE
S11397D00E007320B2B00020F4047124E293B306A7
S11397E072285F4903000F936A243F901300672C8B
S11397F03FF00F003F900A00622C2D420E495F4E4D
S113980004003F9060005B2C3FF00F003F900A0083
S1139810562C5F4E05003F902400512C3FF00F0062
S11398203F900A004C2C2E531D83E9235F4903000B
S1139830B012BC4CB240850FA804B2500900A80471
S11398401F83FB23F242AB048249AE04A252AE044E
S1139850B012E2C2F2B00C00AC043320B2B020006B
S11398604605062CB2D000084805B2D020004605B3
S1139870223C389005002120B2B00020F4041F24BB
S1139880E293B30620283F405E09824FA804F240C9
S11398901000AB04B2400008AE04B012E2C2F2B051
S11398A00C00AC040E203F5011003F902A0AED2B0F
S11398B0B2D00010480530409C843040D0B83040CD
S11398C042B8304048B830404EB838900600F523CE
S11398D0E293B306F82BD99303000C280124EF3F3D
S11398E0B2D00002F4041E4234041D4236041C4269
S11398F03A04093CB2C00002F4041E4230041D4282
S113990032041C4238043F40F0028F4E00008F4D59
S113991002002F523F900003F82B3F40D8038F4C96
S113992000002F533F90E003FA2B3F40D0058F4EA9
S113993000008F4D02002F523F90E005F82B3F406E
S113994008068F4C00002F533F901006FA2B3F401F
S113995054068F4E00008F4D02002F523F90600638
S1139960F82B824C6E06824C7C06824C7E06B0122A
S113997086C6B2B08000F004A423B2B00002F4049E
S1139980032CD2C3E004023CD2D3E004B012B0C62C
S1139990F2B00C00AC0495238E3F389007008D2361
S11399A0E292B306902BC99303008927E99203003E
S11399B0862F3D400001F9902800020002243D401A
S11399C080005F4903003E406C023E5010001F833C
S11399D0FC23C993040003248EDD00006C3F8ECD6C
S11399E00000693F389006006823E293B3066B2BAE
S11399F0C99303001024D99303000124603FD2D3F8
S1139A00FC043F40C804FFF0210000001F533F90B6
S1139A10D004F92B113CD2C3FC04B01258C8B2B024
S1139A200004F404092C3F40C804FFF01F000000A8
S1139A301F533F90D004F92BB0125CC6B2B0008023
S1139A40F2043F23D2B3FC04032CD2C3E004023C4F
S1139A50D2D3E004B2405600A804D243AB04B240CF
S1139A60E004AE04B012F4CBF2B00C00AC04292331
S1139A705F42FC043FF006000F930D24D2B3FC04B4
S1139A800A24F2B02000AC041C27F2F08F00FC047E
S1139A90F2D08000FC04B2B00004F4040A2492B3AF
S1139AA04605072CB2D010007A0892D3480592D309
S1139AB04605013F389006000023B2B00004F404C8
S1139AC0FE2EE293B306FF2AE9920300F82ED2B3E6
S1139AD0FC04F52E5E4903003EF007000E5E5F4273
S1139AE0FC043FF006000E9F0F24F2F08F00FC04EC
S1139AF00E5E0E5E0E5EC25EFC04F2B02000AC048C
S1139B006825F2D08000FC04603D38926021E29325
S1139B10B3066329D24903009D04D24904009E047C
S1139B2092109E04D24905009E04B2406A00A80423
S1139B30F2400300AB04B2409D04AE04B012F4CB77
S1139B40F2B00C00AC04472192B3F8040B24A2B386
S1139B50F8040824B2B2F804052CE2C31D00B2C014
S1139B600002F804A2B24605052CB2D00001480553
S1139B70A2D246052A3D389006002921E293B30675
S1139B802C29C99303000424D99303000424213D00
S1139B90A2C3F804023CA2D3F804B01276C792B36D
S1139BA0F0041921A2B24605052CB2D000014805E3
S1139BB0A2D246050A3D38900A000921E293B30671
S1139BC00C29C99304000B20C99305000820C993EC
S1139BD006000520F99014000700012CFA3CC993F3
S1139BE00300F724F99005000300F32C5F490400F7
S1139BF08F105D4905000F5D5E4906008E105D49BA
S1139C0007000E5DD293FD0403203D400A00073C8B
S1139C10F2900300FD0402242D43013C1D4332C293
S1139C200343824F3001824D380192423A013C0194
S1139C3082433A01824E3401824D38011F423C0175
S1139C401E423A0132D2C74E07008E10C74E06009C
S1139C50C74F05008F10C74F04005F42BE03D249AF
S1139C600300BE03B012A0C1C24FBE033F40E004D4
S1139C700E472E52DF5E03000200DF6E0200030077
S1139C80DF6E01000000EF6E01009F92760300007A
S1139C900B2804209F927803020006289F827803F1
S1139CA002009F72760300005F4903001F830F5F69
S1139CB05E42FC043EF006000F9E14209242E00433
S1139CC07C049242E2047E0492B3F8040B24A2B210
S1139CD0F8040824B2B2F804052CE2C31D00B2C093
S1139CE00002F804005F033C093C0F3C153CB24001
S1139CF06E00A804B2C01000F804153CB240730012
S1139D00A804B2C02000F8040E3CB2407800A804B5
S1139D10B2C04000F804073CB2407D00A804B2C0C1
S1139D208000F804003CB240E004AE04E242AB041C
S1139D30B012F4CBF2B00C00AC044D20B01276C7D4
S1139D40B2B24605052CB2D000024805B2D246058F
S1139D503C3C389006003B20E293B3063E28C9936E
S1139D6003000424D99303000424333CA2C2F8045E
S1139D701F3CA2D2F80492B3F8041A24B2B2F80435
S1139D80172C5F42FC043FF006002F533E420E5E48
S1139D902F83FD2382BEF804062CE2C31D00B2C04B
S1139DA00002F804053CE2D31D00B2D00002F8041E
S1139DB0B01276C792B3F0040E20B2B24605052C59
S1139DC0B2D000024805B2D2460530409C843040EF
S1139DD0D0B8304042B8304048B830404EB83890DF
S1139DE00600F523E293B306F82BC9930300042479
S1139DF0D99303000424ED3F92C3F8041F3C92D38B
S1139E00F804B2B2F804152CA2B2F80417245F4285
S1139E10FC043FF006002F533E420E5E2F83FD23C9
S1139E2082BEF804062CE2C31D00B2C00002F8048E
S1139E30053CE2D31D00B2D00002F804B01276C78C
S1139E4092B3F004C823C13F38900600C023E293C4
S1139E50B306C32B92B3F804BC27B2C00600F804BF
S1139E60C99303000424D99303000724B23FB2C06A
S1139E700802F804E2C31D00053CB2D00802F8044D
S1139E80E2D31D00B01276C792B3F004A4239D3F21
S1139E90C99303009E27B2408200A804D243AB04B6
S1139EA09242B606AE04B012F4CBF2B00C00AC048D
S1139EB09223D2490300A802883F389007008723E1
S1139EC0B2B00004F4048527E293B306862BF9B0FC
S1139ED0800004000424B2B00080F6047A27D2493A
S1139EE00300E104D2490400E004B240F000A804F5
S1139EF0E243AB04B240E004AE04B012F4CBF2B0DF
S1139F000C00AC0468239242E0048005B2B0100057
S1139F104605062CB2D000044805B2D01000460510
S1139F20543F389011005323B2B00004F404512775
S1139F30E293B306522B1E42B6063F40E004DF4EC6
S1139F4001000000EF4E01002E532F533F90EC040C
S1139F50F62BB240C01CA804F2400C00AB04B24083
S1139F60E004AE04B012E2C2F2B00C00AC0433233D
S1139F70A2D2F604B2B010004605062CB2D00004FA
S1139F804805B2D010004605203F389006001F2334
S1139F90E293B306222BE99203001B2FB01286C66C
S1139FA0B2B08000F0041723F2C03000E004B2B075
S1139FB00040F404062CD9B303000324F2D01000AB
S1139FC0E004B2B00080F404062CE9B303000324D7
S1139FD0F2D02000E004B012B0C6F2B00C00AC0421
S1139FE0FA22D242E0043908F2F030003908ED3E9A
S1139FF038901500EC22B2B04000F604EA26E29351
S113A000B306EB2A1E42B6063F40C007DF4E0100EE
S113A0100000EF4E01002E532F533F90D007F62B34
S113A020B2400020A804F2401000AB04B240C007C4
S113A030AE04B012E2C2F2B00C00AC04CC22C53EB5
S113A04038900700C422B2B04000F604C226E2935E
S113A050B306C32AF9903D000300BB2EF990150006
S113A0600400B72EB0121ACBF2B00C00AC04B32229
S113A070D2490300E1045F49030032C20343824F23
S113A0803001B24055553801B2B000803A01022483
S113A09092533C011F423C0132D2C24FE30492432B
S113A0A0000382430203824F0603B0120C4B0F11CC
S113A0B0829F0E03022892530A0392420A03E40485
S113A0C0D2490400E2045F4904009243000382433E
S113A0D00203824F0603B0120C4B0F11829F0E0332
S113A0E0022892530A0392420A03E604B0123CCBBC
S113A0F0F2B00C00AC046F22B0128EF6663EC99327
S113A10002000420389005000524213C3890060004
S113A11001241D3CB2B00004F4045B26D293B306C0
S113A120022C30405CB8C99302001324B2B0400042
S113A130F604052CF990170002001128043CF9904C
S113A1401B0002000C28F99020000200B82C3040BB
S113A150D0B83E4000053D42B01254BDAE3C5F490C
S113A16002001F830F5F5B4903003B90FE00042045
S113A17024D236400A000B430693062416833E403D
S113A1800A000E86C54E03003B900A0004283B904B
S113A190FF002024DC3F924F7ABEA8040F4B0F939C
S113A1A057241F83F990070002001028F990170024
S113A1B002000C2CF99015000200042CF9901200F6
S113A1C00200042CB2500700A804E93FB2500D006D
S113A1D0A804E53F924F46BEA804A2C3F204A2C35A
S113A1E0FA04F2D00300AC04E243AB04B240E0044E
S113A1F0AE04B012A2C3A2B3F204572C929F7ABE4B
S113A200E004052C924F7ABEA8040A43213C9242F2
S113A210E004A8040A43929F7ABEE00419241A5366
S113A220F990070002001028F990170002000C2C86
S113A230F99015000200042CF99012000200042C7D
S113A240B2800700E004E73FB2800D00E004E33F82
S113A250A2C3F204A2C2FA04F2D00300AC04F9903F
S113A260070002001328F990170002000F2CF99040
S113A27015000200042CF99012000200072CF24091
S113A2800600AB040F473F500700063CF2400C00A9
S113A290AB040F473F500D008247AE049253AE0407
S113A2A0B012A2C3A2B3F2040224304048B83B90D7
S113A2B0FF000320CF4A00001F53304092B9F990A9
S113A2C030000200442FB2B04000F60400255F497C
S113A2D002003F8020000F5F5B4903000E4B7EE3CA
S113A2E00B243E900600082CD54EEABE030024D26F
S113A2F0364014005B450300069303241683D553AC
S113A30003001D4F88F93D801405824DA8043B903D
S113A310640004283B90FF000924193F0F4B0F935E
S113A3202C241F83B2500D00A804F93F924F68F902
S113A330A804A2C3F204B2C00001FA04F2D00300DC
S113A340AC04E243AB04B240E004AE04B012A2C3D6
S113A350A2B3F204AA2F0A43829DE004032C824D87
S113A360A8040B3C9242E004A8041D92E004052CCE
S113A3701A53B2800D00E004F83FA2C3F204B2C045
S113A3800002FA04F2D00300AC04F2400C00AB0467
S113A3900F473F500D008247AE049253AE04B012F3
S113A3A0A2C3A2B3F204812F3B90FF000320CF4A43
S113A3B000001F53823F389006000124C83E5849CC
S113A3C002005C4903003C900600042024D236407D
S113A3D006001C43069304241683D546D8BE030006
S113A3E03C900600B42E5F4902003FF070003F909D
S113A3F0300009205E4902003EF00F000E93A726AC
S113A4003E900D00A42E38B08000042C3F906100D3
S113A4109E2E053C0F939B263F905100982ED2937D
S113A420B306022C30405CB85D42BE030F110F111D
S113A430005F30404EA4304056A4304060A4304009
S113A4406AA43040B2A43040BCA43040C6A40B433C
S113A4503A406008A83C3B4000023A4050079F3C09
S113A4603B4000023A405007D53C0F4E3B40AA0205
S113A4703A4072073B5055003A5011003B90A606F3
S113A48004203B40AA023A4072071F83F3235F4231
S113A4900505B012BC4C0F9EBD203B8055003A8090
S113A4A011003B9055027B203B4051063A402D0859
S113A4B0763C3B40A6063A403E08713C3B40A6062B
S113A4C03A403E08A73CB2B08000F604022C30406B
S113A4D042B83C900500FB275A4902003AF0F000CC
S113A4E00F470B43CF4301001F531B533B900C00FA
S113A4F0F92B0C930324C24CBE03053C1693012094
S113A5001683E242BE035B42BE035F42FC043FF09B
S113A51006000F111F53C29FBE031B203F4060065D
S113A520F2B08000FC04052492B3F404022C3F40F2
S113A530700632C20343B24FE004B24FE204B24F9A
S113A540E404B24FE604B24FE804B24FEA0432D254
S113A5501C3CB2402A09A8041B830424B2500D00F9
S113A560A804FA3FA2C3F204B2C04000FA04F2D035
S113A5700300AC04F2400C00AB04B240E004AE04AF
S113A580B012A2C3A2B3F204182138400300B012DF
S113A59064BD0C93F720D283BE03B523F33CB2B061
S113A5A00004F40494273C9005000420B2B0000495
S113A5B0F4048D270C930F24C24CBE03B012A0C127
S113A5C03E40E0040F471F53FF4E00001F533E90D0
S113A5D0F004FA231C3CB2B00004F404032C1693D8
S113A5E0012016830F470E43CF4301001F531E5310
S113A5F03E901000F92BE242BE03B012A0C1081233
S113A6002842B01264BD3841D283BE03F6230B93B3
S113A610B924423CB2B00004F40459270F4C3F90D3
S113A62005000320824AA804083C0F9304241F83D6
S113A6303B501100FA3F824BA804A2C3F204B2C0FB
S113A6400040F004F2D00300AC04F2401000AB046C
S113A6508247AE049253AE04B012A2C3A2B3F20472
S113A660A6203B90AA020F283B90A6060C2C3B8008
S113A67055003A8011003B90AA02092C3B50FC0380
S113A6803A50CC00043C3B5055003A5011003C90E9
S113A69005000E200B4A0C3C0F4C3F900500022095
S113A6A00B4A063C0F9304241F833B501100FA3FCE
S113A6B0A2C3F204B2C00040F004F2D00300AC0420
S113A6C0824BA804F2401000AB04B240E004AE0494
S113A6D0B012A2C3A2B3F2046A203E40E0040F47C2
S113A6E01F5338B080003D2CDF8E02000200DF7E55
S113A6F003000300EF7E0000DF7E01000100FFB0D5
S113A7008000010039243B407603FFE30200FFE3AD
S113A7100300FFE30000FFE30100DF530200CF6307
S113A7200300CF630000CF630100DF8B020002004F
S113A730DF7B03000300EF7B0000DF7B01000100EF
S113A740FFE30200FFE30300FFE30000FFE3010077
S113A750DF530200CF630300CF630000CF63010027
S113A7600B3CDF4E02000200DF4E03000300EF4EFD
S113A7700000DF4E010001002E522F523E90F004E3
S113A780B02B003C0F471F530C43B012C8BC2F52D0
S113A7901C532C92FA2B3A90600004200F473F5030
S113A7A00D00023CB01214BDC24DBE03763CB2D0C3
S113A7B00040F004C24DBE03C03CB2D04000FA04D5
S113A7C0C24DBE03BA3C389202243040D0B8C9937B
S113A7D00500FB275B4905003B901100032824D2A8
S113A7E05649050006932724E99302000924F990A9
S113A7F0030002000A24F990830002000624E53FC6
S113A8003B4010003F401100043C3B400F003F40E0
S113A8101000069B042C06435B4905000C3CC55FF5
S113A8200400C5630300068B069B032CC546050084
S113A830023CC54B05005F4902003FF00F003F900A
S113A8400500C32F0F5F0F5F005F304042B83040F8
S113A8505EA830409EA830403EA93040B6AAE2939C
S113A860B306022C30404EB83D42D99DE0BE0300F1
S113A87004241D83FA23304042B81D830D5D1E4D10
S113A880AEBE5D4904003DF00F000E5D0F471F533F
S113A890FF4E00001F531B83FB23304092B9E99302
S113A8A00300102CF990A20004000C2CF990440031
S113A8B00400042CE292B3060F2CD43FE293B306B7
S113A8C00B2CD03FB2B00004F404012CD43FD2933B
S113A8D0B306022C30405CB8E2D3AC048243A80433
S113A8E0D2490300A8049210A804D2490400A80481
S113A8F0C24BAB048247AE049253AE041B930420B4
S113A900C74301009253AE045F42AB041F52AE042E
S113A910A2C3F204B012A2C3E292B3060D2CA2B3F6
S113A920F2040B2CB2900002A8040628B29071081D
S113A930A804022CB01214BDB03F304048B8B2B0E5
S113A9400004F4049827D293B306C42BB2B00020B9
S113A950F40491275F4902003FF070003F905000DB
S113A9608A2FF2C010001505F9B0800002000724F8
S113A970B2B00080F6047F27F2D0100015050F93C3
S113A9800124413CE2D3150582431605D249030054
S113A990160592101605D24904001605C24B1B0574
S113A9A082471805925318051B930420C7430100DE
S113A9B0925318055F421B051F521805B2C0400090
S113A9C0F204B012ECE3E292B3061C2CB2B04000E5
S113A9D0F204B32FB2B00040F4040824F7430C008F
S113A9E0F7430D00F7430E00F7430F00B2B00080A9
S113A9F0F4040824F7430A00F7430B00F7430E005E
S113AA00F7430F004A3F3F9010001524B2B00040B6
S113AA10F40406243F9030002E273F9040002B275B
S113AA20B2B00080F40407243F90200024273F9014
S113AA3040002127003C0E4F0E110E110E113E5006
S113AA40050082431605D249030016059210160527
S113AA50D24904001605B2F0F0FF16050F471F5344
S113AA601B930320C74301001F530D4B0D5F1C4272
S113AA701605E2D31505824C1605B24030051805BB
S113AA80F2400F001B05B2C04000F204B012ECE328
S113AA90B2B04000F204512FDF4E300500001F53C6
S113AAA00F9DFB26DF4E310500001F530F9DF52639
S113AAB03C501000DE3FE293B306D42A0E435E49B5
S113AAC003008E100D435D4904000E5D3E90000AA4
S113AAD0D22E0F471F531B930320C74301001F535C
S113AAE0FF4E00001F531B83FB23D73E5F49050025
S113AAF03F52089F02243040D0B8C993000004207C
S113AB00D992FE040000F723F99003000200F32F0A
S113AB10C99305000220304042B8F99011000500A5
S113AB20FA2F0F435F4902000F5F0F5F005F304051
S113AB3042B830403AAB3040D2ACB2B00001B808B1
S113AB40EA275B4905001BB3E62F3D400600D99D6B
S113AB50E0BE03000B241D83FA23F990EC000300EC
S113AB603F24F990EE0003003B24D53F1D830D5D87
S113AB701E4DAEBE5D4904003DF00F000E5D0D4953
S113AB803D500600BE4D0000AE102E532B83FA2319
S113AB90F99204000524F9900A00040009241C3CDD
S113ABA0F990E60003000924F990E8000300082462
S113ABB0F990EA00030007240F3C92D3F6040C3CFE
S113ABC0A2D3F604093C32C20343D24268040D0501
S113ABD092426A040E0532D2B0128CBD30409C847D
S113ABE03990B00405203540C0063640D006043CF8
S113ABF035404008364050083F4080102D420C45F7
S113AC00B012FC813F4090102D420C46B012FC81E2
S113AC100E45F990EC00030001240E465F49040040
S113AC203FF00F000E5F0D493D500600BE4D000081
S113AC302E532B83FB23B2408010A204B0128080D9
S113AC403D40F0F00F452C420B43B24FA004B293A9
S113AC50A00401201B531DE2A004B012EE80A253F5
S113AC60A2041C83F2232B9201203D43824DA004B5
S113AC70B012EE80B2409010A2043D40F0F00F46B6
S113AC802C42B24FA0041DE2A004B012EE80A253E5
S113AC90A2041C83F623824DA004B012EE80F99026
S113ACA0EE0003001520F9B040000800092CB2C0E2
S113ACB00004F40432D02000B2C010008001083C2B
S113ACC0B2D00004F40432C02000B2D010008001DD
S113ACD0853FE9930300052CF99044000400052CFA
S113ACE01A3FB2B00004F4041627F99010000300D0
S113ACF0052CE292B306102C30404EB8F9901D009A
S113AD0003000224F62F043CF9903C000400F12FC8
S113AD10E293B306012CF03F8243A804D249030016
S113AD20A8049210A804D2590400A804D24905002A
S113AD30AB048249AE04B2500600AE04B012E2C2C3
S113AD40F2B00C00AC042620B2900010A804212814
S113AD50B2903C1DA8041D2CB290C01CA8040B2C5E
S113AD6092B34605162CB2D010007A0892D3480547
S113AD7092D346050E3CB290001DA8040A28A2B343
S113AD804605072CB2D010007A08A2D34805A2D3F6
S113AD904605243F304048B8D99302000424F99072
S113ADA0120002000420389005002624213CF9906A
S113ADB00C0002001D24F9900D0002001924F990E2
S113ADC0110002001524F990140002001124F990D6
S113ADD0160002000D24F9901A0002000924F990CB
S113ADE02700020005243890050006243040D0B81E
S113ADF0389006000124FA3FF9903000020001283F
S113AE00F53FD293B306022C30405CB80F435F4940
S113AE1002000F5F0F5F005F3040C0AE3040F4AE01
S113AE2030402CAF304046AF304060AF304060AF70
S113AE30304042B8304096AF304042B83040C2AFA4
S113AE403040F4AF304018B0304032B030408AB0B7
S113AE50304042B8304042B8304042B83040E4B0AC
S113AE603040C6B330403EB430409CB4304042B869
S113AE703040E4B0304008B630401AB6304030B606
S113AE80304048B6304004B7304010B730401CB7AB
S113AE9030402EB730404CB730408AB73040AAB764
S113AEA0304042B8304042B8304042B8304042B8F6
S113AEB03040D0B73040E4B7304042B8304014B8E6
S113AEC03F4080102D420C493C5010000A43B2C050
S113AED00010F204B012FC810A930424B2D00010D2
S113AEE0F204653C0E493E5010003D400700B0128C
S113AEF054BD653C389005001324C99303007623A0
S113AF00364003003990B0040420F2400500AA053D
S113AF10083C399010080420F24005003408013C34
S113AF20264324D2F54003000200CA3FB01200CAEF
S113AF30B2B00020F00401243A3C3E40E0042D422B
S113AF40B01254BD3C3C069304241683F540120011
S113AF5002003E4084FA3D400300B01254BD2F3C31
S113AF60B01228C6B2B00008F2040124203CC74342
S113AF700100F99005000200072492B33A080F2457
S113AF80D742E1040200033CD742FE0402000F470B
S113AF903F500300143CB2B00004F404022C3040CF
S113AFA042B8B01298C9B2B00008F004022430408C
S113AFB048B83E40E0043D400600B01254BD304065
S113AFC092B9D742F4040100D742F5040200F7C055
S113AFD030000200D75239080200B2B000406C06BB
S113AFE0032CE7C20200023CE7D202000F473F50A5
S113AFF00300E53FD742FA040100D742FB040200F4
S113B0003E40F0040F473F500300FF4E00001F5323
S113B0103E90F404FA2BD33FB012CCC9B2B0001066
S113B020F0040124C43F3E40E0042D42B01254BD5C
S113B030C63FB2B00020F404B2275F4903003F903A
S113B040FE00042024D236400C001F430F93A72790
S113B0503F901300A42F0E4F3EF00F003E900A00C5
S113B0609E2F0693062416830E4F12C31EA3C54EAD
S113B0700300B01254CBA2B3F2040124983F3E4023
S113B080F0073D42B01254BD9A3FB2B00020F40420
S113B09086275F4903003F90FE00042024D23640F7
S113B0A00C001F430F937B273F901300782F0E4F04
S113B0B03EF00F003E900A00722F0693062416837A
S113B0C00E4F12C31EA3C54E0300B01284CBA2B30D
S113B0D0F20401246C3F3E40E0043D401000B012F5
S113B0E054BD6D3F5A4903003A90A0000720F990DF
S113B0F011000200542724D236420A430693052441
S113B10016830E46D54ECABE03000F4A3FF0F00028
S113B1100F9310243F90100074243F902000D024FB
S113B1203F903000FE243F90400041253F90500066
S113B1306B24353F0F4A3FF00C000F9305242F92E8
S113B14006243F9207242B3F3E409003053C3E409B
S113B1509403023C3E4098030F4A3FF003000C471F
S113B1601C535B4902000D4F3B90160001200F4316
S113B1700F5F0F5F0F5F0F5F0E5FFC4E00000F4EFF
S113B1801E53FC4E0100EC4E0200FFB08000000094
S113B1900C24FCE30100FCE30200FCE30000DC53AC
S113B1A00100CC630200CC6300003FF0F10FFFB05C
S113B1B0800000000424FCD080000000033CFCC09C
S113B1C0800000002F52FFB0800000000424FCD057
S113B1D040000000033CFCC0400000003C50030061
S113B1E03B9016000C203E8003000F4D0F5F0F5F55
S113B1F00F5F0F5F0E8F1D530F4D2D92B92B0F4C08
S113B200E03C3E406003023C3E406A030F4A3FF08C
S113B21003000F930120C33E0C471C535B490200FB
S113B2200D4F3B90160001201F431F830F5F0F5FDC
S113B2300F5F0F5F0E5FCC430000FC4E0100EC4E2D
S113B24002000F4A3FF0F0003F90500026202D935B
S113B2500C243D9003001224B2B020007C02172C71
S113B260B2B020008C02132C183CB2B020007C0237
S113B2700E2CB2B020009C020A2C0F3CB2B020006D
S113B2808C02052CB2B020009C02012C063CFC432D
S113B2900000FC430100FC4302003C5003003B90CF
S113B2A016000C201E830F4D1F830F5F0F5F0F5F6F
S113B2B00F5F0E8F1D530F4D2D92B72B0F4C813CFA
S113B2C03E4062030F4A3FF003000F9368260C4789
S113B2D01C535B4902000D4F3B90160001201F4395
S113B2E01F830F5F0F5F0F5F0F5F0E5FFC4E000049
S113B2F01E53FC4E0100EC4E02003C5003003B90F8
S113B30016000D203E8003000F4D1F830F5F0F5F5B
S113B3100F5F0F5F0E8F1D530F4D2D92E12B0F4CBE
S113B320503C3E4090030F4A3FF003000C471C532F
S113B3305B4902000D4F3B90160001200F430F5F45
S113B3400F5F0F5F0F5F0E5F0F4EB012B4581F42B6
S113B3500803CC4F00001F420A03CC4F01008F109A
S113B360CC4F02000F4EBFB0008000000424FCD07C
S113B37080000000033CFCC0800000002F52BFB0DE
S113B380008000000424FCD040000000033CFCC00A
S113B390400000003C5003003B90160006201D5363
S113B3A00F4D3E4090032D92CA2B0F4C0A3CC743CD
S113B3B00100D74268030200D742690303000F4724
S113B3C02F52304092B95B4903003F4090102D4208
S113B3D00C493C5010000A43B2C00040F204B012C1
S113B3E0FC810A930524B2D00040F204304048B8EE
S113B3F00E493E5010003D400600B01254BD269345
S113B40009243890050019244B9302243040D0B805
S113B4102F83063CDF42BB080000DF42BA0801006C
S113B420CF430200EF430300CF430400CF430500A2
S113B430CF430600CF4307003F520643C23FB2B09A
S113B4400004F404022C304042B8B2B00020F404EA
S113B450FA27E2D315059242100516059210160537
S113B460D7421605010092101605D74216050200B0
S113B47082471805B25003001805F2400F001B055F
S113B480B2C04000F204B012ECE3B2B04000F204E7
S113B4900124AC3F0F473F500A00933FB2B0000471
S113B4A0F404D1275F4903000D470A4F3FF0F00031
S113B4B00F110F110F11005F0F3C1F3C1E3C1D3C70
S113B4C01C3C1B3CC03FBF3FBE3FBD3F203CBB3F7D
S113B4D0BA3FB93F123C213CF2401000AB043D504E
S113B4E011005F4903003FF00C003F900C00AB27B4
S113B4F00F11924F2ABEA8041F3C924FF0BEA8041D
S113B5001D5F20BF0F11D24F10BFAB04153C24D2D6
S113B51036400E003F40E000C83F0F4A3FF00F00A6
S113B5203F900500902F0F5F924FF6BDA804F240A4
S113B5301000AB043D5011000693052416830F46FA
S113B540D54FCABE0300A2C3F204F2D00300AC0478
S113B5508247AE049253AE04B012A2C3A2B3F20463
S113B560522C0F4A3FF0F0003F9010000A243F9005
S113B570400021243F90500004243F90F0002524F3
S113B5802F3C0E471E53DE4E05000800DE4E04001D
S113B5900700CE430600DE4E03000500DE4E020027
S113B5A00400CE430300DE4E01000200EE4E010013
S113B5B0CE430000153C0E471E53DE4E0100020030
S113B5C0EE4E0100CE4300000B3C0F471F530C43CB
S113B5D0B012C8BC2F521C532C92FA2BB01214BDBB
S113B5E0B2C08000FA04B01286C6B2B08000F00483
S113B5F00A2CB2C2E004B012B0C6F2B00C00AC0423
S113B60002200F4DC63D203DC7430100D742FC0434
S113B61002000F473F500300BC3D1F42F804C74FD0
S113B62001008F10C74F02000F473F500300B13D88
S113B630D7429D040100D7429E040200D7429F04D2
S113B64003000F472F52A53DC9930300FC26F99030
S113B65005000300F82E5F4903003E420E5E1F837F
S113B660FD2382BEF80405248243E0048243E204FD
S113B6703B3C5F42BE03D2490300BE03B012A0C1EB
S113B680C24FBE03B2406E00A8045F4903001F838B
S113B6900424B2500500A804FA3FE2D3AC04824962
S113B6A0AE04B2501000AE04E242AB04B01218CCA7
S113B6B0F2B00C00AC04252092891200E2049279C5
S113B6C01000E004B2B00080E004062C92827803FB
S113B6D0E20492727603E004B2E3E004B2E3E2042B
S113B6E09253E2048263E0043E40E0042D42B0122F
S113B6F054BD2E822F82B012C8BC0F473F500500A4
S113B700483DA23C3E40C8043D42B01254BD413DB8
S113B7103E4020042D42B01254BD3B3DC7430100BE
S113B720D742A80202000F473F500300323DB2B097
S113B7300004F40486241F428005C74F01008F10C3
S113B740C74F02000F473F500300233DB2B000042F
S113B750F4047724A2C3F204B2C01000FA04F2D0B5
S113B7600300AC04B240C01CA804F2400C00AB04BB
S113B7708247AE049253AE04B012A2C3A2B3F20441
S113B780632C0F473F500D00043DB2B04000F60457
S113B7905824B012F8CAA2B3F204562C3E40C00793
S113B7A03D401000B01254BDF43CB2B04000F60469
S113B7B04824B0121ACBA2B3F204462CD742E104B7
S113B7C00100D742E20402000F473F500300E13C6E
S113B7D03E40BA080F471F53FF4E0100FF4E0000C2
S113B7E02F53D73CB2B00040F6042B24D993030066
S113B7F028203E40A0080F471F5332C20343EF4E98
S113B8000000CE4300001E531F533E90A808F723A8
S113B81032D2BF3C0F471F53DF42E8030100DF422F
S113B820E9030000DF42F8030300DF42F9030200EA
S113B830DF4208040500DF42090404003F5006000B
S113B840A83CD74301000D3CE74301000A3CF74004
S113B85003000100063CE7420100033CF7400500F9
S113B8600100F790FE00000002203040D0B8B290F2
S113B8708006B406AD253990B0040520F2B040002E
S113B880A7040824043CF2B040002B080324F7D09A
S113B890800001000F472F53B012F6BB8D10CF4D1F
S113B8A000001F538D10CF4D00000F472F520F89FA
S113B8B024C23990B0040620F2C0A000A704C243F9
S113B8C0A705873CF2C0A0002B08C24333081C3DE7
S113B8D0B2908006B4065424B290B004B406352065
S113B8E0B240B004A404D242B306FF04F2C07C0008
S113B8F0D500F2C0AB00A704E2C22900F240E10087
S113B900D100D2C3D100D2C30700D2D30600E2C310
S113B9100600F2C080002600B24004816601E2B253
S113B920A005032CB2D010006601F2D010002E0046
S113B93082436201D2C3A005E2B3A0054F25E2C34E
S113B940A005B2D01000F604493DB2401008280802
S113B950D242B3063508F2C07C006500F2C0AB00E9
S113B9602B08F2C040003100F240E1006100D2C374
S113B9706100D2C30300D2D30100E2C301002E3D13
S113B980B2408006B006D242B306B206F243810644
S113B990253DB2908006B406F327B290B004B406F5
S113B9A09B20F2B08000A70401241953B012F6BB07
S113B9B08D10CF4D00001F538D10824DA405CF4D27
S113B9C000000F891F5324B20A2CF2B08000A70490
S113B9D01A2CB240B004A404C24FA604493CB2409D
S113B9E0C006AC059242AC05A4041D42AC05FD4959
S113B9F000001D530799FB2F0D471D82B4061D53EC
S113BA00C24DA6040F8D2F83C24FA605F2D020008D
S113BA10A704B2E01000AC051D42AC05FD490000CE
S113BA201D531F83FB231942B406C246A705C293C4
S113BA30A7051320B240B104AC055F42A6051F520E
S113BA40AC051D42A4058D10CF4D00001F538D1071
S113BA50CF4D0000E253A6050B3CA94500009945D3
S113BA6002000200994504000400994506000600FE
S113BA70F2C01000A704D242B306FF04F2B0800063
S113BA80A704AC2C24B20324F2D08000A704E2B3B0
S113BA90A005052CE2D22900E2D306009F3CF2C0A7
S113BAA010002E0082436601F2D08000260032C2CC
S113BAB00343924274017201924272017601B250C0
S113BAC077017201B2505E017601D2D3A005B24073
S113BAD01000620132D2823CF2B080002B080124B3
S113BAE01953B012F6BB8D10CF4D00001F538D10AB
S113BAF0824D3008CF4D00000F891F5324B20A2C09
S113BB00F2B080002B081A2CB24010082808C24F4B
S113BB102A08493CB24040083608924236082808B0
S113BB201D423608FD4900001D530799FB2F0D47A0
S113BB301D82B4061D53C24D2A080F8D2F83C24F98
S113BB403208F2D020002B08B2E0100036081D4263
S113BB503608FD4900001D531F83FB231942B40618
S113BB60C2463308C29333081320B2401108360882
S113BB705F4232081F5236081D4230088D10CF4DE7
S113BB8000001F538D10CF4D0000E25332080B3CD0
S113BB90A9450000994502000200994504000400EB
S113BBA0994506000600F2C010002B08D242B306E5
S113BBB03508F2B080002B08112C24B20324F2D0F3
S113BBC080002B08F2D040003100E2D30100063C93
S113BBD0B2408006B006D242B306B20634413541C3
S113BBE036413741384139413A413B413C413D417D
S113BBF03E413F4130413D43B290B004B40607207A
S113BC00F2B08000A70409241D42A405063CF2B04A
S113BC1080002B0802241D4230080E49B01222BCB9
S113BC2030410C437C4E0B4D8B104CEB4B4D5BEC7D
S113BC303CFB8B100D4B5A4C3CFC0D5A0E9FF12BC8
S113BC4030410F125F42FD041F830F5F1F52060332
S113BC50924F90BC0603B0120C4B3F901800162C68
S113BC60929FB0BC0E03042892530A038263080314
S113BC703F9010000B2892420803000392420A03EB
S113BC800203B24064000603B0120C4B3F41304142
S113BC900A000200010002001027D007E803D007C1
S113BCA0640014000A0014000A00020001000200EB
S113BCB005000100010001008813E803F401E80312
S113BCC032000A0005000A005E4F0100824E0003A4
S113BCD0921000036E4F825E00035E4F0300824E9B
S113BCE00203921002035E4F0200825E020382434B
S113BCF00603B01242BC1E420803CF4E00008E1051
S113BD00CF4E01001E420A03CF4E02008E10CF4ECA
S113BD1003003041B2B00040F40407240E473C4213
S113BD20FE4309001E531C83FB23B2B00080F404BD
S113BD301024F7430500F7430600F7430700F743D1
S113BD400800F7430D00F7430E00F7430F00F743D5
S113BD50100030410F471F53FF4E00001F531D8337
S113BD60FB2330413E40E0040F471F53DF5E0200D7
S113BD700200DF6E03000300EF6E0000DF6E0100BF
S113BD8001002E522F521883F12330410F120E124C
S113BD900D120C12B2B00001B8082824B2400010F1
S113BDA0A204B0128080B2404010A204B01280807D
S113BDB0B2400010A2040E431F4EAEBE1C4EBEBEC7
S113BDC03D40F0F0B24FA0041DE2A004B012EE809A
S113BDD0A253A2041C83F623824DA004B012EE8069
S113BDE02E53A252A2043E900C00E62B3C413D414E
S113BDF03E413F413041D508E608F70808091909D2
S113BE009003940398036003620368036A030200C7
S113BE10020002000100020001000100040004000D
S113BE200400030003000100030071088208930862
S113BE30A408AB08C208C5081000100010000600D2
S113BE40090002000600AF00B200B500B800BB0054
S113BE50BE00C100C400C700CA00CD00D000D3009A
S113BE60D600D900DC00F300F600F900FC00FA0F5C
S113BE70FD0F19791C791F79AE7A000C820C040D20
S113BE80860D080E8A0E431D891DCF1D151E5B1ECF
S113BE90A11EE71E2D1F731FB91F2E0B0C0F2A0A9C
S113BEA0AC0A740BBA0B2879AA792C7AB37A3003CA
S113BEB040035003400450046004801090100800B4
S113BEC0080008000500050006000040302151115B
S113BED0080400F0F4F3F2F100050004030200008A
S113BEE000E0E2E4E6E8EAECEE00000014283C504E
S113BEF00000A408AB08B508C208C508000000008B
S113BF00000000000000000000000000CC08000059
S113BF100006090C020600000000000000000800F2
S113BF2000000A000A000D0004000A0000000000DE
S113BF3000000000000000000000000009000000F4
S113BF400F120E12F2B02000AC0420245F42FC0455
S113BF503FF006008243A8040F9305242F83B250B8
S113BF601100A804F93FB01236CDF2401000AB0422
S113BF70B240D004AE04B012F4CBF2B00C00AC0466
S113BF800120043CF2C02000AC048D3CB2B000049B
S113BF90F4043124B2B08000F6041C245F42FC0493
S113BFA03FF00600B2402A09A8040F9305242F830A
S113BFB0B2500D00A804F93FB01236CDF2400C0087
S113BFC0AB04B2407006AE04B012E2C2F2B00C0090
S113BFD0AC04D823B2406008A804B01236CDF240B5
S113BFE01000AB04B240F005AE04B012E2C2F2B0ED
S113BFF00C00AC04C723B2C04000F404F2B08000CB
S113C000FC04512492B3F4044E2CB2D08000F40406
S113C0105F42FC045E42FC047FF0F1007EF070009D
S113C02012C30E100E100E104F5EC24FFC040E1001
S113C030E2D29F03C24EBE0392B3F8041B24A2B201
S113C040F8041824B2B2F804152C5F42BE031F533F
S113C0503E420E5E1F83FD2382BEF804062CE2C31B
S113C0601D00B2C00002F804053CE2D31D00B2D0AA
S113C0700002F804B0125CC65F42FC043FF00F00FB
S113C080F2F0F000E004C25FE004B2405600A804FD
S113C090D243AB04B240E004AE04B012F4CBF2B02D
S113C0A00C00AC046F233E413F4130410F12F2C0FB
S113C0B0C000AC04B2C00004F204F2D00300AC042B
S113C0C05F42FC043FF006008243A8040F9305245A
S113C0D02F83B2501100A804F93FF2401000AB04C2
S113C0E0B240D004AE04B012A2C3E2B2AC04032046
S113C0F0F2B2AC041A24F2D04000AC04B2500001F5
S113C100A804F2401000AB04B240D004AE04B01254
S113C110A2C3E2B2AC040320F2B2AC040624F2D00F
S113C1208000AC04B2D00004F204B2B00004F40401
S113C1302724B2B08000F6042324B2C04000FA04DD
S113C140F2D00300AC045F42FC043FF00600B240AE
S113C1502A09A8040F9305242F83B2500D00A804C4
S113C160F93FF2400C00AB04B2407006AE04B012CA
S113C170A2C3F2B00C00AC040324B2D04000FA0411
S113C180B2C08000F404F2B08000FC04072492B32F
S113C190F404042CB0120AC8A2D3F4043F41304181
S113C1A00F120E12F2900500BE031C2032C203438C
S113C1B09242E005E0049242E205E2049242E40580
S113C1C0E4049242E605E6049242E805E804924259
S113C1D0EA05EA049242EC05EC049242EE05EE0410
S113C1E032D25C3C5F42FC043FF006000F111F5347
S113C1F0C29FBE0319203F40E0043E40B002F2B0AB
S113C2008000FC04052492B3F404022C3E40D004C4
S113C21032C20343BF4E0000BF4E020032D22F523F
S113C2203F90F004F52B3A3CF2C0C000AC04F2D0CD
S113C2300300AC045F42BE031F838243A8040F9330
S113C24005241F83B2501100A804F93FF2401000E6
S113C250AB04B240E004AE04B012A2C3F2B00C00CE
S113C260AC0401201B3CF2D04000AC04B2500001ED
S113C270A804F2401000AB04B240E004AE04B012D3
S113C280A2C3E2B2AC040320F2B2AC040724F2D09D
S113C2908000AC04B2D00004F204003C3E413F41B3
S113C2A030410A12B2C00004F2042A428243A804B4
S113C2B0F2401000AB04B240E004AE04B01258CC1B
S113C2C0F2B0C000AC040120043CB2D00004F2047B
S113C2D0063C1A830424B2501100A804E93F3A41F1
S113C2E030410F120E120D120C12D2D3AC04E2C361
S113C2F0AC04B2B00004F404022C0F43023C3F40EF
S113C3008000B2900001A804012C3FD25C42AB042F
S113C3103D400700B012A8C5B012E2C53EF08C0043
S113C3200F9E06241D83F623F2D01000AC04323C89
S113C3303D400700C24CAB04F2C00C00AC04B01288
S113C34036C4C24CAB04B012F0C4E2B2AC04032055
S113C350F2B2AC0402241D83ED233D4007003F40AC
S113C3600C00B2B00004F40402243FD08000B012E8
S113C370A8C5B012E2C53EF08C000F9E05241D83B3
S113C380EE23F2D01000AC04E2B2AC040320F2B20B
S113C390AC040224A2D3F2043C413D413E413F415E
S113C3A030410D120C125C42AB043D400700C24CFC
S113C3B0AB04F2C00C00AC04B012F0C4E2B2AC04A2
S113C3C00320F2B2AC0407241D83F123F2B2AC04BF
S113C3D00224A2D3F2043C413D4130410F123F42BA
S113C3E0B2B010008E01022432C20343D252AA0416
S113C3F0AA04032CE2C31900023CE2D31900F2D2CE
S113C4001900F2C219001F83F123B2B010008E018B
S113C410012432D23F4130410F123F42E2B21800B0
S113C420D262AA04AA04F2D21900F2C219001F832C
S113C430F5233F4130410F120E121F42AE047E40DD
S113C440F000B2C010008E01F2D080002900D2C3E7
S113C4501900F2400600AA04B012DCC3D2D31900BA
S113C4600343D2C31900C243AA04B2B00004F404C3
S113C470072CB2B00001A804012C023CF2D2AA0499
S113C480E2D3AA04B012DCC3B2B00004F404092459
S113C4909210A804D242A804AA04B012DCC39210D9
S113C4A0A804D242A804AA04B012DCC3F24FAA041E
S113C4B0D2B3AC0402245EE2AA04B012DCC3D28379
S113C4C0AB04F423D2B3AC040424C24EAA04B012C5
S113C4D0DCC3D2D31900F2C080002900B2B00080BE
S113C4E08E010324B2D010008E013E413F41304101
S113C4F00F120E120D12D2C319001F42AE047E4059
S113C500F0007D40F000C243AA04B2B00004F40479
S113C510072CB2B00001A804012C023CF2D2AA04F8
S113C520F2D00300AA04B012DCC3B2B00004F404D5
S113C53009249210A804D242A804AA04B012DCC3AD
S113C5409210A804D242A804AA04B012DCC3B01208
S113C55018C4E2B3AC040424DF42AA040000063C7D
S113C560DF92AA0400000224E2D2AC04D2B3AC04E9
S113C57003245DE2AA046EEF1F53D283AB04E723C6
S113C580D2B3AC040B24B01218C45D92AA040224E2
S113C590F2D2AC044E9D0224E2D2AC04D2D31900F0
S113C5A03D413E413F413041F2D080002900D2C399
S113C5B01900F2400600AA04B012DCC3D2D3190059
S113C5C00343D2C31900D243AA04B012DCC3C24F3E
S113C5D0AA04B012DCC3D2D31900F2C0800029002F
S113C5E03041F2400500AA04D2C31900B012DCC3E2
S113C5F0B01218C45E42AA04D2D319003041F240EA
S113C600B900AA04D2C31900B012DCC3D2D31900F2
S113C61030410E123E400C00B012E2C53E405802BA
S113C6201E83FE233E413041B2C00008F204B240F2
S113C6304400A804F2400300AB04B240E004AE049A
S113C640B01258CCF2B0C000AC040424B2D000083C
S113C650F204033CD242E204FE043041B2C0008042
S113C660F204B2405600A804D243AB04B240E00442
S113C670AE04B01258CCF2B0C000AC040324B2D063
S113C6800080F2043041B2C08000F004B240840063
S113C690A804D243AB04B240E004AE04B01258CCB8
S113C6A0F2B0C000AC040324B2D08000F0043041E6
S113C6B0B2408400A804D243AB04B240E004AE0408
S113C6C0B2C08000F004B012F4CBF2B00C00AC04A1
S113C6D06424B2D08000F0043041B2C00020F204DF
S113C6E0B2404800A804F2400600AB04B240E004A3
S113C6F0AE04B01258CCF2B0C000AC041020B2406A
S113C7004F00A804F2400600AB04B240E004AE04BB
S113C710B01258CCF2B0C000AC040120033CB2D03B
S113C7200020F2043041B2C2F004B2405A00A8041E
S113C730D243AB04B240E004AE04B01258CCF2B021
S113C740C000AC040224B2D2F0043041B2C04000B4
S113C750F004B2408200A804D243AB04B240E00427
S113C760AE04B01258CCF2B0C000AC040324B2D072
S113C7704000F0043041B2405800A804D243AB0456
S113C780B240F804AE0492C3F004B012F4CBF2B099
S113C7900C00AC04022492D3F004304192C3F004A0
S113C7A0B2405800A804D243AB04B240E004AE0443
S113C7B0B01258CCF2B0C000AC04032492D3F004FD
S113C7C0033CD242E004F8043041A2C3F004B24076
S113C7D06A00A804F2400300AB04B240E004AE04D3
S113C7E0B01258CCF2B0C000AC040324A2D3F004BD
S113C7F00B3CD242E0049D04D242E2049E04921017
S113C8009E04D242E1049E0430410F12A2C2F004FD
S113C8105F42FC043FF00600B2406E00A8040F9390
S113C82005242F83B2500500A804F93FE242AB046B
S113C830B240E004AE04B01258CCF2B0C000AC0474
S113C84007209242E0048C049242E2048E04023CEB
S113C850A2D2F0043F413041B2C01000F004B24013
S113C8605C00A804F242AB04B240E004AE04B0128F
S113C87058CCF2B0C000AC040424B2D01000F004D0
S113C8800C3C9242E004C8049242E204CA0492427C
S113C890E404CC049242E604CE043041B2C0200049
S113C8A0F004B2406500A804E242AB04B240E004E4
S113C8B0AE04B01258CCF2B0C000AC040424B2D020
S113C8C02000F004063C9242E00420049242E20478
S113C8D022043041E29306052D24B2B010008E01EB
S113C8E0022432C2034392420005E004924202054C
S113C8F0E20492420405E40492420605E6049242EC
S113C9000805E804B2B010008E01012432D2B2400E
S113C910F0F00A0592E2E0040A0592E2E2040A0554
S113C92092E2E4040A0592E2E6040A059292E8041B
S113C9300A050424B2D02000F204143CB24088005A
S113C940A804F242AB04B240E004AE04B2C0000456
S113C950F004B012F4CBF2B00C00AC040324B2D057
S113C9600004F0043041B2B00004F4041424B2C052
S113C9700004F004B2408800A804F242AB04B240C0
S113C980E004AE04B01258CCF2B0C000AC040324EE
S113C990B2D00004F0043041B2B00004F404152411
S113C9A0B2C00008F004B2409100A804F2400600AE
S113C9B0AB04B240E004AE04B01258CCF2B0C000F4
S113C9C0AC040324B2D00008F0043041B2C000101B
S113C9D0F004A2C3F204F2D00300AC04B240980005
S113C9E0A804E242AB04B240E004AE04B012A2C315
S113C9F0F2B00C00AC040324B2D00010F0043041B7
S113CA00B2C00020F004B2409D00A804E242AB048E
S113CA10B240E004AE04B01258CCF2B0C000AC0492
S113CA200324B2D00020F0043041B2C00080F004EE
S113CA30B240A200A804F2400900AB04B240E004F2
S113CA40AE04B01258CCF2902400E304142CF290FB
S113CA506000E404102CF2903200E5040C2CF290F7
S113CA601300E604082CF2902E00E804042CF2B023
S113CA70C000AC040324B2D00080F0043041B240C2
S113CA80DF00A804F242AB04B2402805AE0492C30E
S113CA90FA04B012F4CBF2B00C00AC04022492D32A
S113CAA0FA04304192C3FA04B240DF00A804F2420F
S113CAB0AB04B240E004AE04B01258CCF2B0C000F3
S113CAC0AC04022492D3FA043041B2C2FA04B24054
S113CAD0F000A804E243AB04B240E004AE04B01298
S113CAE058CCF2B0C000AC040324B2D2FA04033C24
S113CAF09242E00480053041A2C3F204F2D0030064
S113CB00AC04B2400020A804F2401000AB04B240D0
S113CB10C007AE04B012A2C33041A2C3F204F2D0E3
S113CB200300AC04B2401120A804F2400900AB0495
S113CB30B240E104AE04B012A2C33041B2401120AD
S113CB40A804F2400900AB04B240E104AE04B01200
S113CB50E2C23041B2408E0FA804B012BC4C1F8315
S113CB600424B2500900A804FA3FA2C3F204F2D08C
S113CB700300AC04F242AB04B240F007AE04B012BE
S113CB80A2C33041B2405E09A804B012BC4C1F835A
S113CB900424B2501100A804FA3FA2C3F204F2D054
S113CBA00300AC04F2401000AB04B240E004AE0455
S113CBB0B012A2C33041B2405E09A804B012BC4C0A
S113CBC01F830424B2501100A804FA3FF24010005D
S113CBD0AB04B012E2C2304192424405E004B240D8
S113CBE0E800A804E243AB04B240E004AE04B0128F
S113CBF0F4CB30410D125D42AB04B012E2C2F2B08C
S113CC000C00AC040720B2500001A804C24DAB04D0
S113CC10B012E2C23D4130410D12F2C0C000AC047A
S113CC20D2D3AC045D42AB04B012A2C3F2B2AC04E2
S113CC300120103CF2D04000AC04B2500001A80422
S113CC40C24DAB04B012A2C3F2B2AC040324F2D0BE
S113CC508000AC043D4130410D120C120B120A123B
S113CC60F2C0C000AC04F2D00300AC041B42F204D6
S113CC702BF31A42A8045D42AB041C42AE04B0126A
S113CC80A2C3F2B00C00AC040120033CF2D040007B
S113CC90AC04824AA804B2500001A804C24DAB04FB
S113CCA0824CAE04B012A2C3F2B00C00AC0411204A
S113CCB0F2B04000AC043324824AA804C24DAB0451
S113CCC0824CAE04B012E2C2F2B00C00AC042420D8
S113CCD0263CF2D08000AC04F2B04000AC041C2C22
S113CCE0824AA804C24DAB04824CAE04B012A2C363
S113CCF0F2B00C00AC041020824AA804B250000127
S113CD00A804C24DAB04824CAE04B012E2C2F2B02D
S113CD100C00AC040120033CA2D3F204053CF2C095
S113CD20C000AC04A2C3F204824AA8043A413B41C5
S113CD303C413D4130410F120E120D120C120B12E8
S113CD400A1209121D42A8043D9000020D283D90CC
S113CD5060080F24F2400C00AB047C400C00394006
S113CD6060063B4070060E3C3940B0023B40D004A4
S113CD70043C3940E0053B40F005F2401000AB04B0
S113CD807C401000F2D00300AC04B240E004AE04D6
S113CD90B012A2C3E2B2AC040320F2B2AC04142475
S113CDA03D9000023F2CB2500001A804F240100054
S113CDB0AB04B240E004AE04B012A2C3E2B2AC04CD
S113CDC03120F2B2AC042E200A432E4B1F4B02003A
S113CDD08A9EE004092804208A9FE20405281C2472
S113CDE01F5278031E6276031F8AE2041E7AE0044F
S113CDF00E9303203F9010270F289B4AE004000065
S113CE009B4AE204020032C20343994AE004000050
S113CE10994AE204020032D22C8204242B522A5270
S113CE202952D33F824DA80439413A413B413C4108
S113CE303D413E413F4130410F120E120D120C1282
S113CE400B12B2B02000F204FD2CE29306052D244F
S113CE5032C20343B240F0F00A0592E200050A052B
S113CE6092E202050A0592E204050A0592E2060529
S113CE700A051F42080532D2829F0A051620C29372
S113CE8005051324F290130005050F2CC293030526
S113CE900C24F2920305092CF29024000205052CBF
S113CEA0F29060000105012C043CB2D02000F20491
S113CEB0C93C5F420505B012BC4CB240FB1CA8043F
S113CEC0B2500500A8041F83FB23B2C00001F00484
S113CED0F2D00300AC04E242AB04B240E004AE047E
S113CEE0B012A2C3F2B2AC04A6201F420405B012D1
S113CEF0BC4C1E433D40E0043F90090003283F82A0
S113CF001D53FA3F1F8302240E5EFC3F6EFD032473
S113CF10B2D2F404023CB2C2F4045F420505B0127A
S113CF20BC4CB240F00EA804B2501001A8041F83F8
S113CF30FB23B2B2F4040424B250EE00A804083C6B
S113CF405F4203051F830424B2502200A804FA3F61
S113CF50B2D01000F404B2C00002F004F2D0030016
S113CF60AC04F2401000AB04B240E004AE04B012D2
S113CF70A2C3F2B2AC0463203D40E0042F4D8F10F5
S113CF803FF01F003B420C434F5F0CAC1B83FC2360
S113CF900F4C5F92020504245F92020533280B3C78
S113CFA06F4D3B420C434F5F0CAC1B83FC230F4C77
S113CFB0C29F0105272C3E90A00002283E4020007D
S113CFC0D2B3FC0401243E3C0D4E2F4212C30D107B
S113CFD01F83FC232D835F42FC043FF00E000D9F52
S113CFE03124F2F08F00FC0412C30E103E801000B6
S113CFF0C25EFC04F2B02000AC042424F2D0800011
S113D000FC04203C2E4D8E103EF0E0002D533D904C
S113D010F004B42BB2B01000F4040724B2C0100022
S113D020F404B2501100A804963F3D40EE04BD4004
S113D03000180000A33FB2D00001F004033CB2D0BA
S113D0400002F004F2C20C053B413C413D413E412B
S113D0503F413041B01266C9B2B00004F00401246B
S113D060213C32C203439242E00400059242E204AE
S113D07002059242E40404059242E6040605B24025
S113D080F0F0080592E20005080592E202050805A1
S113D09092E20405080592E20605080532D2B2C000
S113D0A02000F20430410F120E120D120C12B012B5
S113D0B086C6B2B08000F004032CA2B3E004042CB2
S113D0C0B2C00008F404043CB2D00008F404C23C2A
S113D0D05F420505B012BC4C0E4F6E931120F2B0A6
S113D0E010000605052CF2B0030006050920063CD5
S113D0F0E2B306050524D2B30605022C3E400D001A
S113D1001E83B01298C9B2B00008F0040124A23CF6
S113D110D292E204050507247528D292E504050598
S113D1202D245F286F3CD292E10403050F241B28B1
S113D1305F4203055F82E1043D4007000D8F12C387
S113D1405DA20405CE9D64D25D2CE73F5F420405D9
S113D15012C37FA00700CE9F64D2542CD292E00465
S113D16002055028DA3F5F42E1045F82030512C3DF
S113D1705FA20405CE9F64D2452CCF3FD292E40433
S113D18003050F2423285F4203055F82E4043D4026
S113D19007000D8F12C35DA20405CE9D64D2212C1D
S113D1A0313C5F42040512C37FA00700CE9F64D2C6
S113D1B0182CD292E30402050428F2D020000C05B6
S113D1C0213CF2B020000C05452C0B3C5F42E404EA
S113D1D05F82030512C35FA20405CE9F64D2012CB3
S113D1E0113CC29307053624C2430705F29023007D
S113D1F00205302C12D3C2A30205F2D20C05F2C2EE
S113D2001405163CD29307052524D2430705D2936F
S113D21002052028F2B00F0002050420F280070066
S113D2200205023CD2830205F2D20C05F2D21405A7
S113D23032C20343B240F0F0080592E2000508054B
S113D24092E20205080592E20405080592E2060549
S113D250080532D2F2C010000C053C413D413E416C
S113D2603F4130413128313031303131303130318A
S113D27029310F120E120D120C120B12F2E02000C3
S113D28031001C42A8041B42AE043C905007022803
S113D2901D43023C3D400500A2C3F204B2C000405D
S113D2A0F004F2D00300AC04F2401000AB04B2402E
S113D2B0E004AE04B012A2C3A2B3F2041620824B5F
S113D2C0A804F2401000AB04B240E004AE04B01273
S113D2D0E2C2A2B3F20409201D830A243B501100C8
S113D2E03C501100824CA804D73FB2D00040F00457
S113D2F03B413C413D413E413F4130410F120E1202
S113D3000D120C120B120A12B240A606A804B24067
S113D310FB06AE04B01272D2B2403E08A804B2407A
S113D3204F08AE04B01272D2E2B24F051024B240DC
S113D3300002A804B2405502AE04B01272D2B24048
S113D3405007A804B2406107AE04B01272D23E4046
S113D35010043F428E4300002E531F83FB235D4283
S113D360BE03E242BE03A2C3F204B2C00040F00412
S113D370F2D00300AC045C424F053B40A6063A40A1
S113D3803E08C293BE031D24B012A0C1A2B3F2048E
S113D3908A209252E20412049262E004100492522F
S113D3A0E60416049262E40414049252EA041A0491
S113D3B09262E80418049252EE041E049262EC0491
S113D3C01C04824BA8045F42BE030F9305241F83F1
S113D3D0B2501100A804F93FF2401000AB04C2930C
S113D3E0BE030424B240E004AE042D3C32C2034325
S113D3F09242E005E0049242E205E2049242E4052E
S113D400E4049242E605E6049242E805E804924206
S113D410EA05EA049242EC05EC049242EE05EE04BD
S113D42032D2824AA804B240E004AE04B012E2C28E
S113D430A2B3F2043820824BA804F2401000AB04DB
S113D440B2401004AE04B012E2C2A2B3F2042B2024
S113D4506CB31D245F420505B2400008AE04B0124F
S113D460B6CB3B40AA023A4072075F420505B012B0
S113D470BC4C0F930C243F900D00092C1F830524F2
S113D4803B5055003A501100F93F6CC39A3F6CB2BF
S113D49006243B4000023A4050076CC2923FD283BC
S113D4A0BE036937033CB2D00040F004C24DBE0352
S113D4B0F2C006004F053A413B413C413D413E41EB
S113D4C03F4130410F120E120D12F2900500BC03C1
S113D4D00D24F2900600BC030E24F2901300BC034A
S113D4E03424F2901400BC0335240A3C3E40A606C2
S113D4F03D403E08333C3E40FB063D404F082E3C39
S113D5003E40AA023D4072075F420505B012BC4C82
S113D5101F8305243E5055003D501100F93FF29001
S113D5200700BC031B245F42BC033F8007003E90FE
S113D530AA0204203E40A6063D403E083E80550017
S113D5403D8011001F83F323093C3E4000023D400F
S113D5505007043C3E4055023D406107F2900500EF
S113D560BE0308245F42BE030F9307241F833E506B
S113D5701100FA3F824DA804023C824EA804A2C3C3
S113D580F204B2C00040F004F2D00300AC04F24054
S113D5901000AB04B240E004AE04B012A2C3A2B3C4
S113D5A0F2040120033CB2D00040F0043D413E416E
S113D5B03F4130410F120E120D120C120B120A12BF
S113D5C009120812B01266C9B2B00004F004F62CB5
S113D5D05F42E6045E42E5045D42E4041C42E40466
S113D5E0C29F06051924EA28F2D007004F05B0129D
S113D5F0FCD2B2D000026C06D2C34F0512D30FA3E3
S113D6005F92060503245E420505643CC29E05053F
S113D61071285E4205056E3CC29E05054724CE284E
S113D620F2D003004F05B012FCD2B2D000026C0657
S113D630D2C34F050F4E12D30FA35F9205050124E9
S113D640593C0E4C8E103EF0FF000D4C3DF0FF0097
S113D6500F4E12D30FA33F90130001201F435F927C
S113D66005059C20D293040599206E931720F2B0EF
S113D67010000605052CF2B0030006050B20063C3D
S113D680E2B306050724D2B30605042C7D902900D5
S113D6908520943C7D9028008120903C4F4E5F4F24
S113D6A0AD4A12D30DA34D9F7920883CC29D040539
S113D6B085248428D2D34F05B012FCD2B2D0000204
S113D6C06C06D2C34F050F4D12D30FA35F9204050E
S113D6D07524643CB2400002A804B2405502AE0472
S113D6E0B01272D2B2405007A804B2406107AE042F
S113D6F0B01272D23D40AA023A4072075F42050559
S113D700B012BC4C0F935A243F900D00572C1F832A
S113D71005243D5055003A501100F93F0F4EB01208
S113D720BC4C0F934B243F900D00482C3E40AA0262
S113D7301F8303243E505500FB3F0B4D094A5842BA
S113D7400505F2E0200031003890100002203880F6
S113D7500600188308930220384012003B805500CD
S113D760398011003B90550204203B40510639405A
S113D7702D080B9E66270F48B2400008AE04B01275
S113D780B6CB824DA804824BAE04B01272D2824A48
S113D790A8048249AE04B01272D2D33FB240A606A6
S113D7A0A804B240FB06AE04B01272D2B2403E08E6
S113D7B0A804B2404F08AE04B01272D238413941C5
S113D7C03A413B413C413D413E413F41304192421F
S113D7D010051605B24030051805D242140530056F
S113D7E0D24202053105D24201053205D242040576
S113D7F03305D24205053405D24206053505D24229
S113D80012053605B2B0800080050424F2B0100081
S113D81015055A2C92421605E004D2423005E20462
S113D820B240EB00A804F2400300AB04B240E004B1
S113D830AE04B012F4CBF2B0800015050424F2C09B
S113D84080001505253C92421005E0049242300503
S113D850E20492423205E40492423405E604D242E0
S113D8603605E804B240A200A804F2400900AB0463
S113D870B240E004AE04B2C00080F004B012F4CBB5
S113D880F2B00C00AC040120033CB2D00080F004E0
S113D89032C20343D24228053705D242290538054E
S113D8A0D2422A053905D2422B053A05D2422C052B
S113D8B03B05D2422D053C05D2422E053D05D24200
S113D8C02F053E0532D21E3CF2D01000300532C284
S113D8D00343D24218063705D24219063805D2420C
S113D8E01A063905D2421B063A05D2421C063B05EC
S113D8F0D2421D063C05D2421E063D05D2421F06F9
S113D9003E0532D23041B012A8F9D2D31505E2C394
S113D9101505F2400F001B05B2C04000F204B0121E
S113D920A2E330410F1292421E051605B2400008D0
S113D9301805F2B010001405042CF2C010001505EF
S113D940033CF2D010001505B01206D9B2B0400065
S113D950F204152CB25010001E050728B2B0008046
S113D960F6040324F2E0100014051F421E053FF0E4
S113D970F0FF0F931720F2B010001405132CE2C22D
S113D980140592421005E004D2421405E204B240A8
S113D990EB00A804F2400300AB04B240E004AE0480
S113D9A0B012F4CB3F4130410F120E120D120C1283
S113D9B00B120A128243EE04D2920605E7041528DC
S113D9C0CB20D2920505E6041028C620D292040585
S113D9D0E5040B28C120D2920205E3040628BC20EA
S113D9E0D2920105E4040128B7200E430D435C42A2
S113D9F0E7045B42E6045C92060505240128AC3C7E
S113DA003F401300023C5F4205050B9F07287B90B3
S113DA10130021205B4312D30CA3ED3F6B930F2023
S113DA207CB01000042C7CB003000920043C6CB3CF
S113DA3006245CB3042C3D5020A30E63093C0A4F1A
S113DA400F4BB012BC4C0F5F1D5F6ADB0E630F4AB5
S113DA5012D34BA3DA3F1F435F920405062C12D363
S113DA604FA33D50A0050E63F73F0F435F9202059D
S113DA70062C12D34FA33D503C000E63F73F5F4288
S113DA800105B012BC4C0D5F0E631F435F92E504A9
S113DA90062C12D34FA33D80A0050E73F73F0F430E
S113DAA05F92E304062C12D34FA33D803C000E7317
S113DAB0F73F5F42E404B012BC4C0D8F0E73B2B05A
S113DAC00008F404152CF2B2E204072CC2930705F3
S113DAD00F243D503C000E630B3CC2930705082005
S113DAE00E9303203D903D0037283D803C000E738B
S113DAF0824E0003824D02035F42E804824F060314
S113DB00B0120C4B92520A030A03926208030803F0
S113DB1092520A030A0392620803080392520A0308
S113DB200A0392620803080392520A030A039262E8
S113DB30080308031F820E03C24F13059242E00438
S113DB40100592520A031005042C8293080307243B
S113DB50063CD2D3E204033CB240A55AEE043A4157
S113DB603B413C413D413E413F41304160AE809D9F
S113DB7060AEC0A860AEC0A860AE60AEC0A860AE23
S113DB80C0A860AE0D120C120B120A120912081270
S113DB90B2B04000F604072CB2F01F8C4005B2F07E
S113DBA01F4C4205063CB2F0DFAD4005B2F0DF6D1C
S113DBB04205B2F0FF1F48050C431D430A432CB332
S113DBC00D2C1CB3042C82BD40054725033C82BDAB
S113DBD042054325924A72E0A804063C82BD4805EA
S113DBE04E25924AB2E0A804A2C3F204A2C3FA04E6
S113DBF0F2D00300AC04E243AB04B240E004AE0450
S113DC00B012A2C3A2B3F20443219242E0044A0533
S113DC101CB36C2C3B40E0042CB31E2C8243E60462
S113DC208243E8048243EA04B2500D004A05929A02
S113DC3092E04A050D283DB000180724A2B33A0823
S113DC400424B28041004A05033CB28082004A05A4
S113DC50924A72E0A8040D3CB25007004A05929A19
S113DC60CCE04A050328B28046004A05924AB2E055
S113DC70A804E243AB04B2404A05AE04B012E2C2C7
S113DC80A2B3F20405212CB3912C3D9000406224F0
S113DC903D90000804243D9000200424873C394032
S113DCA02006023C394090083840E0043B40F0F044
S113DCB032C203432BE91BE902001BE9040032D200
S113DCC01B9906000C2032C20343A849000098495E
S113DCD00200020098490400040032D2A13C8843A7
S113DCE0000088430200884304009A3CA2C3F20463
S113DCF0A2C2FA04F2D00300AC0492424A05A8047A
S113DD00F2400C00AB04B240E004AE04B012A2C373
S113DD10A2B3F204C0203D90000804243D900020EA
S113DD200424083C39402806023C3940980838400D
S113DD30E604BC3F3D9000403720D2920405E00445
S113DD406923D2920505E1046523D2920605E20413
S113DD506123103CC243E3048243E40432C203431C
S113DD60DB4204050000DB4205050100DB42060539
S113DD70020032D2D252DE07E304C243DE0792D25B
S113DD80D007E40492D2D207E60492D2D407E8047E
S113DD9092D2D607EA048243D0078243D207824351
S113DDA0D4078243D6073C3C3B40E60432C20343DB
S113DDB0DB4200050000DB4201050100DB420205F5
S113DDC00200DB4204050300DB4205050400DB42DC
S113DDD00605050032D22CB3232C2D931520B2B0A6
S113DDE000106C060724B2C000106C06F240590003
S113DDF0E004163CB2B000206C061224B2C000202D
S113DE006C06C243E0040C3C3D9000800920924221
S113DE10D807E6049242DA07E8049242DC07EA04EF
S113DE2092424A05A8042CB3042CF2400C00AB0423
S113DE30033CF2400600AB04B240E004AE04B0126E
S113DE40E2C2A2B3F20427202CB3192C1CB3032C76
S113DE5082CD4005023C82CD42051CB3022C1CD36A
S113DE60AE3E2A530D5D3D90004001241CC30D932A
S113DE700124A53E2CB31D2C2CD31CC39E3E82CD65
S113DE8048052A530D5D1CC33D900020122C973E7B
S113DE90A2D3FA04023CA2D2FA042CB3082C1CB379
S113DEA0032C82CD4005053C82CD4205023C82CD47
S113DEB04805384139413A413B413C413D413041BB
S113DEC00F120E120D120C120B120F433E40FC07E0
S113DED03D4020002C421B43EE5E00008FBD7C02BF
S113DEE0032CFEC20000023CFED20000FEF0F8004B
S113DEF00000CE9300000524FE90F80000000C24DE
S113DF00143C82BB4405112482BC42050E2C82DCE5
S113DF10400582CB4405073C82BB4405062C82DCC9
S113DF20420582DB4405B012D8CB3F5010001E538B
S113DF300C5C0B5B3D90200010203E90FF07CC232F
S113DF40B2B04000F6040C240F433E40F9073D40B4
S113DF5040003C4040003B4010003E90FC07BC2386
S113DF603B413C413D413E413F4130410F120E1285
S113DF70D252FF07FF07B2B00004F804042CF2C029
S113DF801000FF07033CF2D01000FF07F2F0F0008E
S113DF90FF07C293FF070524F290F000FF07272430
S113DFA03E3C92B3F8041824B2B2F804152CA2B281
S113DFB0F8040D245F42FC043FF006000F111F53C8
S113DFC03E420E5E1F83FD2382BEF804052CE2C38D
S113DFD01D00B2C00002F804B2B0000144051F24C1
S113DFE0B2D000044205B2C000014405163C92B30D
S113DFF0F8040524E2D31D00B2D00002F804B2B044
S113E000000144050C2CB2B000044205082CB2D027
S113E01000044005B2D000014405B012D8CB3E4103
S113E0203F4130410F121F42D8071FE2FA043FF06C
S113E0307FFF1FB2FA040F201F42DA071FE2F00429
S113E0401FB2F00408201F42DC071FE2F2041FB2D3
S113E050F2040120033CB2D0008040059242FA044D
S113E060D8079242F004DA079242F204DC073F41F7
S113E0703041AF00B200B500B800BB00BB00197955
S113E0801C791F79BB00BE00F600FC1CAE7AF900B7
S113E090FC00760CF80C7A0DFC0D7E0E7E0E9E793B
S113E0A0207AA27A7E0E000F820F410F297BA00AEC
S113E0B0220BC100C400C700CA00CD00D000D300A9
S113E0C0D600D900DC00F300FA0FFD0F831DC91D33
S113E0D00F1E551E9B1EE11E271F6D1FB31FF91F28
S113E0E06E0BB40BFA0BF2D23200F2C231000343CE
S113E0F0E2D23100B01228E4F2D231003041F2D23F
S113E1003200F2D231000343E2D23100B01228E4EB
S113E110F2C23100B01228E4E2C2310030410F12E1
S113E120F2D232003F42D2521A051A05032CF2C22F
S113E1303100023CF2D23100E2D23100B01228E4C4
S113E140E2C23100B01228E41F83ED23F2C2320090
S113E150E2D23100B01228E4F2B23000032CC24300
S113E1601A05023CF2431A05E2C23100B01228E457
S113E170C2931A05022412D3013C12C33F41304119
S113E1800F120E125E421A05F2C232003F42E2D270
S113E1903100B01228E4F2B23000D2621A051A0536
S113E1A0E2C23100B01228E41F83F123F2D232001C
S113E1B00E930324F2D23100023CF2C23100E2D2C7
S113E1C03100B01228E4E2C23100F2C23200B012CF
S113E1D028E43E413F4130410F120E120D120C1241
S113E1E01F4218051D4216057E40F000E2C33100AF
S113E1F0B012FEE0F240A0001A05F2B010001505BE
S113E200012C023CE2D31A05B0121EE1432C8D10FE
S113E210C24D1A05B0121EE13D2C8D10C24D1A05D7
S113E220B0121EE1372CC2931B050620D2B315058C
S113E2303424C24E1A05073CF24F1A05D2B3150511
S113E24002245EE21A05B0121EE1242CC2931B05BF
S113E25024241D530C4D3CF0FF003C90800003240B
S113E2600C9301240B3CB012E6E03C40B80BB01216
S113E27028E41C83FC23D2831B05BA3FD2831B05ED
S113E280D223D2B315050924C24E1A05B0121EE1D9
S113E290012C033CB2D04000F204B012E6E0E2D319
S113E2A031003C40B80BB01228E41C83FC233C41F1
S113E2B03D413E413F4130410F120E120D121F42AB
S113E2C018057E40F0007D40F000B012FEE0F24000
S113E2D0A0001A05F2B010001505012C023CE2D38F
S113E2E01A05B0121EE1542C92101605D2421605DE
S113E2F01A0592101605B0121EE14A2CD2421605D8
S113E3001A05B0121EE1442CB012FEE0F240A10046
S113E3101A05F2B010001505012C023CE2D31A05CF
S113E320B0121EE1352CD2931B050620D2B315057D
S113E330032CF2431A05023CC2431A05B01280E1D1
S113E340E2B315050424DF421A050000063CDF92FF
S113E3501A0500000224E2D21505D2B315050324E0
S113E3605DE21A056EEF1F53D2831B05DC23D2B383
S113E37015051124F2431A05B01280E15D921A05C5
S113E3800224F2D215054E9D0624E2D21505033C63
S113E390B2D04000F204B012E6E03D413E413F41BC
S113E3A030410D120C125C421B053D400700C24C6B
S113E3B01B05F2C00C001505B012D8E1C24C1B05B8
S113E3C0B012B8E2E2B215050320F2B21505022438
S113E3D01D83ED23E2B215050320F2B215050324D3
S113E3E0B2D04000F2043C413D4130410D120C12C8
S113E3F05C421B053D400700C24C1B05F2C00C00EB
S113E4001505B012B8E2E2B215050320F2B2150503
S113E41008241D83F123F2B215050324B2D0400071
S113E420F2043C413D4130410F121F431F83FE2340
S113E4303F413041D2B32C036024E2B32C03572470
S113E440B2B00004F4045324D2B39F034824F292DC
S113E450CC034520E2B30C05642CB2D020007A082A
S113E460A2D34005B01284DBF290310000051E28CF
S113E47032C20343F29031000005022C32D22C3C0C
S113E480F24059000005B240F0F0080592E20005A0
S113E490080592E20205080592E20405080592E2E5
S113E4A006050805E2D30C0532D2163C32C20343FA
S113E4B0C2430005B240F0F0080592E200050805E9
S113E4C092E20205080592E20405080592E20605B7
S113E4D00805E2D30C0532D2A2D34205223CF2C095
S113E4E041009F03D2C3F807B012E07E1A3CF2C089
S113E4F041009F03E2D29F03143CE2B22C03112497
S113E500D2D39F03F2C040009F03F2B22C0307242E
S113E5105D423D08B012E07EC24D3D08023CE2D2AD
S113E5209F0330410F120E120D120C12F290D00004
S113E53041065D24F290D1004106E624F290D20017
S113E54041064B24F290D30041064724F290D900AF
S113E55041062F24F290E10041062F24F290E400BA
S113E560410633241F4242063FF000F01E4250068B
S113E5703EF000F00F9E0224304050EC1F42420651
S113E5803FF0FF0F3F90FF0F062492925006420681
S113E5900224304050ECF290D80041060C24F29052
S113E5A0DC0041063425F290DB0041063A25304078
S113E5B050EC304022EA3040EEE9924242065006E6
S113E5C0D24244065206304050EC92424206B00811
S113E5D092424406B208304050ECB2B000406C069F
S113E5E0142DB0123AF1F290D30041069124F29026
S113E5F0180042060A2DF29007004306062DF290F9
S113E6003C004406022DF2903C004506FE2C3F409F
S113E6104206824300036E4F824E0203B0121A4C2C
S113E6201E420A03CF4E00001F533F904606F123BB
S113E630D2534306F29057000005E72CF2900300F2
S113E6400005E328B2B00004F4044F24F290D20091
S113E65041064424C2930205D824F2902300020503
S113E660D424C2930105D124F29059000105CD248C
S113E670D292020542060224182C2C28D2920105BB
S113E68045062C2416285F42010512C31FA35F927E
S113E69045060B28D29200054406072CF240590087
S113E6A04406D24201054506193CB2D020006C064E
S113E6B0AC3C5F42450612C31FA35F9201050A28C2
S113E6C0D29244060005062CC2434406D2420105F8
S113E6D04506043CB2D010006C06973CB2D0200032
S113E6E07A08A2D34005B01284DB32C20343D2427B
S113E6F044060005D24245060105D24242060205FF
S113E700D24243060305473CB2B00004F4047D2C16
S113E710F29064004206792CF2901F004406752C96
S113E720F2900C004506712CB2B00004F4040724E6
S113E730B2D020007A08A2D34005B01284DB3F4057
S113E7404406824300036E4F824E0203B0121A4CF9
S113E7501E420A03CF4E000012D3CFA300001F5362
S113E7603F904606EE233F404206824300036E4F2D
S113E770824E0203B0121A4C1E420A03CF4E00000E
S113E78032C20343D24244060405D242450605057B
S113E790D24242060605B240F0F0080592E20005B6
S113E7A0080592E20205080592E20405080592E2D2
S113E7B00605080532D2F290D20041061A28B2B0FA
S113E7C00004F4041424D2420405E004D2420505F2
S113E7D0E104D2420605E204B2403F1DA804B2405F
S113E7E0E004AE04F2400300AB04B012E2C2E2D390
S113E7F04C06B2B00004F4040824D24268040D05A7
S113E80092426A040E05A2D34205304050ECC293F2
S113E81044060E24D2934406A624E2934406C62456
S113E820F43FC2434606C2437908B01264F1ED3F97
S113E8305F42BE038243020382430003C293450640
S113E8400D24F290100045061A24F290200045068B
S113E8501C24F290300045061E24D73FF2401E00CF
S113E8605306E242BE03B012A0C19252E204020374
S113E8709262E0040003D283BE03F523623CF240BB
S113E880180053063C40E0040B3CF24019005306C8
S113E8903C40E404053CF2401A0053063C40E804C2
S113E8A0B2B00004F404DA27B2B08000F604D6272C
S113E8B0E242BE035E42FC043EF006000E111E530B
S113E8C0C29EBE031B203E406006F2B08000FC04E2
S113E8D0052492B3F404022C3E40700632C2034372
S113E8E0B24EE004B24EE204B24EE404B24EE60488
S113E8F0B24EE804B24EEA0432D21B3CB2402A09BA
S113E900A8045E42BE031E830424B2500D00A80472
S113E910FA3FA2C3F204F2D00300AC04F2400C00AC
S113E920AB04B240E004AE04B012A2C3A2B3F2043A
S113E9308F21925C02000203A26C0003D283BE0307
S113E940B923B24010000603B01242BCB0127AF1EF
S113E950D2420E03BD0692420A03BE06C24FBE0354
S113E960F2434606603FB2B000406C064E2FB01230
S113E9703AF192B3F8044927B2C00600F804D293DE
S113E980450607284223B2C00802F804E2C31D006A
S113E990053CB2D00802F804E2D31D00B01276C7D9
S113E9A092B3F0043223E2434C062F3FF290FE0070
S113E9B045061724F29345063427F2904F00450686
S113E9C01024F290490045060C24F29048004506B4
S113E9D00824F29040004506182BF29047004506A3
S113E9E0142FD24245067908B01264F10E3FB2B03A
S113E9F000406C060A2FF290100044060820F290A2
S113EA00110044060420B2B00004F404212592420B
S113EA104406B806B2408006B006C24346063040FB
S113EA2050ECB2B000406C06F02EC293B90610252B
S113EA301F42B0063F9080060B293F90A506062C86
S113EA409F42420600009F4244060200D283B90658
S113EA5014203F408006B012D0F1FA20B0123AF1EF
S113EA60D293B8060E24F2901000B8061424F29043
S113EA701100B8067A24304050ECA252B00630405F
S113EA8050ECA253B006D242FE048006B2D08000FD
S113EA906C06304050EC3E4080063F40E004B280BB
S113EAA00300B0061E92B006062CBF4E0000BF50F5
S113EAB000200000033CBF40003800002F533F906B
S113EAC0F004F02BB240D61CA804B240E004AE041B
S113EAD0F2401000AB04B012E2C2F2B00C00AC047D
S113EAE0B7203E4090063F40E0041E92B006062C3C
S113EAF0BF4E0000BF5000200000033CBF40003860
S113EB0000002F533F90F004F02BB240E71CA80400
S113EB10B240E004AE04F2401000AB04B012E2C212
S113EB20F2B00C00AC0494201F42B006FFD0800069
S113EB300100FFC050000100E24FBA06D24F0100AD
S113EB40BB06D24F0200BC06B240F81CA804924295
S113EB50B006AE04F2400300AB04B012E2C2F2B05D
S113EB600C00AC047520304050EC3D40001D3D903D
S113EB703C1D252CA2C3F204F2D00300AC04824D48
S113EB80A804E242AB04B240E004AE04B012A2C353
S113EB90A2B3F20458208243E0048243E204824D8B
S113EBA0A804B240E004AE04E242AB04B012E2C2F4
S113EBB0F2B00C00AC0447203D500500D83F3C4067
S113EBC080061C92B0063D2C3D40001DCC930100F4
S113EBD00524DC8301003D500500F83FA2C3F20484
S113EBE0F2D00300AC04824DA804E242AB04B2406C
S113EBF0E004AE04B012A2C3A2B3F20424201F4363
S113EC003E40E004FC92000004281E53BC82000035
S113EC10F93FCC9300000424DC8300000F5FF93F2C
S113EC20CEDF0000824DA804B240E004AE04E2420C
S113EC30AB04B012E2C2F2B00C00AC0404202C53BA
S113EC40C03FE2D34C06B2D010007A08A2D34805E4
S113EC50A2C36C063C413D413E413F4130410F124D
S113EC600D120C120B120A125F420205B012BC4CB8
S113EC700F5FF2903000010501281F53C24F740842
S113EC80B2B000046C065D24B2C000046C065F429E
S113EC90BE03E242BE038243020382430003B01276
S113ECA0A0C1B2B00004F204462C9252E204020362
S113ECB09262E0040003D283BE03F123B240100049
S113ECC00603B01242BCB0127AF1C24FBE03B2B016
S113ECD000086C0621245A42FD041A830A5A32C2DF
S113ECE0034392427E083001924A94F338011C4255
S113ECF03A011D423C0132D2C2939D040320829307
S113ED009E040A245D929D040728829C9E04042C80
S113ED10B2D000027A08003CB2D000086C068243EC
S113ED207E08D2420A037508D2420B037608D24207
S113ED300E037708063CB2437408B2437608C24F08
S113ED40BE03B2B000026C069C24B2C000026C0682
S113ED505F42BE03E242BE033C408C08824370081B
S113ED608243720882432009824322098243240990
S113ED7082432609B012A0C1B2B00004F2046F2C81
S113ED809252E20472089262E00470089252EA0419
S113ED9022099262E80420099252EE042609926242
S113EDA0EC0424099242E20402039242E0040003C8
S113EDB0B24010000603B01242BC9C420A03000099
S113EDC0DC4208030200DC420E0303002C82D283DF
S113EDD0BE03D023924270080003924272080203D9
S113EDE0B24010000603B01242BC92420A037008FB
S113EDF0D24208037208D2420E037308B2B0004034
S113EE00F404352C924220090003924222090203A1
S113EE10B24010000603B01242BC92420A03200919
S113EE20D24208032209D2420E032309B2B0008061
S113EE30F404212C9242240900039242260902037D
S113EE40B24010000603B01242BC92420A032409E5
S113EE50D24208032609D2420E032709103CBC43C0
S113EE600000BC430200B2437008B2437208B243CC
S113EE702009B2432209B2432409B2432609C24FEE
S113EE80BE03C293790881205F42BE03C293460643
S113EE903D20D242FC04BE03F2F00600BE0312C3BE
S113EEA05210BE03F2501000BE03D2B3FC040A2C6D
S113EEB0D292BE034B061224B2D26C06D242BE03D7
S113EEC04B060C3CF2400300BE03F2901F004B06BD
S113EED00524B2D26C06F2401F004B06F2F0070084
S113EEE0BE03D253BE038243020382430003B01223
S113EEF0A0C19252E20402039262E0040003D2B37E
S113EF00FC04D824D283BE03F223D43CF290D20072
S113EF1053062E28F240DA004B06D242AB064D06C9
S113EF20D242AC064E06D242AD064F06F290D9004C
S113EF3053060124E53CD293B8060924F29010004C
S113EF40B8060924F2901100B806DA24D93CD2425A
S113EF5081064C06D53CF2B08000BB060224D2D315
S113EF604C06F2B04000BB060224E2D34C06C83C77
S113EF70D24253064B069242BE064C0682434E06CC
S113EF80D242BD064E063040F8F05F4279087F90C9
S113EF90FE0019247F904F006D247F9049002D249A
S113EFA07F90480031247F9045006A247F9046007A
S113EFB06D247F9044001B247F90400076287F902E
S113EFC05000732C0A3CD2B3FC04542C5F42FC0462
S113EFD03FF006000F113F504000C24F4B063C402B
S113EFE080087FF003000F5F0F5F0C5F543CF2401A
S113EFF044004B063C4074084E3C92427A084C064E
S113F00092427C084E064D3C3F4080102D423C40CD
S113F010E0040A43B2C00010F204B012FC810A9367
S113F02044203F40E0046C4F0D430A4D32C2034379
S113F030824C3001B240640038011C423A011D4246
S113F0403C0132D2034332C20343824A3001B2400C
S113F050640038011D523A0132D25A4F01000C5A51
S113F0600D631F533F90E304E02B824C4C06824D0A
S113F0704E06173CF2404F004B063C4070080B3CD8
S113F080F24045004B063C402009053CF240460056
S113F0904B063C402409A24C4C06924C02004E06FE
S113F0A02F3CD24279084B062B3CC2437908B0125C
S113F0B064F13B3CB2420603B01242BCB0127AF196
S113F0C092420A034E06B2B26C060524B2C26C0622
S113F0D092420A034C0692924C064E06032CB250FE
S113F0E010274E0692824C064E06B29000014E0640
S113F0F00328B2D26C06E23FB0129EF1C24FBE03A7
S113F10092C36C063F404B06B012664432C20343BE
S113F11092424806000692424A06020692424C0671
S113F120040692424E06060632D2A2C26C063A4148
S113F1303B413C413D413F413041D242A806AB06F0
S113F140D242A906AC06D242AA06AD06C243790849
S113F150B01264F1F2434606D24241065306C2435A
S113F1604C063041B2408601A804B2407908AE048E
S113F170D243AB04B012E2C23041829308030624A6
S113F180B28060EA0A0382730803F73FB290102743
S113F1900A030428B28010270A03F83F30410F12F3
S113F1A00E120D121E424E060D433F4007000E1074
S113F1B002285DEFC8F11F83FA378D10825D4E0679
S113F1C03D413E413F4130416A359A4DA653A9D451
S113F1D00E120D120C120B120A123B40CE002C42DE
S113F1E03D40B7001A42B0066E4A0A8E4E4D4D4C51
S113F1F04C4B7EEF0E120E5E2E517B415DEE0445AC
S113F2005CEE03455B4E02450F9AF02B1F42B0069D
S113F210824AB0060A435B9F010007205C9F0200FC
S113F22004205D9F03000120013C1A530A933A41D4
S113F2303B413C413D413E4130410F120E120D1203
S113F2400C120B121C430B43F2C01000BB0682BC11
S113F250BA06062C3C9000084D2C0C5C2B53F73F4F
S113F260A2C3F204F2D00300AC04F2B01000BB0657
S113F270042CB240D61CA804033CB240E71CA804EA
S113F280F2401000AB04B240E004AE04B012A2C3DA
S113F290A2B3F2043320924B7CF3A804F2B0100022
S113F2A0BB060324B2501100A8041D43C2BDBC0612
S113F2B00C24B240E004AE04F2401000AB04B012DF
S113F2C0E2C2F2B00C00AC0419203D908000052C81
S113F2D00D5DB2502200A804E93FF2B01000BB0655
S113F2E0042CF2D01000BB06BB3F82CCBA063C9083
S113F2F000083E28B2D00040BA06033CB2C0004029
S113F300BA06B2D010007A0892D34805B2C0008081
S113F310BA06B240F81CA804A2C3F204F2D0030057
S113F320AC04F2400300AB04B240E004AE04B012FB
S113F330A2C3A2B3F2040E20B2C000C0E004B2B073
S113F3400040BA060324B2D00040E004B240E00416
S113F350AE04063CB2C000C0BA06B240BA06AE045F
S113F360B240F81CA804F2400300AB04B012E2C29D
S113F3703B413C413D413E413F4130410010101171
S113F380201230134014501560167017801890190D
S113F390A01AB01B14006400C80064000F120E12FF
S113F3A00D120C120B120A12829360030424B2B0E1
S113F3B000047C020F24F2C00900B907B240E00641
S113F3C00C078243080782430A078243700782437B
S113F3D07207053C92526003080782630A0782930E
S113F3E070030424B2B000048C020F24F2C0120093
S113F3F0B907B24010073C078243380782433A07F3
S113F4008243740782437607053C9252700338079F
S113F41082633A07829380030424B2B000049C02FE
S113F4200F24F2C02400B907B24040076C0782439E
S113F430680782436A078243780782437A07053C58
S113F44092528003680782636A073F4008073E4080
S113F45070073D40B0075C42B8073CF007000C1150
S113F4600C9305243F5030002E522D53F83FD2B256
S113F470B807B9074D2432C20343A24F3001B2404A
S113F4805555380192423C013A0182433C01924F66
S113F49002003401B240555538011B423A0132D2C0
S113F4A01A4F04005C42B8070C5C0C5C0C5CC2BCD8
S113F4B0B9070424AE8A00008E7302008E5B00003C
S113F4C08E6302008A4B000032C20343A24E300115
S113F4D092427C07380192423C013A0182433C014A
S113F4E0924E0200340192427C0738011B423A01D9
S113F4F032D28D4B0000AF5304009F9F06000400DE
S113F5000728C2DCB9070D4F3D8028008F4D040049
S113F510D2D2B807B9078F4300008F4302005211BB
S113F520B807C293B8070220E242B807C29368033F
S113F5300B20F2C04000B907B2408007AC078243F9
S113F540A8078243AA07363C1A42AC07F2B040002F
S113F550B9070424A28AA8078273AA0792526803EF
S113F560A8078263AA079A426803000032C20343D1
S113F5709242A807300192427E07380192423C0130
S113F5803A0182433C019242AA07340192427E0727
S113F59038011B423A0132D2824BB607A253AC0760
S113F5A09292AE07AC070628F2D04000B907B240E9
S113F5B08007AC073A413B413C413D413E413F411C
S113F5C030410F120E120D120C120B120A123B4094
S113F5D0B0071D430C433A42C2BAB90746240E4C45
S113F5E03D900010032C3E50C007023C3E50C8071B
S113F5F00F4D3FF033330424AB9E00000C28033C32
S113F600AE9B0000082882BDBA072F2482CDBA071A
S113F61082DDBE071F3C82BDBA07272C82BDBE0710
S113F620242C82DDBA0782DDBC073D901000072838
S113F6303D90000108283D90001009280B3CB2D0F1
S113F64040007A08073CB2D080007A08033CB2D06C
S113F65000017A08B0121ACBF2B00C00AC040520F9
S113F6609242BA07E804B0123CCB0D5D2C533C9295
S113F670B32B2B533B90B807032C0A5A0C43AC3FD3
S113F6803A413B413C413D413E413F4130410F12F3
S113F6909242E4047C079242E6047E07E242B80701
S113F6A0C243B907B240E0060C07B24010073C075A
S113F6B0B24040076C07B2408007AC07B240E00696
S113F6C00E07B24010073E07B24040076E075F4284
S113F6D0E3040F5F825F0E07825F3E07825F6E075F
S113F6E0B2408007AE075F42E2040F5F825FAE075D
S113F6F08243080782430A078243380782433A0752
S113F7008243380782433A07824370078243720771
S113F71082437407824376078243780782437A07D9
S113F7208243A8078243AA073F40E0068F430000B4
S113F7302F531F920E07FA2B3F4010078F430000F0
S113F7402F531F923E07FA2B3F4040078F43000080
S113F7502F531F926E07FA2B3F4080078F43000000
S113F7602F531F92AE07FA2B3F4130410D120C125A
S113F7700B120A121D430C430A431CB3042C82BD12
S113F780BC078024033C82BDBE077C24924A68F9EE
S113F790A804A2C3F204B2C00001FA04F2D0030028
S113F7A0AC04E243AB04B240E004AE04B012A2C322
S113F7B0A2B3F20470209242E0044A050C93202084
S113F7C03B40E0048243E6048243E8048243EA04C3
S113F7D0B2500D004A05929A88F94A050328B2806E
S113F7E014054A05924A68F9A804E243AB04B240FE
S113F7F04A05AE04B012E2C2A2B3F2044C20183C93
S113F800A2C3F204B2C00002FA04F2D00300AC04B2
S113F81092424A05A804F2400C00AB04B240E00452
S113F820AE04B012A2C3A2B3F20439203B40E604F2
S113F83032C20343DB4200050000DB420105010044
S113F840DB4202050200DB4204050300DB4205053E
S113F8500400DB420605050032D292424A05A804A0
S113F860F2400C00AB04B240E004AE04B012E2C2B9
S113F870A2B3F20414201CB3032C82CDBC07023CB7
S113F88082CDBE071CB3012C023C2A530D5D3CE320
S113F8900D930F24723FB2D00001FA04033CB2D09E
S113F8A00002FA041CB3032C82CDBC07023C82CDB7
S113F8B0BE073A413B413C413D413041B29050206A
S113F8C0AE05032CB2405020AE059242AE05A8040A
S113F8D0B2400008AE04F2400C00AB04B012E2C225
S113F8E0F2B00C00AC040720B2500D00AE05B2908B
S113F8F09171AE053828B2C2F604B0121ACBF2B038
S113F9000C00AC040C24F2403C00E104B24014149A
S113F910E204B240CD0CE404B240CD0CE604B012D3
S113F9208EF68243E8049242E804BA07B0123CCB54
S113F930B2401D20A804B2402F1BE004B2500300C3
S113F940A804B2501405E004B240E004AE04E2435B
S113F950AB04B012E2C2F2B00C00AC040420B290CA
S113F9606F6CE004EB2B304120202320262029203B
S113F9702C202F203220352038203B203E204120CF
S113F980442047204A204D206425782A8C2FA03417
S113F990B439C83EDC43F048044E18532C58405D3B
S113F9A0546268677C6C90710F120E120D120C1267
S113F9B0F2B010001505612CE2B214055E2C5F4212
S113F9C03405B01254CBF2B00C00AC045620F2C093
S113F9D00600F807D292F10731054F280624D29287
S113F9E0F3073105222806240A3CD292F007320597
S113F9F01C2C433CD2923205F2070128163CD292C9
S113FA00F50731053A280624D292F70731050B2869
S113FA100624333CD292F4073205052C2E3CD292B4
S113FA203205F6072A28E2D3F8075F423405B012FC
S113FA3084CB3F4037053E40E004E2B3F80702249C
S113FA403E40E2043F903F050E2C5D4F01008D10B7
S113FA506C4F0D5C2D9E04288E4D0000E2D2F807F9
S113FA602E522F53EF3FE2B2F80707245F423405CA
S113FA70B240E004AE04B012B6CB3C413D413E413D
S113FA803F41304102030500FA289EBC6CF4F6A8FD
S113FA90FFFCEE76D23ED6C6401DF908F908B12C1B
S113FAA0324852945294AB17EA004700470047008B
S113FAB04102A2CCA2CCBF810100010001000100DF
S113FAC0200020002000A000FFFF35779A3B357707
S113FAD0FFFF009400CA0094FFFF35779A3B357707
S113FAE0FFFFF693FBC9F6938601DA4A7C26F47D80
S113FAF0F47DF47D410FF54BEF97410F0C4B704CA7
S113FB00704CC97A080403074E016F006F006F0040
S113FB10001800050005001871E2C48810200204D2
S113FB200913274E050A142850A0A003140001004D
S113FB300000060000CDC44662A32D5B00C18140D5
S113FB4001C0804101C0804100C1814001C08041A9
S113FB5000C1814000C1814001C0804101C0804199
S113FB6000C1814000C1814001C0804100C1814089
S113FB7001C0804101C0804100C1814001C0804179
S113FB8000C1814000C1814001C0804100C1814069
S113FB9001C0804101C0804100C1814000C1814059
S113FBA001C0804101C0804100C1814001C0804149
S113FBB000C1814000C1814001C0804101C0804139
S113FBC000C1814000C1814001C0804100C1814029
S113FBD001C0804101C0804100C1814000C1814019
S113FBE001C0804101C0804100C1814001C0804109
S113FBF000C1814000C1814001C0804100C18140F9
S113FC0001C0804101C0804100C1814001C08041E8
S113FC1000C1814000C1814001C0804101C08041D8
S113FC2000C1814000C1814001C0804100C18140C8
S113FC3001C0804101C0804100C1814000C0C101B8
S113FC40C30302C2C60607C705C5C404CC0C0DCD48
S113FC500FCFCE0E0ACACB0BC90908C8D81819D9B8
S113FC601BDBDA1A1EDEDF1FDD1D1CDC14D4D515E8
S113FC70D71716D6D21213D311D1D010F03031F1D8
S113FC8033F3F23236F6F737F53534F43CFCFD3D08
S113FC90FF3F3EFEFA3A3BFB39F9F83828E8E929F8
S113FCA0EB2B2AEAEE2E2FEF2DEDEC2CE42425E5A8
S113FCB027E7E62622E2E323E12120E0A06061A118
S113FCC063A3A26266A6A767A56564A46CACAD6DC8
S113FCD0AF6F6EAEAA6A6BAB69A9A86878B8B97938
S113FCE0BB7B7ABABE7E7FBF7DBDBC7CB47475B568
S113FCF077B7B67672B2B373B17170B05090915158
S113FD009353529296565797559594549C5C5D9D87
S113FD105F9F9E5E5A9A9B5B995958988848498977
S113FD204B8B8A4A4E8E8F4F8D4D4C8C4484854527
S113FD3087474686824243834181804037E4E127F6
S113FD40FFFFFFFFFFFFFFFFFFFFFFFFFFFFFFFFBF
S113FD50FFFFFFFFFFFFFFFFFFFFFFFFFFFFFFFFAF
S113FD60FFFFFFFFFFFFFFFFFFFFFFFFFFFFFFFF9F
S113FD70FFFFFFFFFFFFFFFFFFFFFFFFFFFFFFFF8F
S113FD80FFFFFFFFFFFFFFFFFFFFFFFFFFFFFFFF7F
S113FD90FFFFFFFFFFFFFFFFFFFFFFFFFFFFFFFF6F
S113FDA0FFFFFFFFFFFFFFFFFFFFFFFFFFFFFFFF5F
S113FDB0FFFFFFFFFFFFFFFFFFFFFFFFFFFFFFFF4F
S113FDC0FFFFFFFFFFFFFFFFFFFFFFFFFFFFFFFF3F
S113FDD0FFFFFFFFFFFFFFFFFFFFFFFFFFFFFFFF2F
S113FDE0FFFFFFFFFFFFFFFFFFFFFFFFFFFFFFFF1F
S113FDF0FFFFFFFFFFFFFFFFFFFFFFFFFFFFFFFF0F
S113FE00FFFFFFFFFFFFFFFFFFFFFFFFFFFFFFFFFE
S113FE10FFFFFFFFFFFFFFFFFFFFFFFFFFFFFFFFEE
S113FE20FFFFFFFFFFFFFFFFFFFFFFFFFFFFFFFFDE
S113FE30FFFFFFFFFFFFFFFFFFFFFFFFFFFFFFFFCE
S113FE40FFFFFFFFFFFFFFFFFFFFFFFFFFFFFFFFBE
S113FE50FFFFFFFFFFFFFFFFFFFFFFFFFFFFFFFFAE
S113FE60FFFFFFFFFFFFFFFFFFFFFFFFFFFFFFFF9E
S113FE70FFFFFFFFFFFFFFFFFFFFFFFFFFFFFFFF8E
S113FE80FFFFFFFFFFFFFFFFFFFFFFFFFFFFFFFF7E
S113FE90FFFFFFFFFFFFFFFFFFFFFFFFFFFFFFFF6E
S113FEA0FFFFFFFFFFFFFFFFFFFFFFFFFFFFFFFF5E
S113FEB0FFFFFFFFFFFFFFFFFFFFFFFFFFFFFFFF4E
S113FEC0FFFFFFFFFFFFFFFFFFFFFFFFFFFFFFFF3E
S113FED0FFFFFFFFFFFFFFFFFFFFFFFFFFFFFFFF2E
S113FEE0FFFFFFFFFFFFFFFFFFFFFFFFFFFFFFFF1E
S113FEF0FFFFFFFFFFFFFFFFFFFFFFFFFFFFFFFF0E
S113FF00FFFFFFFFFFFFFFFFFFFFFFFFFFFFFFFFFD
S113FF10FFFFFFFFFFFFFFFFFFFFFFFFFFFFFFFFED
S113FF20FFFFFFFFFFFFFFFFFFFFFFFFFFFFFFFFDD
S113FF30FFFFFFFFFFFFFFFFFFFFFFFFFFFFFFFFCD
S113FF40FFFFFFFFFFFFFFFFFFFFFFFFFFFFFFFFBD
S113FF50FFFFFFFFFFFFFFFFFFFFFFFFFFFFFFFFAD
S113FF60FFFFFFFFFFFFFFFFFFFFFFFFFFFFFFFF9D
S113FF70FFFFFFFFFFFFFFFFFFFFFFFFFFFFFFFF8D
S113FF80FFFFFFFFFFFFFFFFFFFFFFFFFFFFFFFF7D
S113FF90FFFFFFFFFFFFFFFFFFFFFFFFFFFFFFFF6D
S113FFA0FFFFFFFFFFFFFFFFFFFFFFFFFFFFFFFF5D
S113FFB0FFFFFFFFFFFFFFFFFFFFFFFFFFFFFFFF4D
S113FFC0FFFFFFFFFFFFFFFFFFFFFFFFFFFFFFFF3D
S113FFD0FFFFFFFFFFFFFFFFFFFFFFFFFFFFFFFF2D
S113FFE0E22EA22E624412446444C23C722E322E8B
S113FFF0122FC62D6025604470255E443225001101
S9030000FC
