:01100000FEF1
:0F100100DF34F0A8EF69CC4600BCCB3400000010
:101010003537FFFF45E044F0D9EFB8CC31004ECC76
:101020001E000000F10FFFFF7EE04AF039F018CDFE
:101030003B0018CD26000000E010FFFFA503C030E4
:10104000E0047005DEFFDB3DFFFF97033030E00476
:101050007005DEFF193DFFFFAD03F02FE0047005C2
:1010600000008070BDADFFFFFFFFFFFFFFFFFFFF30
:10107000FFFFFFFFFFFFFFFFFFFFFFFFFFFFFFFF80
:101080002E393D1C0C031600F9D6FFFFFFFFFFFFB2
:10109000B6C383040000FFFF3AC8FFFFFFFFFFFF56
:1010A000FFFFFFFFFFFFFFFFFFFFFFFFFFFFFFFF50
:1010B000FFFFFFFFFFFFFFFFFFFFFFFFFFFFFFFF40
:1010C000FFFFFFFFFFFFFFFFFFFFFFFFFFFFFFFF30
:1010D000FFFFFFFFFFFFFFFFFFFFFFFFFFFFFFFF20
:1010E000FFFFFFFFFFFFFFFFFFFFFFFFFFFFFFFF10
:1010F000FFFFFFFFFFFFFFFFCB8F508FBF8D738779
:101100003140000AB24000459001B240885A2001A7
:10111000F2C02000AC048243640132D2F2D040001D
:101120001F00F2C040001E00F2D050001900F2D0A3
:1011300050001A00F2C080002600F2C0800021009A
:10114000F2D080002200B2C0EFFE8001B2D00001D8
:101150008001B24000809201B24000809401B2D080
:1011600090008401B24000C18C01B24001809C011A
:10117000B24010818E01B24001809E01B2B00004E5
:10118000F4040324B2D0100080013F400A00B2B240
:101190008E0103241F83FB23543CF2425B003E403C
:1011A00007003F431F83FE231E83FB23F2C00F0073
:1011B0001B00F2D003001900F2C21900F2D00B009C
:1011C0001A00E2C21A00B01212C6B01212C6B01251
:1011D000FEC5F2C0EF002100F2C010002200F2D0E4
:1011E000EB002200F2C32600F2C0F7002900F2D083
:1011F000F7002A00F2C0F7002E00F2C0AE0019007E
:10120000F240AE001A00F2C31B00F2C0BF001D0086
:10121000F2D0BF001E00F2C0BF001F00F2C07F006E
:101220003100F2D07F003200F2C33300F2D3370036
:10123000B2C000808E01B2D000408E0132D0D80002
:101240000343B2C010008401B2C010008E01F2C38B
:101250002600D2C32100E2C32100E2D32200E2C271
:101260002100F2C010002100F2C07D002200F2C374
:101270002E00F2C007002900F2D007002A00F2C2B7
:101280002A00F2C010002E00F2D010002900F2D087
:1012900010002A00F2C060002A00F2C0800029007D
:1012A000F2D080002A00F2C00F001B00D2D3190038
:1012B000D2D31A00E2D31900E2D31A00E2C21A0014
:1012C000F2C21900F2D21A00F2C09F001F00F2C051
:1012D00003001D00F2D003001E00F2D01C001D0010
:1012E000F2D01C001E00F2C020001E00F2C0200040
:1012F0001F00F2C080001D00F2D080001E00F2C36B
:101300003300D2C33100E2D33100F2D00300320007
:10131000E2C23100E2D23200F2C23100F2C2320047
:10132000F2C020003100F2D020003200F2C05000A4
:101330003100F2D050003200F2C080003200E2C32F
:101340000200F24060005600F2400C005700F240EC
:10135000800053000E43E2C302003F431F83FE237D
:10136000D2B35300032CE2B30200F52312D30E6E66
:101370003EF007003E900700EE23E2B35300EA2F51
:10138000F24088005800D2B35300022CE2D3000090
:101390000443054306430743084309430A430B43F9
:1013A0000C430D430E430F43354000023640B0025C
:1013B0008543000025530596FB2B3540C00236407F
:1013C00000058543000025530596FB2BC2431505F8
:1013D000824316058243180582431A0535402805C5
:1013E000364040058543000025530596FB2B3540CC
:1013F00046053640E0058543000025530596FB2B46
:101400003540F0053640100685430000255305960B
:10141000FB2B354018063640200685430000255337
:101420000596FB2B354030063640600685430000AC
:1014300025530596FB2BB2F000066C0635406E0670
:10144000364070088543000025530596FB2B8243E8
:101450007E083540A008364020098543000025530A
:101460000596FB2B354028093640000A85430000CD
:1014700025530596FB2BB012346E3F4020001F838E
:10148000FE23B01240783D433E4000113F403EFDF8
:10149000B01222BC3E40E0FF3F43B01222BC0F43DB
:1014A000B01222BC824DBA081D9094E80424B2D038
:1014B0000001F204033CB2C00001F2040A430B43F2
:1014C0000C430D430E430F433E4007003F431F8331
:1014D000FE231E83FB23F2E020003100B0124E8178
:1014E0003F4080102D423C40C0040A43B012FC81B2
:1014F0000A930324B2D00010F2043F4090102D4212
:101500003C40C0040A43B2C00040F204B012FC8167
:101510000A930724B2D00040F2042F43C24FFD04C7
:10152000093C0F435F42C2047FF00F00C24FFD042D
:101530001F830F5F924FC8FA7603924FD0FA780359
:10154000924FD8FA8603924FE0FA8803924F98FAA6
:101550003004924FA0FA3204924FA8FA3404924F0A
:10156000B0FA3604924FB8FA3804924FC0FA3A04EF
:10157000924FECFA2804924FF4FA2A04924FFCFAA4
:101580002C04924F08FB3C04924F10FB3E0412C304
:101590000F10D24F04FB2E04B2B00040F20401241D
:1015A000762CF2B08000C104042CB2C00080F40498
:1015B000033CB2D00080F404F2B02000C104042C3B
:1015C000B2C00020F404033CB2D00020F404F2B016
:1015D0004000C204092CB2C00004F40432D0200040
:1015E000B2C010008001083CB2D00004F40432C044
:1015F0002000B2D010008001F2B08000C2040A2C9A
:10160000B2C000087C02B2C000088C02B2C0000860
:101610009C02093CB2D000087C02B2D000088C02C7
:10162000B2D000089C025F42C2047FF030003F90BD
:1016300010000424B2C00040F404033CB2D00040C7
:10164000F404D242C304F704B2B00040F604032409
:10165000F2D020001F00D2B3C404042CB2C080001A
:10166000F604033CB2D08000F604E2B3C404042CB8
:10167000B2C04000F604033CB2D04000F604F2B21F
:10168000C404032C92C33A08023C92D33A08B2D065
:1016900010008401B2D010008E01D2D3AC04D2D39A
:1016A000150592B33A080A2CF2C030001B00F2C0B4
:1016B00030001900F2D030001A000F3CF2D0300098
:1016C0001B00B012C048C2436400F240E000610059
:1016D000B24010082808E2C30100B0120248C24319
:1016E000D400F2D0C0001B00F240E000D100B240B4
:1016F000B004A404E2C30600B012A256B012D4563D
:10170000B01286C6B2B08000F0042C2CB2B04000FB
:10171000E0040324B2D000406C06D242E004390851
:10172000F2F030003908B2B00040F4040324F2C0F3
:1017300010003908B2B00080F4040324F2C0200085
:101740003908B2B2E0040324B2D08000FA04A2B295
:10175000E004042CB2C00001F404053CB2D0000146
:10176000F404013C0E3CA2C2E004B012B0C692B335
:10177000E004042CB2C00002F404033CB2D0000226
:10178000F404B2B00002F40407241F4234041E42E1
:1017900036041D423A04093CB2C00002F4041F4260
:1017A00030041E4232041D4238043C40F0028C4F8B
:1017B00000008C4E02002C523C900003F82B824D0E
:1017C000D803824DDA03824DDC03824DDE033C40B8
:1017D000D0058C4F00008C4E02002C523C90E0054E
:1017E000F82B824D0806824D0A06824D0C06824D6A
:1017F0000E063C4054068C4F00008C4E02002C52CA
:101800003C906006F82B824D6E06824D7C06824D20
:101810007E06F243D003F243D203F243D403F243F1
:10182000D603B2B00004F4046724B2B04000F6045A
:101830004724B012F8CAF2B00C00AC042824D293AA
:10184000FD040D20B2404914C007B2406915C2071B
:10185000B240AA17C407B240CB18C6070C3CB2402E
:10186000584DC007B240A451C207B2403C5AC40709
:10187000B240885EC607B2406013C807B240741316
:10188000CA07B2409C13CC07B240B013CE07B012C7
:101890001ACBF2B00C00AC040E24F2403C00E10480
:1018A000B2401414E204B240CD0CE404B240CD0CBA
:1018B000E6048243E804B0128EF69242E804BA07C6
:1018C000B240F81CA804A2C3F204F2D00300AC0496
:1018D000F2400300AB04B240BA06AE04B012A2C399
:1018E000A2B3F2040120043C8243BA06C243BC0600
:1018F000B012C25EB012CACAB01228C6B0125CC61C
:10190000B2B00080F2040524D2C3FC048243E00498
:10191000083C92B3E004032CD2C3FC04023CD2D3B3
:10192000FC04B2B00004F4040A2CB2F00600E00497
:10193000F2F0F100FC04D252E004FC04173CB012B7
:1019400038CEB2B02000F2040224B01254D0B0124B
:10195000A6D05F42FC047FF0700012C30F100F107E
:101960000F10F2F0F100FC04C25FFC04D2B3FC04DF
:101970000324C243BE03083C5F42FC043FF0060060
:101980000F111F53C24FBE03B012DAC6B0129CC76C
:1019900092B3F0040124213C92B3F8041E24B2B2A5
:1019A000F804162CA2B2F8040D245F42FC043FF0A8
:1019B00006000F111F533E420E5E1F83FD2382BEA1
:1019C000F804062CE2C31D00B2C00002F804053C76
:1019D000E2D31D00B2D00002F804B012CAC7B012A0
:1019E0000AC892428C047C0492428E047E04B01297
:1019F00058C8B2B01000F0040C24B240FF00C80474
:101A0000B240FF00CA04B240FF00CC04B240FF0065
:101A1000CE04B0129CC8B2B02000F0040B24D24314
:101A20002004F2402D002104F2400F002204F24075
:101A30001E002304B2C010008401B2B00004F404FC
:101A40002A24B240AC00A804E243AB04B240E00454
:101A5000AE04B01258CCF2B00C00AC040E20C2930D
:101A6000E1040B24C2430D0592430E059242E004AB
:101A70001C05B2D00040FA04023C82431C0582439C
:101A8000E004B240AC00A804E243AB04B240E0047E
:101A9000AE04B012F4CBB240E800A804E243AB04B9
:101AA000B240E004AE04B01258CCF2B00C00AC046A
:101AB0000D20B2D0FF014405B2D0001AE00492F22A
:101AC000E0044405B2F0FF1F4405023C8243440594
:101AD00092B344050324F240F800FC07A2B3440586
:101AE0000324F240F800FD07A2B244050324F240AB
:101AF000F800FE07B2B04000F6041524B2B01000A2
:101B000044050324F240F800F907B2B02000440570
:101B10000324F240F800FA07B2B040004405032461
:101B2000F240F800FB07B2B000014405042CB2C03B
:101B30000004F804033CB2D00004F80492C3F40497
:101B4000B012ACC0B2B00004F2040A2C3F40B002A4
:101B50003E40D004BF4E00002F533E90E004FA2BCD
:101B6000B2B00004F4043224B2B08000F6040E24B3
:101B7000B2B04000FA040A2C3F4060063E407006B6
:101B8000BF4E00002F533E907C06FA2BF2D003008C
:101B9000AC04B2406008A804F2401000AB04B240AC
:101BA000F005AE04B012A2C3F2B00C00AC040B20DE
:101BB0003F40E0053E40F005BF4E00002F533E90F1
:101BC0000006FA2B033CB2D02000FA04B2405600C3
:101BD000A804D243AB04B240FC04AE04B012F4CB70
:101BE000B2B00004F4041525F2D00300AC04B240F6
:101BF0008600A804D243AB04B240E004AE04B012A5
:101C0000A2C3F290AA00E004042092D34005B012CF
:101C1000B4D58243E004B2408600A804D243AB04AA
:101C2000B240E004AE04B012E2C2B2B00020F4044C
:101C3000F024B012A4CA92B3FA040A2C3D40200545
:101C40003C40E004BD4C00002D533C90E804FA2BCE
:101C5000F2D00300AC04B240CD1CA804F242AB04A5
:101C6000B240E004AE04B012A2C3F2B00C00AC0467
:101C70000A203D4010063C40E004BD4C00002D53BE
:101C80003C90E804FA2BB0122ACAB2B00080F004EB
:101C9000142CF2E020003100B012A8D9B290A55A5D
:101CA000EE040B24D242E8041205D2B3E20403246A
:101CB000D2D31405023CD2C31405B240EB00A804F1
:101CC000F2400300AB04B240EA04AE04B01258CCB8
:101CD000F2B00C00AC040620D2B3EC040624D2D33C
:101CE0001405033CE2C21405783C9292EA04100504
:101CF0000120733C9242EA041605B250100016050A
:101D00001F421605D242EC043005F2C01000150542
:101D1000D242E80436053D4037053C402005FD4CE5
:101D200000001D533C902805FA2BB01266C9B2B0D2
:101D30000004F004522CD242E2043105D242E10404
:101D40003205D242E4043305D242E5043405D242DE
:101D5000E6043505B24030051805B01206D98243B5
:101D60002005824322058243240582432605B2B022
:101D7000800080051F24F2D0100030053D4037055B
:101D80003C401006FD4C00001D533C901806FA2BF9
:101D9000824F1605B24030051805F2D01000150527
:101DA000B01206D9824310068243120682431406FB
:101DB00082431606824FEA04D2423005EC04F2C098
:101DC0001000EC04B240EB00A804F2400300AB04A6
:101DD000B240EA04AE04B012F4CBE2B2EC04032C3D
:101DE000E2C21405053CE2D21405F2D080001505CC
:101DF000F2F00F001405B2B00001F404022CE2D39B
:101E00001405C29307050324F2D21405023CF2C262
:101E1000140592D3F404B2C00001F404B2D010004F
:101E20008401B2B00040F6043124F2D00300AC04C7
:101E3000B2408601A804D243AB04B2407908AE0494
:101E4000B012A2C3F2B00C00AC040224C243790861
:101E5000B2B00004F404152CB2D000066C06B240F7
:101E60009801A804E242AB04B2407A08AE04B01272
:101E7000A2C3F2B00C00AC04022482437C0882436B
:101E80007A08B2D00C006C06B0125EECA2C3A001BE
:101E9000B2401A06A201B2407033A001B2D0800055
:101EA000A0018243A401B2400002A601F240110049
:101EB0008000F24012008100F24010008200F240E7
:101EC00012008300F24016008400F24014008500E6
:101ED000F24016008600F24018008700F24015001C
:101EE0008800F24098008900F2D33700B240BE0764
:101EF0006E03B240BE077E03B240BE078E03B2D06F
:101F000000047C02B2D000048C02B2D000049C0217
:101F1000B2400402600182436201B240DC057401F8
:101F2000B24030006401B2B00010F6041C24054336
:101F300036400F00F2B22000012415531683FA2315
:101F400035900B001028F2D22600B24010816601B5
:101F5000A2D26601B24038017601F2D010002E0004
:101F6000B2C003006601E242AC02F2402800AD02BA
:101F7000F2401900AE02F24058005900E2425A0005
:101F8000F2425B00F2400700AD04F2400A00CF03CA
:101F9000F2D02000AC04E2433C08D2422004A30269
:101FA000D2422104A002F2D040009F03B2B0004010
:101FB000F6040D24E242A2023D400A00C24D3D0853
:101FC000C243CE03F2400A00CC03D2439F03B2B017
:101FD0000001B8080924B2D00001B808E2D2FF0419
:101FE000E2D23508E2D2B206B2D020006001F2E0BF
:101FF00020003100D2C3030092B33A080224D2D3A6
:102000000100D2C30700D2D30600D2C32300D2D32B
:102010002400F2C040002B00F2C040002C00F2D09F
:1020200040002D000343A2B2F4043524F2E0200066
:102030003100B2B00004F404022C92D38401B01237
:10204000AA49B2B000047C021824B2B000048C0289
:102050001424B2B000049C021024824390038243F3
:1020600092038243940382439603824398038243FC
:102070009A038243660382436803B012C0DEA2B3B0
:10208000F8040224B0126CDFB01224E0F2D0800019
:10209000B907A2C2F404F2B08000A7043B24C293A3
:1020A000A6044A20F2B02000A7044624D2B3A0051B
:1020B0000324C293A20540209242AC05A404D2425C
:1020C000A605A604F2C02000A704C293A70503201A
:1020D000F2C08000A704D2B3A005162432C2034385
:1020E000924274017201924272017601B2507701FC
:1020F0007201B2505E017601B2401000620132D22C
:10210000C293A7058F270B3CE2D30600C293A70515
:102110008927053CF2B2A7040F24F2C2A704B240FB
:10212000B004B406B0123E82A2B2F6047B27B0120D
:10213000C25EA2C2F604763F92B33A083224F2B0ED
:1021400080002B081C24C2932A082B20F2B0200008
:102150002B082724924236082808D24232082A083F
:10216000F2C020002B08C29333080320F2C0800085
:102170002B08E2D30100C29333085427053CF2B286
:102180002B080F24F2C22B08B2401008B406B0127C
:102190003E82A2B2F6044627B012C25EA2C2F60484
:1021A000413FB2B080006C060924B2C080006C06CA
:1021B000B2408006B406B0123E82343F92B33A0871
:1021C0000624B2B02000F6040224B012C048B2B017
:1021D0001000F6040224B0120248B2B04000F40429
:1021E0000824B01240BFB2B00020F4040224B012A0
:1021F0007ECAF2B02000AC040924B2B00001F80499
:102200000524B01276C7B2C00001F804B2B0800055
:10221000F4040224B012ACC0B2B00004F4040724E9
:10222000F2B08000BB060324B0123AF2FB3EA2B328
:102230006C060324B01224E5F53EB2B00040F6046B
:102240000924A2B26C06062492B3F4040324B0124B
:102250005EECE83EB2B00004F4045324B2B02000B7
:10226000F4040E24F2B02000AC040A24B2B0200022
:10227000F204062CB012D4C8B2C02000F404D23E3E
:10228000D2B34F050824F2B02000AC040424B012ED
:10229000FCD2D2C34F05B2F0DFAD400582934005BA
:1022A0000D20B2F0DF6D4205829342050720B2F0A7
:1022B000FF1F4805829348050120033CB01284DBD0
:1022C000B13EB2B04000F6041C24B2B2F604192CA0
:1022D0008293BC0704208293BE070120033CB01206
:1022E0006CF7A03EF2B08000B9070B24B2B2F6043E
:1022F000082CB0129CF3B012C2F5F2C08000B907EE
:10230000913EF2B29F030B24B012346EB012A86E4D
:10231000B2B00004F4048626B0127C49833EF2B2C7
:102320000C050B24C29346060224D2834606B2B0A3
:102330000004F4041D24B01238CEB2B00004F4043A
:102340001724B2B02000F2040224B01254D0F2B02C
:1023500010000C050D24B2B00020F4040724E2B2F2
:102360001405042CF2B0600015050220B012A6D0AE
:10237000F2B02000AC049E24B2B00010F4049A2401
:102380008293F20408208293F0040520B2B07F000B
:10239000FA0401208C3C92D37A08B2B00004F40411
:1023A000052CF2901F00CF03852C0D3CB2B000200D
:1023B000F404052CF2901F00CF037C2C043CF29017
:1023C0002500CF03772CD253CF035F42CF033F804A
:1023D0000A000F5F0F5F0F5F005F3040B424304092
:1023E000B424B012A2C23040B424B01228C6304087
:1023F000B4243040B4243040B424B012DAC63040A3
:10240000B4243040B4243040B424B0125CC6304010
:10241000B424B0129CC73040B424B012CAC73040B4
:10242000B424B0120AC83040B424B01226C73040D9
:10243000B424B01258C83040B424B0129CC8304004
:10244000B424B0124CC73040B424B01286C6304019
:10245000B4243040B4243040B4243040B42430405C
:10246000B424B01266C93040B424B01298C93040C8
:10247000B424B012CCC93040B424B01200CA3040E9
:10248000B4243040B4243040B424B0122ACA3040BE
:10249000B424B012A4CA3040B4243040B424304034
:1024A000B4243040B4243040B424B012CACAB2C0FC
:1024B0000010F404B2B00004F4043027B2B00020DD
:1024C000F4042924E2B21405202CF2B040001505D2
:1024D0002224F2B0200015051E24F2C010001505BC
:1024E000B012CED7B01206D9B2B080008005072452
:1024F000F2D010001505B012CED7B01206D9E2C343
:102500001405F2C060001505063CE2B21405032470
:10251000B01224D9033FB2B2F6040027B2B0400093
:10252000F604FC26B2B00001B808F826B012BCF8D8
:10253000F53E0F12E2B302000C24F2C080005800F6
:10254000E2C302003F40FF001F83FE23E2B302000C
:10255000F423F24088005800E2D300003F4100130A
:10256000B240085A2001D2C30200D2C300000013B7
:1025700092B38401022C3040562A92C38401051282
:102580000412F2B080002900032CB2D010008E019A
:10259000B2B00001F6040224E2D32100B240F0F010
:1025A0000A0592E200050A0592E202050A0592E296
:1025B00004050A0592E206050A05929208050A0535
:1025C0001524B2B00004F4040324B2D02000F204B5
:1025D000B2D000066C0682430005B240000102053D
:1025E000B24001010405B2400201060582930E05C6
:1025F0000420C2930D0501204A3C92830E05C2734C
:102600000D0582930E052D20C2930D052A20C2933D
:102610001D051C24E2B20C050D2CD2831D050A20D9
:10262000E2C20C05B2B00004F4041524B2C00040AC
:10263000FA04113CE2D31405E2D20C05C2430D05A5
:1026400092430E05C2931C051924113CB2C00040F0
:10265000FA04E2D20C05D24268040D0592426A04E3
:102660000E05E2B20C051324C29369040724C29339
:1026700000050D24E2C20C0512D30C3CF290580068
:102680000005052CE2C20C0512D3C2A3000512D32B
:10269000C2A30005B2B010006C061024F2905900DD
:1026A00000050C20C2430005A2D34005A2D3420579
:1026B000B2D000106C06B2C010006C06F290600040
:1026C00000055029C2430005C2A30105F290300065
:1026D00001050320B2D000046C06B2B020006C06E5
:1026E0000D24F24059000005A2D34005A2D34205B3
:1026F000B2D000206C06B2C020006C06F2D20C05ED
:10270000B2C003004605C29312050320F2401E002A
:102710001205F290070012051828F2900A0012051F
:102720001424F2900C0012051024F2900F001205F0
:102730000C24F290140012050824F2901E001205D9
:102740000424F2903C0012051A200443554212055D
:1027500035900A00052835800A0034501000F83FF3
:10276000045505435592010507280C24C29313050F
:102770001F24D28313051C3C12C305A4F33FD2834C
:1027800013051620D24212051305B2501000100591
:10279000829310050220D2D31405F2D04000150513
:1027A000C29307050324F2D21405023CF2C21405B9
:1027B00092B3F40478249242B002D0049242B2025E
:1027C000D2049242B402D4049242B602D604924297
:1027D000B802D8049242BA02DA049242BC02DC0483
:1027E0009242BE02DE04B2B08000F604122492428D
:1027F0006006700692426206720692426406740691
:1028000092426606760692426806780692426A0608
:102810007A069242E005F0059242E205F205924204
:10282000E405F4059242E605F6059242E805F8054E
:102830009242EA05FA059242EC05FC059242EE0549
:10284000FE05924220052805924222052A05924261
:1028500024052C05924226052E05924210061806E4
:10286000924212061A06924214061C06924216065C
:102870001E06F2B040001505132482432005824352
:1028800022058243240582432605824310068243A3
:1028900012068243140682431606F2D02000150564
:1028A000B2D04000F40412D3F290600001055A281F
:1028B000C2430105B2D000046C06C2A30205F2D0E7
:1028C00010000C05F290240002054C28F2C06200B2
:1028D0000C05B2D000026C0692427A087C08824352
:1028E0007A08D2D34F05B2D00C006C06C243B206B0
:1028F000C243020512D3C2A30305F29203050228C4
:10290000D243030512D3C2A304055542050555451C
:10291000AD4AE29305051120F2B010000605052C22
:10292000F2B0030006050920063CE2B306050524C3
:10293000D2B30605022C12D345A3C2950405122872
:10294000D2430405E2D34F0512D3C2A30505F2908A
:10295000130005050728D2430505E2D24F0512D31F
:10296000C2A3060534413541B2C03C004605B24021
:10297000F0F0080592E20005080592E2020508055C
:1029800092E20405080592E206050805B2B00001CE
:10299000F6042C240512E2B220001724E2C3210021
:1029A000B2B0000244052124B2B0000842051D2C3B
:1029B000B2C00002440535402006B012724AB2D2BD
:1029C0007A08B2D000084005103CE2C32100B2B042
:1029D000000244050A2CB2D0000244053540280606
:1029E000B012724AB2D00008420535410512F2B069
:1029F00080003000132CB2B0000844051D2CB2B08A
:102A000000204205192CB2D000084405354090083A
:102A1000B012724AB2D0002040050E3CB2B000089D
:102A200044050A24B2C00008440535409808B01295
:102A3000724AB2D0002042053541F2C02000330076
:102A4000B2B02000F204BE2DF2B20C05BB25B2D00C
:102A50002000F404B73D92B38E01B42592C38E01D9
:102A6000B2B000808E01292C0F123F400A00B2B292
:102A70008E011A241F83FB233F41C243580031407B
:102A8000FC09B1400A110200B1C0D0000000F2D030
:102A900050001900F2D050001A00B2D000808E0110
:102AA000B2C000408E018E3D3F400A00B2B28E019E
:102AB000DC2F1F83FB233F41853D0F123F400A005F
:102AC000B2B28E0177211F83FB233F41F2C0030086
:102AD0002900F2C003001D00F2C080002200F2C0F5
:102AE00080002600E2C22900F2C040003100D2C3BB
:102AF0000C05E2C31F00F2C010003100B240885A3A
:102B00002001A24260018243620182436401824348
:102B10006601A2C3A001B2C03000A0018243A0019F
:102B20008243A2018243A601C2432D00C243250075
:102B3000F2C003000100F2C003000600F2C08000F2
:102B40002900F2C00A001900D2D31900E2C23100F4
:102B5000F2C00A003100E2C30000B2C010008401DC
:102B6000B2C010008E01B2C000808E01B2D0004011
:102B70008E01F2B02000AC04BE249242B002D00418
:102B80009242B202D2049242B402D4049242B602F9
:102B9000D6049242B802D8049242BA02DA049242AF
:102BA000BC02DC049242BE02DE04B2B08000F60435
:102BB00012249242600670069242620672069242A7
:102BC00064067406924266067606924268067806A5
:102BD00092426A067A069242E005F0059242E205C8
:102BE000F2059242E405F4059242E605F6059242AA
:102BF000E805F8059242EA05FA059242EC05FC0563
:102C00009242EE05FE05B01240BFB2409801A80402
:102C1000E242AB04B2407A08AE04B012E2C2B2B0F3
:102C20000004F4046324B240AA00E004B240860029
:102C3000A804D243AB04B240E004AE04B012E2C236
:102C4000F2B02000AC040624B2B02000F204022C42
:102C5000B012D4C8B2B00020F4042B249242200554
:102C60002805924222052A05924224052C0592420B
:102C700026052E05B0127ECAB240CD1CA804F24231
:102C8000AB04B2401006AE04B012E2C2924210058C
:102C9000E004E2D31405D2421405E204B240EB0092
:102CA000A804F2400300AB04B240E004AE04B0124A
:102CB000F4CB92D34205A2B3F8040724B2B00001CA
:102CC00044050324B2D000044205B01284DB9242D2
:102CD0001C05E004B240AC00A804E243AB04B240DF
:102CE000E004AE04B012F4CB82431C05B2C0000174
:102CF0004405B012D8CBB012FEC5F2C02000AC041F
:102D0000F2C080002900F2C00E001900E2D21A00C1
:102D1000B0124078C2435900C2435A00F2C0EF00DB
:102D20002100F2C010002200F2D0EB002200F2C31A
:102D30002600F2C0F7002900F2D0F7002A00F2C006
:102D4000F7002E00F2C0AE001900F240AE001A00EB
:102D5000F2C31B00F2C0BF001D00F2D0BF001E0076
:102D6000F2C0BF001F00F2C07F003100F2D07F0030
:102D70003200F2C3330032C20343B2D010008401E8
:102D8000C2435800F24060005600B2B00004F404A0
:102D90000724F2408A005700B1D0D8000000123C4E
:102DA000F24087005700B2C010008001B1C020007F
:102DB0000000083C3F400A00B2B28E017F261F830C
:102DC000FB233F410013C293A2051D20C293A6041A
:102DD0000C20F2B08000A704032CF2D01000A7044E
:102DE00082436201824366011B3C0F12F2400900DC
:102DF000A2051F42A404F24FA105824FA404D2836E
:102E0000A6043F41073CD283A205082412C35210F6
:102E1000A105042CB24060006601023C82436601B9
:102E200092C36201B25071027201B2507102760116
:102E300000130F12D2D32B08D2422C082D08D242F5
:102E40002E082F08B29028082808032CE2B265004B
:102E50000524E2D32B085F426600073C1F42280886
:102E6000DF426600000092532808D2C303003F41AE
:102E700000130F12C2932A0812241F422808F24F8F
:102E80006700824F2808D2832A080920E2C3010084
:102E9000F2B080002B08032CF2D010002B083F4129
:102EA00000130F12D2D3A704D2422F04AF02D24292
:102EB000A802A902B290C804A404032CE2B2D5006F
:102EC0000524E2D3A7045F42D600073C1F42A404B6
:102ED000DF42D60000009253A404D2C307003F4152
:102EE00000130F12C293A60412241F42A404F24F2F
:102EF000D700824FA404D283A6040920E2C30600AF
:102F0000F2B08000A704032CF2D01000A7043F41C8
:102F1000001310522E010013333C013C0013B2B0D9
:102F2000100066012A24B2B000016601042CB2D060
:102F300000016601223CA2B366010824A2C3660117
:102F4000B2C010006601E2D2A005173CF240710049
:102F5000D200E243D300F24005002F04D243A8027E
:102F6000C243D000B2C024016601B250F401760120
:102F7000B2D020006601E2D3A00592C3660100131F
:102F8000B250DC057401B2C010008401B2C0100060
:102F90008E01B2C00002A601F2C040002D0032D264
:102FA00092C36401B24010006401B2403000640179
:102FB000A2D3A001D283AC0202243040A43CB24090
:102FC0000C5A2001E242AC0292B38C01742492C3E9
:102FD0008C010F120E12D2B32300022412C3013C43
:102FE00012D31210360612103406121032061210C6
:102FF0003006C29340062020A2B36C061F203F403B
:10300000330692D36C06B0126644182092423406FE
:103010004206924236064406D242330641069242A6
:103020003006A806D2423206AA06B2D042006C068A
:10303000F2403F004006023CD283400692B338067D
:103040000420D2D32200D2C3210012113E06121056
:103050003C0612103A0612103806D2534706F29078
:10306000400047062220C2434706B2B000806C06EB
:103070000D2C924200063806924202063A0692420F
:1030800004063C06924206063E060F3C9242A80801
:1030900038069242AA083A069242AC083C0692428E
:1030A000AE083E06B2C000806C06D2C32200D2C376
:1030B00023003E413F41D2B3A7042624C293AF026E
:1030C0000324D283AF02563CD283A9020424D24205
:1030D0002F04AF024F3CE2B3A0050924B290B20422
:1030E000A404052CB2C010006601E2D2A005D2C330
:1030F000A704D2C30600E2B3A7040324E2C3060078
:103100000A3CF2D2A704363CF2B01000A7043224E5
:10311000D2B3D5002F2CB240B004A404F2C07C007E
:10312000D500F2C0BB00A704E2C22900F240E100D2
:10313000D100D2C3D100D2C30700D2D30600F2C05F
:1031400080002600B24004816601E2B2A005032C93
:10315000B2D010006601F2D010002E00824362014E
:10316000D2C3A005E2B3A0050524E2C3A005B2D0F6
:103170001000F60492B33A083924D2B32B081A246B
:10318000C2932D080324D2832D08303CD2832F080C
:103190000424D2422C082D08293CD2C32B08D2C3C8
:1031A0000100E2B32B080324E2C301000A3CF2D27F
:1031B0002B081C3CF2B010002B081824D2B3650079
:1031C000152CB24010082808F2C07C006500F2C03F
:1031D000BB002B08F2C040003100F240E10061006A
:1031E000D2C36100D2C30300D2D30100F2B02000E9
:1031F000AC04D224F2B08000FC04CE24B2B0400073
:10320000F404CA2CB2B08000F404C62C92B3F404C7
:1032100085249242B002D0049242B202D204924279
:10322000B402D4049242B602D6049242B802D80440
:103230009242BA02DA049242BC02DC049242BE021A
:10324000DE048243B0028243B2028243B40282436C
:10325000B6028243B8028243BA028243BC0282436E
:10326000BE02B2B08000F6041E24924260067006D0
:1032700092426206720692426406740692426606A2
:10328000760692426806780692426A067A06824379
:103290006006824362068243640682436606824376
:1032A000680682436A069242E005F0059242E20512
:1032B000F2059242E405F4059242E605F6059242D3
:1032C000E805F8059242EA05FA059242EC05FC058C
:1032D0009242EE05FE05F2B020001505182C924230
:1032E00020052805924222052A05924224052C0534
:1032F000924226052E0592421006180692421206A8
:103300001A06924214061C06924216061E0692C324
:10331000F404B2D04000F404F2C29F03A2B3F40458
:103320003B249252D204B2029262D004B002925272
:10333000D604B6029262D404B4029252DA04BA02FB
:103340009262D804B8029252DE04BE029262DC0499
:10335000BC02B2B08000F6041224925272066206D9
:103360009262700660069252760666069262740653
:10337000640692527A066A0692627806680692425B
:103380008C047C0492428E047E04A2C3F40492D383
:10339000F404F2C08000FC04D283AD025B20F24052
:1033A0002800AD02D283AE020F20F2401900AE0217
:1033B000A2D2F404D2B3A005072CA2C36601B2D0F6
:1033C00010006601E2C2A005F2B0400020000B2C04
:1033D000F2B040002000072CF2B040002000032C87
:1033E000D2532D030D3CC2932D030A24D2D32C03B8
:1033F000F29019002D030228E2D32C03C2432D03BF
:10340000F2B0200020000B2CF2B020002000072C8E
:10341000F2B020002000032CD2532E031B3CC29399
:103420002E030A24E2D22C03F29019002E03022864
:10343000F2D22C03C2432E03C2932C030B24C2935B
:103440002D030820C2932E030520F2B29F03022C05
:10345000F2D29F03B2B00004F404B224B2B08000F0
:10346000F604AE248293CC0237309282CE02560606
:103470009272CC025406829354062E34B2B00002EB
:10348000F4040D2492523604560692623404540613
:1034900092836E06212092423A046E060C3C9252B0
:1034A0003204560692623004540692836E0614204B
:1034B000924238046E0692536206826360069292CC
:1034C0007603600609280420929278036206042895
:1034D00082436206824360068293DC023730928226
:1034E000DE025A069272DC025806829358062E3487
:1034F000B2B00002F4040D24925236045A069262CD
:103500003404580692837C06212092423A047C06B9
:103510000C3C925232045A0692623004580692834E
:103520007C061420924238047C069253660682631D
:103530006406929276036406092804209292780326
:103540006606042882436606824364068293EC0280
:1035500037309282EE025E069272EC025C06829333
:103560005C062E34B2B00002F4040D2492523604EC
:103570005E06926234045C0692837E0621209242AB
:103580003A047E060C3C925232045E06926230048B
:103590005C0692837E061420924238047E06925383
:1035A0006A068263680692927603680609280420F8
:1035B000929278036A06042882436A068243680668
:1035C00082436202824360029252CE02620292629F
:1035D000CC0260029252DE0262029262DC0260025F
:1035E0009252EE0262029262EC02600282436A022E
:1035F0008243680292523A026A0292623802680278
:1036000092524A026A0292624802680292525A0236
:103610006A02926258026802C293D1030324D283E1
:10362000D103113CD2C32900C29339080320F2C050
:1036300010003100B2B00040F404052492B3F80445
:10364000022CE2C31D00C293D3030324D283D3030D
:10365000093CE2C32900F290200039080320F2C09F
:1036600010003100C293D5030324D283D503103C4C
:10367000B2B00040F4040C2CF29010003908032082
:10368000F2C01000310092B3F804022CE2C31D0016
:10369000C293D7030324D283D703093CD2C31D00AE
:1036A000F290300039080320F2C0100031008293FC
:1036B0006002C63092826202F20292726002F002EE
:1036C0008293F00215359253200592537E08B2B0D2
:1036D0000002F4040D2492523604F2029262340481
:1036E000F0029283D803802092423A04D8030C3C23
:1036F00092523204F20292623004F0029283D803B2
:10370000732092423804D8039253B2028263B0020B
:1037100092927603B0020928042092927803B202B2
:1037200004288243B2028243B00292927C04B00227
:103730005B2092927E04B2025720E2B2FC04252C58
:10374000E2B3FC04112CB2B01000F804422CB2D049
:103750001000F804B2D00001F804A2B2F804392431
:10376000B2D010004805353CB2B02000F804312C2E
:10377000B2D02000F804B2D00001F804A2B2F804DC
:103780002824B2D020004805243CE2B3FC04112CCC
:10379000B2B04000F8041D2CB2D04000F804B2D002
:1037A0000001F804A2B2F8041424B2D04000480585
:1037B000103CB2B08000F8040C2CB2D08000F804A9
:1037C000B2D00001F804A2B2F8040324B2D0800001
:1037D000480592B3F8040824A2B2F8040524E2D301
:1037E0001D00B2D00002F804C293D0031224D2C349
:1037F0002900C29339080320F2C010003100B2B092
:103800000040F4041A2492B3F804172CE2C31D00FC
:10381000143CD2D32900C29339080320F2D01000FF
:103820003100F2406400D103B2B00040F40405243A
:1038300092B3F804022CE2D31D00F2E3D003583C0B
:1038400092526202F60292626002F4028293F402E1
:103850004F3492532205B2B00002F4040D24925268
:103860003604F60292623404F4029283DA032120D1
:1038700092423A04DA030C3C92523204F60292620B
:103880003004F4029283DA03142092423804DA03FB
:103890009253B6028263B40292927603B40209286C
:1038A000042092927803B60204288243B60282432F
:1038B000B402B2B00080F4041B2CC293D2030A24D9
:1038C000E2C32900F290200039081020F2C0100055
:1038D00031000C3CE2D32900F2902000390803208B
:1038E000F2D010003100F2406400D303F2E3D203BF
:1038F000B2B00040F404B62C829368025B3092822E
:103900006A02FA0292726802F8028293F802AA34FA
:1039100092532405B2B00002F4040D2492523604EE
:10392000FA0292623404F8029283DC03212092426C
:103930003A04DC030C3C92523204FA0292623004E4
:10394000F8029283DC03142092423804DC03925381
:10395000BA028263B80292927603B8020928042060
:1039600092927803BA0204288243BA028243B802D0
:10397000C293D4030D24F290100039080320F2C042
:103980001000310092B3F804122CE2C31D000F3C6A
:10399000F2406400D503F290100039080320F2D001
:1039A0001000310092B3F804022CE2D31D00F2E3C0
:1039B000D403583C92526A02FE0292626802FC02F0
:1039C0008293FC024F3492532605B2B00002F404F5
:1039D0000D2492523604FE0292623404FC02928359
:1039E000DE03212092423A04DE030C3C9252320460
:1039F000FE0292623004FC029283DE0314209242A3
:103A00003804DE039253BE028263BC0292927603B4
:103A1000BC020928042092927803BE020428824343
:103A2000BE028243BC02B2B00080F4041B2CC293DD
:103A3000D6030A24D2C31D00F290300039081020AA
:103A4000F2C0100031000C3CD2D31D00F2903000C7
:103A500039080320F2D010003100F2406400D7038F
:103A6000F2E3D603B2B00004F4041C258243B2058D
:103A70008243B0059252B605B2059262B405B00514
:103A80009252BA05B2059262B805B0059252BE05CF
:103A9000B2059262BC05B0058243C2058243C005EF
:103AA0009252C605C2059262C405C0059252CA056B
:103AB000C2059262C805C0059252CE05C205926247
:103AC000CC05C0058293B0053A309282B205D2058A
:103AD0009272B005D0058293D0056A3492531006D5
:103AE000B2B00002F4040D2492523604D205926260
:103AF0003404D00592830806212092423A04080635
:103B00000C3C92523204D20592623004D00592836A
:103B1000080614209242380408069253E205826394
:103B2000E00592927603E00509280420929278033A
:103B3000E20504288243E2058243E005393C9252C3
:103B4000B205D6059262B005D4058293D40530340F
:103B500092531206B2B00002F4040D2492523604BD
:103B6000D60592623404D40592830A06212092423B
:103B70003A040A060C3C92523204D6059262300492
:103B8000D40592830A061420924238040A069253FE
:103B9000E6058263E40592927603E4050928042091
:103BA00092927803E60504288243E6058243E40501
:103BB000B2B00040F404762C8293C0053A30928271
:103BC000C205DA059272C005D8058293D8056A3419
:103BD00092531406B2B00002F4040D24925236043B
:103BE000DA0592623404D80592830C0621209242B1
:103BF0003A040C060C3C92523204DA05926230040C
:103C0000D80592830C061420924238040C06925375
:103C1000EA058263E80592927603E8050928042004
:103C200092927803EA0504288243EA058243E80574
:103C3000393C9252C205DE059262C005DC058293D2
:103C4000DC05303492531606B2B00002F4040D24A1
:103C500092523604DE0592623404DC0592830E062D
:103C6000212092423A040E060C3C92523204DE05A8
:103C700092623004DC0592830E06142092423804CE
:103C80000E069253EE058263EC0592927603EC05E4
:103C90000928042092927803EE0504288243EE0559
:103CA0008243EC0532C20343F2D040002D00B2D073
:103CB00010008401B2D010008E01B2D00002A60123
:103CC0000013A2C3A0010412051206120712121259
:103CD0003C0112123A0116425201F2C040002D007E
:103CE000B2C010008401B2C010008E01B2C010003A
:103CF000640132D21742400114424201154244018C
:103D0000164246018256E6038263E4032782D29379
:103D1000FD04022037800900058714826E03168295
:103D20006E0334E3145336E31653065435B0008063
:103D300092627E027E02B290FEFF7E027420B2B0DA
:103D400000047C020424B2C000047C02B23CF29065
:103D500030007802AE28F29070007802AA2C92D33C
:103D60007C0292420002C00292420202C2029242CD
:103D70000802C40292420A02C60292423002C802FB
:103D800092423202CA029242E403EC039242E603F8
:103D9000EE03824332028243300232C20343824541
:103DA00032018245380132D292423A0102029242F5
:103DB0003C01000282430A02824308028243E40378
:103DC0008243E603D24278027902C2437802B2B05B
:103DD00020007C02042C544279028254AA029242AE
:103DE00070047404924276047A0482457204824616
:103DF0007804A2C37C02F290120081000224A2D3B4
:103E00007C02B2B000207C02072CF240120081003C
:103E1000F24012008300263CF24013008100F24081
:103E2000130083001F3C32C20343824532018246A5
:103E3000380192523A01320292623C0130028245CC
:103E4000380192523A01020292623C01000282461B
:103E500032018246380132D292523A010A0292620B
:103E60003C010802D25378028245700482467604EF
:103E700092B37C021724B2B010008C02132CB2B0A3
:103E800010009C020F2C12D3D2624C054C05F29309
:103E90004C050620F2D040002B00B2D010007C026E
:103EA00092C37C02F290FA0078024928B2D0000452
:103EB0007C02C2434C0582430002824302028243D9
:103EC000080282430A028243300282433202824362
:103ED000E4038243E6038243CC028243CE02824360
:103EE000380282433A028243B4058243B6058243D4
:103EF000C4058243C6058243600382436203824352
:103F000064038243A0038243A2038243A403824347
:103F1000A6038243A8038243AA03C2437802B2B035
:103F200020007C02062CB2D000028C02B2D000022B
:103F30009C02B2D060007C02B2C010007C0214422D
:103F4000480115424A0116424C018256F60382632B
:103F5000F403058714827E0316827E0334E3145330
:103F600036E31653065435B0008092628E028E02FC
:103F7000B290FEFF8E027B20B2B000048C020424BB
:103F8000B2C000048C02B93CF29030008802B5281F
:103F9000F29070008802B12C92D38C0292421002EF
:103FA000D00292421202D20292421802D4029242EB
:103FB0001A02D60292424002D80292424202DA0229
:103FC0009242F403FC039242F603FE038243420250
:103FD0008243400232C203438245320182453801A6
:103FE00032D292423A01120292423C0110028243C2
:103FF0001A02824318028243F4038243F603D24238
:1040000088028902C2438802D24278027A02B2B0A0
:1040100020007C020824B2B020008C02042C544200
:1040200089028254AA029242800484049242860445
:104030008A048245820482468804A2C38C02F290DC
:10404000160084000224A2D38C02B2B000208C029D
:10405000072CF24016008400F24016008600263C31
:10406000F24017008400F240170086001F3C32C265
:104070000343824532018246380192523A0142029C
:1040800092623C0140028245380192523A0112028A
:1040900092623C011002824632018246380132D2DD
:1040A00092523A011A0292623C011802D2538802DB
:1040B000824580048246860492B38C021724B2B0F3
:1040C00010007C02132CB2B010009C020F2C12D3F3
:1040D000D2624D054D05F2934D050620F2D0400009
:1040E0002B00B2D010008C0292C38C02F290FA0026
:1040F00088024928B2D000048C02C2434D05824395
:104100001002824312028243180282431A0282433F
:104110004002824342028243DC028243DE02824347
:10412000480282434A028243B8058243BA05824369
:10413000C8058243CA058243F4038243F6038243DF
:10414000700382437203824374038243B003824349
:10415000B2038243B4038243B6038243B80382436B
:10416000BA03C2438802B2B020008C02062CB2D03F
:1041700000027C02B2D000029C02B2D060008C022D
:10418000B2C010008C0214424E011542500116427A
:1041900052018256060482630404058714828E034A
:1041A00016828E0334E3145336E31653065435B0A7
:1041B000008092629E029E02B290FEFF9E028420C8
:1041C000B2B000049C020424B2C000049C02C23CB1
:1041D000F29030009802BE28F29070009802BA2C3B
:1041E00092D39C02A2C39C02F29018008700022482
:1041F000A2D39C02B2B000209C02072CF24018000F
:104200008700F24098008900063CF24019008700C0
:10421000F24099008900A2D3A00192422002E0025C
:1042200092422202E20292422802E40292422A02CE
:10423000E60292425002E80292425202EA0292429E
:1042400004040C04924206040E0482435202824388
:10425000500232C20343824532018245380132D2D4
:1042600092423A01220292423C01200282432A02F7
:10427000824328028243040482430604D242980205
:104280009902C2439802D24278028A02D24288023C
:104290009A02B2B020007C020C24B2B020008C0242
:1042A0000824B2B020009C02042C5442990282548B
:1042B000AA02924290049404924296049A0482457F
:1042C0009204824698041F3C32C203438245320165
:1042D0008246380192523A01520292623C015002E7
:1042E0008245380192523A01220292623C01200238
:1042F000824632018246380132D292523A012A0273
:1043000092623C012802D253980282459004824670
:10431000960492B39C021724B2B010007C02132CB6
:10432000B2B010008C020F2C12D3D2624E054E0593
:10433000F2934E050620F2D040002B00B2D01000C0
:104340009C0292C39C02F290FA0098024928B2D0D3
:1043500000049C02C2434E05824320028243220293
:104360008243280282432A0282435002824352023D
:104370008243EC028243EE028243580282435A0295
:104380008243BC058243BE058243CC058243CE05F1
:1043900082430404824306048243800382438203EF
:1043A000824384038243C0038243C2038243C40323
:1043B0008243C6038243C8038243CA03C2439802AE
:1043C000B2B020009C02062CB2D000027C02B2D017
:1043D00000028C02B2D060009C02B2C010009C02AD
:1043E000A2D3A00132C20343B2D010008401B2D0E4
:1043F00010008E01B2D010006401F2D040002D00F8
:10440000B2413A01B2413C01374136413541344174
:104410000013F2B040002B002124F2C040002B001A
:1044200032D2B2B010007C020624B012764DB2C077
:1044300010007C02133CB2B010008C020624B012B3
:10444000B450B2C010008C02093CB2B010009C0203
:104450000524B0127E53B2C010009C02001300135A
:104460000013001300130E120D120C120B120A127D
:104470003B40CE002C423D40B7003A4005004E4D37
:104480004D4C4C4B7EEF0E120E5E2E517B415DEE7D
:1044900004455CEE03455B4E02451A83F0233F82E0
:1044A0000E4F92B36C06072CC24B4806C24C49060D
:1044B000C24D4A061F3C7B9F05207C9F03207D9FA9
:1044C0000120183C0F4E3BE37B9F13203CE37C9F75
:1044D00010203DE37D9F0D2092423006A0089242BD
:1044E0003206A20892423406A40892423606A60872
:1044F000013C1A530A933A413B413C413D413E4104
:104500003041000000FB4C860DD58AF6990CE1E69F
:10451000931AAA15EC3319177F9F3981A1C2CD27B1
:1045200034542BCF18ADD86732232BB4D5B2B82E64
:10453000FE3E894EC5720243849B4F7FD7C968A84F
:104540005693E4D0657DDC9E315AB0CF644B83E254
:10455000BD1AEE4656685129F7AA65715CFC7DA725
:10456000B0FBE9D10C129D8AE404861F480008378D
:104570009FF37B1905E215FEAE93D050AD2B1C2B9B
:10458000DD852726C9A131B63ECAFAB83C63B4C757
:104590002F32609FC99BD34F6D4A439606C58179E0
:1045A0005A7A35DC8CACD077E056591E68A252EEB0
:1045B00054CBE2AF8764B8F8FB43B47DB52D714EA0
:1045C00061F7D2A31929EF9FDF7693243A1533457B
:1045D0008AC8090C3E9000C5DC86EB22B8106E3EFE
:1045E000E6F7321DBBB40AC42BF188AD0711A1FC5C
:1045F0005D275BEDDCA0A15A563856AD74D0BA0BDE
:104600004F4147C9B7DEC54C9243626C7D9920FB90
:104610006FB9F794F571838AEE78C6688E5F64751A
:1046200013E23B7215C03E9336A79FCDEB19DA9487
:104630008621D800D7410C2C0D8A02F3B4F9BF3281
:104640000F263EF46AB8E315271859A1EEC0AD1540
:104650008C2BB23CD0497056BFE95A44A5DC53DAE2
:1046600043A896C55E0FC9A5434F8BBD7170F1F786
:104670008668FB7D247D6A5BE2911764678E689C87
:10468000C2EEA447335F0BB5A992B952DE3F45A1F4
:10469000A0BEED2648742AB338AC9DC692668A1433
:1046A0009013186B5F9E7C2001876C8771F58B8A55
:1046B000B90D2D09F6D6457020DC7CDB90FACCEFE5
:1046C0006537A3E3C13AEF3A7669148857EFC4D14E
:1046D000195DDDE2115BF56EC40E2242F8BB4E039C
:1046E000F7C84D963FB6DAB94043B5BB0F33AC704F
:1046F000AC573C2AA1A5265AE9A074179E8F5B18D7
:1047000079C214828E9295F10D6EBD8B98248763C9
:104710006801C4D8FA3F947CC90D703241F6253E39
:1047200069DE72EF28EBE3D3A765FD595B0615DD63
:10473000F08CD10BC0571CBFC8E7F34E116A42EA98
:1047400026C476E42A8DA8AC7B31A0807D26970212
:10475000B96C4E3F9AD733619BB54F658BB4290D29
:1047600042B001B9FC87AE831855CF9EA35692582C
:104770001A14FFAAEF04E669F27F650933E31E4CC1
:104780007CE500FA1399F6E8D570C62B4E3D67C854
:10479000CBFEC430B24227CDDDDC815B2A1857D175
:1047A00054D19F35266479A092E0AC69AC2A7ED3BF
:1047B000B5859F3373063F884AB9A6B4875DF80173
:1047C000AB610D502D8B475214BC1E924A879EB18F
:1047D000CB18167BE3ED37651BAE69E0E2EFF79D82
:1047E000700CD1F6FA48FA01047C2FFA42D4B6C410
:1047F000222FC8D9634ECE1CD1355057C3C95B3860
:1048000085DD0F125F42A7043FF0BF000F935620D3
:10481000D2B3D500532CB01226C7B2B2F0042B2C61
:104820005F42E0043FF00F003F9006000128233C68
:10483000F2C04000A704F2B08000E0040324F2D0EC
:104840004000A704D24F18FBD200D24F1EFBD3006A
:10485000D24F24FB2F045F42E0043FF030000F935F
:1048600007243F9010001324F240C000D000123CF7
:10487000C243D0000F3CF240C400D200F240090015
:10488000D300F24014002F04F2C04000A704F2400D
:104890008000D000B0124CC7B2B04000F004032C2E
:1048A000C293E0040320D243A802033CD242E004B6
:1048B000A802B2C01000F604D2D306003F41304136
:1048C0000F125F422B083FF0BF000F935520D2B369
:1048D0006500522CB01228C6B2B00008F2042B2C8E
:1048E0005F42E0043FF00F003F9006000128233CA8
:1048F000F2C040002B08F2B08000E0040324F2D0A4
:1049000040002B08D24F18FB6200D24F1EFB630001
:10491000D24F24FB2C085F42E0043FF030000F939D
:1049200007243F9010001324F240C0006000123CA6
:10493000C24360000F3CF240C4006200F240090034
:104940006300F24014002C08F2C040002B08F24033
:1049500080006000B2B00008F204032CC293E104AE
:104960000320D2432E08033CD242E1042E08B2C0F9
:104970002000F604D2D301003F4130410F12F2D0A3
:10498000100022003F404D001F83FE23D2B35A0087
:10499000052CA2D37A0892D3F204023C92C3F2040B
:1049A000F2C0100022003F413041A2D26C06F2B0AA
:1049B000200028000824B2B00010F204042CB2C079
:1049C0000001B808033CB2D00001B808D283AD049E
:1049D0001120B2D00010F404B2C04000F204F24042
:1049E0000700AD04F2D02000AC04F2400A00CF036F
:1049F000E2D33E08C293A2020E24D283A2020E206A
:104A0000F2C031009F03C243BC03C243BD03C24393
:104A1000BE03E2433C08F2D040009F03F2B04000E6
:104A20009F030824C293A0020324D283A002022081
:104A3000E2D29F03C29338080324D28338080320AC
:104A4000F2C003003508C293A1020324D283A1025D
:104A50000320F2C00300FF04F2B08000FC04082C25
:104A6000C293A3020324D283A3020220F2D29F03A3
:104A70003041D54200050000D54201050100D54274
:104A800002050200D54204050300D54205050400D5
:104A9000D54206050500B540F0F00600A5E5060084
:104AA00095E50200060095E5040006003041322934
:104AB0003231323132323110111213141532313297
:104AC00009120A120B120C120D120E1219420203D5
:104AD0001A4200031B4206030C433E4011000A9B8E
:104AE00001280A8B0C6C1E83062409590A6AF72BCD
:104AF0000A8B12D3F73F82430803824C0A033E41DC
:104B00003D413C413B413A413941304109120A1291
:104B10000B120C120D120E120F12194202031A423E
:104B200000031B4206033F4020000E430C430D438D
:104B300009590A6A0E6E0E9B01280E8B0C6C0D6DC6
:104B40001F83F623824D0803824C0A03824E0E0314
:104B50003F413E413D413C413B413A413941304179
:104B600082431003829300030A34B2E30003B2E3EA
:104B700002039253020382630003B2E310038293A1
:104B800006030634B2E3060392530603B2E31003AE
:104B9000B0120C4B829310030824B2E30803B2E373
:104BA0000A0392530A038263080330410712081272
:104BB00009120A120B120C120D120F1218420003E6
:104BC000174202030C480B47084307430A430943B3
:104BD0003F40200012D30767086809870A78032C32
:104BE00009570A68278317530B5B0C6C09690A6A1B
:104BF0000B5B0C6C09690A6A1F83ED238243140363
:104C000082481603824702033F413D413C413B41FC
:104C10003A4139413841374130410B120C120D12E3
:104C20000E120F121B4202031C4200033F402000E1
:104C30000D430E430B5B0C6C0DAD0EAE1F83FA23C0
:104C4000824D0A03824E08033F413E413D413C41B3
:104C50003B413041081209120A120B120C120D12BC
:104C60000E120F121B4202031C4200033F402000A1
:104C70000D430E4348430B5B0C6C0DAD0EAE48A8C4
:104C80001F83F92309432A4212C348100E100D1046
:104C900009101A83F92339900050032812C31DA369
:104CA0000EA3824D0A03824E08033F413E413D411F
:104CB0003C413B413A413941384130410B120C12E1
:104CC0000D120E122B430C430D434F5F0D6D4F5FC2
:104CD0000D6D4F5F0D6D4F5F0D6D0C5D0D431B83B3
:104CE00006240C5C0E4C0C5C0C5C0C5EEE3F0F4C16
:104CF0003E413D413C413B4130410B120C1232C21E
:104D0000034392420603300192420203380132D239
:104D100092423C013A0182433C0132C20343924237
:104D20000403340192420203380132D21C423C0196
:104D30001B423A0132C203439242060330019242BF
:104D40000003380132D21B523A010C6392423C01FB
:104D50003A0182433C01825C3A0182633C0132C2E7
:104D6000034392420403360192420003380132D2D7
:104D70003C413B413041081207121212000312124B
:104D800002031212080312120A031212060312126D
:104D90000E0352122A030743B0122E60B012BE5FF8
:104DA000B0124C60B012F460B012146192923C04E4
:104DB00016031134B2B020007C02092CB2D00002DC
:104DC0008C02B2D000029C02B2D000107C02B2D0A1
:104DD00020007C02603CB2B020007C020324B2D0F0
:104DE00000127C02B2C020007C02B2B000107C0233
:104DF000522CB2B020008C02252CB2B000108C02D4
:104E0000212C82430003B240A08C02035842790255
:104E100082480603B012C04A58427A02D2927902FE
:104E20007A0201281843188332C2034382483001B2
:104E300092420A03380132D292523A014E049262EF
:104E40003C014C04B2B020009C02252CB2B00010F2
:104E50009C02212C82430003B240A08C02035842E2
:104E6000790282480603B012C04A58428A02D2929E
:104E700079028A0201281843188332C20343824808
:104E8000300192420A03380132D292523A015E0452
:104E900092623C015C04B0126C61B0123A62B012D2
:104EA0007E62B012D462B012DC631843B012D659DD
:104EB00092421E03CE0292421C03CC02B0128865BD
:104EC000B012BA641843B0121A5C92421E033A023E
:104ED00092421C033802A2B37C020924F240030070
:104EE0002A0312C312104004D2832A03FA23B2B059
:104EF00040007C020124053C925240040E02826371
:104F00000C02B2B000017C020624B2C000207C0278
:104F1000C243E0030C3C929246044004082CF290F9
:104F20001200810016209292440440040F28F2904F
:104F3000120081000324E2436C03023CC2436C0371
:104F4000B2C000207C02C243E003183CD2436C0391
:104F5000023CC2436C03F2900A00E0030C2CD253D3
:104F6000E003F2900A00E003062CC2436C03B2C0D7
:104F700000207C02033CB2D000207C02D2537B0292
:104F8000F29040007B02022C30409250B0124A68EE
:104F900092420803680592420A036A05B012E26869
:104FA00092420803740592420A037605B01218660D
:104FB000B0125E67B012D467B2B020007C02442CFD
:104FC0009242240400039242260402039242AA025F
:104FD0000603B012C04AB2B000027C02032C924217
:104FE0000A0368038243AA02B2B000107C022C2C90
:104FF000B2B020008C02122CB2B000108C020E2C29
:10500000F24006002A0392424C041C0392424E04D2
:105010001E03B0127A5892421E036A03B2B02000F7
:105020009C02122CB2B000109C020E2CF240060022
:105030002A0392425C041C0392425E041E03B012D7
:105040007A5892421E037A03824304028243060284
:1050500082430C0282430E028243340282433602B0
:1050600082433C0282433E028243740282437602C0
:10507000C2437B0282434E0482434C0482435E045B
:1050800082435C04B2C000127C02B012886DB01280
:105090001E6AF2412A03B2410E03B2410603B24135
:1050A0000A03B2410803B2410203B241000337418F
:1050B0003841304108120712121200031212020383
:1050C0001212080312120A031212060312120E031E
:1050D00052122A0337401000B0122E60B012BE5F89
:1050E000B0124C60B012F460B012146192923C04A1
:1050F00016031134B2B020008C02092CB2D0000289
:105100007C02B2D000029C02B2D000108C02B2D05D
:1051100020008C02373CB2B020008C020324B2D0B5
:1051200000128C02B2C020008C02B2B000108C02BF
:10513000292CB2B020009C02252CB2B000109C0299
:10514000212C82430003B240A08C02035842890202
:1051500082480603B012C04A58429A02D29289028B
:105160009A0201281843188332C20343824830014F
:1051700092420A03380132D292523A016E0492628C
:105180003C016C04B0126C61B0123A62B0127E62E3
:10519000B012D462B012DC632843B012D6599242E6
:1051A0001E03DE0292421C03DC02B0128865B012BC
:1051B000BA642843B0121A5C92421E034A02924219
:1051C0001C034802A2B38C020924F24003002A0304
:1051D00012C312105004D2832A03FA23B2B0400043
:1051E0008C020124053C925250041E0282631C0270
:1051F000B2B000018C020624B2C000208C02C2436F
:10520000F0030C3C929256045004082CF2901600C5
:10521000840016209292540450040F28F290160035
:1052200084000324E2437C03023CC2437C03B2C0FB
:1052300000208C02C243F003183CD2437C03023CA2
:10524000C2437C03F2900A00F0030C2CD253F0030B
:10525000F2900A00F003062CC2437C03B2C0002087
:105260008C02033CB2D000208C02D2538B02F2900D
:1052700040008B02022C30405C53B0124A689242CC
:1052800008036C0592420A036E05B012E26892426E
:105290000803780592420A037A05B0121866B01224
:1052A0005E67B012D467B2B020007C021824B2B09E
:1052B00020008C02142C9242240400039242260403
:1052C00002039242AA020603B012C04AB2B0000220
:1052D0008C02032C92420A0368038243AA02B2B0F2
:1052E00020008C021A2CB2B000108C02162CB2B026
:1052F00020009C02122CB2B000109C020E2CF24036
:1053000006002A0392426C041C0392426E041E03A0
:10531000B0127A5892421E038A03824314028243D7
:10532000160282431C0282431E02824344028243CD
:10533000460282434C0282434E02824384028243ED
:105340008602C2438B0282436E0482436C04B2C065
:1053500000128C02B012886DB0121E6AF2412A034C
:10536000B2410E03B2410603B2410A03B24108033F
:10537000B2410203B24100033741384130410812C3
:105380000712121200031212020312120803121261
:105390000A031212060312120E0352122A03374096
:1053A0002000B0122E60B012BE5FB0124C60B0127E
:1053B000F460B012146192923C0416031134B2B03E
:1053C00020009C02092CB2D000027C02B2D0000264
:1053D0008C02B2D000109C02B2D020009C020A3C89
:1053E000B2B020009C020324B2D000129C02B2C0D2
:1053F00020009C02B0126C61B0123A62B0127E6260
:10540000B012D462B012DC6338400300B012D65937
:1054100092421E03EE0292421C03EC02B012886517
:10542000B012BA6438400300B0121A5C92421E03F4
:105430005A0292421C035802A2B39C020924F24071
:1054400003002A0312C312106004D2832A03FA2332
:10545000B2B040009C020124053C925260042E022E
:1054600082632C02B2B000019C020624B2C000206C
:105470009C02C24300040C3C929266046004082C17
:10548000F2901800870016209292640460040F289E
:10549000F290180087000324E2438C03023CC243CD
:1054A0008C03B2C000209C02C2430004183CD243CB
:1054B0008C03023CC2438C03F2900A0000040C2CC3
:1054C000D2530004F2900A000004062CC2438C035D
:1054D000B2C000209C02033CB2D000209C02D253F8
:1054E0009B02F29040009B02022C30409455B01277
:1054F0004A6892420803700592420A037205B0128C
:10550000E268924208037C0592420A037E05B012CB
:105510001866B0125E67B012D467B2B020007C0289
:105520001C24B2B020008C021824B2B020009C02CF
:10553000142C924224040003924226040203924255
:10554000AA020603B012C04AB2B000029C02032CA9
:1055500092420A0368038243AA02824324028243DE
:10556000260282432C0282432E028243540282434B
:10557000560282435C0282435E028243940282436B
:105580009602C2439B02B2C000129C02B012886D08
:10559000B0121E6AF2412A03B2410E03B241060361
:1055A000B2410A03B2410803B2410203B24100030F
:1055B000374138413041924218031A03B2B000809B
:1055C0001A030428B2E31A0392531A0332C20343A4
:1055D00092422803300192421A03380132D2924299
:1055E0003C013A0182433C0132C20343924226030A
:1055F000360192421A03380132D292523A013A01EC
:1056000092623C013C01B2B0008018030828B2E36A
:105610003A01B2E33C0192533A0182633C01928227
:105620003A011E0392723C011C033041081282436E
:105630000203B012604B18421803B2B00080180386
:10564000022438E3185332C2034392420A03300162
:105650008248380132D292423C013A0182433C01F5
:1056600032C203439242080336018248380132D2E3
:10567000B2B0008018030824B2E33A01B2E33C015F
:1056800092533A0182633C0192423A0118039242DA
:105690001E03280392421C032603B012B65538415C
:1056A00030410F125F42FD041F830F5F82431C03D2
:1056B000924FFCFA1E0382432603924FFCFA280302
:1056C000924248041803B012B65592421E032C04AD
:1056D0003F413041924012A41C0392400EA41E038D
:1056E000924006A42603924002A428039242580442
:1056F0001803B012B65592421C03240492421E03B2
:1057000026043041C2432A03829326030820829351
:105710002803052082431403824316036A3CB29097
:10572000FF7F2603292C9252280328039262260326
:105730002603B290FF7F26030D2C925228032803E4
:10574000926226032603D2532A03B290FF7F2603D8
:10575000072CE53F12C312102603121028030C3C3D
:1057600012C3121026031210280312C312102603AC
:1057700012102803D2832A03924226030003924286
:1057800028030203B0120C4BB290FF3F0803292CF0
:1057900092520A030A03926208030803B290FF3F81
:1057A00008030D2C92520A030A03926208030803AD
:1057B000D2532A03B290FF3F0803072CE53F12C3E0
:1057C0001210080312100A030C3C12C31210080333
:1057D00012100A0312C31210080312100A03D28314
:1057E0002A0392420803000392420A030203B01202
:1057F000AC4B3041C2432A03829326030820829394
:10580000280305208243140382431603353CB290DB
:10581000FF3F2603292C9252280328039262260375
:105820002603B290FF3F26030D2C92522803280333
:10583000926226032603D2532A03B290FF3F260327
:10584000072CE53F12C312102603121028030C3C4C
:1058500012C3121026031210280312C312102603BB
:1058600012102803D2832A03924226030003924295
:1058700028030203B012AC4B3041C2932A0319240F
:10588000B2B000801C030D24B2931C030820B29315
:105890001E03052082431C0382431E03023C12D3D5
:1058A000013C12C312101C0312101E03D2832A03E0
:1058B000E43F3041A24F0003924F02000203924F97
:1058C00008000803924F0A000A03B2B000800003E8
:1058D0000824B2E30203B2E300039253020382639B
:1058E000000312C3121000031210020312C312109D
:1058F000080312100A0382930803F32332C20343FE
:10590000924202033001B240E803380132D203432D
:1059100032C20343924200033401B240E80338012B
:1059200092423C01000392423A01020332D2924277
:105930000A030603829306030324B012C04A043C00
:105940008243080382430A03304192420E033A0124
:1059500082433C0132C20343924206033401924225
:105960000203380132D292423A010E0392423C01C4
:105970003A0182433C0132C20343924204033401A0
:1059800092420203380132D292423C010803924211
:105990003A010A0332C203439242060330019242A3
:1059A0000003380132D292523A010A0392623C015A
:1059B0000803924208033A0182433C0132C2034386
:1059C00092420403340192420003380132D29242DF
:1059D0003A0108033041B2B00004F4041D258243AB
:1059E0000003824302038243180382431A03B2B0C6
:1059F00000801C03032438D00001023C38C00001A1
:105A000058930420924282050E030C3C68930420B4
:105A1000924284050E03063C7890030003209242D4
:105A200086050E0392B380051124B2B000018005F3
:105A30000724928252050203927250050003063C2D
:105A4000925252050203926250050003A2B28005F1
:105A5000042C92B380055F24113CB2B00004800591
:105A6000072492825A050203927258050003063CED
:105A700092525A050203926258050003B2B00080A8
:105A800000030B2438D00002B2E30203B2E30003A8
:105A90009253020382630003023C38C00002824337
:105AA00004038243060358930720924274050403BB
:105AB000924276050603123C6893072092427805CD
:105AC000040392427A050603093C789003000620FD
:105AD00092427C05040392427E050603B0124A59A5
:105AE00038B000020824B2E30A03B2E30803925379
:105AF0000A038263080392420A03180392420803CE
:105B00001A03B2B040008005062492520A031E0315
:105B1000926208031C03A2B38005432492425405F9
:105B200000039242560502038243040382430603A4
:105B30005893072092426805040392426A050603BF
:105B4000123C6893072092426C05040392426E0552
:105B50000603093C78900300062092427005040376
:105B6000924272050603B0124A59B2B00002800593
:105B70000824B2E30A03B2E3080392530A038263E0
:105B8000080392520A031803926208031A03B2B080
:105B900040008005062492520A031E039262080305
:105BA0001C03B2B000801A030824B2E31803B2E366
:105BB0001A039253180382631A0338B000010824B1
:105BC000B2E31803B2E31A039253180382631A0371
:105BD00058930A2092420E03820592421803B6059A
:105BE00092421A03B405183C68930A2092420E03AD
:105BF000840592421803BA0592421A03B8050C3C78
:105C000078900300092092420E0386059242180301
:105C1000BE0592421A03BC053041B2B00004F40440
:105C20004F258243000382430203824318038243C9
:105C30001A03B2B000801C03032438D00001023CD8
:105C400038C0000158930420924288050E030C3C92
:105C50006893042092428A050E03063C7890030064
:105C6000032092428C050E03B2B280051124B2B01B
:105C700000088005072492825E05020392725C058B
:105C80000003063C92525E05020392625C0500032B
:105C9000B2B020008005042CB2B280056824113C0B
:105CA000B2B000208005072492826605020392723A
:105CB00064050003063C9252660502039262640585
:105CC0000003B2B0008000030B2438D00002B2E31E
:105CD0000203B2E300039253020382630003023C17
:105CE00038C00002824304038243060358930A200B
:105CF0009242740504039242760506039242880597
:105D00000E03183C68930A209242780504039242DD
:105D10007A05060392428A050E030C3C7890030034
:105D2000092092427C05040392427E0506039242BA
:105D30008C050E03B0124A5938B000020824B2E3B1
:105D40000A03B2E3080392530A03826308039242F0
:105D50000A031803924208031A03B2B040008005F8
:105D6000062492520A031E03926208031C03B2B077
:105D7000100080056A249242600500039242620589
:105D8000020382430403824306035893072092428E
:105D90006805040392426A050603123C68930720D3
:105DA00092426C05040392426E050603093C78900A
:105DB0000300062092427005040392427205060316
:105DC000B0124A5992420803000392420A030203A6
:105DD00082430403824306035893072092426805D6
:105DE000040392426A050603123C6893072092421C
:105DF0006C05040392426E050603093C789003008B
:105E00000620924270050403924272050603B01206
:105E10004A59B2B0001080050824B2E30A03B2E385
:105E2000080392530A038263080392520A03180379
:105E3000926208031A03B2B0400080050624925211
:105E40000A031E03926208031C03B2B000801A0307
:105E50000824B2E31803B2E31A03925318038263CF
:105E60001A0338B000010824B2E31803B2E31A039E
:105E70009253180382631A0358930A2092420E0326
:105E8000880592421803C60592421A03C405183CBD
:105E900068930A2092420E038A0592421803CA05AB
:105EA00092421A03C8050C3C7890030009209242E4
:105EB0000E038C0592421803CE0592421A03CC05BC
:105EC00030410F120E120D120C120B125F42FD0424
:105ED0001F830F5F1C4F2CFB1B4F34FBA2C3F2042C
:105EE000B2C01000FA04F2D00300AC04B240C01CEF
:105EF000A804F2400C00AB04B240E004AE04B012BF
:105F0000A2C3A2B3F204522C0F4332C20343B240E5
:105F1000B88D3001924FE004380192423C013A01C1
:105F200082433C01B24006003401924FE004380144
:105F30001E423C011D423A0132D2034332C20343A6
:105F4000824B3001824D380192423C013A0182433A
:105F50003C01824C3401824D38019F423C01E004F7
:105F60001D423A0132D2034332C20343824B300115
:105F7000824E38011D523A019F623C01E004924F6B
:105F8000E0043A0182433C01824C3401824E3801E4
:105F90000F5F8F4D52059F423A01500532D212C316
:105FA0000F102F533F900C00B02B033CB2D01000C9
:105FB000FA043B413C413D413E413F41304118479D
:105FC0007804B7B000807804022438E31853D793DC
:105FD0006C030724092808100810081038F0FF1F68
:105FE000033C085808580858B7B0008078040224C9
:105FF00038E3185332C20343924772043201824895
:10600000380197523A01320297623C01300232D293
:10601000034332C203438248320182483801975217
:106020003A010A0297623C01080232D2304192B32F
:10603000F6040424B012A25692C3F604A2B3F604E6
:106040000424B012D456A2C3F604304187937204DC
:106050000520B7B0008078044A24463C9247720479
:10606000000382430203B7E3740497537404924716
:1060700074040603B0120C4B18477A0438B0008041
:10608000022438E3185332C203438248300192425B
:106090000A03380132D292423C013A0182433C0168
:1060A00032C203438248340192420803380132D29B
:1060B000B7B000807A040824B2E33A01B2E33C01AD
:1060C00092533A0182633C01B7B000807804022405
:1060D0003843013C0843925778043A0182683C01F6
:1060E000B2B000803C010324B7C27C02023CB7D2AC
:1060F0007C0230419247EC0300039247EE03020317
:106100005847790282480603B012C04A97420A03F0
:106110006E0330419247C00226039247C202280311
:10612000824304035847790282480603B012045799
:10613000924202031C0397421603C20297421403C1
:10614000C002D2422A032003C2932A03082412C3A6
:106150001210140312101603D2832A03F53F97522C
:106160001603060297621403040230418793C402A7
:10617000142097923E04C602102CB7D040007C0237
:10618000F7900A00E103062CD753E103F7900A00C9
:10619000E1030F28C7436D030C3CC743E10312D34F
:1061A000D7676D036D03F7936D030320B7C04000FD
:1061B0007C029247C40226039247C6022803824308
:1061C00004035847790282480603B012045712C3E9
:1061D000121014031210160312100203924202034B
:1061E0001E0397421603C60297421403C402D2420A
:1061F0002A0321032842C2932A030524D2832A03B7
:106200001883F9230B3C9252020302039262160395
:1062100016039262140314031883ED23C2932A0316
:10622000082412C31210140312101603D2832A0377
:10623000F53F97421603400430419247C8020003DD
:106240009247CA02020382430403584779028248F4
:106250000603B012604B1211080312100A03B2B009
:1062600000800803032CA7D27C02023CA7C27C0258
:1062700097420A03CA0297420803C8023041924774
:10628000C202040392421C0306039247C6020003A3
:1062900092421E030203B012FA4C97423C01700274
:1062A00097423A017202C2932003082412C31710C6
:1062B000700217107202D2832003F53FC2932103AC
:1062C000082412C31710700217107202D283210320
:1062D000F53F30419247700226039247720228032D
:1062E0009257CA0228039267C802260382932603A4
:1062F0000834B2E32603B2E32803925328038263EF
:106300002603B012F45718421603924202031C03EC
:10631000D2422A0324039247700226039247720254
:1063200028039287CA0228039277C8022603829321
:1063300026030834B2E32603B2E32803925328036A
:1063400082632603B012F457924202031E03D24224
:106350002A0325038248040392421C030603924247
:106360001603000392421E030203B012FA4CC293BA
:106370002403082412C312103C0112103A01D283E4
:106380002403F53FC2932503082412C312103C01D5
:1063900012103A01D2832503F53F92423C011403C7
:1063A00092423A011603A7B27C020C24B7B27C02D7
:1063B0001424B2E31603B2E3140392531603826368
:1063C00014030B3CB7B27C020824B2E31603B2E319
:1063D0001403925316038263140330419247CA0296
:1063E0001E039247C8021C039247CA022803924721
:1063F000C8022603A7B37C02042C92473603180375
:10640000033C92473A031803B012B6559242160362
:106410002803924214032603A7B37C02042C92475C
:1064200038031803033C92473C031803B012B655D7
:10643000B7B080007C02192C979742044004152CB9
:106440009790E896400411289247420400039287EF
:10645000400400039247420406039280CE9606034E
:1064600092473E031803B0122C56B7B040007C028E
:10647000052482431C0382431E031E3CA7B37C02F7
:106480000524F24003002A03B0127A5897521E03E3
:10649000360297621C033402B7B000087C020C2459
:1064A000B2B000801C030824B2E31E03B2E31C0355
:1064B00092531E0382631C033041924216031E0353
:1064C000924214031C0392421603280392421403BF
:1064D0002603A7B37C02042C924736031803033C1F
:1064E00092473A031803B012B6559247CA022803DE
:1064F0009247C8022603B2E32803B2E3260392536D
:10650000280382632603A7B37C02042C9247380336
:106510001803033C92473C031803B012B655B7B0BA
:1065200080007C02192C979742044004152C979008
:10653000FA954004112892474204000392874004D0
:1065400000039247420406039280E09506039247B7
:106550003E031803B0122C56B7B040007C0205244D
:1065600082431C0382431E030E3CA7B37C02052416
:10657000F24003002A03B0127A5897521E033E02DB
:1065800097621C033C023041924772021E039247FD
:1065900070021C039247720228039247700226037E
:1065A000A7B37C02042C924736031803033C92479E
:1065B0003A031803B012B655B7B080007C02192C0C
:1065C000979742044004152C979060954004112839
:1065D000924742040003928740040003924742041A
:1065E000060392804695060392473E031803B012B5
:1065F0002C56B7B040007C020E2CA7B37C020524B9
:10660000F24003002A03B0127A5897521E03760212
:1066100097621C037402304132C203439247360230
:10662000300192422C04380132D292423C013A01AC
:1066300082433C0132C20343924734023601924204
:106640002C04380132D2D2422E042A0392423C0159
:106650001C0392423A011E03B0127A5897421C035F
:10666000A00397421E03A2039242A2039203924206
:10667000A00390039252B20392039262B00390037C
:106680009252C20392039262C0039003A2B3F80431
:10669000652482431E0382431C03B2B00080A00322
:1066A0000B24B2B000087C0207249282A2031E03CE
:1066B0009272A0031C03063C9252A2031E03926234
:1066C000A0031C03B2B00080B0030B24B2B00008DA
:1066D0008C0207249282B2031E039272B0031C0341
:1066E000063C9252B2031E039262B0031C03B2B086
:1066F0000080C0030B24B2B000089C0207249282E1
:10670000C2031E039272C0031C03063C9252C203D2
:106710001E039262C0031C03B2B000801C030C2451
:10672000B2B000087C021A24B2E31E03B2E31C03D9
:1067300092531E0382631C0358429D0482981C03DB
:106740000A280124043C92929E041E030428B2D01D
:106750000004F804033CB2C00004F804304132C223
:10676000034392473E02300192422C04380132D258
:1067700092423C013A0182433C0132C203439247B8
:106780003C02360192422C04380132D2D2422E040D
:106790002A0392423C011C0392423A011E03B012AA
:1067A0007A5897421C03A40397421E03A603924201
:1067B000A60396039242A40394039252B60396034F
:1067C0009262B40394039252C60396039262C40386
:1067D0009403304132C20343924776023001924221
:1067E0002C04380132D292423C013A0182433C01EE
:1067F00032C2034392477402360192422C0438019C
:1068000032D2D2422E042A0392423C011C0392420D
:106810003A011E03B0127A5897421C03A80397420C
:106820001E03AA039242AA039A039242A803980362
:106830009252BA039A039262B80398039252CA031F
:106840009A039262C80398033041924704021C03E2
:10685000924706021E03924704022603924706024D
:106860002803924730031803B012B65532C20343CF
:1068700092421E03300192422804380132D29242E1
:106880003C013A0182433C0132C2034392421C0361
:10689000340192422804380132D297423A0160030F
:1068A00092476003000382430203D293FD04032056
:1068B000B2408A160603B240F0550603B0120C4BE4
:1068C00092420803040392420A0306039242080319
:1068D000000392420A03020382430E03B0124A5994
:1068E000304192470C021C0392470E021E0392474E
:1068F0000C02260392470E022803A7B37C02042C45
:10690000924732031803033C924734031803B01232
:10691000B65532C2034392421E03300192422A040A
:10692000380132D292423C013A0182433C0132C2E8
:10693000034392421C03340192422A04380132D2AA
:10694000A7B37C022E24B290F0003A012A2C32C266
:10695000034392423A013001B2401000380132D272
:10696000F24003002A03C2932A03062412C3121022
:106970003A01D2832A03F73F18423A01E2422A033E
:1069800082431C0392423A011E03B0127A5892428B
:106990001E033A0138F00F003892112892533A0141
:1069A0000E3CF24003002A03C2932A03082412C3B8
:1069B00012103C0112103A01D2832A03F53F97428C
:1069C0003C01620397423A01640392476203000369
:1069D000924764030203F2900300FD04052012C3F2
:1069E00012100003121002039242020300038243BA
:1069F0000203B24088130603B0120C4B9242080304
:106A0000040392420A0306039242080300039242DF
:106A10000A03020382430E03B0124A5930410F1297
:106A20000E120D12B2B00001B808E424B7B0400055
:106A3000E803E024B7C08000E803B7B01000E80323
:106A40002A248293B6080320B2408813B6088243F2
:106A500008039242B6080A03824304039242680381
:106A60000603924258041803B012FC6B92421803BA
:106A70005804924218034804B2D00300F604B2C08E
:106A80001000E803B2C01000F803B2C01000080400
:106A9000B7D08010E8031E4387BEE803A5240D4E3F
:106AA0001DC35F42FD041F8302243D52FC3F0D5D68
:106AB0001F4EAE6D0F578F9300001C208F93020066
:106AC00019202E920420B7B2E80301242D52B7B04A
:106AD0000040E803082C9F4DB46D00002D539F4DDE
:106AE000B46D0200073C9F4DF46D00002D539F4D87
:106AF000F46D0200BFB000800000762CBFB00080B3
:106B0000F8FF722CA24F0803924F02000A03924F23
:106B1000F8FF0403924FFAFF06032E924B20B7B200
:106B2000E80348248F93040008208F930600052073
:106B3000AF4F04009F4F02000600BFB0008004006A
:106B4000532CBFB00080FCFF4F2CB7B00040E803CF
:106B500003243D403C03023C3D4038030D57A24D09
:106B60001803B0128C6C9D4218030000B7C2E803F2
:106B7000B7D00008E803A24F0803924F02000A03AF
:106B8000924FF8FF0403924FFAFF0603925FFEFF55
:106B90000603926FFCFF0403121104031210060394
:106BA000925F06000A03926F0400080312110803A3
:106BB00012100A03B7B00040E80303241F4EA86D6B
:106BC000023C1F4EA26D0F57A24F1803B012FC6B70
:106BD0009F421803000087CEE8038E1087DEE8038B
:106BE0008E10B7D08000E8030E5E3E925523B7C0EA
:106BF0004000E8033D413E413F41304192420403A1
:106C0000000392420603020392820A030203927275
:106C100008030003B2B000800003924202030003A5
:106C20008243020312100003121002038293040332
:106C30000420B2B0008006030924121104031210CC
:106C400006031211000312100203F03FB012604B52
:106C5000B2E30A0392530A0332C2034392420A0385
:106C6000320192421803380192423C013A01925299
:106C70003A013A01925218033A0192820A033A0108
:106C800092423A01180332D2034330410E120D12E0
:106C90000C120B120A120912924FF8FF0403924FC2
:106CA000FAFF0603924F04000003924F060002030E
:106CB00082430E03B0124A591C420E031D420A03BE
:106CC0001E420803924FFCFF0403924FFEFF06038F
:106CD000A24F0003924F0200020382430E03B01240
:106CE0004A591C820E031D720A031E720803924F3A
:106CF000F8FF0403924FFAFF0603A24F0003924FDE
:106D00000200020382430E03B0124A5919420E03D5
:106D10001A420A031B420803924FFCFF0403924FDE
:106D2000FEFF0603924F04000003924F0600020389
:106D300082430E03B0124A5919520E031A620A0313
:106D40001B6208030B9303203AB0008006240E1147
:106D50000D100C100B110A10F53F824D0003824CF0
:106D60000203824A0603B012604B12110A039252C8
:106D700018030A0392420A03180339413A413B417E
:106D80003C413D413E413041B7B08000E80308241A
:106D9000B0128CBDB7C08000E803B7D00080E80314
:106DA0003041300332033603300334033A03F8082A
:106DB000FC08C80800008A16000088130000B270A2
:106DC0000000B04F0000D85900008813010038C1FE
:106DD0000100A53D0000D859000010270300708273
:106DE00002004A7B0000D85900008813010038C116
:106DF0000100A53D00008A160000F4010000450BCB
:106E00000000F8070000D8590000B80B0100880DF9
:106E1000000096BE0000D85900008813010038C158
:106E20000100A53D0000D8590000F4010000EC2C41
:106E30000000C41F0F12F2C010001D003F400600EA
:106E4000D24F5C6E9C03F2429D03B012646E1F83AE
:106E5000F723F2D010001D003F4130410006041816
:106E6000970283000A12B2B010008E01022432C2CF
:106E70000343F2C21D00D2629C039C03032CE2C2B6
:106E80001D00023CE2D21D00F2D21D00B2B0100083
:106E90008E01012432D23A4005001A83FE23D283A8
:106EA0009D03E1233A4130410F12B0123C71F2C010
:106EB00010001D00F240A0009C03F2429D03B0129E
:106EC000646EC2439C03D2439D03B012646EF240D1
:106ED00010009E033F401004F24F9C03F2429D03BA
:106EE000B012646ED2839E03F723C2439C03F24226
:106EF0009D03F2D010001D00E2D21D00D2422004FA
:106F0000A302F2C29F03C2932C030324D2422304A0
:106F1000A202C2432C033F41304104120512061263
:106F20000712081209120A120B120643D2B39F036A
:106F3000052CF2B010009F033C24363CE292CC03B7
:106F40002920E293CE030D24F2900300CE031224F5
:106F5000B2B020007C02172CB2B020008C02132C9F
:106F6000283CB2B020007C020E2CB2B020009C0263
:106F70000A2C1F3CB2B020008C02052CB2B02000BD
:106F80009C02012C163CF2D0C0001204F2D080000A
:106F90001904CB3CF2900A00CC030320E293CE0309
:106FA0001728F292CC0305281A42AC031B42AE0309
:106FB0006B3CD2B39F030C24B2B00080AC03082416
:106FC000B2E3AE03B2E3AC039253AE038263AC030D
:106FD0009242AC0300039242AE030203D2B39F037A
:106FE0000E2CB24018000603B01242BC92420803B5
:106FF000000392420A030203B012544C213CB01227
:107000001A4CF2900A00CC031B201A420A030B43CD
:107010001442500604540B6B04540B6B04540B6B5A
:1070200004540B6BB2B040006C06062C3A409999A0
:107030003B40990082435206B2C040006C06243C9B
:1070400092420803AC0392420A03AE031A420803B9
:107050001B420A03D2B39F031724F2900500CC030E
:107060000120043CF2900600CC030E200443284289
:1070700012C30A100B1004101883FA233490005026
:10708000032812C31BA30AA3344009000643174375
:10709000054314834A2428420B5B0A6A056518835A
:1070A000FB232492182826B3162CF2B080009F03ED
:1070B000022426D3103CD2B39F03052CF2B010005B
:1070C0009F030624033CF292CC03022826D3033C00
:1070D0000593042426D3554588FA013C054316B38D
:1070E000032439401004023C39401704851038400D
:1070F00007000555032CC9C70000023CC9D7000092
:10710000289206203980030007570757075707576B
:1071100019531883EE2316E312C307100711071142
:10712000071116B3B52F0757B33F3B413A413941D9
:107130003841374136413541344130410C120D124E
:107140000E120F123E4010043F428E4300002E5399
:107150001F83FB23E2B33E081225E2C33E0882935D
:10716000F20409208293F00406208293FA0403209B
:10717000C243BF03043D1F42F2040E431E533E9020
:10718000110002281E83083C12C30F10F72B5E92D9
:10719000BF03F42BF327203C1F42F0041E533E9004
:1071A000210002281E83083C12C30F10F72B5E92A9
:1071B000BF03F42BF327103C1F42FA041E533E90EA
:1071C00031000328C243BF03D63F12C30F10F62B72
:1071D0005E92BF03F32BF227C24EBF037E900A00DC
:1071E0000E287E90140016287E901E001B287E908C
:1071F00028002628C4247E9032002F28C03CE2D2EA
:107200001704F2D044001804E2D21904F2D044006A
:107210001A042B3CF2D040001804E2D219047E80FC
:107220000A00233CE2D21704F2D040001804F2D046
:1072300040001904F2D044001A047E801400153C6A
:10724000E2D21704F2D040001804F2D0440019042E
:10725000E2D21A047E801E00083CF2D044001804DA
:10726000F2D0440019047E8028004E930B20E2D215
:107270001004F2D044001104E2D21204F2D044000F
:1072800013046E3C5E930620F2D040001104E2D25B
:107290001204663C6E930C20E2D21004F2D040003F
:1072A0001104F2D040001204F2D044001304583C00
:1072B0007E9003000B20E2D21004F2D040001104B3
:1072C000F2D044001204E2D213044A3C6E9207202A
:1072D000F2D044001104F2D044001204413C7E90EC
:1072E00005000A20E2D21004E2D21104F2D04400D8
:1072F0001204E2D21304343C7E9006000B20E2D24A
:107300001004E2D21104F2D044001204F2D044007E
:107310001304263C7E9007000820E2D21004F2D02D
:1073200040001104E2D212041B3C7E920C20E2D2F7
:107330001004F2D044001104F2D044001204F2D040
:10734000440013040D3C7E9009000A20E2D2100490
:10735000F2D044001104F2D044001204E2D213042B
:10736000E2D31704E2D31804F2D020001904F2D0BB
:1073700022001A04F2D02000120430403278F2C009
:1073800080009F03B01234E4B012C87CB0121A6FB0
:10739000D2B39F03FC2CF2D0E4001404E2B39F03A9
:1073A000152CB2B020007C020324F2C0800014042B
:1073B000B2B020008C020324F2C040001404B2B02A
:1073C00020009C020324F2C020001404F2C022001A
:1073D0001504F2C022001604F2C020001704C29364
:1073E000BC032B24F2900500BC030F24F29006008E
:1073F000BC030B24F2901300BC030B24F290140086
:10740000BC030724E2D31604073CF2D02000170483
:10741000033CF2D020001604D293BC030E24F29059
:107420000500BC030A24F2900700BC030624F29076
:107430001300BC030224E2D31504F2B010009F0332
:107440001D24E2C21404F2C005001004F2C055006D
:107450001104F2C055001204F2C055001304F2C02A
:1074600003001704F2C033001804F2C033001904FB
:10747000F2C033001A04E2D21304DB3DC293BD0311
:107480000720F2D044001504F2D005001604223C77
:10749000D293BD030720F2D044001504F2D01400AB
:1074A0001604183CE293BD030920F2D21404F2D072
:1074B00089001504F2D0880016040C3CF2900300F9
:1074C000BD030820F2D21404F2D098001504F2D0C3
:1074D00088001604D293BC031628F2900500BC0362
:1074E000122CF2C21404F2C0C0001504E2C2160449
:1074F000D2B3F807042CF2D0C00010049A3DF2D0A9
:1075000030001004963DD2B3FC040C2C5E42BE0346
:107510000E5E2E835F42FC043FF006000E9F0224A5
:107520003E43013C0E43F2900600BE030228C243D4
:10753000BE035F42BE030F5F005F053C083C0A3C90
:107540000C3C0E3C1D3CF2D010001404723D3F4038
:107550008000083C3F404000053C3F402000023C8A
:107560003F401000C2DF1004F2B040009F036125CD
:107570000E935F25E2B39F035C2DC2CF1004593DEB
:10758000F2D010001404F2D020001504523DE2D2D3
:107590001404F2900A00CC03CF24F2900B00CC0329
:1075A0002225F292CC039D2CE292CC031320E2938D
:1075B000CE030824F2900300CE030824F2D0C000CA
:1075C0001404373DF2D0A0001404333DF2D0600023
:1075D00014042F3DF2900700CC030420F2D0F000F9
:1075E0001404343CC293CE031020F2900300CC0369
:1075F0000828F2900600CC030424F2D08000140482
:10760000163CF2D010001404213CD293CE03042087
:10761000F2D0800014040B3CE293CE030420F2D09D
:1076200040001404093CF2D0200014040A3C1C421F
:10763000A0031D42A4030E3C1C42B0031D42B40330
:10764000093C1C42C0031D42C403043C1C4290037D
:107650001D4294033CB000800424F2D010001604B4
:10766000023CD2D316043DB000800424F2D01000B6
:107670001504023CD2D31504C293CC030320E2D2FA
:107680001504D73CD293CC030620F2D21504F2D0D5
:1076900088001604CE3CE293CC030620F2D21504F7
:1076A000F2D080001604C53CF2900300CC03032006
:1076B000F2D21504BE3CF2900500CC030420F2D0B7
:1076C00080001604B63CF2900600CC030320D2D30F
:1076D0001404AF3CF2900700CC03AB20E2D31404B7
:1076E000A83CE2C21004F2C044001104F2C04400FD
:1076F0001204F2C044001304E2C31704F2C02200D3
:107700001804F2C022001904F2C022001A04E2C2D6
:107710001404F292CC030720F2D040001204F2D0FD
:1077200020001904863CF2900900CC038220E2D2AA
:107730001304E2D31A047D3CF2900A00CC035320D8
:10774000E2C21404E293CE031C2CE2C21004F2C085
:1077500044001104F2C044001204F2C044001304B7
:10776000E2C21704F2C044001804F2C04400190435
:10777000F2C044001A04F2D040001204F2D04000DB
:107780001904F2C033001504F2C033001604F2C02D
:1077900030001704F2B0100052060324F2D020008B
:1077A0001704E2B252060924F2D010001704F2D0F6
:1077B00011001604D2D31504163CE2B352060C2471
:1077C000F2D010001704D2D31604D2B352060B2401
:1077D000F2D010001604073CD2B352060424F2D0B3
:1077E00010001704003CF2900B00CC032220E2C2F0
:1077F0001404F2C21004F2C088001104F2C0880020
:107800001204F2C088001304F2C21704F2C0880008
:107810001804F2C088001904F2C088001A045E42FD
:10782000CE031E533F4000010F111E83FD23C2DF14
:107830001004E2E39F033F413E413D413C41304162
:10784000F2C010001D00F240A0009C03F2429D0314
:10785000B012646EC2439C03D2439D03B012646EA7
:10786000F24010009E03F2439C03F2429D03B012CB
:10787000646ED2839E03F723F2D010001D00E2D283
:107880001D0030410F120E120D12F2B010009F03B6
:107890000124B33CD293BC033A28F2900500BC0308
:1078A000362C5D42BC035F4205051D830A243F90D0
:1078B000100002203F8006001F83F7233F40120084
:1078C000F43FB01284CB5F42BD030F5F0F5FD2B3B2
:1078D000F80701242F5332C20343924FE0043001D2
:1078E000B24060EA380192423C01000392423A0100
:1078F000020332D25F421205824F0603B0120C4BD4
:1079000092420803AC0392420A03AE03A73CF2B0D2
:1079100020009F03522CC293BE0301243A3C5F42D5
:10792000BD030F5F0F5F0D430E43E242BE03B01273
:10793000A0C11E5FE2041D6FE004D283BE03F723E3
:10794000C293BC031524B012C4D41E8FE2041D7F61
:10795000E0043DB000800C243EE33DE31E530D6384
:107960001E8278031D7276033EE33DE31E530D63D2
:107970008F4DE0048F4EE2049F928603E00432288C
:1079800004209F928803E2042D28F2D080009F03F8
:10799000293CB012A0C1C293BC0324245F42BD03A2
:1079A0000F5F0F5F1E4FE2041D4FE004B012C4D4FE
:1079B0001E8FE2041D7FE004CC3FD283BC03B012D3
:1079C000C4D45F42BD030F5F0F5F1E4FE2041D4F23
:1079D000E004D253BC03B012C4D41E8FE2041D7F56
:1079E000E004B73F5F42BD030F5F0F5F924FE004BB
:1079F000AC03924FE204AE03313C5D42BC03F29013
:107A00000700BC0302283D8006005E4205055F4278
:107A100006051D8310243E90100002203E800600C3
:107A20001E83F7233E4012003FB00F0002203F802C
:107A300006001F83EE3F8243AE03C24FAE030D43E9
:107A40000E110D100E110D100E110D100E110D1046
:107A5000825DAE038243AC03825EAC033D413E4196
:107A60003F4130410D120E120F12F2900C00CC0368
:107A70000228C243CC035F42CC030F5F0F5F005F5D
:107A80003040B07A3040B07A3040B07A3040DE7A60
:107A90003040DE7A3040DE7A30402A7B3040567B00
:107AA0003040627B30409A7B3040D27B3040F87B64
:107AB0005D42CC035E42CE033F4090030D9303240E
:107AC0002F521D83FB3F0E9304243F5010001E8352
:107AD000FA3FA24FAC03924F0200AE03F13C5E426C
:107AE000CE03E292CC03032C3F406003093CF290AA
:107AF0000500CC03032C3F406A03023C3F40620375
:107B00002E9304283F5010001E83FA3FF290050088
:107B1000CC0305248243AC03A24FAE03D13CA24F59
:107B2000AC03924F0200AE03CB3C5E42CE033F401B
:107B300090030E9304243F5010001E83FA3FB012AE
:107B4000B45892420A03660392420803AC0392427D
:107B50000A03AE03B53C8243AC0392426803AE0312
:107B6000AF3C8243AE03D2420005AE035F42010543
:107B70000E430F110E100F110E100F110E100F11DA
:107B80000E10825EAE038243AC03D2420205AC0308
:107B90009210AC03825FAC03933C8243AE03D242AB
:107BA0000605AE035F4205050E430F110E100F11BF
:107BB0000E100F110E100F110E10825EAE038243D5
:107BC000AC03D2420405AC039210AC03825FAC0359
:107BD000773CC293CE03092092425006AE03B2F026
:107BE000FF0FAE038243AC036B3C9242B008AE037E
:107BF0009242B208AC03643C5E42CE030E5E924EEB
:107C00007880A804F2D00300AC04E243AB04B24095
:107C1000E004AE04B012A2C3F2B00C00AC044C20DD
:107C20009242E004A804F2D00300AC04F2400C003D
:107C3000AB04B240E004AE04B012A2C3F2B00C0038
:107C4000AC043A20C293CE031B203E402006003CE9
:107C50003F40F0F032C203432FEE1FEE02001FEE52
:107C6000040032D21F9E0600272032C20343A24ED8
:107C7000E004924E0200E204924E0400E40432D288
:107C8000E293CE030D24D242E404AC03D242E304D7
:107C9000AD03D242E204AE03D242E504AF03103C8E
:107CA000C243AE03D242E204AF03D242E104AC03CA
:107CB000D242E004AD03043C8243AC038243AE03F2
:107CC0003F413E413D4130410F120E120D123D40E9
:107CD000C804D2B3FC041224B2B00004F404072C8C
:107CE000BDF001010000BDF0010102000A3CBDF041
:107CF00021210000BDF021210200033CCD930000B2
:107D00000220DDD300003D90CC0403243D40CC0490
:107D1000E03FF2B040009F0306245D423C083D90E6
:107D200003000A28083CD2B39F0306245D423D08A5
:107D30003D900C0001280D43033CB012E07EFC3F57
:107D4000D2B39F03952CE2B29F035124F2B01000EE
:107D50009F030424F2C010009F037E3CD253BE0355
:107D6000B2B00040F404022C2E42013C2E43B2B0CB
:107D70000004F4040D24D293BC030F28F2900500F4
:107D8000BC030B2CD2E3F807D2B3F807652C093CEF
:107D9000F2900500BE032B28043CF2900600BE03BF
:107DA0002628C243BE03D253BD03B2B00080F40400
:107DB0000224D253BD03C29EBD031928C243BD0392
:107DC000F2B040009F03B92FC293BC031024F2907D
:107DD0000500BC030C24F2900600BC030824F290BA
:107DE0001300BC03042CF2D010009F03353CC29357
:107DF000BC030824F2900500BC03042CE2B29F03EC
:107E00002B2C313C1E435F42BE030F9303240E5EB6
:107E10001F83FB3F5F42BD036F9201200F430F1191
:107E20000F5F3F50C804F2B040009F03012C2F5257
:107E30006F4F0FBE012C8A3FE2B29F031624D2B3CC
:107E4000FC040E2C5E42BE030E5E2E835F42FC04D9
:107E50003FF00E000E9F0424D2422204A002033CF5
:107E6000D2422104A002E2C29F03B01284782E3CC9
:107E7000F2B040009F03032CC24DCC03033CD24D13
:107E80007480CC03E2B29F031F24D253CE03F2903E
:107E90000A00CC030724F2900B00CC030520D293F8
:107EA000CE030220D253CE03E292CE030828C2436F
:107EB000CE03F2B040009F03402FB0123680D24272
:107EC0002204A002E2C29F03B012647AF2B0400022
:107ED0009F030224C24D3C083D413E413F41304199
:107EE0000F120E12E2C29F03F2B040009F03042C57
:107EF000D2B39F031724793CB2B00040F604062C9D
:107F0000B2B00004F404022C2D43083C1D533D90F4
:107F1000030001280D43CD9370806120D24D748001
:107F2000BC030B3CD253BC03D293BC030620B2B0BB
:107F30000020F404022CE252BC03F2901500BC03B2
:107F40000328C243BC03173CC293BC031424F29021
:107F50000500BC031024F2900600BC030C24F29030
:107F60001300BC03082CF2B040009F03042CF2D095
:107F700010009F03033CF2C010009F03E293BC0378
:107F80001028F2900500BC030C24F2900700BC03FB
:107F90000824F2901300BC030424F2D020009F03B5
:107FA000033CF2C020009F03D2C39F03C243BD0322
:107FB000C243BE03D2B3FC040E2C5E42BE030E5E6F
:107FC0002E835F42FC043FF00E000E9F0424D24239
:107FD0002204A0022D3CD2422104A002293CD24D11
:107FE0007480CC03D2D39F031E3C1D53B2B000401B
:107FF000F604042C3D900A0001201D53B2B0000489
:10800000F4040B2CB2B00040F604032C3D92092876
:10801000073C3D900B000528033C7D900C00012897
:108020000D43C24DCC03B0123680D2422204A002CE
:108030003E413F413041F2400300CE03F290030045
:10804000CC031328F2900600CC030F24F2900A0010
:10805000CC030B24F2900B00CC030724F290070012
:10806000CC03052CD243CE03023CC243CE033041A5
:108070000101000008090001AF00FC1CF900FC0030
:108080000F120E120D123E4003001F42A204B24016
:108090004EA52A0192B32C01FD23B240885A20013B
:1080A00032C20343B24000A52C01B24002A5280110
:1080B0008F43000092B32C01FD23B24000A528019C
:1080C000B2E010332C0132D23D402000BF930000BB
:1080D0000124043C2F531D83F923053C1E83D52323
:1080E000B2D01000F2043D413E413F4130410F12F9
:1080F0000E123E4003001F42A204B2404EA52A01C8
:1081000092B32C01FD23B240885A200132C20343AE
:10811000B24000A52C01B24040A528019F42A00416
:10812000000092B32C01FD23B24000A52801B2E06B
:1081300010332C0132D29F92A004000005241E832C
:10814000DA23B2D01000F2043E413F4130410F1219
:108150000D120C120A12B2C00002F2043D423F405E
:1081600000103C403003B012FC810A930324B2D0CB
:108170000002F2043D423F4014103C404003B01264
:10818000FC810A930324B2D00002F2043D423F4036
:1081900028103C405003B012FC810A930324B2D053
:1081A0000002F2043D4005003F403C103C404004CA
:1081B000B012FC810A930324B2D00002F2043D40C5
:1081C00005003F404A103C405004B012FC810A9325
:1081D0000324B2D00002F2043D4006003F40581094
:1081E0003C406004B012FC810A930324B2D0000228
:1081F000F2043A413C413D413F4130410E120B12E5
:10820000091208120712094F084D074C0A433E4055
:1082100003000F490D480C473B40F0F0BC4F0000F5
:108220002BEC2C531D83FA232B9F03241E83F12355
:108230003A433741384139413B413E4130410F12C9
:108240000E120D120C120B120A120912081207124A
:1082500006120512041224C21942B40607498249C3
:10826000B606B2500300B6063990B0042620F2B02C
:108270004000A70404241742A404378003001F42CF
:10828000A404F2B08000A70405245F42AA053F5071
:10829000B0040749D242FF04B30635409005A54912
:1082A0000000954902000200954904000400954928
:1082B000060006005642A705373C399010082620D4
:1082C000F2B040002B08042417422808378003002E
:1082D0001F422808F2B080002B0805245F423408B2
:1082E0003F5010080749D2423508B306354098057B
:1082F000A5490000954902000200954904000400C8
:10830000954906000600564233080E3CE9920100EA
:108310000628F990070001000224304080B91F426E
:10832000B006D242B206B306B2B00001B8080324C8
:10833000E2D2B306023CE2C2B306C9930000222493
:10834000D992FE0400001E24F990FE0000001920BE
:10835000F990030001000E20E2B2B306132CF9924B
:1083600002001024F9900C0002000C24F9900D007A
:1083700002000824F990070001000320E2B2B306CE
:10838000012C1E3D084F1882B4062F833990B0048B
:108390001320F2B08000A704252CC248AA05B01211
:1083A000F6BB8D10CE9D000001240A3D8D101E539A
:1083B000CE9D00001724043D399010081320F2B020
:1083C00080002B080F2CC2483408B012F6BB8D1069
:1083D000CE9D00000124F43C8D101E53CE9D000064
:1083E0000124EE3CF990FE0000000920F990030002
:1083F00001000520F9920200022030408289399064
:1084000080061824B2B00001B8080324E2D2B306F3
:10841000113CE2C2B3065F42B3063FF003000A24F8
:108420003990B0040420F240F000A102033CF24075
:10843000F0003808F990090001000128C13CD24938
:108440000200DF07F2F03F00DF07F99003000100B0
:108450000420F2D04000DF07073CF990070001003C
:108460000320F2D08000DF070F435F4901000F5F58
:108470000F5F005F304098843040F4843040908536
:108480003040B2853040FEA03040B6A33040C6A791
:108490003040ECAA304098AD28929220B2B000044F
:1084A000F4042424F2B04000DF07052CF2B0800071
:1084B000DF07042C1B3C3E40D007023C3E40D70760
:1084C0005F42DF073FF03F001D433F9203281E53EA
:1084D0003F82FB3F0F9303241F830D5DFB3FCEDDE7
:1084E0000000D253DE07B2D000404205C74301006E
:1084F000304062B838900B006320D99302001D24ED
:10850000E99302000224304042B8E2C3AC04B24016
:108510004800A804F2400600AB049242B606AE043E
:10852000B01218CCF2B2AC040420E2B2AC041D24A8
:10853000473CB2D00020F204433CE2C3AC04B2405A
:108540004F00A804F2400600AB049242B606AE0407
:10855000B01218CCF2B2AC040420E2B2AC0408248D
:108560002F3CB2D00020F2042B3CE2D3B306023CF5
:10857000D2D3B3063990B0040420F240F000A10237
:108580008D3F399010088A23F240F0003808863F6A
:10859000289216203990800608243990B0040320D0
:1085A000C243A102023CC2433808F2C00700B3062E
:1085B000753FC99300000620D992FE0400000224F2
:1085C0003040D0B8F99038000200FA2F0F435F49CD
:1085D00002000F5F0F5F005F3040B8863040E287D7
:1085E00030409688304042B830401489304040894D
:1085F000304042B8304042B830408289304042B8C2
:1086000030409C8B304042B83040CA8B3040128D95
:10861000304042B8304042B830400C9530403A8F3C
:10862000304042B8304042B8304046903040BE9072
:1086300030402A913040CA9230400C953040989595
:10864000304042B830402296304042B8304042B8C4
:10865000304042B830408C8F30404C9630404E977E
:108660003040A4973040CE9730407298304042B8A6
:10867000304042B83040CA9830409A9930409A9978
:108680003040E4993040B49A30400A9B3040769BA9
:108690003040B69B3040529D3040DE9D3040489E79
:1086A0003040BE903040BA9E3040229F30408A9F7A
:1086B0003040F09F304040A0B2B00004F4042425C4
:1086C000B2B00020F4042025389007007923E2930B
:1086D000B3061E29C99303001725F9902E00030045
:1086E000132DD249030012055E4212055F420105B7
:1086F000B012BC4C0F9E02280F8EFC3F0E8FC24E54
:108700001305F2C0F7001405E2D3140582431005E7
:1087100082432005824322058243240582432605A5
:1087200082431006824312068243140682431606D1
:1087300082431E05F2C070001505D993040002287B
:108740000724E23CF2C080001505E2C21405053C96
:10875000F2D080001505E2D2140592421005E00423
:10876000D2421405E204D2420205E304D2420105DA
:10877000E4045F4212055F8213050F930D24F2B0EB
:108780000F00E4040520F2800700E4041F83F53F96
:10879000D283E4041F83F13FD2420405E504D242B0
:1087A0000505E604D2420605E704D2421205E804B4
:1087B000B240A200A804F2400900AB04B240E004B9
:1087C000AE04B2C00080F004B012F4CBF2B00C00E2
:1087D000AC040424B2D00080F004983CB2D2480526
:1087E000913C38900D00EC22D293B3069128F9F019
:1087F0003F000300F9F03F000500F9F03F000700DB
:10880000F9F03F000900C99303007E24D2B3FC04B1
:10881000122C5F4907003FF01F003F901F0074209B
:10882000B2B00040F404072C5F4909003FF01F007C
:108830003F901F0069201E42B6063F40C804FF4E0D
:1088400000001F533F90D004FA23B2B00004F40498
:10885000092C3F40C804FFF01F0000001F533F9049
:10886000D004F92BD2B3FC040724FFF02100000050
:108870001F533F90D004F92BB2405C00A804F24291
:10888000AB049242B606AE04B012F4CBF2B00C00C8
:10889000AC043C20373C389009009222D293B306B6
:1088A0003728D99303003028F990050004002C28BC
:1088B000F990050005002828F990050006002428F5
:1088C0001E42B6063F402004FF4E00001F533F905B
:1088D0002404FA23B2406500A804E242AB049242A9
:1088E000B606AE04B012F4CBF2B00C00AC040E200D
:1088F000D2422004A302D2422104A002D242230485
:10890000A202003C30409C84304042B8304048B81D
:1089100030404EB8389006005322E293B306F82B4D
:10892000E9930300F12FC99303000524D2D30C056A
:10893000E2D31F00043CD2C30C05E2C31F00E23F98
:10894000389006003D22D293B306E22BB01228C61F
:10895000D2490300E204B2404400A804F2400300FC
:10896000AB04B240E004AE04B012F4CBF2B00C00A1
:10897000AC04CC23D2490300FE04D942FE0400001B
:10898000C13FB2B00004F404BF273890050018229C
:108990000F433E40E0041D4F00BE1C4F00BE1B4F66
:1089A0000EBE1A4F1CBEFE4D0000FE4D01002E53A0
:1089B0001B83F9233F920A202E820D4EDE4D0200CA
:1089C0000100DE4D030002003E5003003F90060010
:1089D0001F2C2E82BCB0008000000824BEE30200E1
:1089E000BEE300009E5302008E6300000B4C3BF080
:1089F000F0FFBBB0008000000324BED00080000068
:108A0000BBB0008004000324BED0004000002E5202
:108A10003C5010000D4C1B4F0EBE1A83C423924FC6
:108A20002ABEA804B240E004AE04D24F38BEAB0464
:108A3000B012E2C2F2B00C00AC04AE202F533F9053
:108A40000E00A72B3F4090033E40E0042D42B012A1
:108A5000B4581C420A03CE4C01008C10CE4C0200CC
:108A6000CE430000BFB0008000000324FED0800091
:108A70000000BFB0008004000324FED040000000CE
:108A80003F5010003E5003001D83E123B240B50863
:108A9000A804B240E004AE04F2400C00AB04B012F3
:108AA000E2C2F2B00C00AC04772032C2034392421F
:108AB0000005E00492420205E20492420405E40447
:108AC00092420605E60432D2B240CC08A804B24075
:108AD000E004AE04F242AB04B012E2C2F2B00C0009
:108AE000AC045A205D42BE03E242BE033C40190979
:108AF0000F471F530E43CF4300001F531E533E909A
:108B00001000F92BB012A0C1B2B00004F204442C42
:108B10002842B01264BD824CA804B240E004AE0406
:108B2000F2401000AB04B012E2C2F2B00C00AC0490
:108B300015203C801100D283BE03E423824CA8049C
:108B40008247AE049253AE04F2401000AB04B01260
:108B5000E2C2F2B00C00AC040120033CC24DBE03E3
:108B60001B3CC24DBE03F990FE0000001320B2D0A2
:108B70008000FA04B01286C6B2B08000F0040C2C5B
:108B8000B2D2E004B012B0C6F2B00C00AC040420C3
:108B90003040D0B830409C84304048B83890050010
:108BA000C421B2B00004F404C225B2B04000F604FF
:108BB000BE25B2B00001B808BE25B2405020AE05B7
:108BC000B0128EF6B2D2F604AE3D38900D00AD2153
:108BD000E293B306B029B2B00004F404012CA73D1F
:108BE000F99060000300FB2F5F4903003FF00F0086
:108BF0003F900A00F42FF99060000400F02F5F49C5
:108C000004003FF00F003F900A00E92FF990240084
:108C10000500E52F5F4905003FF00F003F900A0077
:108C2000DE2FC9930600DB27F9920600D82FC993DF
:108C30000800D527F99013000800D12F5F490800DC
:108C40003FF00F003F900A00CA2FF99099000900E9
:108C5000C62F5F4909003FF00F003F900A00BF2F69
:108C6000C9930700BC275F4908005F4FAD4AE993ED
:108C700008001120F9B010000900052CF9B003001C
:108C800009000920063CE9B309000524D9B309000D
:108C9000022C12D34FA3C99F0700A12F5F490700E1
:108CA0003FF00F003F900A009A2FE9930A00972F98
:108CB000B2D020007A08A2D34005B01284DB1E4255
:108CC000B6063F40000532C20343FF4E00001F536B
:108CD0003F900805FA2BB240F0F0080592E200053B
:108CE000080592E20205080592E20405080592E2F1
:108CF00006050805F2C042000C0592439001D242DD
:108D000068040D0592426A040E0532D2A2D34205D0
:108D10000A3D38920A21D293B3060D29B2B000045D
:108D2000F404022C043D053DF99060000300FA2F85
:108D30005F4903003FF00F003F900A00F32FF990C6
:108D400060000400EF2F5F4904003FF00F003F90E8
:108D50000A00E82FF99024000500E42F5F49050080
:108D60003FF00F003F900A00DD2FF2B040000C05ED
:108D70000224304056B8D94903001000D9490400F4
:108D80001100D9490500120032C20343D94204053B
:108D90001300D94205051400D9420605150032D248
:108DA0000C43D992020505001F2801240B3CD992DF
:108DB0000105040019280124053CD992000503008F
:108DC00013286224C2431C055F4202055E4201056E
:108DD0005D420005D74905000500D749040004009D
:108DE000D74903000300113CF2431C055F4905000D
:108DF0005E4904005D490300D74202050500D742E1
:108E000001050400D742000503005F970500052413
:108E100012D30FA35F97050085235E9704001A24E1
:108E200012D30EA33E90600001280E435E9704000B
:108E300006243C503C003C90F100F22B733F12D3CF
:108E40000DA33D906100052C1C533C90F100F72BC5
:108E5000693F0D435D970300072412D30DA31C53F4
:108E60003C90F100F72B5E3F32C20343C24C1D051C
:108E7000D2531D05C2430D0592430E0532D29243D3
:108E80009001F2D040000C05B2D020007A08A2D3A5
:108E90004005B01284DBA2C3F204A2C3FA04F2D0EC
:108EA0000300AC04B240B200A804E243AB04B240F9
:108EB000E004AE04B012A2C3A2B3F2040324A2D30E
:108EC000FA04313F9242E0044A05A2C2FA049242F7
:108ED0004A05A804F2400C00AB04B240E004AE0422
:108EE000B012A2C3A2B3F2040324A2D2FA041B3F1D
:108EF00092491000E60492491200E80492491400D5
:108F0000EA0492424A05A804F2400C00AB04B240C5
:108F1000E004AE04B012E2C2A2B3F204042FB2D055
:108F20000040FA04003C30409C843040D0B83040CF
:108F300042B8304048B830404EB838900E00F52363
:108F4000B2B00040F604F327D9930300F023E29374
:108F5000B306F12BD2490400A808D2490500A9089C
:108F6000D2490600AA08D2490700AB08D249080036
:108F7000AC08D2490900AD08D2490A00AE08D2496E
:108F80000B00AF08B2D000806C06CD3F38901200C5
:108F9000CC23D99303000424E99303002924C73F79
:108FA000D293B306C82BE2C3AC04B2404F00A8046E
:108FB000F2400600AB048249AE04A252AE04B012E5
:108FC00018CCF2B2AC043B20E2B2AC04AE23B24007
:108FD0004F00A804F2400600AB048249AE04B25030
:108FE0000A00AE04B012F4CBA2B3F20428209B3FD7
:108FF000E293B306A02BE2C3AC04B2404800A8043D
:10900000F2400600AB048249AE04A252AE04B01294
:1090100018CCF2B2AC041320E2B2AC048623B24006
:109020004800A804F2400600AB048249AE04B250E6
:109030000A00AE04B012F4CBA2B3F2047427B2D08B
:109040000020F204763F389007006F2392B33A086D
:109050006E27399010080E243990B0040720E2B32F
:10906000A005042CE292B306622B073CE293B30600
:10907000622B033CD293B3065E2B5F4903003FF0A3
:109080000F003F900600532FB01228C6D2490300AC
:10909000E004D2490400E104B2404400A804F240D4
:1090A0000300AB04B240E004AE04B012F4CBF2B063
:1090B0000C00AC043E23B2D02000F604343F3890BC
:1090C00006003323399010080420E292B3062F2BB8
:1090D0000D3C3990B0040320E2B3A0050424E293D0
:1090E000B306292B033CD293B306252BF990150028
:1090F000020002243040909E5F4903003FF00F00C1
:109100003F900600142FB2405A00A804D243AB048B
:109110009242B606AE04B012F4CBF2B00C00AC042E
:109120000823B2D01000F604FE3E38900500FD2260
:10913000F2B08000FC04F92EE293B306FC2A3F4013
:10914000D0043E40B00232C20343BF4E0000BF4EC7
:10915000020032D22F523E90C002F52BB2B0000472
:10916000F4042224B2B08000F6040F243F407006BD
:109170003E40600632C20343BF4E0000BF4E0200B5
:1091800032D22F523E906C06F52B3F40F0053E4008
:10919000E00532C20343BF4E0000BF4E020032D290
:1091A0002F523E90F005F52BB01240BFF2B00C00EC
:1091B000AC04BF22B2409801A804E242AB04B24022
:1091C0007A08AE04B012E2C2F2B00C00AC04B122D4
:1091D000B2B00004F4045E24B2B00020F4044724CA
:1091E00032C20343924220052805924222052A05F5
:1091F000924224052C05924226052E0532D2B01249
:109200007ECAF2B00C00AC04942232C203439242F4
:1092100010061806924212061A06924214061C06FE
:10922000924216061E0632D2B240CD1CA804F2426B
:10923000AB04B2401006AE04B012E2C2F2B00C00B1
:10924000AC04772292421005E004D2421405E204F5
:10925000B240EB00A804F2400300AB04B240E004CB
:10926000AE04B012F4CBF2B00C00AC046222924215
:109270001C05E004B240AC00A804E243AB04B240D9
:10928000E004AE04B012F4CBF2B00C00AC045122F6
:1092900082431C05B012D8CBF2B00C00AC044922BA
:1092A000B01286C6B2B08000F004432EA2D2E00411
:1092B000B2D00001F404B012B0C6F2B00C00AC049D
:1092C0003822F2C0200032002E3E389018000224CE
:1092D0003040D0B8B2B00001B80816253B4080003D
:1092E00038400E00B2C00040E803B2C00040F803AE
:1092F000B2C0004008040C49C9BB03001224005846
:10930000C93C0F3C8A3C493C383C0B3C0E3C003C81
:10931000B2D00040E803B2D00040F803B2D0004021
:1093200008040B112883E737ED3C3F40C0083D405F
:1093300006008F4302008F4300008F4306008F43D7
:1093400004008F430A008F4308008F430E008F43B1
:109350000C003F5010001D83EC238243B608C2432B
:10936000B508C243B408B2C0FFBFE803B2C0FFBF34
:10937000F803B2C0FFBF0804D43FD2491000B708B9
:10938000D2491100B608B2D01000E803B2D01000E4
:10939000F803B2D010000804C43FD253B4083E40D2
:1093A000A0033F40C0080D43FC9306000620FC9339
:1093B00005000320FC93040024249F5E02000200A9
:1093C000AF6E00009F5E060006009F6E0400040062
:1093D000DF5C06000A00DF6C05000B00DF6C040098
:1093E0000800ADD2E803DF5C0F000E00DF6C0E005A
:1093F0000F00DF6C0D000C00E9B303000224BDD2A6
:10940000E8033E5010003F5010003C5003003D5018
:1094100010003D903000C82B843FD253B5083E4029
:1094200060033F40F0080D43AF5E02008F63000011
:109430009F5E040006009F6E02000400FC9305007E
:109440000320FC9304000A24DF5C05000A00DF6CA3
:1094500004000B008F6308009DD3E803FC930B000E
:109460000320FC930A000A24DF5C0B000E00DF6C73
:109470000A000F008F630C00ADD3E8033E501000CC
:109480003F5010002C533D5010003D903000CC2B2D
:10949000304022933F40C0080D433D903000032CE4
:1094A0005A42B408023C5A42B5080A931B241E4390
:1094B0000E9A05240E5E3E900001FA2B253C0A11FF
:1094C0000A9310242F111F1002001F1104001F10F7
:1094D00006001F1108001F100A001F110C001F10AA
:1094E0000E00ED3F3F5010003D5010003D906000D9
:1094F000D42BB2D04000E803B2D04000F803B2D081
:109500004000080430409C84304042B83890060047
:10951000D421F990100002000424B2B00004F40435
:10952000CE25E293B306CF29B01286C6B2B0800032
:10953000F004C721F990100002001224C99303001F
:109540000924D9930300BB21B2D00008F404E2D36C
:10955000E0041B3CB2C00008F404E2C3E004153C84
:10956000C99303000524D99303000924304042B86D
:10957000B2C000406C06F2C04000E004063CB2D02D
:1095800000406C06F2D04000E004B012B0C6F2B069
:109590000C00AC0496218F3D38900B008E21B2B0A8
:1095A0000004F4048C25E293B3068D29D9930300BB
:1095B0008629F99023000300822DD99304007F2986
:1095C000F99204007C2DD99305007929F9901300B4
:1095D0000500752DE99306007229F9902400060014
:1095E0006E2DD99307006B29F9920700682DD99346
:1095F00008006529F99013000800612DB240910020
:10960000A804F2400600AB049242B606AE04B012C3
:10961000F4CBF2B00C00AC045421F2D010000C05D5
:109620004A3D389009004921E293B3064C29B240E3
:109630009D00A804E242AB049242B606AE04B0120A
:10964000F4CBF2B00C00AC043C21353D3890050061
:109650003421E292B30637293F40B0023E40D004A5
:1096600032C203438F4300008F4302008E43000049
:109670008E43020032D22E522F523F90C002F02B66
:109680002F428243A804F2401000AB04B240D00441
:10969000AE04B012F4CBF2B00C00AC041221B280D4
:1096A000EF00A8041F83EF23B2B00004F4044E249B
:1096B0003D406100B2400002A804F2E02000310009
:1096C000F2401000AB04B2400008AE04B012E2C297
:1096D000F2B00C00AC04F520B2501100A8041D83B8
:1096E000EC233F40E00532C203438F4300008F4329
:1096F000020032D22F523F900006F52B3F40600609
:1097000032C203438F4300008F4302008F43100097
:109710008F43120032D22F523F906C06F12B2D4214
:10972000B2402A09A804F2400C00AB04B240700613
:10973000AE04B012E2C2F2B00C00AC04C220B250CF
:109740000D00A8041D83EF23A2D24805B43C389035
:109750000500B320E293B306B62892B0E2EEF4041B
:10976000AE24B2400101E004B2400101E204B24083
:109770000101E404B2400101E604B2408800A804FB
:10978000F242AB04B240E004AE04B012F4CBF2B04B
:109790000C00AC040220B012B4D5B012D4C8A2D2CE
:1097A0004805893C389009008820E293B3068B284D
:1097B000B2409800A804E242AB049242B606AE045E
:1097C000B012E2C2F2B00C00AC047B20743C3890C2
:1097D0000E007320B2B00020F4047124E293B306AB
:1097E00072285F4903000F936A243F901300672C8F
:1097F0003FF00F003F900A00622C2D420E495F4E51
:1098000004003F9060005B2C3FF00F003F900A0087
:10981000562C5F4E05003F902400512C3FF00F0066
:109820003F900A004C2C2E531D83E9235F4903000F
:10983000B012BC4CB240850FA804B2500900A80475
:109840001F83FB23F242AB048249AE04A252AE0452
:10985000B012E2C2F2B00C00AC043320B2B020006F
:109860004605062CB2D000084805B2D020004605B7
:10987000223C389005002120B2B00020F4041F24BF
:10988000E293B30620283F405E09824FA804F240CD
:109890001000AB04B2400008AE04B012E2C2F2B055
:1098A0000C00AC040E203F5011003F902A0AED2B13
:1098B000B2D00010480530409C843040D0B83040D1
:1098C00042B8304048B830404EB838900600F523D2
:1098D000E293B306F82BD99303000C280124EF3F41
:1098E000B2D00002F4041E4234041D4236041C426D
:1098F0003A04093CB2C00002F4041E4230041D4286
:1099000032041C4238043F40F0028F4E00008F4D5D
:1099100002002F523F900003F82B3F40D8038F4C9A
:1099200000002F533F90E003FA2B3F40D0058F4EAD
:1099300000008F4D02002F523F90E005F82B3F4072
:1099400008068F4C00002F533F901006FA2B3F4023
:1099500054068F4E00008F4D02002F523F9060063C
:10996000F82B824C6E06824C7C06824C7E06B0122E
:1099700086C6B2B08000F004A423B2B00002F404A2
:10998000032CD2C3E004023CD2D3E004B012B0C630
:10999000F2B00C00AC0495238E3F389007008D2365
:1099A000E292B306902BC99303008927E992030042
:1099B000862F3D400001F9902800020002243D401E
:1099C00080005F4903003E406C023E5010001F8340
:1099D000FC23C993040003248EDD00006C3F8ECD70
:1099E0000000693F389006006823E293B3066B2BB2
:1099F000C99303001024D99303000124603FD2D3FC
:109A0000FC043F40C804FFF0210000001F533F90BA
:109A1000D004F92B113CD2C3FC04B01258C8B2B028
:109A20000004F404092C3F40C804FFF01F000000AC
:109A30001F533F90D004F92BB0125CC6B2B0008027
:109A4000F2043F23D2B3FC04032CD2C3E004023C53
:109A5000D2D3E004B2405600A804D243AB04B240D3
:109A6000E004AE04B012F4CBF2B00C00AC04292335
:109A70005F42FC043FF006000F930D24D2B3FC04B8
:109A80000A24F2B02000AC041C27F2F08F00FC0482
:109A9000F2D08000FC04B2B00004F4040A2492B3B3
:109AA0004605072CB2D010007A0892D3480592D30D
:109AB0004605013F389006000023B2B00004F404CC
:109AC000FE2EE293B306FF2AE9920300F82ED2B3EA
:109AD000FC04F52E5E4903003EF007000E5E5F4277
:109AE000FC043FF006000E9F0F24F2F08F00FC04F0
:109AF0000E5E0E5E0E5EC25EFC04F2B02000AC0490
:109B00006825F2D08000FC04603D38926021E29329
:109B1000B3066329D24903009D04D24904009E0480
:109B200092109E04D24905009E04B2406A00A80427
:109B3000F2400300AB04B2409D04AE04B012F4CB7B
:109B4000F2B00C00AC04472192B3F8040B24A2B38A
:109B5000F8040824B2B2F804052CE2C31D00B2C018
:109B60000002F804A2B24605052CB2D00001480557
:109B7000A2D246052A3D389006002921E293B30679
:109B80002C29C99303000424D99303000424213D04
:109B9000A2C3F804023CA2D3F804B01276C792B371
:109BA000F0041921A2B24605052CB2D000014805E7
:109BB000A2D246050A3D38900A000921E293B30675
:109BC0000C29C99304000B20C99305000820C993F0
:109BD00006000520F99014000700012CFA3CC993F7
:109BE0000300F724F99005000300F32C5F490400FB
:109BF0008F105D4905000F5D5E4906008E105D49BE
:109C000007000E5DD293FD0403203D400A00073C8F
:109C1000F2900300FD0402242D43013C1D4332C297
:109C20000343824F3001824D380192423A013C0198
:109C300082433A01824E3401824D38011F423C0179
:109C40001E423A0132D2C74E07008E10C74E0600A0
:109C5000C74F05008F10C74F04005F42BE03D249B3
:109C60000300BE03B012A0C1C24FBE033F40E004D8
:109C70000E472E52DF5E03000200DF6E020003007B
:109C8000DF6E01000000EF6E01009F92760300007E
:109C90000B2804209F927803020006289F827803F5
:109CA00002009F72760300005F4903001F830F5F6D
:109CB0005E42FC043EF006000F9E14209242E00437
:109CC0007C049242E2047E0492B3F8040B24A2B214
:109CD000F8040824B2B2F804052CE2C31D00B2C097
:109CE0000002F804005F033C093C0F3C153CB24005
:109CF0006E00A804B2C01000F804153CB240730016
:109D0000A804B2C02000F8040E3CB2407800A804B9
:109D1000B2C04000F804073CB2407D00A804B2C0C5
:109D20008000F804003CB240E004AE04E242AB0420
:109D3000B012F4CBF2B00C00AC044D20B01276C7D8
:109D4000B2B24605052CB2D000024805B2D2460593
:109D50003C3C389006003B20E293B3063E28C99372
:109D600003000424D99303000424333CA2C2F80462
:109D70001F3CA2D2F80492B3F8041A24B2B2F80439
:109D8000172C5F42FC043FF006002F533E420E5E4C
:109D90002F83FD2382BEF804062CE2C31D00B2C04F
:109DA0000002F804053CE2D31D00B2D00002F80422
:109DB000B01276C792B3F0040E20B2B24605052C5D
:109DC000B2D000024805B2D2460530409C843040F3
:109DD000D0B8304042B8304048B830404EB83890E3
:109DE0000600F523E293B306F82BC993030004247D
:109DF000D99303000424ED3F92C3F8041F3C92D38F
:109E0000F804B2B2F804152CA2B2F80417245F4289
:109E1000FC043FF006002F533E420E5E2F83FD23CD
:109E200082BEF804062CE2C31D00B2C00002F80492
:109E3000053CE2D31D00B2D00002F804B01276C790
:109E400092B3F004C823C13F38900600C023E293C8
:109E5000B306C32B92B3F804BC27B2C00600F804C3
:109E6000C99303000424D99303000724B23FB2C06E
:109E70000802F804E2C31D00053CB2D00802F80451
:109E8000E2D31D00B01276C792B3F004A4239D3F25
:109E9000C99303009E27B2408200A804D243AB04BA
:109EA0009242B606AE04B012F4CBF2B00C00AC0491
:109EB0009223D2490300A802883F389007008723E5
:109EC000B2B00004F4048527E293B306862BF9B000
:109ED000800004000424B2B00080F6047A27D2493E
:109EE0000300E104D2490400E004B240F000A804F9
:109EF000E243AB04B240E004AE04B012F4CBF2B0E3
:109F00000C00AC0468239242E0048005B2B010005B
:109F10004605062CB2D000044805B2D01000460514
:109F2000543F389011005323B2B00004F404512779
:109F3000E293B306522B1E42B6063F40E004DF4ECA
:109F400001000000EF4E01002E532F533F90EC0410
:109F5000F62BB240C01CA804F2400C00AB04B24087
:109F6000E004AE04B012E2C2F2B00C00AC04332341
:109F7000A2D2F604B2B010004605062CB2D00004FE
:109F80004805B2D010004605203F389006001F2338
:109F9000E293B306222BE99203001B2FB01286C670
:109FA000B2B08000F0041723F2C03000E004B2B079
:109FB0000040F404062CD9B303000324F2D01000AF
:109FC000E004B2B00080F404062CE9B303000324DB
:109FD000F2D02000E004B012B0C6F2B00C00AC0425
:109FE000FA22D242E0043908F2F030003908ED3E9E
:109FF00038901500EC22B2B04000F604EA26E29355
:10A00000B306EB2A1E42B6063F40C007DF4E0100F2
:10A010000000EF4E01002E532F533F90D007F62B38
:10A02000B2400020A804F2401000AB04B240C007C8
:10A03000AE04B012E2C2F2B00C00AC04CC22C53EB9
:10A0400038900700C422B2B04000F604C226E29362
:10A05000B306C32AF9903D000300BB2EF99015000A
:10A060000400B72EB0121ACBF2B00C00AC04B3222D
:10A07000D2490300E1045F49030032C20343824F27
:10A080003001B24055553801B2B000803A01022487
:10A0900092533C011F423C0132D2C24FE30492432F
:10A0A000000382430203824F0603B0120C4B0F11D0
:10A0B000829F0E03022892530A0392420A03E40489
:10A0C000D2490400E2045F49040092430003824342
:10A0D0000203824F0603B0120C4B0F11829F0E0336
:10A0E000022892530A0392420A03E604B0123CCBC0
:10A0F000F2B00C00AC046F22B0128EF6663EC9932B
:10A1000002000420389005000524213C3890060008
:10A1100001241D3CB2B00004F4045B26D293B306C4
:10A12000022C30405CB8C99302001324B2B0400046
:10A13000F604052CF990170002001128043CF99050
:10A140001B0002000C28F99020000200B82C3040BF
:10A15000D0B83E4000053D42B01254BDAE3C5F4910
:10A1600002001F830F5F5B4903003B90FE00042049
:10A1700024D236400A000B430693062416833E4041
:10A180000A000E86C54E03003B900A0004283B904F
:10A19000FF002024DC3F924F7ABEA8040F4B0F93A0
:10A1A00057241F83F990070002001028F990170028
:10A1B00002000C2CF99015000200042CF9901200FA
:10A1C0000200042CB2500700A804E93FB2500D0071
:10A1D000A804E53F924F46BEA804A2C3F204A2C35E
:10A1E000FA04F2D00300AC04E243AB04B240E00452
:10A1F000AE04B012A2C3A2B3F204572C929F7ABE4F
:10A20000E004052C924F7ABEA8040A43213C9242F6
:10A21000E004A8040A43929F7ABEE00419241A536A
:10A22000F990070002001028F990170002000C2C8A
:10A23000F99015000200042CF99012000200042C81
:10A24000B2800700E004E73FB2800D00E004E33F86
:10A25000A2C3F204A2C2FA04F2D00300AC04F99043
:10A26000070002001328F990170002000F2CF99044
:10A2700015000200042CF99012000200072CF24095
:10A280000600AB040F473F500700063CF2400C00AD
:10A29000AB040F473F500D008247AE049253AE040B
:10A2A000B012A2C3A2B3F2040224304048B83B90DB
:10A2B000FF000320CF4A00001F53304092B9F990AD
:10A2C00030000200442FB2B04000F60400255F4980
:10A2D00002003F8020000F5F5B4903000E4B7EE3CE
:10A2E0000B243E900600082CD54EEABE030024D273
:10A2F000364014005B450300069303241683D553B0
:10A3000003001D4F88F93D801405824DA8043B9041
:10A31000640004283B90FF000924193F0F4B0F9362
:10A320002C241F83B2500D00A804F93F924F68F906
:10A33000A804A2C3F204B2C00001FA04F2D00300E0
:10A34000AC04E243AB04B240E004AE04B012A2C3DA
:10A35000A2B3F204AA2F0A43829DE004032C824D8B
:10A36000A8040B3C9242E004A8041D92E004052CD2
:10A370001A53B2800D00E004F83FA2C3F204B2C049
:10A380000002FA04F2D00300AC04F2400C00AB046B
:10A390000F473F500D008247AE049253AE04B012F7
:10A3A000A2C3A2B3F204812F3B90FF000320CF4A47
:10A3B00000001F53823F389006000124C83E5849D0
:10A3C00002005C4903003C900600042024D2364081
:10A3D00006001C43069304241683D546D8BE03000A
:10A3E0003C900600B42E5F4902003FF070003F90A1
:10A3F000300009205E4902003EF00F000E93A726B0
:10A400003E900D00A42E38B08000042C3F906100D7
:10A410009E2E053C0F939B263F905100982ED29381
:10A42000B306022C30405CB85D42BE030F110F1121
:10A43000005F30404EA4304056A4304060A430400D
:10A440006AA43040B2A43040BCA43040C6A40B4340
:10A450003A406008A83C3B4000023A4050079F3C0D
:10A460003B4000023A405007D53C0F4E3B40AA0209
:10A470003A4072073B5055003A5011003B90A606F7
:10A4800004203B40AA023A4072071F83F3235F4235
:10A490000505B012BC4C0F9EBD203B8055003A8094
:10A4A00011003B9055027B203B4051063A402D085D
:10A4B000763C3B40A6063A403E08713C3B40A6062F
:10A4C0003A403E08A73CB2B08000F604022C30406F
:10A4D00042B83C900500FB275A4902003AF0F000D0
:10A4E0000F470B43CF4301001F531B533B900C00FE
:10A4F000F92B0C930324C24CBE03053C1693012098
:10A500001683E242BE035B42BE035F42FC043FF09F
:10A5100006000F111F53C29FBE031B203F40600661
:10A52000F2B08000FC04052492B3F404022C3F40F6
:10A53000700632C20343B24FE004B24FE204B24F9E
:10A54000E404B24FE604B24FE804B24FEA0432D258
:10A550001C3CB2402A09A8041B830424B2500D00FD
:10A56000A804FA3FA2C3F204B2C04000FA04F2D039
:10A570000300AC04F2400C00AB04B240E004AE04B3
:10A58000B012A2C3A2B3F204182138400300B012E3
:10A5900064BD0C93F720D283BE03B523F33CB2B065
:10A5A0000004F40494273C9005000420B2B0000499
:10A5B000F4048D270C930F24C24CBE03B012A0C12B
:10A5C0003E40E0040F471F53FF4E00001F533E90D4
:10A5D000F004FA231C3CB2B00004F404032C1693DC
:10A5E000012016830F470E43CF4301001F531E5314
:10A5F0003E901000F92BE242BE03B012A0C1081237
:10A600002842B01264BD3841D283BE03F6230B93B7
:10A61000B924423CB2B00004F40459270F4C3F90D7
:10A6200005000320824AA804083C0F9304241F83DA
:10A630003B501100FA3F824BA804A2C3F204B2C0FF
:10A640000040F004F2D00300AC04F2401000AB0470
:10A650008247AE049253AE04B012A2C3A2B3F20476
:10A66000A6203B90AA020F283B90A6060C2C3B800C
:10A6700055003A8011003B90AA02092C3B50FC0384
:10A680003A50CC00043C3B5055003A5011003C90ED
:10A6900005000E200B4A0C3C0F4C3F900500022099
:10A6A0000B4A063C0F9304241F833B501100FA3FD2
:10A6B000A2C3F204B2C00040F004F2D00300AC0424
:10A6C000824BA804F2401000AB04B240E004AE0498
:10A6D000B012A2C3A2B3F2046A203E40E0040F47C6
:10A6E0001F5338B080003D2CDF8E02000200DF7E59
:10A6F00003000300EF7E0000DF7E01000100FFB0D9
:10A700008000010039243B407603FFE30200FFE3B1
:10A710000300FFE30000FFE30100DF530200CF630B
:10A720000300CF630000CF630100DF8B0200020053
:10A73000DF7B03000300EF7B0000DF7B01000100F3
:10A74000FFE30200FFE30300FFE30000FFE301007B
:10A75000DF530200CF630300CF630000CF6301002B
:10A760000B3CDF4E02000200DF4E03000300EF4E01
:10A770000000DF4E010001002E522F523E90F004E7
:10A78000B02B003C0F471F530C43B012C8BC2F52D4
:10A790001C532C92FA2B3A90600004200F473F5034
:10A7A0000D00023CB01214BDC24DBE03763CB2D0C7
:10A7B0000040F004C24DBE03C03CB2D04000FA04D9
:10A7C000C24DBE03BA3C389202243040D0B8C9937F
:10A7D0000500FB275B4905003B901100032824D2AC
:10A7E0005649050006932724E99302000924F990AD
:10A7F000030002000A24F990830002000624E53FCA
:10A800003B4010003F401100043C3B400F003F40E4
:10A810001000069B042C06435B4905000C3CC55FF9
:10A820000400C5630300068B069B032CC546050088
:10A83000023CC54B05005F4902003FF00F003F900E
:10A840000500C32F0F5F0F5F005F304042B83040FC
:10A850005EA830409EA830403EA93040B6AAE293A0
:10A86000B306022C30404EB83D42D99DE0BE0300F5
:10A8700004241D83FA23304042B81D830D5D1E4D14
:10A88000AEBE5D4904003DF00F000E5D0F471F5343
:10A89000FF4E00001F531B83FB23304092B9E99306
:10A8A0000300102CF990A20004000C2CF990440035
:10A8B0000400042CE292B3060F2CD43FE293B306BB
:10A8C0000B2CD03FB2B00004F404012CD43FD2933F
:10A8D000B306022C30405CB8E2D3AC048243A80437
:10A8E000D2490300A8049210A804D2490400A80485
:10A8F000C24BAB048247AE049253AE041B930420B8
:10A90000C74301009253AE045F42AB041F52AE0432
:10A91000A2C3F204B012A2C3E292B3060D2CA2B3FA
:10A92000F2040B2CB2900002A8040628B290710821
:10A93000A804022CB01214BDB03F304048B8B2B0E9
:10A940000004F4049827D293B306C42BB2B00020BD
:10A95000F40491275F4902003FF070003F905000DF
:10A960008A2FF2C010001505F9B0800002000724FC
:10A97000B2B00080F6047F27F2D0100015050F93C7
:10A980000124413CE2D3150582431605D249030058
:10A99000160592101605D24904001605C24B1B0578
:10A9A00082471805925318051B930420C7430100E2
:10A9B000925318055F421B051F521805B2C0400094
:10A9C000F204B012ECE3E292B3061C2CB2B04000E9
:10A9D000F204B32FB2B00040F4040824F7430C0093
:10A9E000F7430D00F7430E00F7430F00B2B00080AD
:10A9F000F4040824F7430A00F7430B00F7430E0062
:10AA0000F7430F004A3F3F9010001524B2B00040BA
:10AA1000F40406243F9030002E273F9040002B275F
:10AA2000B2B00080F40407243F90200024273F9018
:10AA300040002127003C0E4F0E110E110E113E500A
:10AA4000050082431605D24903001605921016052B
:10AA5000D24904001605B2F0F0FF16050F471F5348
:10AA60001B930320C74301001F530D4B0D5F1C4276
:10AA70001605E2D31505824C1605B24030051805BF
:10AA8000F2400F001B05B2C04000F204B012ECE32C
:10AA9000B2B04000F204512FDF4E300500001F53CA
:10AAA0000F9DFB26DF4E310500001F530F9DF5263D
:10AAB0003C501000DE3FE293B306D42A0E435E49B9
:10AAC00003008E100D435D4904000E5D3E90000AA8
:10AAD000D22E0F471F531B930320C74301001F5360
:10AAE000FF4E00001F531B83FB23D73E5F49050029
:10AAF0003F52089F02243040D0B8C9930000042080
:10AB0000D992FE040000F723F99003000200F32F0E
:10AB1000C99305000220304042B8F99011000500A9
:10AB2000FA2F0F435F4902000F5F0F5F005F304055
:10AB300042B830403AAB3040D2ACB2B00001B808B5
:10AB4000EA275B4905001BB3E62F3D400600D99D6F
:10AB5000E0BE03000B241D83FA23F990EC000300F0
:10AB60003F24F990EE0003003B24D53F1D830D5D8B
:10AB70001E4DAEBE5D4904003DF00F000E5D0D4957
:10AB80003D500600BE4D0000AE102E532B83FA231D
:10AB9000F99204000524F9900A00040009241C3CE1
:10ABA000F990E60003000924F990E8000300082466
:10ABB000F990EA00030007240F3C92D3F6040C3C02
:10ABC000A2D3F604093C32C20343D24268040D0505
:10ABD00092426A040E0532D2B0128CBD30409C8481
:10ABE0003990B00405203540C0063640D006043CFC
:10ABF00035404008364050083F4080102D420C45FB
:10AC0000B012FC813F4090102D420C46B012FC81E6
:10AC10000E45F990EC00030001240E465F49040044
:10AC20003FF00F000E5F0D493D500600BE4D000085
:10AC30002E532B83FB23B2408010A204B0128080DD
:10AC40003D40F0F00F452C420B43B24FA004B293AD
:10AC5000A00401201B531DE2A004B012EE80A253F9
:10AC6000A2041C83F2232B9201203D43824DA004B9
:10AC7000B012EE80B2409010A2043D40F0F00F46BA
:10AC80002C42B24FA0041DE2A004B012EE80A253E9
:10AC9000A2041C83F623824DA004B012EE80F9902A
:10ACA000EE0003001520F9B040000800092CB2C0E6
:10ACB0000004F40432D02000B2C010008001083C2F
:10ACC000B2D00004F40432C02000B2D010008001E1
:10ACD000853FE9930300052CF99044000400052CFE
:10ACE0001A3FB2B00004F4041627F99010000300D4
:10ACF000052CE292B306102C30404EB8F9901D009E
:10AD000003000224F62F043CF9903C000400F12FCC
:10AD1000E293B306012CF03F8243A804D24903001A
:10AD2000A8049210A804D2590400A804D24905002E
:10AD3000AB048249AE04B2500600AE04B012E2C2C7
:10AD4000F2B00C00AC042620B2900010A804212818
:10AD5000B2903C1DA8041D2CB290C01CA8040B2C62
:10AD600092B34605162CB2D010007A0892D348054B
:10AD700092D346050E3CB290001DA8040A28A2B347
:10AD80004605072CB2D010007A08A2D34805A2D3FA
:10AD90004605243F304048B8D99302000424F99076
:10ADA000120002000420389005002624213CF9906E
:10ADB0000C0002001D24F9900D0002001924F990E6
:10ADC000110002001524F990140002001124F990DA
:10ADD000160002000D24F9901A0002000924F990CF
:10ADE0002700020005243890050006243040D0B822
:10ADF000389006000124FA3FF99030000200012843
:10AE0000F53FD293B306022C30405CB80F435F4944
:10AE100002000F5F0F5F005F3040C0AE3040F4AE05
:10AE200030402CAF304046AF304060AF304060AF74
:10AE3000304042B8304096AF304042B83040C2AFA8
:10AE40003040F4AF304018B0304032B030408AB0BB
:10AE5000304042B8304042B8304042B83040E4B0B0
:10AE60003040C6B330403EB430409CB4304042B86D
:10AE70003040E4B0304008B630401AB6304030B60A
:10AE8000304048B6304004B7304010B730401CB7AF
:10AE900030402EB730404CB730408AB73040AAB768
:10AEA000304042B8304042B8304042B8304042B8FA
:10AEB0003040D0B73040E4B7304042B8304014B8EA
:10AEC0003F4080102D420C493C5010000A43B2C054
:10AED0000010F204B012FC810A930424B2D00010D6
:10AEE000F204653C0E493E5010003D400700B01290
:10AEF00054BD653C389005001324C99303007623A4
:10AF0000364003003990B0040420F2400500AA0541
:10AF1000083C399010080420F24005003408013C38
:10AF2000264324D2F54003000200CA3FB01200CAF3
:10AF3000B2B00020F00401243A3C3E40E0042D422F
:10AF4000B01254BD3C3C069304241683F540120015
:10AF500002003E4084FA3D400300B01254BD2F3C35
:10AF6000B01228C6B2B00008F2040124203CC74346
:10AF70000100F99005000200072492B33A080F245B
:10AF8000D742E1040200033CD742FE0402000F470F
:10AF90003F500300143CB2B00004F404022C3040D3
:10AFA00042B8B01298C9B2B00008F0040224304090
:10AFB00048B83E40E0043D400600B01254BD304069
:10AFC00092B9D742F4040100D742F5040200F7C059
:10AFD00030000200D75239080200B2B000406C06BF
:10AFE000032CE7C20200023CE7D202000F473F50A9
:10AFF0000300E53FD742FA040100D742FB040200F8
:10B000003E40F0040F473F500300FF4E00001F5327
:10B010003E90F404FA2BD33FB012CCC9B2B000106A
:10B02000F0040124C43F3E40E0042D42B01254BD60
:10B03000C63FB2B00020F404B2275F4903003F903E
:10B04000FE00042024D236400C001F430F93A72794
:10B050003F901300A42F0E4F3EF00F003E900A00C9
:10B060009E2F0693062416830E4F12C31EA3C54EB1
:10B070000300B01254CBA2B3F2040124983F3E4027
:10B08000F0073D42B01254BD9A3FB2B00020F40424
:10B0900086275F4903003F90FE00042024D23640FB
:10B0A0000C001F430F937B273F901300782F0E4F08
:10B0B0003EF00F003E900A00722F0693062416837E
:10B0C0000E4F12C31EA3C54E0300B01284CBA2B311
:10B0D000F20401246C3F3E40E0043D401000B012F9
:10B0E00054BD6D3F5A4903003A90A0000720F990E3
:10B0F00011000200542724D236420A430693052445
:10B1000016830E46D54ECABE03000F4A3FF0F0002C
:10B110000F9310243F90100074243F902000D024FF
:10B120003F903000FE243F90400041253F9050006A
:10B130006B24353F0F4A3FF00C000F9305242F92EC
:10B1400006243F9207242B3F3E409003053C3E409F
:10B150009403023C3E4098030F4A3FF003000C4723
:10B160001C535B4902000D4F3B90160001200F431A
:10B170000F5F0F5F0F5F0F5F0E5FFC4E00000F4E03
:10B180001E53FC4E0100EC4E0200FFB08000000098
:10B190000C24FCE30100FCE30200FCE30000DC53B0
:10B1A0000100CC630200CC6300003FF0F10FFFB060
:10B1B000800000000424FCD080000000033CFCC0A0
:10B1C000800000002F52FFB0800000000424FCD05B
:10B1D00040000000033CFCC0400000003C50030065
:10B1E0003B9016000C203E8003000F4D0F5F0F5F59
:10B1F0000F5F0F5F0E8F1D530F4D2D92B92B0F4C0C
:10B20000E03C3E406003023C3E406A030F4A3FF090
:10B2100003000F930120C33E0C471C535B490200FF
:10B220000D4F3B90160001201F431F830F5F0F5FE0
:10B230000F5F0F5F0E5FCC430000FC4E0100EC4E31
:10B2400002000F4A3FF0F0003F90500026202D935F
:10B250000C243D9003001224B2B020007C02172C75
:10B26000B2B020008C02132C183CB2B020007C023B
:10B270000E2CB2B020009C020A2C0F3CB2B0200071
:10B280008C02052CB2B020009C02012C063CFC4331
:10B290000000FC430100FC4302003C5003003B90D3
:10B2A00016000C201E830F4D1F830F5F0F5F0F5F73
:10B2B0000F5F0E8F1D530F4D2D92B72B0F4C813CFE
:10B2C0003E4062030F4A3FF003000F9368260C478D
:10B2D0001C535B4902000D4F3B90160001201F4399
:10B2E0001F830F5F0F5F0F5F0F5F0E5FFC4E00004D
:10B2F0001E53FC4E0100EC4E02003C5003003B90FC
:10B3000016000D203E8003000F4D1F830F5F0F5F5F
:10B310000F5F0F5F0E8F1D530F4D2D92E12B0F4CC2
:10B32000503C3E4090030F4A3FF003000C471C5333
:10B330005B4902000D4F3B90160001200F430F5F49
:10B340000F5F0F5F0F5F0E5F0F4EB012B4581F42BA
:10B350000803CC4F00001F420A03CC4F01008F109E
:10B36000CC4F02000F4EBFB0008000000424FCD080
:10B3700080000000033CFCC0800000002F52BFB0E2
:10B38000008000000424FCD040000000033CFCC00E
:10B39000400000003C5003003B90160006201D5367
:10B3A0000F4D3E4090032D92CA2B0F4C0A3CC743D1
:10B3B0000100D74268030200D742690303000F4728
:10B3C0002F52304092B95B4903003F4090102D420C
:10B3D0000C493C5010000A43B2C00040F204B012C5
:10B3E000FC810A930524B2D00040F204304048B8F2
:10B3F0000E493E5010003D400600B01254BD269349
:10B4000009243890050019244B9302243040D0B809
:10B410002F83063CDF42BB080000DF42BA08010070
:10B42000CF430200EF430300CF430400CF430500A6
:10B43000CF430600CF4307003F520643C23FB2B09E
:10B440000004F404022C304042B8B2B00020F404EE
:10B45000FA27E2D31505924210051605921016053B
:10B46000D7421605010092101605D74216050200B4
:10B4700082471805B25003001805F2400F001B0563
:10B48000B2C04000F204B012ECE3B2B04000F204EB
:10B490000124AC3F0F473F500A00933FB2B0000475
:10B4A000F404D1275F4903000D470A4F3FF0F00035
:10B4B0000F110F110F11005F0F3C1F3C1E3C1D3C74
:10B4C0001C3C1B3CC03FBF3FBE3FBD3F203CBB3F81
:10B4D000BA3FB93F123C213CF2401000AB043D5052
:10B4E00011005F4903003FF00C003F900C00AB27B8
:10B4F0000F11924F2ABEA8041F3C924FF0BEA80421
:10B500001D5F20BF0F11D24F10BFAB04153C24D2DA
:10B5100036400E003F40E000C83F0F4A3FF00F00AA
:10B520003F900500902F0F5F924FF6BDA804F240A8
:10B530001000AB043D5011000693052416830F46FE
:10B54000D54FCABE0300A2C3F204F2D00300AC047C
:10B550008247AE049253AE04B012A2C3A2B3F20467
:10B56000522C0F4A3FF0F0003F9010000A243F9009
:10B57000400021243F90500004243F90F0002524F7
:10B580002F3C0E471E53DE4E05000800DE4E040021
:10B590000700CE430600DE4E03000500DE4E02002B
:10B5A0000400CE430300DE4E01000200EE4E010017
:10B5B000CE430000153C0E471E53DE4E0100020034
:10B5C000EE4E0100CE4300000B3C0F471F530C43CF
:10B5D000B012C8BC2F521C532C92FA2BB01214BDBF
:10B5E000B2C08000FA04B01286C6B2B08000F00487
:10B5F0000A2CB2C2E004B012B0C6F2B00C00AC0427
:10B6000002200F4DC63D203DC7430100D742FC0438
:10B6100002000F473F500300BC3D1F42F804C74FD4
:10B6200001008F10C74F02000F473F500300B13D8C
:10B63000D7429D040100D7429E040200D7429F04D6
:10B6400003000F472F52A53DC9930300FC26F99034
:10B6500005000300F82E5F4903003E420E5E1F8383
:10B66000FD2382BEF80405248243E0048243E20401
:10B670003B3C5F42BE03D2490300BE03B012A0C1EF
:10B68000C24FBE03B2406E00A8045F4903001F838F
:10B690000424B2500500A804FA3FE2D3AC04824966
:10B6A000AE04B2501000AE04E242AB04B01218CCAB
:10B6B000F2B00C00AC04252092891200E2049279C9
:10B6C0001000E004B2B00080E004062C92827803FF
:10B6D000E20492727603E004B2E3E004B2E3E2042F
:10B6E0009253E2048263E0043E40E0042D42B01233
:10B6F00054BD2E822F82B012C8BC0F473F500500A8
:10B70000483DA23C3E40C8043D42B01254BD413DBC
:10B710003E4020042D42B01254BD3B3DC7430100C2
:10B72000D742A80202000F473F500300323DB2B09B
:10B730000004F40486241F428005C74F01008F10C7
:10B74000C74F02000F473F500300233DB2B0000433
:10B75000F4047724A2C3F204B2C01000FA04F2D0B9
:10B760000300AC04B240C01CA804F2400C00AB04BF
:10B770008247AE049253AE04B012A2C3A2B3F20445
:10B78000632C0F473F500D00043DB2B04000F6045B
:10B790005824B012F8CAA2B3F204562C3E40C00797
:10B7A0003D401000B01254BDF43CB2B04000F6046D
:10B7B0004824B0121ACBA2B3F204462CD742E104BB
:10B7C0000100D742E20402000F473F500300E13C72
:10B7D0003E40BA080F471F53FF4E0100FF4E0000C6
:10B7E0002F53D73CB2B00040F6042B24D99303006A
:10B7F00028203E40A0080F471F5332C20343EF4E9C
:10B800000000CE4300001E531F533E90A808F723AC
:10B8100032D2BF3C0F471F53DF42E8030100DF4233
:10B82000E9030000DF42F8030300DF42F9030200EE
:10B83000DF4208040500DF42090404003F5006000F
:10B84000A83CD74301000D3CE74301000A3CF74008
:10B8500003000100063CE7420100033CF7400500FD
:10B860000100F790FE00000002203040D0B8B290F6
:10B870008006B406AD253990B0040520F2B0400032
:10B88000A7040824043CF2B040002B080324F7D09E
:10B89000800001000F472F53B012F6BB8D10CF4D23
:10B8A00000001F538D10CF4D00000F472F520F89FE
:10B8B00024C23990B0040620F2C0A000A704C243FD
:10B8C000A705873CF2C0A0002B08C24333081C3DEB
:10B8D000B2908006B4065424B290B004B406352069
:10B8E000B240B004A404D242B306FF04F2C07C000C
:10B8F000D500F2C0AB00A704E2C22900F240E1008B
:10B90000D100D2C3D100D2C30700D2D30600E2C314
:10B910000600F2C080002600B24004816601E2B257
:10B92000A005032CB2D010006601F2D010002E004A
:10B9300082436201D2C3A005E2B3A0054F25E2C352
:10B94000A005B2D01000F604493DB2401008280806
:10B95000D242B3063508F2C07C006500F2C0AB00ED
:10B960002B08F2C040003100F240E1006100D2C378
:10B970006100D2C30300D2D30100E2C301002E3D17
:10B98000B2408006B006D242B306B206F243810648
:10B99000253DB2908006B406F327B290B004B406F9
:10B9A0009B20F2B08000A70401241953B012F6BB0B
:10B9B0008D10CF4D00001F538D10824DA405CF4D2B
:10B9C00000000F891F5324B20A2CF2B08000A70494
:10B9D0001A2CB240B004A404C24FA604493CB240A1
:10B9E000C006AC059242AC05A4041D42AC05FD495D
:10B9F00000001D530799FB2F0D471D82B4061D53F0
:10BA0000C24DA6040F8D2F83C24FA605F2D0200091
:10BA1000A704B2E01000AC051D42AC05FD490000D2
:10BA20001D531F83FB231942B406C246A705C293C8
:10BA3000A7051320B240B104AC055F42A6051F5212
:10BA4000AC051D42A4058D10CF4D00001F538D1075
:10BA5000CF4D0000E253A6050B3CA94500009945D7
:10BA60000200020099450400040099450600060002
:10BA7000F2C01000A704D242B306FF04F2B0800067
:10BA8000A704AC2C24B20324F2D08000A704E2B3B4
:10BA9000A005052CE2D22900E2D306009F3CF2C0AB
:10BAA00010002E0082436601F2D08000260032C2D0
:10BAB0000343924274017201924272017601B250C4
:10BAC00077017201B2505E017601D2D3A005B24077
:10BAD0001000620132D2823CF2B080002B080124B7
:10BAE0001953B012F6BB8D10CF4D00001F538D10AF
:10BAF000824D3008CF4D00000F891F5324B20A2C0D
:10BB0000F2B080002B081A2CB24010082808C24F4F
:10BB10002A08493CB24040083608924236082808B4
:10BB20001D423608FD4900001D530799FB2F0D47A4
:10BB30001D82B4061D53C24D2A080F8D2F83C24F9C
:10BB40003208F2D020002B08B2E0100036081D4267
:10BB50003608FD4900001D531F83FB231942B4061C
:10BB6000C2463308C29333081320B2401108360886
:10BB70005F4232081F5236081D4230088D10CF4DEB
:10BB800000001F538D10CF4D0000E25332080B3CD4
:10BB9000A9450000994502000200994504000400EF
:10BBA000994506000600F2C010002B08D242B306E9
:10BBB0003508F2B080002B08112C24B20324F2D0F7
:10BBC00080002B08F2D040003100E2D30100063C97
:10BBD000B2408006B006D242B306B20634413541C7
:10BBE00036413741384139413A413B413C413D4181
:10BBF0003E413F4130413D43B290B004B40607207E
:10BC0000F2B08000A70409241D42A405063CF2B04E
:10BC100080002B0802241D4230080E49B01222BCBD
:10BC200030410C437C4E0B4D8B104CEB4B4D5BEC81
:10BC30003CFB8B100D4B5A4C3CFC0D5A0E9FF12BCC
:10BC400030410F125F42FD041F830F5F1F52060336
:10BC5000924F90BC0603B0120C4B3F901800162C6C
:10BC6000929FB0BC0E03042892530A038263080318
:10BC70003F9010000B2892420803000392420A03EF
:10BC80000203B24064000603B0120C4B3F41304146
:10BC90000A000200010002001027D007E803D007C5
:10BCA000640014000A0014000A00020001000200EF
:10BCB00005000100010001008813E803F401E80316
:10BCC00032000A0005000A005E4F0100824E0003A8
:10BCD000921000036E4F825E00035E4F0300824E9F
:10BCE0000203921002035E4F0200825E020382434F
:10BCF0000603B01242BC1E420803CF4E00008E1055
:10BD0000CF4E01001E420A03CF4E02008E10CF4ECE
:10BD100003003041B2B00040F40407240E473C4217
:10BD2000FE4309001E531C83FB23B2B00080F404C1
:10BD30001024F7430500F7430600F7430700F743D5
:10BD40000800F7430D00F7430E00F7430F00F743D9
:10BD5000100030410F471F53FF4E00001F531D833B
:10BD6000FB2330413E40E0040F471F53DF5E0200DB
:10BD70000200DF6E03000300EF6E0000DF6E0100C3
:10BD800001002E522F521883F12330410F120E1250
:10BD90000D120C12B2B00001B8082824B2400010F5
:10BDA000A204B0128080B2404010A204B012808081
:10BDB000B2400010A2040E431F4EAEBE1C4EBEBECB
:10BDC0003D40F0F0B24FA0041DE2A004B012EE809E
:10BDD000A253A2041C83F623824DA004B012EE806D
:10BDE0002E53A252A2043E900C00E62B3C413D4152
:10BDF0003E413F413041D508E608F70808091909D6
:10BE00009003940398036003620368036A030200CB
:10BE10000200020001000200010001000400040011
:10BE20000400030003000100030071088208930866
:10BE3000A408AB08C208C5081000100010000600D6
:10BE4000090002000600AF00B200B500B800BB0058
:10BE5000BE00C100C400C700CA00CD00D000D3009E
:10BE6000D600D900DC00F300F600F900FC00FA0F60
:10BE7000FD0F19791C791F79AE7A000C820C040D24
:10BE8000860D080E8A0E431D891DCF1D151E5B1ED3
:10BE9000A11EE71E2D1F731FB91F2E0B0C0F2A0AA0
:10BEA000AC0A740BBA0B2879AA792C7AB37A3003CE
:10BEB00040035003400450046004801090100800B8
:10BEC000080008000500050006000040302151115F
:10BED000080400F0F4F3F2F100050004030200008E
:10BEE00000E0E2E4E6E8EAECEE00000014283C5052
:10BEF0000000A408AB08B508C208C508000000008F
:10BF0000000000000000000000000000CC0800005D
:10BF10000006090C020600000000000000000800F6
:10BF200000000A000A000D0004000A0000000000E2
:10BF300000000000000000000000000009000000F8
:10BF40000F120E12F2B02000AC0420245F42FC0459
:10BF50003FF006008243A8040F9305242F83B250BC
:10BF60001100A804F93FB01236CDF2401000AB0426
:10BF7000B240D004AE04B012F4CBF2B00C00AC046A
:10BF80000120043CF2C02000AC048D3CB2B000049F
:10BF9000F4043124B2B08000F6041C245F42FC0497
:10BFA0003FF00600B2402A09A8040F9305242F830E
:10BFB000B2500D00A804F93FB01236CDF2400C008B
:10BFC000AB04B2407006AE04B012E2C2F2B00C0094
:10BFD000AC04D823B2406008A804B01236CDF240B9
:10BFE0001000AB04B240F005AE04B012E2C2F2B0F1
:10BFF0000C00AC04C723B2C04000F404F2B08000CF
:10C00000FC04512492B3F4044E2CB2D08000F4040A
:10C010005F42FC045E42FC047FF0F1007EF07000A1
:10C0200012C30E100E100E104F5EC24FFC040E1005
:10C03000E2D29F03C24EBE0392B3F8041B24A2B205
:10C04000F8041824B2B2F804152C5F42BE031F5343
:10C050003E420E5E1F83FD2382BEF804062CE2C31F
:10C060001D00B2C00002F804053CE2D31D00B2D0AE
:10C070000002F804B0125CC65F42FC043FF00F00FF
:10C08000F2F0F000E004C25FE004B2405600A80401
:10C09000D243AB04B240E004AE04B012F4CBF2B031
:10C0A0000C00AC046F233E413F4130410F12F2C0FF
:10C0B000C000AC04B2C00004F204F2D00300AC042F
:10C0C0005F42FC043FF006008243A8040F9305245E
:10C0D0002F83B2501100A804F93FF2401000AB04C6
:10C0E000B240D004AE04B012A2C3E2B2AC0403204A
:10C0F000F2B2AC041A24F2D04000AC04B2500001F9
:10C10000A804F2401000AB04B240D004AE04B01258
:10C11000A2C3E2B2AC040320F2B2AC040624F2D013
:10C120008000AC04B2D00004F204B2B00004F40405
:10C130002724B2B08000F6042324B2C04000FA04E1
:10C14000F2D00300AC045F42FC043FF00600B240B2
:10C150002A09A8040F9305242F83B2500D00A804C8
:10C16000F93FF2400C00AB04B2407006AE04B012CE
:10C17000A2C3F2B00C00AC040324B2D04000FA0415
:10C18000B2C08000F404F2B08000FC04072492B333
:10C19000F404042CB0120AC8A2D3F4043F41304185
:10C1A0000F120E12F2900500BE031C2032C2034390
:10C1B0009242E005E0049242E205E2049242E40584
:10C1C000E4049242E605E6049242E805E80492425D
:10C1D000EA05EA049242EC05EC049242EE05EE0414
:10C1E00032D25C3C5F42FC043FF006000F111F534B
:10C1F000C29FBE0319203F40E0043E40B002F2B0AF
:10C200008000FC04052492B3F404022C3E40D004C8
:10C2100032C20343BF4E0000BF4E020032D22F5243
:10C220003F90F004F52B3A3CF2C0C000AC04F2D0D1
:10C230000300AC045F42BE031F838243A8040F9334
:10C2400005241F83B2501100A804F93FF2401000EA
:10C25000AB04B240E004AE04B012A2C3F2B00C00D2
:10C26000AC0401201B3CF2D04000AC04B2500001F1
:10C27000A804F2401000AB04B240E004AE04B012D7
:10C28000A2C3E2B2AC040320F2B2AC040724F2D0A1
:10C290008000AC04B2D00004F204003C3E413F41B7
:10C2A00030410A12B2C00004F2042A428243A804B8
:10C2B000F2401000AB04B240E004AE04B01258CC1F
:10C2C000F2B0C000AC040120043CB2D00004F2047F
:10C2D000063C1A830424B2501100A804E93F3A41F5
:10C2E00030410F120E120D120C12D2D3AC04E2C365
:10C2F000AC04B2B00004F404022C0F43023C3F40F3
:10C300008000B2900001A804012C3FD25C42AB0433
:10C310003D400700B012A8C5B012E2C53EF08C0047
:10C320000F9E06241D83F623F2D01000AC04323C8D
:10C330003D400700C24CAB04F2C00C00AC04B0128C
:10C3400036C4C24CAB04B012F0C4E2B2AC04032059
:10C35000F2B2AC0402241D83ED233D4007003F40B0
:10C360000C00B2B00004F40402243FD08000B012EC
:10C37000A8C5B012E2C53EF08C000F9E05241D83B7
:10C38000EE23F2D01000AC04E2B2AC040320F2B20F
:10C39000AC040224A2D3F2043C413D413E413F4162
:10C3A00030410D120C125C42AB043D400700C24C00
:10C3B000AB04F2C00C00AC04B012F0C4E2B2AC04A6
:10C3C0000320F2B2AC0407241D83F123F2B2AC04C3
:10C3D0000224A2D3F2043C413D4130410F123F42BE
:10C3E000B2B010008E01022432C20343D252AA041A
:10C3F000AA04032CE2C31900023CE2D31900F2D2D2
:10C400001900F2C219001F83F123B2B010008E018F
:10C41000012432D23F4130410F123F42E2B21800B4
:10C42000D262AA04AA04F2D21900F2C219001F8330
:10C43000F5233F4130410F120E121F42AE047E40E1
:10C44000F000B2C010008E01F2D080002900D2C3EB
:10C450001900F2400600AA04B012DCC3D2D31900BE
:10C460000343D2C31900C243AA04B2B00004F404C7
:10C47000072CB2B00001A804012C023CF2D2AA049D
:10C48000E2D3AA04B012DCC3B2B00004F40409245D
:10C490009210A804D242A804AA04B012DCC39210DD
:10C4A000A804D242A804AA04B012DCC3F24FAA0422
:10C4B000D2B3AC0402245EE2AA04B012DCC3D2837D
:10C4C000AB04F423D2B3AC040424C24EAA04B012C9
:10C4D000DCC3D2D31900F2C080002900B2B00080C2
:10C4E0008E010324B2D010008E013E413F41304105
:10C4F0000F120E120D12D2C319001F42AE047E405D
:10C50000F0007D40F000C243AA04B2B00004F4047D
:10C51000072CB2B00001A804012C023CF2D2AA04FC
:10C52000F2D00300AA04B012DCC3B2B00004F404D9
:10C5300009249210A804D242A804AA04B012DCC3B1
:10C540009210A804D242A804AA04B012DCC3B0120C
:10C5500018C4E2B3AC040424DF42AA040000063C81
:10C56000DF92AA0400000224E2D2AC04D2B3AC04ED
:10C5700003245DE2AA046EEF1F53D283AB04E723CA
:10C58000D2B3AC040B24B01218C45D92AA040224E6
:10C59000F2D2AC044E9D0224E2D2AC04D2D31900F4
:10C5A0003D413E413F413041F2D080002900D2C39D
:10C5B0001900F2400600AA04B012DCC3D2D319005D
:10C5C0000343D2C31900D243AA04B012DCC3C24F42
:10C5D000AA04B012DCC3D2D31900F2C08000290033
:10C5E0003041F2400500AA04D2C31900B012DCC3E6
:10C5F000B01218C45E42AA04D2D319003041F240EE
:10C60000B900AA04D2C31900B012DCC3D2D31900F6
:10C6100030410E123E400C00B012E2C53E405802BE
:10C620001E83FE233E413041B2C00008F204B240F6
:10C630004400A804F2400300AB04B240E004AE049E
:10C64000B01258CCF2B0C000AC040424B2D0000840
:10C65000F204033CD242E204FE043041B2C0008046
:10C66000F204B2405600A804D243AB04B240E00446
:10C67000AE04B01258CCF2B0C000AC040324B2D067
:10C680000080F2043041B2C08000F004B240840067
:10C69000A804D243AB04B240E004AE04B01258CCBC
:10C6A000F2B0C000AC040324B2D08000F0043041EA
:10C6B000B2408400A804D243AB04B240E004AE040C
:10C6C000B2C08000F004B012F4CBF2B00C00AC04A5
:10C6D0006424B2D08000F0043041B2C00020F204E3
:10C6E000B2404800A804F2400600AB04B240E004A7
:10C6F000AE04B01258CCF2B0C000AC041020B2406E
:10C700004F00A804F2400600AB04B240E004AE04BF
:10C71000B01258CCF2B0C000AC040120033CB2D03F
:10C720000020F2043041B2C2F004B2405A00A80422
:10C73000D243AB04B240E004AE04B01258CCF2B025
:10C74000C000AC040224B2D2F0043041B2C04000B8
:10C75000F004B2408200A804D243AB04B240E0042B
:10C76000AE04B01258CCF2B0C000AC040324B2D076
:10C770004000F0043041B2405800A804D243AB045A
:10C78000B240F804AE0492C3F004B012F4CBF2B09D
:10C790000C00AC04022492D3F004304192C3F004A4
:10C7A000B2405800A804D243AB04B240E004AE0447
:10C7B000B01258CCF2B0C000AC04032492D3F00401
:10C7C000033CD242E004F8043041A2C3F004B2407A
:10C7D0006A00A804F2400300AB04B240E004AE04D7
:10C7E000B01258CCF2B0C000AC040324A2D3F004C1
:10C7F0000B3CD242E0049D04D242E2049E0492101B
:10C800009E04D242E1049E0430410F12A2C2F00401
:10C810005F42FC043FF00600B2406E00A8040F9394
:10C8200005242F83B2500500A804F93FE242AB046F
:10C83000B240E004AE04B01258CCF2B0C000AC0478
:10C8400007209242E0048C049242E2048E04023CEF
:10C85000A2D2F0043F413041B2C01000F004B24017
:10C860005C00A804F242AB04B240E004AE04B01293
:10C8700058CCF2B0C000AC040424B2D01000F004D4
:10C880000C3C9242E004C8049242E204CA04924280
:10C89000E404CC049242E604CE043041B2C020004D
:10C8A000F004B2406500A804E242AB04B240E004E8
:10C8B000AE04B01258CCF2B0C000AC040424B2D024
:10C8C0002000F004063C9242E00420049242E2047C
:10C8D00022043041E29306052D24B2B010008E01EF
:10C8E000022432C2034392420005E0049242020550
:10C8F000E20492420405E40492420605E6049242F0
:10C900000805E804B2B010008E01012432D2B24012
:10C91000F0F00A0592E2E0040A0592E2E2040A0558
:10C9200092E2E4040A0592E2E6040A059292E8041F
:10C930000A050424B2D02000F204143CB24088005E
:10C94000A804F242AB04B240E004AE04B2C000045A
:10C95000F004B012F4CBF2B00C00AC040324B2D05B
:10C960000004F0043041B2B00004F4041424B2C056
:10C970000004F004B2408800A804F242AB04B240C4
:10C98000E004AE04B01258CCF2B0C000AC040324F2
:10C99000B2D00004F0043041B2B00004F404152415
:10C9A000B2C00008F004B2409100A804F2400600B2
:10C9B000AB04B240E004AE04B01258CCF2B0C000F8
:10C9C000AC040324B2D00008F0043041B2C000101F
:10C9D000F004A2C3F204F2D00300AC04B240980009
:10C9E000A804E242AB04B240E004AE04B012A2C319
:10C9F000F2B00C00AC040324B2D00010F0043041BB
:10CA0000B2C00020F004B2409D00A804E242AB0492
:10CA1000B240E004AE04B01258CCF2B0C000AC0496
:10CA20000324B2D00020F0043041B2C00080F004F2
:10CA3000B240A200A804F2400900AB04B240E004F6
:10CA4000AE04B01258CCF2902400E304142CF290FF
:10CA50006000E404102CF2903200E5040C2CF290FB
:10CA60001300E604082CF2902E00E804042CF2B027
:10CA7000C000AC040324B2D00080F0043041B240C6
:10CA8000DF00A804F242AB04B2402805AE0492C312
:10CA9000FA04B012F4CBF2B00C00AC04022492D32E
:10CAA000FA04304192C3FA04B240DF00A804F24213
:10CAB000AB04B240E004AE04B01258CCF2B0C000F7
:10CAC000AC04022492D3FA043041B2C2FA04B24058
:10CAD000F000A804E243AB04B240E004AE04B0129C
:10CAE00058CCF2B0C000AC040324B2D2FA04033C28
:10CAF0009242E00480053041A2C3F204F2D0030068
:10CB0000AC04B2400020A804F2401000AB04B240D4
:10CB1000C007AE04B012A2C33041A2C3F204F2D0E7
:10CB20000300AC04B2401120A804F2400900AB0499
:10CB3000B240E104AE04B012A2C33041B2401120B1
:10CB4000A804F2400900AB04B240E104AE04B01204
:10CB5000E2C23041B2408E0FA804B012BC4C1F8319
:10CB60000424B2500900A804FA3FA2C3F204F2D090
:10CB70000300AC04F242AB04B240F007AE04B012C2
:10CB8000A2C33041B2405E09A804B012BC4C1F835E
:10CB90000424B2501100A804FA3FA2C3F204F2D058
:10CBA0000300AC04F2401000AB04B240E004AE0459
:10CBB000B012A2C33041B2405E09A804B012BC4C0E
:10CBC0001F830424B2501100A804FA3FF240100061
:10CBD000AB04B012E2C2304192424405E004B240DC
:10CBE000E800A804E243AB04B240E004AE04B01293
:10CBF000F4CB30410D125D42AB04B012E2C2F2B090
:10CC00000C00AC040720B2500001A804C24DAB04D4
:10CC1000B012E2C23D4130410D12F2C0C000AC047E
:10CC2000D2D3AC045D42AB04B012A2C3F2B2AC04E6
:10CC30000120103CF2D04000AC04B2500001A80426
:10CC4000C24DAB04B012A2C3F2B2AC040324F2D0C2
:10CC50008000AC043D4130410D120C120B120A123F
:10CC6000F2C0C000AC04F2D00300AC041B42F204DA
:10CC70002BF31A42A8045D42AB041C42AE04B0126E
:10CC8000A2C3F2B00C00AC040120033CF2D040007F
:10CC9000AC04824AA804B2500001A804C24DAB04FF
:10CCA000824CAE04B012A2C3F2B00C00AC0411204E
:10CCB000F2B04000AC043324824AA804C24DAB0455
:10CCC000824CAE04B012E2C2F2B00C00AC042420DC
:10CCD000263CF2D08000AC04F2B04000AC041C2C26
:10CCE000824AA804C24DAB04824CAE04B012A2C367
:10CCF000F2B00C00AC041020824AA804B25000012B
:10CD0000A804C24DAB04824CAE04B012E2C2F2B031
:10CD10000C00AC040120033CA2D3F204053CF2C099
:10CD2000C000AC04A2C3F204824AA8043A413B41C9
:10CD30003C413D4130410F120E120D120C120B12EC
:10CD40000A1209121D42A8043D9000020D283D90D0
:10CD500060080F24F2400C00AB047C400C0039400A
:10CD600060063B4070060E3C3940B0023B40D004A8
:10CD7000043C3940E0053B40F005F2401000AB04B4
:10CD80007C401000F2D00300AC04B240E004AE04DA
:10CD9000B012A2C3E2B2AC040320F2B2AC04142479
:10CDA0003D9000023F2CB2500001A804F240100058
:10CDB000AB04B240E004AE04B012A2C3E2B2AC04D1
:10CDC0003120F2B2AC042E200A432E4B1F4B02003E
:10CDD0008A9EE004092804208A9FE20405281C2476
:10CDE0001F5278031E6276031F8AE2041E7AE00453
:10CDF0000E9303203F9010270F289B4AE004000069
:10CE00009B4AE204020032C20343994AE004000054
:10CE1000994AE204020032D22C8204242B522A5274
:10CE20002952D33F824DA80439413A413B413C410C
:10CE30003D413E413F4130410F120E120D120C1286
:10CE40000B12B2B02000F204FD2CE29306052D2453
:10CE500032C20343B240F0F00A0592E200050A052F
:10CE600092E202050A0592E204050A0592E206052D
:10CE70000A051F42080532D2829F0A051620C29376
:10CE800005051324F290130005050F2CC29303052A
:10CE90000C24F2920305092CF29024000205052CC3
:10CEA000F29060000105012C043CB2D02000F20495
:10CEB000C93C5F420505B012BC4CB240FB1CA80443
:10CEC000B2500500A8041F83FB23B2C00001F00488
:10CED000F2D00300AC04E242AB04B240E004AE0482
:10CEE000B012A2C3F2B2AC04A6201F420405B012D5
:10CEF000BC4C1E433D40E0043F90090003283F82A4
:10CF00001D53FA3F1F8302240E5EFC3F6EFD032477
:10CF1000B2D2F404023CB2C2F4045F420505B0127E
:10CF2000BC4CB240F00EA804B2501001A8041F83FC
:10CF3000FB23B2B2F4040424B250EE00A804083C6F
:10CF40005F4203051F830424B2502200A804FA3F65
:10CF5000B2D01000F404B2C00002F004F2D003001A
:10CF6000AC04F2401000AB04B240E004AE04B012D6
:10CF7000A2C3F2B2AC0463203D40E0042F4D8F10F9
:10CF80003FF01F003B420C434F5F0CAC1B83FC2364
:10CF90000F4C5F92020504245F92020533280B3C7C
:10CFA0006F4D3B420C434F5F0CAC1B83FC230F4C7B
:10CFB000C29F0105272C3E90A00002283E40200081
:10CFC000D2B3FC0401243E3C0D4E2F4212C30D107F
:10CFD0001F83FC232D835F42FC043FF00E000D9F56
:10CFE0003124F2F08F00FC0412C30E103E801000BA
:10CFF000C25EFC04F2B02000AC042424F2D0800015
:10D00000FC04203C2E4D8E103EF0E0002D533D9050
:10D01000F004B42BB2B01000F4040724B2C0100026
:10D02000F404B2501100A804963F3D40EE04BD4008
:10D0300000180000A33FB2D00001F004033CB2D0BE
:10D040000002F004F2C20C053B413C413D413E412F
:10D050003F413041B01266C9B2B00004F00401246F
:10D06000213C32C203439242E00400059242E204B2
:10D0700002059242E40404059242E6040605B24029
:10D08000F0F0080592E20005080592E202050805A5
:10D0900092E20405080592E20605080532D2B2C004
:10D0A0002000F20430410F120E120D120C12B012B9
:10D0B00086C6B2B08000F004032CA2B3E004042CB6
:10D0C000B2C00008F404043CB2D00008F404C23C2E
:10D0D0005F420505B012BC4C0E4F6E931120F2B0AA
:10D0E00010000605052CF2B0030006050920063CD9
:10D0F000E2B306050524D2B30605022C3E400D001E
:10D100001E83B01298C9B2B00008F0040124A23CFA
:10D11000D292E204050507247528D292E50405059C
:10D120002D245F286F3CD292E10403050F241B28B5
:10D130005F4203055F82E1043D4007000D8F12C38B
:10D140005DA20405CE9D64D25D2CE73F5F420405DD
:10D1500012C37FA00700CE9F64D2542CD292E00469
:10D1600002055028DA3F5F42E1045F82030512C3E3
:10D170005FA20405CE9F64D2452CCF3FD292E40437
:10D1800003050F2423285F4203055F82E4043D402A
:10D1900007000D8F12C35DA20405CE9D64D2212C21
:10D1A000313C5F42040512C37FA00700CE9F64D2CA
:10D1B000182CD292E30402050428F2D020000C05BA
:10D1C000213CF2B020000C05452C0B3C5F42E404EE
:10D1D0005F82030512C35FA20405CE9F64D2012CB7
:10D1E000113CC29307053624C2430705F290230081
:10D1F0000205302C12D3C2A30205F2D20C05F2C2F2
:10D200001405163CD29307052524D2430705D29373
:10D2100002052028F2B00F0002050420F28007006A
:10D220000205023CD2830205F2D20C05F2D21405AB
:10D2300032C20343B240F0F0080592E2000508054F
:10D2400092E20205080592E20405080592E206054D
:10D25000080532D2F2C010000C053C413D413E4170
:10D260003F4130413128313031303131303130318E
:10D2700029310F120E120D120C120B12F2E02000C7
:10D2800031001C42A8041B42AE043C905007022807
:10D290001D43023C3D400500A2C3F204B2C0004061
:10D2A000F004F2D00300AC04F2401000AB04B24032
:10D2B000E004AE04B012A2C3A2B3F2041620824B63
:10D2C000A804F2401000AB04B240E004AE04B01277
:10D2D000E2C2A2B3F20409201D830A243B501100CC
:10D2E0003C501100824CA804D73FB2D00040F0045B
:10D2F0003B413C413D413E413F4130410F120E1206
:10D300000D120C120B120A12B240A606A804B2406B
:10D31000FB06AE04B01272D2B2403E08A804B2407E
:10D320004F08AE04B01272D2E2B24F051024B240E0
:10D330000002A804B2405502AE04B01272D2B2404C
:10D340005007A804B2406107AE04B01272D23E404A
:10D3500010043F428E4300002E531F83FB235D4287
:10D36000BE03E242BE03A2C3F204B2C00040F00416
:10D37000F2D00300AC045C424F053B40A6063A40A5
:10D380003E08C293BE031D24B012A0C1A2B3F20492
:10D390008A209252E20412049262E0041004925233
:10D3A000E60416049262E40414049252EA041A0495
:10D3B0009262E80418049252EE041E049262EC0495
:10D3C0001C04824BA8045F42BE030F9305241F83F5
:10D3D000B2501100A804F93FF2401000AB04C29310
:10D3E000BE030424B240E004AE042D3C32C2034329
:10D3F0009242E005E0049242E205E2049242E40532
:10D40000E4049242E605E6049242E805E80492420A
:10D41000EA05EA049242EC05EC049242EE05EE04C1
:10D4200032D2824AA804B240E004AE04B012E2C292
:10D43000A2B3F2043820824BA804F2401000AB04DF
:10D44000B2401004AE04B012E2C2A2B3F2042B2028
:10D450006CB31D245F420505B2400008AE04B01253
:10D46000B6CB3B40AA023A4072075F420505B012B4
:10D47000BC4C0F930C243F900D00092C1F830524F6
:10D480003B5055003A501100F93F6CC39A3F6CB2C3
:10D4900006243B4000023A4050076CC2923FD283C0
:10D4A000BE036937033CB2D00040F004C24DBE0356
:10D4B000F2C006004F053A413B413C413D413E41EF
:10D4C0003F4130410F120E120D12F2900500BC03C5
:10D4D0000D24F2900600BC030E24F2901300BC034E
:10D4E0003424F2901400BC0335240A3C3E40A606C6
:10D4F0003D403E08333C3E40FB063D404F082E3C3D
:10D500003E40AA023D4072075F420505B012BC4C86
:10D510001F8305243E5055003D501100F93FF29005
:10D520000700BC031B245F42BC033F8007003E9002
:10D53000AA0204203E40A6063D403E083E8055001B
:10D540003D8011001F83F323093C3E4000023D4013
:10D550005007043C3E4055023D406107F2900500F3
:10D56000BE0308245F42BE030F9307241F833E506F
:10D570001100FA3F824DA804023C824EA804A2C3C7
:10D58000F204B2C00040F004F2D00300AC04F24058
:10D590001000AB04B240E004AE04B012A2C3A2B3C8
:10D5A000F2040120033CB2D00040F0043D413E4172
:10D5B0003F4130410F120E120D120C120B120A12C3
:10D5C00009120812B01266C9B2B00004F004F62CB9
:10D5D0005F42E6045E42E5045D42E4041C42E4046A
:10D5E000C29F06051924EA28F2D007004F05B012A1
:10D5F000FCD2B2D000026C06D2C34F0512D30FA3E7
:10D600005F92060503245E420505643CC29E050543
:10D6100071285E4205056E3CC29E05054724CE2852
:10D62000F2D003004F05B012FCD2B2D000026C065B
:10D63000D2C34F050F4E12D30FA35F9205050124ED
:10D64000593C0E4C8E103EF0FF000D4C3DF0FF009B
:10D650000F4E12D30FA33F90130001201F435F9280
:10D6600005059C20D293040599206E931720F2B0F3
:10D6700010000605052CF2B0030006050B20063C41
:10D68000E2B306050724D2B30605042C7D902900D9
:10D690008520943C7D9028008120903C4F4E5F4F28
:10D6A000AD4A12D30DA34D9F7920883CC29D04053D
:10D6B00085248428D2D34F05B012FCD2B2D0000208
:10D6C0006C06D2C34F050F4D12D30FA35F92040512
:10D6D0007524643CB2400002A804B2405502AE0476
:10D6E000B01272D2B2405007A804B2406107AE0433
:10D6F000B01272D23D40AA023A4072075F4205055D
:10D70000B012BC4C0F935A243F900D00572C1F832E
:10D7100005243D5055003A501100F93F0F4EB0120C
:10D72000BC4C0F934B243F900D00482C3E40AA0266
:10D730001F8303243E505500FB3F0B4D094A5842BE
:10D740000505F2E0200031003890100002203880FA
:10D750000600188308930220384012003B805500D1
:10D76000398011003B90550204203B40510639405E
:10D770002D080B9E66270F48B2400008AE04B01279
:10D78000B6CB824DA804824BAE04B01272D2824A4C
:10D79000A8048249AE04B01272D2D33FB240A606AA
:10D7A000A804B240FB06AE04B01272D2B2403E08EA
:10D7B000A804B2404F08AE04B01272D238413941C9
:10D7C0003A413B413C413D413E413F413041924223
:10D7D00010051605B24030051805D2421405300573
:10D7E000D24202053105D24201053205D24204057A
:10D7F0003305D24205053405D24206053505D2422D
:10D8000012053605B2B0800080050424F2B0100085
:10D8100015055A2C92421605E004D2423005E20466
:10D82000B240EB00A804F2400300AB04B240E004B5
:10D83000AE04B012F4CBF2B0800015050424F2C09F
:10D8400080001505253C92421005E0049242300507
:10D85000E20492423205E40492423405E604D242E4
:10D860003605E804B240A200A804F2400900AB0467
:10D87000B240E004AE04B2C00080F004B012F4CBB9
:10D88000F2B00C00AC040120033CB2D00080F004E4
:10D8900032C20343D24228053705D2422905380552
:10D8A000D2422A053905D2422B053A05D2422C052F
:10D8B0003B05D2422D053C05D2422E053D05D24204
:10D8C0002F053E0532D21E3CF2D01000300532C288
:10D8D0000343D24218063705D24219063805D24210
:10D8E0001A063905D2421B063A05D2421C063B05F0
:10D8F000D2421D063C05D2421E063D05D2421F06FD
:10D900003E0532D23041B012A8F9D2D31505E2C398
:10D910001505F2400F001B05B2C04000F204B01222
:10D92000A2E330410F1292421E051605B2400008D4
:10D930001805F2B010001405042CF2C010001505F3
:10D94000033CF2D010001505B01206D9B2B0400069
:10D95000F204152CB25010001E050728B2B000804A
:10D96000F6040324F2E0100014051F421E053FF0E8
:10D97000F0FF0F931720F2B010001405132CE2C231
:10D98000140592421005E004D2421405E204B240AC
:10D99000EB00A804F2400300AB04B240E004AE0484
:10D9A000B012F4CB3F4130410F120E120D120C1287
:10D9B0000B120A128243EE04D2920605E7041528E0
:10D9C000CB20D2920505E6041028C620D292040589
:10D9D000E5040B28C120D2920205E3040628BC20EE
:10D9E000D2920105E4040128B7200E430D435C42A6
:10D9F000E7045B42E6045C92060505240128AC3C82
:10DA00003F401300023C5F4205050B9F07287B90B7
:10DA1000130021205B4312D30CA3ED3F6B930F2027
:10DA20007CB01000042C7CB003000920043C6CB3D3
:10DA300006245CB3042C3D5020A30E63093C0A4F1E
:10DA40000F4BB012BC4C0F5F1D5F6ADB0E630F4AB9
:10DA500012D34BA3DA3F1F435F920405062C12D367
:10DA60004FA33D50A0050E63F73F0F435F920205A1
:10DA7000062C12D34FA33D503C000E63F73F5F428C
:10DA80000105B012BC4C0D5F0E631F435F92E504AD
:10DA9000062C12D34FA33D80A0050E73F73F0F4312
:10DAA0005F92E304062C12D34FA33D803C000E731B
:10DAB000F73F5F42E404B012BC4C0D8F0E73B2B05E
:10DAC0000008F404152CF2B2E204072CC2930705F7
:10DAD0000F243D503C000E630B3CC2930705082009
:10DAE0000E9303203D903D0037283D803C000E738F
:10DAF000824E0003824D02035F42E804824F060318
:10DB0000B0120C4B92520A030A03926208030803F4
:10DB100092520A030A0392620803080392520A030C
:10DB20000A0392620803080392520A030A039262EC
:10DB3000080308031F820E03C24F13059242E0043C
:10DB4000100592520A031005042C8293080307243F
:10DB5000063CD2D3E204033CB240A55AEE043A415B
:10DB60003B413C413D413E413F41304160AE809DA3
:10DB700060AEC0A860AEC0A860AE60AEC0A860AE27
:10DB8000C0A860AE0D120C120B120A120912081274
:10DB9000B2B04000F604072CB2F01F8C4005B2F082
:10DBA0001F4C4205063CB2F0DFAD4005B2F0DF6D20
:10DBB0004205B2F0FF1F48050C431D430A432CB336
:10DBC0000D2C1CB3042C82BD40054725033C82BDAF
:10DBD00042054325924A72E0A804063C82BD4805EE
:10DBE0004E25924AB2E0A804A2C3F204A2C3FA04EA
:10DBF000F2D00300AC04E243AB04B240E004AE0454
:10DC0000B012A2C3A2B3F20443219242E0044A0537
:10DC10001CB36C2C3B40E0042CB31E2C8243E60466
:10DC20008243E8048243EA04B2500D004A05929A06
:10DC300092E04A050D283DB000180724A2B33A0827
:10DC40000424B28041004A05033CB28082004A05A8
:10DC5000924A72E0A8040D3CB25007004A05929A1D
:10DC6000CCE04A050328B28046004A05924AB2E059
:10DC7000A804E243AB04B2404A05AE04B012E2C2CB
:10DC8000A2B3F20405212CB3912C3D9000406224F4
:10DC90003D90000804243D9000200424873C394036
:10DCA0002006023C394090083840E0043B40F0F048
:10DCB00032C203432BE91BE902001BE9040032D204
:10DCC0001B9906000C2032C20343A8490000984962
:10DCD0000200020098490400040032D2A13C8843AB
:10DCE000000088430200884304009A3CA2C3F20467
:10DCF000A2C2FA04F2D00300AC0492424A05A8047E
:10DD0000F2400C00AB04B240E004AE04B012A2C377
:10DD1000A2B3F204C0203D90000804243D900020EE
:10DD20000424083C39402806023C39409808384011
:10DD3000E604BC3F3D9000403720D2920405E00449
:10DD40006923D2920505E1046523D2920605E20417
:10DD50006123103CC243E3048243E40432C2034320
:10DD6000DB4204050000DB4205050100DB4206053D
:10DD7000020032D2D252DE07E304C243DE0792D25F
:10DD8000D007E40492D2D207E60492D2D407E80482
:10DD900092D2D607EA048243D0078243D207824355
:10DDA000D4078243D6073C3C3B40E60432C20343DF
:10DDB000DB4200050000DB4201050100DB420205F9
:10DDC0000200DB4204050300DB4205050400DB42E0
:10DDD0000605050032D22CB3232C2D931520B2B0AA
:10DDE00000106C060724B2C000106C06F240590007
:10DDF000E004163CB2B000206C061224B2C0002031
:10DE00006C06C243E0040C3C3D9000800920924225
:10DE1000D807E6049242DA07E8049242DC07EA04F3
:10DE200092424A05A8042CB3042CF2400C00AB0427
:10DE3000033CF2400600AB04B240E004AE04B01272
:10DE4000E2C2A2B3F20427202CB3192C1CB3032C7A
:10DE500082CD4005023C82CD42051CB3022C1CD36E
:10DE6000AE3E2A530D5D3D90004001241CC30D932E
:10DE70000124A53E2CB31D2C2CD31CC39E3E82CD69
:10DE800048052A530D5D1CC33D900020122C973E7F
:10DE9000A2D3FA04023CA2D2FA042CB3082C1CB37D
:10DEA000032C82CD4005053C82CD4205023C82CD4B
:10DEB0004805384139413A413B413C413D413041BF
:10DEC0000F120E120D120C120B120F433E40FC07E4
:10DED0003D4020002C421B43EE5E00008FBD7C02C3
:10DEE000032CFEC20000023CFED20000FEF0F8004F
:10DEF0000000CE9300000524FE90F80000000C24E2
:10DF0000143C82BB4405112482BC42050E2C82DCE9
:10DF1000400582CB4405073C82BB4405062C82DCCD
:10DF2000420582DB4405B012D8CB3F5010001E538F
:10DF30000C5C0B5B3D90200010203E90FF07CC2333
:10DF4000B2B04000F6040C240F433E40F9073D40B8
:10DF500040003C4040003B4010003E90FC07BC238A
:10DF60003B413C413D413E413F4130410F120E1289
:10DF7000D252FF07FF07B2B00004F804042CF2C02D
:10DF80001000FF07033CF2D01000FF07F2F0F00092
:10DF9000FF07C293FF070524F290F000FF07272434
:10DFA0003E3C92B3F8041824B2B2F804152CA2B285
:10DFB000F8040D245F42FC043FF006000F111F53CC
:10DFC0003E420E5E1F83FD2382BEF804052CE2C391
:10DFD0001D00B2C00002F804B2B0000144051F24C5
:10DFE000B2D000044205B2C000014405163C92B311
:10DFF000F8040524E2D31D00B2D00002F804B2B048
:10E00000000144050C2CB2B000044205082CB2D02B
:10E0100000044005B2D000014405B012D8CB3E4107
:10E020003F4130410F121F42D8071FE2FA043FF070
:10E030007FFF1FB2FA040F201F42DA071FE2F0042D
:10E040001FB2F00408201F42DC071FE2F2041FB2D7
:10E05000F2040120033CB2D0008040059242FA0451
:10E06000D8079242F004DA079242F204DC073F41FB
:10E070003041AF00B200B500B800BB00BB00197959
:10E080001C791F79BB00BE00F600FC1CAE7AF900BB
:10E09000FC00760CF80C7A0DFC0D7E0E7E0E9E793F
:10E0A000207AA27A7E0E000F820F410F297BA00AF0
:10E0B000220BC100C400C700CA00CD00D000D300AD
:10E0C000D600D900DC00F300FA0FFD0F831DC91D37
:10E0D0000F1E551E9B1EE11E271F6D1FB31FF91F2C
:10E0E0006E0BB40BFA0BF2D23200F2C231000343D2
:10E0F000E2D23100B01228E4F2D231003041F2D243
:10E100003200F2D231000343E2D23100B01228E4EF
:10E11000F2C23100B01228E4E2C2310030410F12E5
:10E12000F2D232003F42D2521A051A05032CF2C233
:10E130003100023CF2D23100E2D23100B01228E4C8
:10E14000E2C23100B01228E41F83ED23F2C2320094
:10E15000E2D23100B01228E4F2B23000032CC24304
:10E160001A05023CF2431A05E2C23100B01228E45B
:10E17000C2931A05022412D3013C12C33F4130411D
:10E180000F120E125E421A05F2C232003F42E2D274
:10E190003100B01228E4F2B23000D2621A051A053A
:10E1A000E2C23100B01228E41F83F123F2D2320020
:10E1B0000E930324F2D23100023CF2C23100E2D2CB
:10E1C0003100B01228E4E2C23100F2C23200B012D3
:10E1D00028E43E413F4130410F120E120D120C1245
:10E1E0001F4218051D4216057E40F000E2C33100B3
:10E1F000B012FEE0F240A0001A05F2B010001505C2
:10E20000012C023CE2D31A05B0121EE1432C8D1002
:10E21000C24D1A05B0121EE13D2C8D10C24D1A05DB
:10E22000B0121EE1372CC2931B050620D2B3150590
:10E230003424C24E1A05073CF24F1A05D2B3150515
:10E2400002245EE21A05B0121EE1242CC2931B05C3
:10E2500024241D530C4D3CF0FF003C90800003240F
:10E260000C9301240B3CB012E6E03C40B80BB0121A
:10E2700028E41C83FC23D2831B05BA3FD2831B05F1
:10E28000D223D2B315050924C24E1A05B0121EE1DD
:10E29000012C033CB2D04000F204B012E6E0E2D31D
:10E2A00031003C40B80BB01228E41C83FC233C41F5
:10E2B0003D413E413F4130410F120E120D121F42AF
:10E2C00018057E40F0007D40F000B012FEE0F24004
:10E2D000A0001A05F2B010001505012C023CE2D393
:10E2E0001A05B0121EE1542C92101605D2421605E2
:10E2F0001A0592101605B0121EE14A2CD2421605DC
:10E300001A05B0121EE1442CB012FEE0F240A1004A
:10E310001A05F2B010001505012C023CE2D31A05D3
:10E32000B0121EE1352CD2931B050620D2B3150581
:10E33000032CF2431A05023CC2431A05B01280E1D5
:10E34000E2B315050424DF421A050000063CDF9203
:10E350001A0500000224E2D21505D2B315050324E4
:10E360005DE21A056EEF1F53D2831B05DC23D2B387
:10E3700015051124F2431A05B01280E15D921A05C9
:10E380000224F2D215054E9D0624E2D21505033C67
:10E39000B2D04000F204B012E6E03D413E413F41C0
:10E3A00030410D120C125C421B053D400700C24C6F
:10E3B0001B05F2C00C001505B012D8E1C24C1B05BC
:10E3C000B012B8E2E2B215050320F2B2150502243C
:10E3D0001D83ED23E2B215050320F2B215050324D7
:10E3E000B2D04000F2043C413D4130410D120C12CC
:10E3F0005C421B053D400700C24C1B05F2C00C00EF
:10E400001505B012B8E2E2B215050320F2B2150507
:10E4100008241D83F123F2B215050324B2D0400075
:10E42000F2043C413D4130410F121F431F83FE2344
:10E430003F413041D2B32C036024E2B32C03572474
:10E44000B2B00004F4045324D2B39F034824F292E0
:10E45000CC034520E2B30C05642CB2D020007A082E
:10E46000A2D34005B01284DBF290310000051E28D3
:10E4700032C20343F29031000005022C32D22C3C10
:10E48000F24059000005B240F0F0080592E20005A4
:10E49000080592E20205080592E20405080592E2E9
:10E4A00006050805E2D30C0532D2163C32C20343FE
:10E4B000C2430005B240F0F0080592E200050805ED
:10E4C00092E20205080592E20405080592E20605BB
:10E4D0000805E2D30C0532D2A2D34205223CF2C099
:10E4E00041009F03D2C3F807B012E07E1A3CF2C08D
:10E4F00041009F03E2D29F03143CE2B22C0311249B
:10E50000D2D39F03F2C040009F03F2B22C03072432
:10E510005D423D08B012E07EC24D3D08023CE2D2B1
:10E520009F0330410F120E120D120C12F290D00008
:10E5300041065D24F290D1004106E624F290D2001B
:10E5400041064B24F290D30041064724F290D900B3
:10E5500041062F24F290E10041062F24F290E400BE
:10E56000410633241F4242063FF000F01E4250068F
:10E570003EF000F00F9E0224304050EC1F42420655
:10E580003FF0FF0F3F90FF0F062492925006420685
:10E590000224304050ECF290D80041060C24F29056
:10E5A000DC0041063425F290DB0041063A2530407C
:10E5B00050EC304022EA3040EEE9924242065006EA
:10E5C000D24244065206304050EC92424206B00815
:10E5D00092424406B208304050ECB2B000406C06A3
:10E5E000142DB0123AF1F290D30041069124F2902A
:10E5F000180042060A2DF29007004306062DF290FD
:10E600003C004406022DF2903C004506FE2C3F40A3
:10E610004206824300036E4F824E0203B0121A4C30
:10E620001E420A03CF4E00001F533F904606F123BF
:10E63000D2534306F29057000005E72CF2900300F6
:10E640000005E328B2B00004F4044F24F290D20095
:10E6500041064424C2930205D824F2902300020507
:10E66000D424C2930105D124F29059000105CD2490
:10E67000D292020542060224182C2C28D2920105BF
:10E6800045062C2416285F42010512C31FA35F9282
:10E6900045060B28D29200054406072CF24059008B
:10E6A0004406D24201054506193CB2D020006C0652
:10E6B000AC3C5F42450612C31FA35F9201050A28C6
:10E6C000D29244060005062CC2434406D2420105FC
:10E6D0004506043CB2D010006C06973CB2D0200036
:10E6E0007A08A2D34005B01284DB32C20343D2427F
:10E6F00044060005D24245060105D2424206020503
:10E70000D24243060305473CB2B00004F4047D2C1A
:10E71000F29064004206792CF2901F004406752C9A
:10E72000F2900C004506712CB2B00004F4040724EA
:10E73000B2D020007A08A2D34005B01284DB3F405B
:10E740004406824300036E4F824E0203B0121A4CFD
:10E750001E420A03CF4E000012D3CFA300001F5366
:10E760003F904606EE233F404206824300036E4F31
:10E77000824E0203B0121A4C1E420A03CF4E000012
:10E7800032C20343D24244060405D242450605057F
:10E79000D24242060605B240F0F0080592E20005BA
:10E7A000080592E20205080592E20405080592E2D6
:10E7B0000605080532D2F290D20041061A28B2B0FE
:10E7C0000004F4041424D2420405E004D2420505F6
:10E7D000E104D2420605E204B2403F1DA804B24063
:10E7E000E004AE04F2400300AB04B012E2C2E2D394
:10E7F0004C06B2B00004F4040824D24268040D05AB
:10E8000092426A040E05A2D34205304050ECC293F6
:10E8100044060E24D2934406A624E2934406C6245A
:10E82000F43FC2434606C2437908B01264F1ED3F9B
:10E830005F42BE038243020382430003C293450644
:10E840000D24F290100045061A24F290200045068F
:10E850001C24F290300045061E24D73FF2401E00D3
:10E860005306E242BE03B012A0C19252E204020378
:10E870009262E0040003D283BE03F523623CF240BF
:10E88000180053063C40E0040B3CF24019005306CC
:10E890003C40E404053CF2401A0053063C40E804C6
:10E8A000B2B00004F404DA27B2B08000F604D62730
:10E8B000E242BE035E42FC043EF006000E111E530F
:10E8C000C29EBE031B203E406006F2B08000FC04E6
:10E8D000052492B3F404022C3E40700632C2034376
:10E8E000B24EE004B24EE204B24EE404B24EE6048C
:10E8F000B24EE804B24EEA0432D21B3CB2402A09BE
:10E90000A8045E42BE031E830424B2500D00A80476
:10E91000FA3FA2C3F204F2D00300AC04F2400C00B0
:10E92000AB04B240E004AE04B012A2C3A2B3F2043E
:10E930008F21925C02000203A26C0003D283BE030B
:10E94000B923B24010000603B01242BCB0127AF1F3
:10E95000D2420E03BD0692420A03BE06C24FBE0358
:10E96000F2434606603FB2B000406C064E2FB01234
:10E970003AF192B3F8044927B2C00600F804D293E2
:10E98000450607284223B2C00802F804E2C31D006E
:10E99000053CB2D00802F804E2D31D00B01276C7DD
:10E9A00092B3F0043223E2434C062F3FF290FE0074
:10E9B00045061724F29345063427F2904F0045068A
:10E9C0001024F290490045060C24F29048004506B8
:10E9D0000824F29040004506182BF29047004506A7
:10E9E000142FD24245067908B01264F10E3FB2B03E
:10E9F00000406C060A2FF290100044060820F290A6
:10EA0000110044060420B2B00004F404212592420F
:10EA10004406B806B2408006B006C24346063040FF
:10EA200050ECB2B000406C06F02EC293B90610252F
:10EA30001F42B0063F9080060B293F90A506062C8A
:10EA40009F42420600009F4244060200D283B9065C
:10EA500014203F408006B012D0F1FA20B0123AF1F3
:10EA6000D293B8060E24F2901000B8061424F29047
:10EA70001100B8067A24304050ECA252B006304063
:10EA800050ECA253B006D242FE048006B2D0800001
:10EA90006C06304050EC3E4080063F40E004B280BF
:10EAA0000300B0061E92B006062CBF4E0000BF50F9
:10EAB00000200000033CBF40003800002F533F906F
:10EAC000F004F02BB240D61CA804B240E004AE041F
:10EAD000F2401000AB04B012E2C2F2B00C00AC0481
:10EAE000B7203E4090063F40E0041E92B006062C40
:10EAF000BF4E0000BF5000200000033CBF40003864
:10EB000000002F533F90F004F02BB240E71CA80404
:10EB1000B240E004AE04F2401000AB04B012E2C216
:10EB2000F2B00C00AC0494201F42B006FFD080006D
:10EB30000100FFC050000100E24FBA06D24F0100B1
:10EB4000BB06D24F0200BC06B240F81CA804924299
:10EB5000B006AE04F2400300AB04B012E2C2F2B061
:10EB60000C00AC047520304050EC3D40001D3D9041
:10EB70003C1D252CA2C3F204F2D00300AC04824D4C
:10EB8000A804E242AB04B240E004AE04B012A2C357
:10EB9000A2B3F20458208243E0048243E204824D8F
:10EBA000A804B240E004AE04E242AB04B012E2C2F8
:10EBB000F2B00C00AC0447203D500500D83F3C406B
:10EBC00080061C92B0063D2C3D40001DCC930100F8
:10EBD0000524DC8301003D500500F83FA2C3F20488
:10EBE000F2D00300AC04824DA804E242AB04B24070
:10EBF000E004AE04B012A2C3A2B3F20424201F4367
:10EC00003E40E004FC92000004281E53BC82000039
:10EC1000F93FCC9300000424DC8300000F5FF93F30
:10EC2000CEDF0000824DA804B240E004AE04E24210
:10EC3000AB04B012E2C2F2B00C00AC0404202C53BE
:10EC4000C03FE2D34C06B2D010007A08A2D34805E8
:10EC5000A2C36C063C413D413E413F4130410F1251
:10EC60000D120C120B120A125F420205B012BC4CBC
:10EC70000F5FF2903000010501281F53C24F740846
:10EC8000B2B000046C065D24B2C000046C065F42A2
:10EC9000BE03E242BE038243020382430003B0127A
:10ECA000A0C1B2B00004F204462C9252E204020366
:10ECB0009262E0040003D283BE03F123B24010004D
:10ECC0000603B01242BCB0127AF1C24FBE03B2B01A
:10ECD00000086C0621245A42FD041A830A5A32C2E3
:10ECE000034392427E083001924A94F338011C4259
:10ECF0003A011D423C0132D2C2939D04032082930B
:10ED00009E040A245D929D040728829C9E04042C84
:10ED1000B2D000027A08003CB2D000086C068243F0
:10ED20007E08D2420A037508D2420B037608D2420B
:10ED30000E037708063CB2437408B2437608C24F0C
:10ED4000BE03B2B000026C069C24B2C000026C0686
:10ED50005F42BE03E242BE033C408C08824370081F
:10ED60008243720882432009824322098243240994
:10ED700082432609B012A0C1B2B00004F2046F2C85
:10ED80009252E20472089262E00470089252EA041D
:10ED900022099262E80420099252EE042609926246
:10EDA000EC0424099242E20402039242E0040003CC
:10EDB000B24010000603B01242BC9C420A0300009D
:10EDC000DC4208030200DC420E0303002C82D283E3
:10EDD000BE03D023924270080003924272080203DD
:10EDE000B24010000603B01242BC92420A037008FF
:10EDF000D24208037208D2420E037308B2B0004038
:10EE0000F404352C924220090003924222090203A5
:10EE1000B24010000603B01242BC92420A0320091D
:10EE2000D24208032209D2420E032309B2B0008065
:10EE3000F404212C92422409000392422609020381
:10EE4000B24010000603B01242BC92420A032409E9
:10EE5000D24208032609D2420E032709103CBC43C4
:10EE60000000BC430200B2437008B2437208B243D0
:10EE70002009B2432209B2432409B2432609C24FF2
:10EE8000BE03C293790881205F42BE03C293460647
:10EE90003D20D242FC04BE03F2F00600BE0312C3C2
:10EEA0005210BE03F2501000BE03D2B3FC040A2C71
:10EEB000D292BE034B061224B2D26C06D242BE03DB
:10EEC0004B060C3CF2400300BE03F2901F004B06C1
:10EED0000524B2D26C06F2401F004B06F2F0070088
:10EEE000BE03D253BE038243020382430003B01227
:10EEF000A0C19252E20402039262E0040003D2B382
:10EF0000FC04D824D283BE03F223D43CF290D20076
:10EF100053062E28F240DA004B06D242AB064D06CD
:10EF2000D242AC064E06D242AD064F06F290D90050
:10EF300053060124E53CD293B8060924F290100050
:10EF4000B8060924F2901100B806DA24D93CD2425E
:10EF500081064C06D53CF2B08000BB060224D2D319
:10EF60004C06F2B04000BB060224E2D34C06C83C7B
:10EF7000D24253064B069242BE064C0682434E06D0
:10EF8000D242BD064E063040F8F05F4279087F90CD
:10EF9000FE0019247F904F006D247F9049002D249E
:10EFA0007F90480031247F9045006A247F9046007E
:10EFB0006D247F9044001B247F90400076287F9032
:10EFC0005000732C0A3CD2B3FC04542C5F42FC0466
:10EFD0003FF006000F113F504000C24F4B063C402F
:10EFE00080087FF003000F5F0F5F0C5F543CF2401E
:10EFF00044004B063C4074084E3C92427A084C0652
:10F0000092427C084E064D3C3F4080102D423C40D1
:10F01000E0040A43B2C00010F204B012FC810A936B
:10F0200044203F40E0046C4F0D430A4D32C203437D
:10F03000824C3001B240640038011C423A011D424A
:10F040003C0132D2034332C20343824A3001B24010
:10F05000640038011D523A0132D25A4F01000C5A55
:10F060000D631F533F90E304E02B824C4C06824D0E
:10F070004E06173CF2404F004B063C4070080B3CDC
:10F08000F24045004B063C402009053CF24046005A
:10F090004B063C402409A24C4C06924C02004E0602
:10F0A0002F3CD24279084B062B3CC2437908B01260
:10F0B00064F13B3CB2420603B01242BCB0127AF19A
:10F0C00092420A034E06B2B26C060524B2C26C0626
:10F0D00092420A034C0692924C064E06032CB25002
:10F0E00010274E0692824C064E06B29000014E0644
:10F0F0000328B2D26C06E23FB0129EF1C24FBE03AB
:10F1000092C36C063F404B06B012664432C20343C2
:10F1100092424806000692424A06020692424C0675
:10F12000040692424E06060632D2A2C26C063A414C
:10F130003B413C413D413F413041D242A806AB06F4
:10F14000D242A906AC06D242AA06AD06C24379084D
:10F15000B01264F1F2434606D24241065306C2435E
:10F160004C063041B2408601A804B2407908AE0492
:10F17000D243AB04B012E2C23041829308030624AA
:10F18000B28060EA0A0382730803F73FB290102747
:10F190000A030428B28010270A03F83F30410F12F7
:10F1A0000E120D121E424E060D433F4007000E1078
:10F1B00002285DEFC8F11F83FA378D10825D4E067D
:10F1C0003D413E413F4130416A359A4DA653A9D455
:10F1D0000E120D120C120B120A123B40CE002C42E2
:10F1E0003D40B7001A42B0066E4A0A8E4E4D4D4C55
:10F1F0004C4B7EEF0E120E5E2E517B415DEE0445B0
:10F200005CEE03455B4E02450F9AF02B1F42B006A1
:10F21000824AB0060A435B9F010007205C9F020000
:10F2200004205D9F03000120013C1A530A933A41D8
:10F230003B413C413D413E4130410F120E120D1207
:10F240000C120B121C430B43F2C01000BB0682BC15
:10F25000BA06062C3C9000084D2C0C5C2B53F73F53
:10F26000A2C3F204F2D00300AC04F2B01000BB065B
:10F27000042CB240D61CA804033CB240E71CA804EE
:10F28000F2401000AB04B240E004AE04B012A2C3DE
:10F29000A2B3F2043320924B7CF3A804F2B0100026
:10F2A000BB060324B2501100A8041D43C2BDBC0616
:10F2B0000C24B240E004AE04F2401000AB04B012E3
:10F2C000E2C2F2B00C00AC0419203D908000052C85
:10F2D0000D5DB2502200A804E93FF2B01000BB0659
:10F2E000042CF2D01000BB06BB3F82CCBA063C9087
:10F2F00000083E28B2D00040BA06033CB2C000402D
:10F30000BA06B2D010007A0892D34805B2C0008085
:10F31000BA06B240F81CA804A2C3F204F2D003005B
:10F32000AC04F2400300AB04B240E004AE04B012FF
:10F33000A2C3A2B3F2040E20B2C000C0E004B2B077
:10F340000040BA060324B2D00040E004B240E0041A
:10F35000AE04063CB2C000C0BA06B240BA06AE0463
:10F36000B240F81CA804F2400300AB04B012E2C2A1
:10F370003B413C413D413E413F4130410010101175
:10F380002012301340145015601670178018901911
:10F39000A01AB01B14006400C80064000F120E1203
:10F3A0000D120C120B120A12829360030424B2B0E5
:10F3B00000047C020F24F2C00900B907B240E00645
:10F3C0000C078243080782430A078243700782437F
:10F3D0007207053C92526003080782630A07829312
:10F3E00070030424B2B000048C020F24F2C0120097
:10F3F000B907B24010073C078243380782433A07F7
:10F400008243740782437607053C925270033807A3
:10F4100082633A07829380030424B2B000049C0202
:10F420000F24F2C02400B907B24040076C078243A2
:10F43000680782436A078243780782437A07053C5C
:10F4400092528003680782636A073F4008073E4084
:10F4500070073D40B0075C42B8073CF007000C1154
:10F460000C9305243F5030002E522D53F83FD2B25A
:10F47000B807B9074D2432C20343A24F3001B2404E
:10F480005555380192423C013A0182433C01924F6A
:10F4900002003401B240555538011B423A0132D2C4
:10F4A0001A4F04005C42B8070C5C0C5C0C5CC2BCDC
:10F4B000B9070424AE8A00008E7302008E5B000040
:10F4C0008E6302008A4B000032C20343A24E300119
:10F4D00092427C07380192423C013A0182433C014E
:10F4E000924E0200340192427C0738011B423A01DD
:10F4F00032D28D4B0000AF5304009F9F06000400E2
:10F500000728C2DCB9070D4F3D8028008F4D04004D
:10F51000D2D2B807B9078F4300008F4302005211BF
:10F52000B807C293B8070220E242B807C293680343
:10F530000B20F2C04000B907B2408007AC078243FD
:10F54000A8078243AA07363C1A42AC07F2B0400033
:10F55000B9070424A28AA8078273AA0792526803F3
:10F56000A8078263AA079A426803000032C20343D5
:10F570009242A807300192427E07380192423C0134
:10F580003A0182433C019242AA07340192427E072B
:10F5900038011B423A0132D2824BB607A253AC0764
:10F5A0009292AE07AC070628F2D04000B907B240ED
:10F5B0008007AC073A413B413C413D413E413F4120
:10F5C00030410F120E120D120C120B120A123B4098
:10F5D000B0071D430C433A42C2BAB90746240E4C49
:10F5E0003D900010032C3E50C007023C3E50C8071F
:10F5F0000F4D3FF033330424AB9E00000C28033C36
:10F60000AE9B0000082882BDBA072F2482CDBA071E
:10F6100082DDBE071F3C82BDBA07272C82BDBE0714
:10F62000242C82DDBA0782DDBC073D90100007283C
:10F630003D90000108283D90001009280B3CB2D0F5
:10F6400040007A08073CB2D080007A08033CB2D070
:10F6500000017A08B0121ACBF2B00C00AC040520FD
:10F660009242BA07E804B0123CCB0D5D2C533C9299
:10F67000B32B2B533B90B807032C0A5A0C43AC3FD7
:10F680003A413B413C413D413E413F4130410F12F7
:10F690009242E4047C079242E6047E07E242B80705
:10F6A000C243B907B240E0060C07B24010073C075E
:10F6B000B24040076C07B2408007AC07B240E0069A
:10F6C0000E07B24010073E07B24040076E075F4288
:10F6D000E3040F5F825F0E07825F3E07825F6E0763
:10F6E000B2408007AE075F42E2040F5F825FAE0761
:10F6F0008243080782430A078243380782433A0756
:10F700008243380782433A07824370078243720775
:10F7100082437407824376078243780782437A07DD
:10F720008243A8078243AA073F40E0068F430000B8
:10F730002F531F920E07FA2B3F4010078F430000F4
:10F740002F531F923E07FA2B3F4040078F43000084
:10F750002F531F926E07FA2B3F4080078F43000004
:10F760002F531F92AE07FA2B3F4130410D120C125E
:10F770000B120A121D430C430A431CB3042C82BD16
:10F78000BC078024033C82BDBE077C24924A68F9F2
:10F79000A804A2C3F204B2C00001FA04F2D003002C
:10F7A000AC04E243AB04B240E004AE04B012A2C326
:10F7B000A2B3F20470209242E0044A050C93202088
:10F7C0003B40E0048243E6048243E8048243EA04C7
:10F7D000B2500D004A05929A88F94A050328B28072
:10F7E00014054A05924A68F9A804E243AB04B24002
:10F7F0004A05AE04B012E2C2A2B3F2044C20183C97
:10F80000A2C3F204B2C00002FA04F2D00300AC04B6
:10F8100092424A05A804F2400C00AB04B240E00456
:10F82000AE04B012A2C3A2B3F20439203B40E604F6
:10F8300032C20343DB4200050000DB420105010048
:10F84000DB4202050200DB4204050300DB42050542
:10F850000400DB420605050032D292424A05A804A4
:10F86000F2400C00AB04B240E004AE04B012E2C2BD
:10F87000A2B3F20414201CB3032C82CDBC07023CBB
:10F8800082CDBE071CB3012C023C2A530D5D3CE324
:10F890000D930F24723FB2D00001FA04033CB2D0A2
:10F8A0000002FA041CB3032C82CDBC07023C82CDBB
:10F8B000BE073A413B413C413D413041B29050206E
:10F8C000AE05032CB2405020AE059242AE05A8040E
:10F8D000B2400008AE04F2400C00AB04B012E2C229
:10F8E000F2B00C00AC040720B2500D00AE05B2908F
:10F8F0009171AE053828B2C2F604B0121ACBF2B03C
:10F900000C00AC040C24F2403C00E104B24014149E
:10F91000E204B240CD0CE404B240CD0CE604B012D7
:10F920008EF68243E8049242E804BA07B0123CCB58
:10F93000B2401D20A804B2402F1BE004B2500300C7
:10F94000A804B2501405E004B240E004AE04E2435F
:10F95000AB04B012E2C2F2B00C00AC040420B290CE
:10F960006F6CE004EB2B304120202320262029203F
:10F970002C202F203220352038203B203E204120D3
:10F98000442047204A204D206425782A8C2FA0341B
:10F99000B439C83EDC43F048044E18532C58405D3F
:10F9A000546268677C6C90710F120E120D120C126B
:10F9B000F2B010001505612CE2B214055E2C5F4216
:10F9C0003405B01254CBF2B00C00AC045620F2C097
:10F9D0000600F807D292F10731054F280624D2928B
:10F9E000F3073105222806240A3CD292F00732059B
:10F9F0001C2C433CD2923205F2070128163CD292CD
:10FA0000F50731053A280624D292F70731050B286D
:10FA10000624333CD292F4073205052C2E3CD292B8
:10FA20003205F6072A28E2D3F8075F423405B01200
:10FA300084CB3F4037053E40E004E2B3F8070224A0
:10FA40003E40E2043F903F050E2C5D4F01008D10BB
:10FA50006C4F0D5C2D9E04288E4D0000E2D2F807FD
:10FA60002E522F53EF3FE2B2F80707245F423405CE
:10FA7000B240E004AE04B012B6CB3C413D413E4141
:10FA80003F41304102030500FA289EBC6CF4F6A801
:10FA9000FFFCEE76D23ED6C6401DF908F908B12C1F
:10FAA000324852945294AB17EA004700470047008F
:10FAB0004102A2CCA2CCBF810100010001000100E3
:10FAC000200020002000A000FFFF35779A3B35770B
:10FAD000FFFF009400CA0094FFFF35779A3B35770B
:10FAE000FFFFF693FBC9F6938601DA4A7C26F47D84
:10FAF000F47DF47D410FF54BEF97410F0C4B704CAB
:10FB0000704CC97A080403074E016F006F006F0044
:10FB1000001800050005001871E2C48810200204D6
:10FB20000913274E050A142850A0A0031400010051
:10FB30000000060000CDC44662A32D5B00C18140D9
:10FB400001C0804101C0804100C1814001C08041AD
:10FB500000C1814000C1814001C0804101C080419D
:10FB600000C1814000C1814001C0804100C181408D
:10FB700001C0804101C0804100C1814001C080417D
:10FB800000C1814000C1814001C0804100C181406D
:10FB900001C0804101C0804100C1814000C181405D
:10FBA00001C0804101C0804100C1814001C080414D
:10FBB00000C1814000C1814001C0804101C080413D
:10FBC00000C1814000C1814001C0804100C181402D
:10FBD00001C0804101C0804100C1814000C181401D
:10FBE00001C0804101C0804100C1814001C080410D
:10FBF00000C1814000C1814001C0804100C18140FD
:10FC000001C0804101C0804100C1814001C08041EC
:10FC100000C1814000C1814001C0804101C08041DC
:10FC200000C1814000C1814001C0804100C18140CC
:10FC300001C0804101C0804100C1814000C0C101BC
:10FC4000C30302C2C60607C705C5C404CC0C0DCD4C
:10FC50000FCFCE0E0ACACB0BC90908C8D81819D9BC
:10FC60001BDBDA1A1EDEDF1FDD1D1CDC14D4D515EC
:10FC7000D71716D6D21213D311D1D010F03031F1DC
:10FC800033F3F23236F6F737F53534F43CFCFD3D0C
:10FC9000FF3F3EFEFA3A3BFB39F9F83828E8E929FC
:10FCA000EB2B2AEAEE2E2FEF2DEDEC2CE42425E5AC
:10FCB00027E7E62622E2E323E12120E0A06061A11C
:10FCC00063A3A26266A6A767A56564A46CACAD6DCC
:10FCD000AF6F6EAEAA6A6BAB69A9A86878B8B9793C
:10FCE000BB7B7ABABE7E7FBF7DBDBC7CB47475B56C
:10FCF00077B7B67672B2B373B17170B0509091515C
:10FD00009353529296565797559594549C5C5D9D8B
:10FD10005F9F9E5E5A9A9B5B99595898884849897B
:10FD20004B8B8A4A4E8E8F4F8D4D4C8C448485452B
:10FD300087474686824243834181804037E4E127FA
:10FD4000FFFFFFFFFFFFFFFFFFFFFFFFFFFFFFFFC3
:10FD5000FFFFFFFFFFFFFFFFFFFFFFFFFFFFFFFFB3
:10FD6000FFFFFFFFFFFFFFFFFFFFFFFFFFFFFFFFA3
:10FD7000FFFFFFFFFFFFFFFFFFFFFFFFFFFFFFFF93
:10FD8000FFFFFFFFFFFFFFFFFFFFFFFFFFFFFFFF83
:10FD9000FFFFFFFFFFFFFFFFFFFFFFFFFFFFFFFF73
:10FDA000FFFFFFFFFFFFFFFFFFFFFFFFFFFFFFFF63
:10FDB000FFFFFFFFFFFFFFFFFFFFFFFFFFFFFFFF53
:10FDC000FFFFFFFFFFFFFFFFFFFFFFFFFFFFFFFF43
:10FDD000FFFFFFFFFFFFFFFFFFFFFFFFFFFFFFFF33
:10FDE000FFFFFFFFFFFFFFFFFFFFFFFFFFFFFFFF23
:10FDF000FFFFFFFFFFFFFFFFFFFFFFFFFFFFFFFF13
:10FE0000FFFFFFFFFFFFFFFFFFFFFFFFFFFFFFFF02
:10FE1000FFFFFFFFFFFFFFFFFFFFFFFFFFFFFFFFF2
:10FE2000FFFFFFFFFFFFFFFFFFFFFFFFFFFFFFFFE2
:10FE3000FFFFFFFFFFFFFFFFFFFFFFFFFFFFFFFFD2
:10FE4000FFFFFFFFFFFFFFFFFFFFFFFFFFFFFFFFC2
:10FE5000FFFFFFFFFFFFFFFFFFFFFFFFFFFFFFFFB2
:10FE6000FFFFFFFFFFFFFFFFFFFFFFFFFFFFFFFFA2
:10FE7000FFFFFFFFFFFFFFFFFFFFFFFFFFFFFFFF92
:10FE8000FFFFFFFFFFFFFFFFFFFFFFFFFFFFFFFF82
:10FE9000FFFFFFFFFFFFFFFFFFFFFFFFFFFFFFFF72
:10FEA000FFFFFFFFFFFFFFFFFFFFFFFFFFFFFFFF62
:10FEB000FFFFFFFFFFFFFFFFFFFFFFFFFFFFFFFF52
:10FEC000FFFFFFFFFFFFFFFFFFFFFFFFFFFFFFFF42
:10FED000FFFFFFFFFFFFFFFFFFFFFFFFFFFFFFFF32
:10FEE000FFFFFFFFFFFFFFFFFFFFFFFFFFFFFFFF22
:10FEF000FFFFFFFFFFFFFFFFFFFFFFFFFFFFFFFF12
:10FF0000FFFFFFFFFFFFFFFFFFFFFFFFFFFFFFFF01
:10FF1000FFFFFFFFFFFFFFFFFFFFFFFFFFFFFFFFF1
:10FF2000FFFFFFFFFFFFFFFFFFFFFFFFFFFFFFFFE1
:10FF3000FFFFFFFFFFFFFFFFFFFFFFFFFFFFFFFFD1
:10FF4000FFFFFFFFFFFFFFFFFFFFFFFFFFFFFFFFC1
:10FF5000FFFFFFFFFFFFFFFFFFFFFFFFFFFFFFFFB1
:10FF6000FFFFFFFFFFFFFFFFFFFFFFFFFFFFFFFFA1
:10FF7000FFFFFFFFFFFFFFFFFFFFFFFFFFFFFFFF91
:10FF8000FFFFFFFFFFFFFFFFFFFFFFFFFFFFFFFF81
:10FF9000FFFFFFFFFFFFFFFFFFFFFFFFFFFFFFFF71
:10FFA000FFFFFFFFFFFFFFFFFFFFFFFFFFFFFFFF61
:10FFB000FFFFFFFFFFFFFFFFFFFFFFFFFFFFFFFF51
:10FFC000FFFFFFFFFFFFFFFFFFFFFFFFFFFFFFFF41
:10FFD000FFFFFFFFFFFFFFFFFFFFFFFFFFFFFFFF31
:10FFE000E22EA22E624412446444C23C722E322E8F
:10FFF000122FC62D6025604470255E443225001105
:00000001FF
