; ------------------------------------------------------------
; Дизассемблированный листинг прошивки (MSP430F249)
; Получен автоматически: tools/listing.py
; ------------------------------------------------------------


; ============================================================
; Функция _reset @ 0x1100   (вызовов: 0)
; ============================================================
1100:  4031 0A00       MOV	#0x0A00, SP
1104:  40B2 4500 0190  MOV	#0x4500, &TBR
110A:  40B2 5A88 0120  MOV	#0x5A88, &WDTCTL
1110:  C0F2 0020 04AC  BIC.B	#0x0020, &0x04AC
1116:  4382 0164       CLR	&TACCTL1
111A:  D232            EINT
111C:  D0F2 0040 001F  BIS.B	#0x0040, &P4SEL
1122:  C0F2 0040 001E  BIC.B	#0x0040, &P4DIR
1128:  D0F2 0050 0019  BIS.B	#0x0050, &P3OUT
112E:  D0F2 0050 001A  BIS.B	#0x0050, &P3DIR
1134:  C0F2 0080 0026  BIC.B	#0x0080, &P1SEL
113A:  C0F2 0080 0021  BIC.B	#0x0080, &P1OUT
1140:  D0F2 0080 0022  BIS.B	#0x0080, &P1DIR
1146:  C0B2 FEEF 0180  BIC	#0xFEEF, &TBCTL
114C:  D0B2 0100 0180  BIS	#0x0100, &TBCTL
1152:  40B2 8000 0192  MOV	#0x8000, &TBCCR0
1158:  40B2 8000 0194  MOV	#0x8000, &TBCCR1
115E:  D0B2 0090 0184  BIS	#0x0090, &TBCCTL1
1164:  40B2 C100 018C  MOV	#0xC100, &TBCCTL5
116A:  40B2 8001 019C  MOV	#0x8001, &TBCCR5
1170:  40B2 8110 018E  MOV	#0x8110, &TBCCTL6
1176:  40B2 8001 019E  MOV	#0x8001, &TBCCR6
117C:  B0B2 0400 04F4  BIT	#0x0400, &0x04F4
1182:  2403            JZ	0x118A
1184:  D0B2 0010 0180  BIS	#0x0010, &TBCTL

loc_118A:			; переходы из 0x1182
118A:  403F 000A       MOV	#0x000A, R15

loc_118E:			; переходы из 0x1196
118E:  B2B2 018E       BIT	#8, &TBCCTL6
1192:  2403            JZ	0x119A
1194:  831F            DEC	R15
1196:  23FB            JNZ	0x118E
1198:  3C54            JMP	0x1242

loc_119A:			; переходы из 0x1192
119A:  42F2 005B       MOV.B	#8, &CAPD
119E:  403E 0007       MOV	#0x0007, R14

loc_11A2:			; переходы из 0x11AA
11A2:  433F            MOV	#-1, R15

loc_11A4:			; переходы из 0x11A6
11A4:  831F            DEC	R15
11A6:  23FE            JNZ	0x11A4
11A8:  831E            DEC	R14
11AA:  23FB            JNZ	0x11A2
11AC:  C0F2 000F 001B  BIC.B	#0x000F, &P3SEL
11B2:  D0F2 0003 0019  BIS.B	#0x0003, &P3OUT
11B8:  C2F2 0019       BIC.B	#8, &P3OUT
11BC:  D0F2 000B 001A  BIS.B	#0x000B, &P3DIR
11C2:  C2E2 001A       BIC.B	#4, &P3DIR
11C6:  12B0 C612       CALL	#0xC612
11CA:  12B0 C612       CALL	#0xC612
11CE:  12B0 C5FE       CALL	#0xC5FE
11D2:  C0F2 00EF 0021  BIC.B	#0x00EF, &P1OUT
11D8:  C0F2 0010 0022  BIC.B	#0x0010, &P1DIR
11DE:  D0F2 00EB 0022  BIS.B	#0x00EB, &P1DIR
11E4:  C3F2 0026       BIC.B	#-1, &P1SEL
11E8:  C0F2 00F7 0029  BIC.B	#0x00F7, &P2OUT
11EE:  D0F2 00F7 002A  BIS.B	#0x00F7, &P2DIR
11F4:  C0F2 00F7 002E  BIC.B	#0x00F7, &P2SEL
11FA:  C0F2 00AE 0019  BIC.B	#0x00AE, &P3OUT
1200:  40F2 00AE 001A  MOV.B	#0x00AE, &P3DIR
1206:  C3F2 001B       BIC.B	#-1, &P3SEL
120A:  C0F2 00BF 001D  BIC.B	#0x00BF, &P4OUT
1210:  D0F2 00BF 001E  BIS.B	#0x00BF, &P4DIR
1216:  C0F2 00BF 001F  BIC.B	#0x00BF, &P4SEL
121C:  C0F2 007F 0031  BIC.B	#0x007F, &P5OUT
1222:  D0F2 007F 0032  BIS.B	#0x007F, &P5DIR
1228:  C3F2 0033       BIC.B	#-1, &P5SEL
122C:  D3F2 0037       BIS.B	#-1, &P6SEL
1230:  C0B2 8000 018E  BIC	#0x8000, &TBCCTL6
1236:  D0B2 4000 018E  BIS	#0x4000, &TBCCTL6
123C:  D032 00D8       BIS	#0x00D8, SR
1240:  4303            CLR	CG

loc_1242:			; переходы из 0x1198
1242:  C0B2 0010 0184  BIC	#0x0010, &TBCCTL1
1248:  C0B2 0010 018E  BIC	#0x0010, &TBCCTL6
124E:  C3F2 0026       BIC.B	#-1, &P1SEL
1252:  C3D2 0021       BIC.B	#1, &P1OUT
1256:  C3E2 0021       BIC.B	#2, &P1OUT
125A:  D3E2 0022       BIS.B	#2, &P1DIR
125E:  C2E2 0021       BIC.B	#4, &P1OUT
1262:  C0F2 0010 0021  BIC.B	#0x0010, &P1OUT
1268:  C0F2 007D 0022  BIC.B	#0x007D, &P1DIR
126E:  C3F2 002E       BIC.B	#-1, &P2SEL
1272:  C0F2 0007 0029  BIC.B	#0x0007, &P2OUT
1278:  D0F2 0007 002A  BIS.B	#0x0007, &P2DIR
127E:  C2F2 002A       BIC.B	#8, &P2DIR
1282:  C0F2 0010 002E  BIC.B	#0x0010, &P2SEL
1288:  D0F2 0010 0029  BIS.B	#0x0010, &P2OUT
128E:  D0F2 0010 002A  BIS.B	#0x0010, &P2DIR
1294:  C0F2 0060 002A  BIC.B	#0x0060, &P2DIR
129A:  C0F2 0080 0029  BIC.B	#0x0080, &P2OUT
12A0:  D0F2 0080 002A  BIS.B	#0x0080, &P2DIR
12A6:  C0F2 000F 001B  BIC.B	#0x000F, &P3SEL
12AC:  D3D2 0019       BIS.B	#1, &P3OUT
12B0:  D3D2 001A       BIS.B	#1, &P3DIR
12B4:  D3E2 0019       BIS.B	#2, &P3OUT
12B8:  D3E2 001A       BIS.B	#2, &P3DIR
12BC:  C2E2 001A       BIC.B	#4, &P3DIR
12C0:  C2F2 0019       BIC.B	#8, &P3OUT
12C4:  D2F2 001A       BIS.B	#8, &P3DIR
12C8:  C0F2 009F 001F  BIC.B	#0x009F, &P4SEL
12CE:  C0F2 0003 001D  BIC.B	#0x0003, &P4OUT
12D4:  D0F2 0003 001E  BIS.B	#0x0003, &P4DIR
12DA:  D0F2 001C 001D  BIS.B	#0x001C, &P4OUT
12E0:  D0F2 001C 001E  BIS.B	#0x001C, &P4DIR
12E6:  C0F2 0020 001E  BIC.B	#0x0020, &P4DIR
12EC:  C0F2 0020 001F  BIC.B	#0x0020, &P4SEL
12F2:  C0F2 0080 001D  BIC.B	#0x0080, &P4OUT
12F8:  D0F2 0080 001E  BIS.B	#0x0080, &P4DIR
12FE:  C3F2 0033       BIC.B	#-1, &P5SEL
1302:  C3D2 0031       BIC.B	#1, &P5OUT
1306:  D3E2 0031       BIS.B	#2, &P5OUT
130A:  D0F2 0003 0032  BIS.B	#0x0003, &P5DIR
1310:  C2E2 0031       BIC.B	#4, &P5OUT
1314:  D2E2 0032       BIS.B	#4, &P5DIR
1318:  C2F2 0031       BIC.B	#8, &P5OUT
131C:  C2F2 0032       BIC.B	#8, &P5DIR
1320:  C0F2 0020 0031  BIC.B	#0x0020, &P5OUT
1326:  D0F2 0020 0032  BIS.B	#0x0020, &P5DIR
132C:  C0F2 0050 0031  BIC.B	#0x0050, &P5OUT
1332:  D0F2 0050 0032  BIS.B	#0x0050, &P5DIR
1338:  C0F2 0080 0032  BIC.B	#0x0080, &P5DIR
133E:  C3E2 0002       BIC.B	#2, &IFG1
1342:  40F2 0060 0056  MOV.B	#0x0060, &DCOCTL
1348:  40F2 000C 0057  MOV.B	#0x000C, &BCSCTL1
134E:  40F2 0080 0053  MOV.B	#0x0080, &BCSCTL3

loc_1354:			; переходы из 0x137E
1354:  430E            CLR	R14

loc_1356:			; переходы из 0x136A, 0x1378
1356:  C3E2 0002       BIC.B	#2, &IFG1
135A:  433F            MOV	#-1, R15

loc_135C:			; переходы из 0x135E
135C:  831F            DEC	R15
135E:  23FE            JNZ	0x135C
1360:  B3D2 0053       BIT.B	#1, &BCSCTL3
1364:  2C03            JC	0x136C
1366:  B3E2 0002       BIT.B	#2, &IFG1
136A:  23F5            JNZ	0x1356

loc_136C:			; переходы из 0x1364
136C:  D312            SETC
136E:  6E0E            RLC	R14
1370:  F03E 0007       AND	#0x0007, R14
1374:  903E 0007       CMP	#0x0007, R14
1378:  23EE            JNZ	0x1356
137A:  B3E2 0053       BIT.B	#2, &BCSCTL3
137E:  2FEA            JC	0x1354
1380:  40F2 0088 0058  MOV.B	#0x0088, &BCSCTL2
1386:  B3D2 0053       BIT.B	#1, &BCSCTL3
138A:  2C02            JC	0x1390
138C:  D3E2 0000       BIS.B	#2, &IE1

loc_1390:			; переходы из 0x138A
1390:  4304            CLR	R4
1392:  4305            CLR	R5
1394:  4306            CLR	R6
1396:  4307            CLR	R7
1398:  4308            CLR	R8
139A:  4309            CLR	R9
139C:  430A            CLR	R10
139E:  430B            CLR	R11
13A0:  430C            CLR	R12
13A2:  430D            CLR	R13
13A4:  430E            CLR	R14
13A6:  430F            CLR	R15
13A8:  4035 0200       MOV	#0x0200, R5
13AC:  4036 02B0       MOV	#0x02B0, R6

loc_13B0:			; переходы из 0x13B8
13B0:  4385 0000       CLR	0(R5)
13B4:  5325            INCD	R5
13B6:  9605            CMP	R6, R5
13B8:  2BFB            JNC	0x13B0
13BA:  4035 02C0       MOV	#0x02C0, R5
13BE:  4036 0500       MOV	#0x0500, R6

loc_13C2:			; переходы из 0x13CA
13C2:  4385 0000       CLR	0(R5)
13C6:  5325            INCD	R5
13C8:  9605            CMP	R6, R5
13CA:  2BFB            JNC	0x13C2
13CC:  43C2 0515       CLR.B	&0x0515
13D0:  4382 0516       CLR	&0x0516
13D4:  4382 0518       CLR	&0x0518
13D8:  4382 051A       CLR	&0x051A
13DC:  4035 0528       MOV	#0x0528, R5
13E0:  4036 0540       MOV	#0x0540, R6

loc_13E4:			; переходы из 0x13EC
13E4:  4385 0000       CLR	0(R5)
13E8:  5325            INCD	R5
13EA:  9605            CMP	R6, R5
13EC:  2BFB            JNC	0x13E4
13EE:  4035 0546       MOV	#0x0546, R5
13F2:  4036 05E0       MOV	#0x05E0, R6

loc_13F6:			; переходы из 0x13FE
13F6:  4385 0000       CLR	0(R5)
13FA:  5325            INCD	R5
13FC:  9605            CMP	R6, R5
13FE:  2BFB            JNC	0x13F6
1400:  4035 05F0       MOV	#0x05F0, R5
1404:  4036 0610       MOV	#0x0610, R6

loc_1408:			; переходы из 0x1410
1408:  4385 0000       CLR	0(R5)
140C:  5325            INCD	R5
140E:  9605            CMP	R6, R5
1410:  2BFB            JNC	0x1408
1412:  4035 0618       MOV	#0x0618, R5
1416:  4036 0620       MOV	#0x0620, R6

loc_141A:			; переходы из 0x1422
141A:  4385 0000       CLR	0(R5)
141E:  5325            INCD	R5
1420:  9605            CMP	R6, R5
1422:  2BFB            JNC	0x141A
1424:  4035 0630       MOV	#0x0630, R5
1428:  4036 0660       MOV	#0x0660, R6

loc_142C:			; переходы из 0x1434
142C:  4385 0000       CLR	0(R5)
1430:  5325            INCD	R5
1432:  9605            CMP	R6, R5
1434:  2BFB            JNC	0x142C
1436:  F0B2 0600 066C  AND	#0x0600, &0x066C
143C:  4035 066E       MOV	#0x066E, R5
1440:  4036 0870       MOV	#0x0870, R6

loc_1444:			; переходы из 0x144C
1444:  4385 0000       CLR	0(R5)
1448:  5325            INCD	R5
144A:  9605            CMP	R6, R5
144C:  2BFB            JNC	0x1444
144E:  4382 087E       CLR	&0x087E
1452:  4035 08A0       MOV	#0x08A0, R5
1456:  4036 0920       MOV	#0x0920, R6

loc_145A:			; переходы из 0x1462
145A:  4385 0000       CLR	0(R5)
145E:  5325            INCD	R5
1460:  9605            CMP	R6, R5
1462:  2BFB            JNC	0x145A
1464:  4035 0928       MOV	#0x0928, R5
1468:  4036 0A00       MOV	#0x0A00, R6

loc_146C:			; переходы из 0x1474
146C:  4385 0000       CLR	0(R5)
1470:  5325            INCD	R5
1472:  9605            CMP	R6, R5
1474:  2BFB            JNC	0x146C
1476:  12B0 6E34       CALL	#0x6E34
147A:  403F 0020       MOV	#0x0020, R15

loc_147E:			; переходы из 0x1480
147E:  831F            DEC	R15
1480:  23FE            JNZ	0x147E
1482:  12B0 7840       CALL	#0x7840
1486:  433D            MOV	#-1, R13
1488:  403E 1100       MOV	#0x1100, R14
148C:  403F FD3E       MOV	#0xFD3E, R15
1490:  12B0 BC22       CALL	#0xBC22
1494:  403E FFE0       MOV	#0xFFE0, R14
1498:  433F            MOV	#-1, R15
149A:  12B0 BC22       CALL	#0xBC22
149E:  430F            CLR	R15
14A0:  12B0 BC22       CALL	#0xBC22
14A4:  4D82 08BA       MOV	R13, &0x08BA
14A8:  901D E894       CMP	0xFD40, R13
14AC:  2404            JZ	0x14B6
14AE:  D0B2 0100 04F2  BIS	#0x0100, &0x04F2
14B4:  3C03            JMP	0x14BC

loc_14B6:			; переходы из 0x14AC
14B6:  C0B2 0100 04F2  BIC	#0x0100, &0x04F2

loc_14BC:			; переходы из 0x14B4
14BC:  430A            CLR	R10
14BE:  430B            CLR	R11
14C0:  430C            CLR	R12
14C2:  430D            CLR	R13
14C4:  430E            CLR	R14
14C6:  430F            CLR	R15
14C8:  403E 0007       MOV	#0x0007, R14

loc_14CC:			; переходы из 0x14D4
14CC:  433F            MOV	#-1, R15

loc_14CE:			; переходы из 0x14D0
14CE:  831F            DEC	R15
14D0:  23FE            JNZ	0x14CE
14D2:  831E            DEC	R14
14D4:  23FB            JNZ	0x14CC
14D6:  E0F2 0020 0031  XOR.B	#0x0020, &P5OUT
14DC:  12B0 814E       CALL	#0x814E
14E0:  403F 1080       MOV	#0x1080, R15
14E4:  422D            MOV	#4, R13
14E6:  403C 04C0       MOV	#0x04C0, R12
14EA:  430A            CLR	R10
14EC:  12B0 81FC       CALL	#0x81FC
14F0:  930A            TST	R10
14F2:  2403            JZ	0x14FA
14F4:  D0B2 1000 04F2  BIS	#0x1000, &0x04F2

loc_14FA:			; переходы из 0x14F2
14FA:  403F 1090       MOV	#0x1090, R15
14FE:  422D            MOV	#4, R13
1500:  403C 04C0       MOV	#0x04C0, R12
1504:  430A            CLR	R10
1506:  C0B2 4000 04F2  BIC	#0x4000, &0x04F2
150C:  12B0 81FC       CALL	#0x81FC
1510:  930A            TST	R10
1512:  2407            JZ	0x1522
1514:  D0B2 4000 04F2  BIS	#0x4000, &0x04F2
151A:  432F            MOV	#2, R15
151C:  4FC2 04FD       MOV.B	R15, &0x04FD
1520:  3C09            JMP	0x1534

loc_1522:			; переходы из 0x1512
1522:  430F            CLR	R15
1524:  425F 04C2       MOV.B	&0x04C2, R15
1528:  F07F 000F       AND.B	#0x000F, R15
152C:  4FC2 04FD       MOV.B	R15, &0x04FD
1530:  831F            DEC	R15
1532:  5F0F            RLA	R15

loc_1534:			; переходы из 0x1520
1534:  4F92 FAC8 0376  MOV	-1336(R15), &0x0376
153A:  4F92 FAD0 0378  MOV	-1328(R15), &0x0378
1540:  4F92 FAD8 0386  MOV	-1320(R15), &0x0386
1546:  4F92 FAE0 0388  MOV	-1312(R15), &0x0388
154C:  4F92 FA98 0430  MOV	-1384(R15), &0x0430
1552:  4F92 FAA0 0432  MOV	-1376(R15), &0x0432
1558:  4F92 FAA8 0434  MOV	-1368(R15), &0x0434
155E:  4F92 FAB0 0436  MOV	-1360(R15), &0x0436
1564:  4F92 FAB8 0438  MOV	-1352(R15), &0x0438
156A:  4F92 FAC0 043A  MOV	-1344(R15), &0x043A
1570:  4F92 FAEC 0428  MOV	-1300(R15), &0x0428
1576:  4F92 FAF4 042A  MOV	-1292(R15), &0x042A
157C:  4F92 FAFC 042C  MOV	-1284(R15), &0x042C
1582:  4F92 FB08 043C  MOV	-1272(R15), &0x043C
1588:  4F92 FB10 043E  MOV	-1264(R15), &0x043E
158E:  C312            CLRC
1590:  100F            RRC	R15
1592:  4FD2 FB04 042E  MOV.B	-1276(R15), &0x042E
1598:  B0B2 4000 04F2  BIT	#0x4000, &0x04F2
159E:  2401            JZ	0x15A2
15A0:  2C76            JC	0x168E

loc_15A2:			; переходы из 0x159E
15A2:  B0F2 0080 04C1  BIT.B	#0x0080, &0x04C1
15A8:  2C04            JC	0x15B2
15AA:  C0B2 8000 04F4  BIC	#0x8000, &0x04F4
15B0:  3C03            JMP	0x15B8

loc_15B2:			; переходы из 0x15A8
15B2:  D0B2 8000 04F4  BIS	#0x8000, &0x04F4

loc_15B8:			; переходы из 0x15B0
15B8:  B0F2 0020 04C1  BIT.B	#0x0020, &0x04C1
15BE:  2C04            JC	0x15C8
15C0:  C0B2 2000 04F4  BIC	#0x2000, &0x04F4
15C6:  3C03            JMP	0x15CE

loc_15C8:			; переходы из 0x15BE
15C8:  D0B2 2000 04F4  BIS	#0x2000, &0x04F4

loc_15CE:			; переходы из 0x15C6
15CE:  B0F2 0040 04C2  BIT.B	#0x0040, &0x04C2
15D4:  2C09            JC	0x15E8
15D6:  C0B2 0400 04F4  BIC	#0x0400, &0x04F4
15DC:  D032 0020       BIS	#0x0020, SR
15E0:  C0B2 0010 0180  BIC	#0x0010, &TBCTL
15E6:  3C08            JMP	0x15F8

loc_15E8:			; переходы из 0x15D4
15E8:  D0B2 0400 04F4  BIS	#0x0400, &0x04F4
15EE:  C032 0020       BIC	#0x0020, SR
15F2:  D0B2 0010 0180  BIS	#0x0010, &TBCTL

loc_15F8:			; переходы из 0x15E6
15F8:  B0F2 0080 04C2  BIT.B	#0x0080, &0x04C2
15FE:  2C0A            JC	0x1614
1600:  C0B2 0800 027C  BIC	#0x0800, &0x027C
1606:  C0B2 0800 028C  BIC	#0x0800, &0x028C
160C:  C0B2 0800 029C  BIC	#0x0800, &0x029C
1612:  3C09            JMP	0x1626

loc_1614:			; переходы из 0x15FE
1614:  D0B2 0800 027C  BIS	#0x0800, &0x027C
161A:  D0B2 0800 028C  BIS	#0x0800, &0x028C
1620:  D0B2 0800 029C  BIS	#0x0800, &0x029C

loc_1626:			; переходы из 0x1612
1626:  425F 04C2       MOV.B	&0x04C2, R15
162A:  F07F 0030       AND.B	#0x0030, R15
162E:  903F 0010       CMP	#0x0010, R15
1632:  2404            JZ	0x163C
1634:  C0B2 4000 04F4  BIC	#0x4000, &0x04F4
163A:  3C03            JMP	0x1642

loc_163C:			; переходы из 0x1632
163C:  D0B2 4000 04F4  BIS	#0x4000, &0x04F4

loc_1642:			; переходы из 0x163A
1642:  42D2 04C3 04F7  MOV.B	&0x04C3, &0x04F7
1648:  B0B2 4000 04F6  BIT	#0x4000, &0x04F6
164E:  2403            JZ	0x1656
1650:  D0F2 0020 001F  BIS.B	#0x0020, &P4SEL

loc_1656:			; переходы из 0x164E
1656:  B3D2 04C4       BIT.B	#1, &0x04C4
165A:  2C04            JC	0x1664
165C:  C0B2 0080 04F6  BIC	#0x0080, &0x04F6
1662:  3C03            JMP	0x166A

loc_1664:			; переходы из 0x165A
1664:  D0B2 0080 04F6  BIS	#0x0080, &0x04F6

loc_166A:			; переходы из 0x1662
166A:  B3E2 04C4       BIT.B	#2, &0x04C4
166E:  2C04            JC	0x1678
1670:  C0B2 0040 04F6  BIC	#0x0040, &0x04F6
1676:  3C03            JMP	0x167E

loc_1678:			; переходы из 0x166E
1678:  D0B2 0040 04F6  BIS	#0x0040, &0x04F6

loc_167E:			; переходы из 0x1676
167E:  B2F2 04C4       BIT.B	#8, &0x04C4
1682:  2C03            JC	0x168A
1684:  C392 083A       BIC	#1, &0x083A
1688:  3C02            JMP	0x168E

loc_168A:			; переходы из 0x1682
168A:  D392 083A       BIS	#1, &0x083A

loc_168E:			; переходы из 0x15A0, 0x1688
168E:  D0B2 0010 0184  BIS	#0x0010, &TBCCTL1
1694:  D0B2 0010 018E  BIS	#0x0010, &TBCCTL6
169A:  D3D2 04AC       BIS.B	#1, &0x04AC
169E:  D3D2 0515       BIS.B	#1, &0x0515
16A2:  B392 083A       BIT	#1, &0x083A
16A6:  2C0A            JC	0x16BC
16A8:  C0F2 0030 001B  BIC.B	#0x0030, &P3SEL
16AE:  C0F2 0030 0019  BIC.B	#0x0030, &P3OUT
16B4:  D0F2 0030 001A  BIS.B	#0x0030, &P3DIR
16BA:  3C0F            JMP	0x16DA

loc_16BC:			; переходы из 0x16A6
16BC:  D0F2 0030 001B  BIS.B	#0x0030, &P3SEL
16C2:  12B0 48C0       CALL	#0x48C0
16C6:  43C2 0064       CLR.B	&UCA0MCTL
16CA:  40F2 00E0 0061  MOV.B	#0x00E0, &UCA0CTL1
16D0:  40B2 0810 0828  MOV	#0x0810, &0x0828
16D6:  C3E2 0001       BIC.B	#2, &IE2

loc_16DA:			; переходы из 0x16BA
16DA:  12B0 4802       CALL	#0x4802
16DE:  43C2 00D4       CLR.B	&UCA1MCTL
16E2:  D0F2 00C0 001B  BIS.B	#0x00C0, &P3SEL
16E8:  40F2 00E0 00D1  MOV.B	#0x00E0, &UCA1CTL1
16EE:  40B2 04B0 04A4  MOV	#0x04B0, &0x04A4
16F4:  C3E2 0006       BIC.B	#2, &UC1IE
16F8:  12B0 56A2       CALL	#0x56A2
16FC:  12B0 56D4       CALL	#0x56D4
1700:  12B0 C686       CALL	#0xC686
1704:  B0B2 0080 04F0  BIT	#0x0080, &0x04F0
170A:  2C2C            JC	0x1764
170C:  B0B2 0040 04E0  BIT	#0x0040, &0x04E0
1712:  2403            JZ	0x171A
1714:  D0B2 4000 066C  BIS	#0x4000, &0x066C

loc_171A:			; переходы из 0x1712
171A:  42D2 04E0 0839  MOV.B	&0x04E0, &0x0839
1720:  F0F2 0030 0839  AND.B	#0x0030, &0x0839
1726:  B0B2 4000 04F4  BIT	#0x4000, &0x04F4
172C:  2403            JZ	0x1734
172E:  C0F2 0010 0839  BIC.B	#0x0010, &0x0839

loc_1734:			; переходы из 0x172C
1734:  B0B2 8000 04F4  BIT	#0x8000, &0x04F4
173A:  2403            JZ	0x1742
173C:  C0F2 0020 0839  BIC.B	#0x0020, &0x0839

loc_1742:			; переходы из 0x173A
1742:  B2B2 04E0       BIT	#8, &0x04E0
1746:  2403            JZ	0x174E
1748:  D0B2 0080 04FA  BIS	#0x0080, &0x04FA

loc_174E:			; переходы из 0x1746
174E:  B2A2 04E0       BIT	#4, &0x04E0
1752:  2C04            JC	0x175C
1754:  C0B2 0100 04F4  BIC	#0x0100, &0x04F4
175A:  3C05            JMP	0x1766

loc_175C:			; переходы из 0x1752
175C:  D0B2 0100 04F4  BIS	#0x0100, &0x04F4
1762:  3C01            JMP	0x1766

loc_1764:			; переходы из 0x170A
1764:  3C0E            JMP	0x1782

loc_1766:			; переходы из 0x175A, 0x1762
1766:  C2A2 04E0       BIC	#4, &0x04E0
176A:  12B0 C6B0       CALL	#0xC6B0
176E:  B392 04E0       BIT	#1, &0x04E0
1772:  2C04            JC	0x177C
1774:  C0B2 0200 04F4  BIC	#0x0200, &0x04F4
177A:  3C03            JMP	0x1782

loc_177C:			; переходы из 0x1772
177C:  D0B2 0200 04F4  BIS	#0x0200, &0x04F4

loc_1782:			; переходы из 0x1764, 0x177A
1782:  B0B2 0200 04F4  BIT	#0x0200, &0x04F4
1788:  2407            JZ	0x1798
178A:  421F 0434       MOV	&0x0434, R15
178E:  421E 0436       MOV	&0x0436, R14
1792:  421D 043A       MOV	&0x043A, R13
1796:  3C09            JMP	0x17AA

loc_1798:			; переходы из 0x1788
1798:  C0B2 0200 04F4  BIC	#0x0200, &0x04F4
179E:  421F 0430       MOV	&0x0430, R15
17A2:  421E 0432       MOV	&0x0432, R14
17A6:  421D 0438       MOV	&0x0438, R13

loc_17AA:			; переходы из 0x1796
17AA:  403C 02F0       MOV	#0x02F0, R12

loc_17AE:			; переходы из 0x17BC
17AE:  4F8C 0000       MOV	R15, 0(R12)
17B2:  4E8C 0002       MOV	R14, 2(R12)
17B6:  522C            ADD	#4, R12
17B8:  903C 0300       CMP	#0x0300, R12
17BC:  2BF8            JNC	0x17AE
17BE:  4D82 03D8       MOV	R13, &0x03D8
17C2:  4D82 03DA       MOV	R13, &0x03DA
17C6:  4D82 03DC       MOV	R13, &0x03DC
17CA:  4D82 03DE       MOV	R13, &0x03DE
17CE:  403C 05D0       MOV	#0x05D0, R12

loc_17D2:			; переходы из 0x17E0
17D2:  4F8C 0000       MOV	R15, 0(R12)
17D6:  4E8C 0002       MOV	R14, 2(R12)
17DA:  522C            ADD	#4, R12
17DC:  903C 05E0       CMP	#0x05E0, R12
17E0:  2BF8            JNC	0x17D2
17E2:  4D82 0608       MOV	R13, &0x0608
17E6:  4D82 060A       MOV	R13, &0x060A
17EA:  4D82 060C       MOV	R13, &0x060C
17EE:  4D82 060E       MOV	R13, &0x060E
17F2:  403C 0654       MOV	#0x0654, R12

loc_17F6:			; переходы из 0x1804
17F6:  4F8C 0000       MOV	R15, 0(R12)
17FA:  4E8C 0002       MOV	R14, 2(R12)
17FE:  522C            ADD	#4, R12
1800:  903C 0660       CMP	#0x0660, R12
1804:  2BF8            JNC	0x17F6
1806:  4D82 066E       MOV	R13, &0x066E
180A:  4D82 067C       MOV	R13, &0x067C
180E:  4D82 067E       MOV	R13, &0x067E
1812:  43F2 03D0       MOV.B	#-1, &0x03D0
1816:  43F2 03D2       MOV.B	#-1, &0x03D2
181A:  43F2 03D4       MOV.B	#-1, &0x03D4
181E:  43F2 03D6       MOV.B	#-1, &0x03D6
1822:  B0B2 0400 04F4  BIT	#0x0400, &0x04F4
1828:  2467            JZ	0x18F8
182A:  B0B2 0040 04F6  BIT	#0x0040, &0x04F6
1830:  2447            JZ	0x18C0
1832:  12B0 CAF8       CALL	#0xCAF8
1836:  B0F2 000C 04AC  BIT.B	#0x000C, &0x04AC
183C:  2428            JZ	0x188E
183E:  93D2 04FD       CMP.B	#1, &0x04FD
1842:  200D            JNZ	0x185E
1844:  40B2 1449 07C0  MOV	#0x1449, &0x07C0
184A:  40B2 1569 07C2  MOV	#0x1569, &0x07C2
1850:  40B2 17AA 07C4  MOV	#0x17AA, &0x07C4
1856:  40B2 18CB 07C6  MOV	#0x18CB, &0x07C6
185C:  3C0C            JMP	0x1876

loc_185E:			; переходы из 0x1842
185E:  40B2 4D58 07C0  MOV	#0x4D58, &0x07C0
1864:  40B2 51A4 07C2  MOV	#0x51A4, &0x07C2
186A:  40B2 5A3C 07C4  MOV	#0x5A3C, &0x07C4
1870:  40B2 5E88 07C6  MOV	#0x5E88, &0x07C6

loc_1876:			; переходы из 0x185C
1876:  40B2 1360 07C8  MOV	#0x1360, &0x07C8
187C:  40B2 1374 07CA  MOV	#0x1374, &0x07CA
1882:  40B2 139C 07CC  MOV	#0x139C, &0x07CC
1888:  40B2 13B0 07CE  MOV	#0x13B0, &0x07CE

loc_188E:			; переходы из 0x183C
188E:  12B0 CB1A       CALL	#0xCB1A
1892:  B0F2 000C 04AC  BIT.B	#0x000C, &0x04AC
1898:  240E            JZ	0x18B6
189A:  40F2 003C 04E1  MOV.B	#0x003C, &0x04E1
18A0:  40B2 1414 04E2  MOV	#0x1414, &0x04E2
18A6:  40B2 0CCD 04E4  MOV	#0x0CCD, &0x04E4
18AC:  40B2 0CCD 04E6  MOV	#0x0CCD, &0x04E6
18B2:  4382 04E8       CLR	&0x04E8

loc_18B6:			; переходы из 0x1898
18B6:  12B0 F68E       CALL	#0xF68E
18BA:  4292 04E8 07BA  MOV	&0x04E8, &0x07BA

loc_18C0:			; переходы из 0x1830
18C0:  40B2 1CF8 04A8  MOV	#0x1CF8, &0x04A8
18C6:  C3A2 04F2       BIC	#2, &0x04F2
18CA:  D0F2 0003 04AC  BIS.B	#0x0003, &0x04AC
18D0:  40F2 0003 04AB  MOV.B	#0x0003, &0x04AB
18D6:  40B2 06BA 04AE  MOV	#0x06BA, &0x04AE
18DC:  12B0 C3A2       CALL	#0xC3A2
18E0:  B3A2 04F2       BIT	#2, &0x04F2
18E4:  2001            JNZ	0x18E8
18E6:  3C04            JMP	0x18F0

loc_18E8:			; переходы из 0x18E4
18E8:  4382 06BA       CLR	&0x06BA
18EC:  43C2 06BC       CLR.B	&0x06BC

loc_18F0:			; переходы из 0x18E6
18F0:  12B0 5EC2       CALL	#0x5EC2
18F4:  12B0 CACA       CALL	#0xCACA

loc_18F8:			; переходы из 0x1828
18F8:  12B0 C628       CALL	#0xC628
18FC:  12B0 C65C       CALL	#0xC65C
1900:  B0B2 8000 04F2  BIT	#0x8000, &0x04F2
1906:  2405            JZ	0x1912
1908:  C3D2 04FC       BIC.B	#1, &0x04FC
190C:  4382 04E0       CLR	&0x04E0
1910:  3C08            JMP	0x1922

loc_1912:			; переходы из 0x1906
1912:  B392 04E0       BIT	#1, &0x04E0
1916:  2C03            JC	0x191E
1918:  C3D2 04FC       BIC.B	#1, &0x04FC
191C:  3C02            JMP	0x1922

loc_191E:			; переходы из 0x1916
191E:  D3D2 04FC       BIS.B	#1, &0x04FC

loc_1922:			; переходы из 0x1910, 0x191C
1922:  B0B2 0400 04F4  BIT	#0x0400, &0x04F4
1928:  2C0A            JC	0x193E
192A:  F0B2 0006 04E0  AND	#0x0006, &0x04E0
1930:  F0F2 00F1 04FC  AND.B	#0x00F1, &0x04FC
1936:  52D2 04E0 04FC  ADD.B	&0x04E0, &0x04FC
193C:  3C17            JMP	0x196C

loc_193E:			; переходы из 0x1928
193E:  12B0 CE38       CALL	#0xCE38
1942:  B0B2 0020 04F2  BIT	#0x0020, &0x04F2
1948:  2402            JZ	0x194E
194A:  12B0 D054       CALL	#0xD054

loc_194E:			; переходы из 0x1948
194E:  12B0 D0A6       CALL	#0xD0A6
1952:  425F 04FC       MOV.B	&0x04FC, R15
1956:  F07F 0070       AND.B	#0x0070, R15
195A:  C312            CLRC
195C:  100F            RRC	R15
195E:  100F            RRC	R15
1960:  100F            RRC	R15
1962:  F0F2 00F1 04FC  AND.B	#0x00F1, &0x04FC
1968:  5FC2 04FC       ADD.B	R15, &0x04FC

loc_196C:			; переходы из 0x193C
196C:  B3D2 04FC       BIT.B	#1, &0x04FC
1970:  2403            JZ	0x1978
1972:  43C2 03BE       CLR.B	&0x03BE
1976:  3C08            JMP	0x1988

loc_1978:			; переходы из 0x1970
1978:  425F 04FC       MOV.B	&0x04FC, R15
197C:  F03F 0006       AND	#0x0006, R15
1980:  110F            RRA	R15
1982:  531F            INC	R15
1984:  4FC2 03BE       MOV.B	R15, &0x03BE

loc_1988:			; переходы из 0x1976
1988:  12B0 C6DA       CALL	#0xC6DA
198C:  12B0 C79C       CALL	#0xC79C
1990:  B392 04F0       BIT	#1, &0x04F0
1994:  2401            JZ	0x1998
1996:  3C21            JMP	0x19DA

loc_1998:			; переходы из 0x1994
1998:  B392 04F8       BIT	#1, &0x04F8
199C:  241E            JZ	0x19DA
199E:  B2B2 04F8       BIT	#8, &0x04F8
19A2:  2C16            JC	0x19D0
19A4:  B2A2 04F8       BIT	#4, &0x04F8
19A8:  240D            JZ	0x19C4
19AA:  425F 04FC       MOV.B	&0x04FC, R15
19AE:  F03F 0006       AND	#0x0006, R15
19B2:  110F            RRA	R15
19B4:  531F            INC	R15
19B6:  423E            MOV	#8, R14

loc_19B8:			; переходы из 0x19BC
19B8:  5E0E            RLA	R14
19BA:  831F            DEC	R15
19BC:  23FD            JNZ	0x19B8
19BE:  BE82 04F8       BIT	R14, &0x04F8
19C2:  2C06            JC	0x19D0

loc_19C4:			; переходы из 0x19A8
19C4:  C3E2 001D       BIC.B	#2, &P4OUT
19C8:  C0B2 0200 04F8  BIC	#0x0200, &0x04F8
19CE:  3C05            JMP	0x19DA

loc_19D0:			; переходы из 0x19A2, 0x19C2
19D0:  D3E2 001D       BIS.B	#2, &P4OUT
19D4:  D0B2 0200 04F8  BIS	#0x0200, &0x04F8

loc_19DA:			; переходы из 0x1996, 0x199C, 0x19CE
19DA:  12B0 C7CA       CALL	#0xC7CA
19DE:  12B0 C80A       CALL	#0xC80A
19E2:  4292 048C 047C  MOV	&0x048C, &0x047C
19E8:  4292 048E 047E  MOV	&0x048E, &0x047E
19EE:  12B0 C858       CALL	#0xC858
19F2:  B0B2 0010 04F0  BIT	#0x0010, &0x04F0
19F8:  240C            JZ	0x1A12
19FA:  40B2 00FF 04C8  MOV	#0x00FF, &0x04C8
1A00:  40B2 00FF 04CA  MOV	#0x00FF, &0x04CA
1A06:  40B2 00FF 04CC  MOV	#0x00FF, &0x04CC
1A0C:  40B2 00FF 04CE  MOV	#0x00FF, &0x04CE

loc_1A12:			; переходы из 0x19F8
1A12:  12B0 C89C       CALL	#0xC89C
1A16:  B0B2 0020 04F0  BIT	#0x0020, &0x04F0
1A1C:  240B            JZ	0x1A34
1A1E:  43D2 0420       MOV.B	#1, &0x0420
1A22:  40F2 002D 0421  MOV.B	#0x002D, &0x0421
1A28:  40F2 000F 0422  MOV.B	#0x000F, &0x0422
1A2E:  40F2 001E 0423  MOV.B	#0x001E, &0x0423

loc_1A34:			; переходы из 0x1A1C
1A34:  C0B2 0010 0184  BIC	#0x0010, &TBCCTL1
1A3A:  B0B2 0400 04F4  BIT	#0x0400, &0x04F4
1A40:  242A            JZ	0x1A96
1A42:  40B2 00AC 04A8  MOV	#0x00AC, &0x04A8
1A48:  43E2 04AB       MOV.B	#2, &0x04AB
1A4C:  40B2 04E0 04AE  MOV	#0x04E0, &0x04AE
1A52:  12B0 CC58       CALL	#0xCC58
1A56:  B0F2 000C 04AC  BIT.B	#0x000C, &0x04AC
1A5C:  200E            JNZ	0x1A7A
1A5E:  93C2 04E1       TST.B	&0x04E1
1A62:  240B            JZ	0x1A7A
1A64:  43C2 050D       CLR.B	&0x050D
1A68:  4392 050E       MOV	#1, &0x050E
1A6C:  4292 04E0 051C  MOV	&0x04E0, &0x051C
1A72:  D0B2 4000 04FA  BIS	#0x4000, &0x04FA
1A78:  3C02            JMP	0x1A7E

loc_1A7A:			; переходы из 0x1A5C, 0x1A62
1A7A:  4382 051C       CLR	&0x051C

loc_1A7E:			; переходы из 0x1A78
1A7E:  4382 04E0       CLR	&0x04E0
1A82:  40B2 00AC 04A8  MOV	#0x00AC, &0x04A8
1A88:  43E2 04AB       MOV.B	#2, &0x04AB
1A8C:  40B2 04E0 04AE  MOV	#0x04E0, &0x04AE
1A92:  12B0 CBF4       CALL	#0xCBF4

loc_1A96:			; переходы из 0x1A40
1A96:  40B2 00E8 04A8  MOV	#0x00E8, &0x04A8
1A9C:  43E2 04AB       MOV.B	#2, &0x04AB
1AA0:  40B2 04E0 04AE  MOV	#0x04E0, &0x04AE
1AA6:  12B0 CC58       CALL	#0xCC58
1AAA:  B0F2 000C 04AC  BIT.B	#0x000C, &0x04AC
1AB0:  200D            JNZ	0x1ACC
1AB2:  D0B2 01FF 0544  BIS	#0x01FF, &0x0544
1AB8:  D0B2 1A00 04E0  BIS	#0x1A00, &0x04E0
1ABE:  F292 04E0 0544  AND	&0x04E0, &0x0544
1AC4:  F0B2 1FFF 0544  AND	#0x1FFF, &0x0544
1ACA:  3C02            JMP	0x1AD0

loc_1ACC:			; переходы из 0x1AB0
1ACC:  4382 0544       CLR	&0x0544

loc_1AD0:			; переходы из 0x1ACA
1AD0:  B392 0544       BIT	#1, &0x0544
1AD4:  2403            JZ	0x1ADC
1AD6:  40F2 00F8 07FC  MOV.B	#0x00F8, &0x07FC

loc_1ADC:			; переходы из 0x1AD4
1ADC:  B3A2 0544       BIT	#2, &0x0544
1AE0:  2403            JZ	0x1AE8
1AE2:  40F2 00F8 07FD  MOV.B	#0x00F8, &0x07FD

loc_1AE8:			; переходы из 0x1AE0
1AE8:  B2A2 0544       BIT	#4, &0x0544
1AEC:  2403            JZ	0x1AF4
1AEE:  40F2 00F8 07FE  MOV.B	#0x00F8, &0x07FE

loc_1AF4:			; переходы из 0x1AEC
1AF4:  B0B2 0040 04F6  BIT	#0x0040, &0x04F6
1AFA:  2415            JZ	0x1B26
1AFC:  B0B2 0010 0544  BIT	#0x0010, &0x0544
1B02:  2403            JZ	0x1B0A
1B04:  40F2 00F8 07F9  MOV.B	#0x00F8, &0x07F9

loc_1B0A:			; переходы из 0x1B02
1B0A:  B0B2 0020 0544  BIT	#0x0020, &0x0544
1B10:  2403            JZ	0x1B18
1B12:  40F2 00F8 07FA  MOV.B	#0x00F8, &0x07FA

loc_1B18:			; переходы из 0x1B10
1B18:  B0B2 0040 0544  BIT	#0x0040, &0x0544
1B1E:  2403            JZ	0x1B26
1B20:  40F2 00F8 07FB  MOV.B	#0x00F8, &0x07FB

loc_1B26:			; переходы из 0x1AFA, 0x1B1E
1B26:  B0B2 0100 0544  BIT	#0x0100, &0x0544
1B2C:  2C04            JC	0x1B36
1B2E:  C0B2 0400 04F8  BIC	#0x0400, &0x04F8
1B34:  3C03            JMP	0x1B3C

loc_1B36:			; переходы из 0x1B2C
1B36:  D0B2 0400 04F8  BIS	#0x0400, &0x04F8

loc_1B3C:			; переходы из 0x1B34
1B3C:  C392 04F4       BIC	#1, &0x04F4
1B40:  12B0 C0AC       CALL	#0xC0AC
1B44:  B0B2 0400 04F2  BIT	#0x0400, &0x04F2
1B4A:  2C0A            JC	0x1B60
1B4C:  403F 02B0       MOV	#0x02B0, R15
1B50:  403E 04D0       MOV	#0x04D0, R14

loc_1B54:			; переходы из 0x1B5E
1B54:  4EBF 0000       MOV	@R14+, 0(R15)
1B58:  532F            INCD	R15
1B5A:  903E 04E0       CMP	#0x04E0, R14
1B5E:  2BFA            JNC	0x1B54

loc_1B60:			; переходы из 0x1B4A
1B60:  B0B2 0400 04F4  BIT	#0x0400, &0x04F4
1B66:  2432            JZ	0x1BCC
1B68:  B0B2 0080 04F6  BIT	#0x0080, &0x04F6
1B6E:  240E            JZ	0x1B8C
1B70:  B0B2 0040 04FA  BIT	#0x0040, &0x04FA
1B76:  2C0A            JC	0x1B8C
1B78:  403F 0660       MOV	#0x0660, R15
1B7C:  403E 0670       MOV	#0x0670, R14

loc_1B80:			; переходы из 0x1B8A
1B80:  4EBF 0000       MOV	@R14+, 0(R15)
1B84:  532F            INCD	R15
1B86:  903E 067C       CMP	#0x067C, R14
1B8A:  2BFA            JNC	0x1B80

loc_1B8C:			; переходы из 0x1B6E, 0x1B76
1B8C:  D0F2 0003 04AC  BIS.B	#0x0003, &0x04AC
1B92:  40B2 0860 04A8  MOV	#0x0860, &0x04A8
1B98:  40F2 0010 04AB  MOV.B	#0x0010, &0x04AB
1B9E:  40B2 05F0 04AE  MOV	#0x05F0, &0x04AE
1BA4:  12B0 C3A2       CALL	#0xC3A2
1BA8:  B0F2 000C 04AC  BIT.B	#0x000C, &0x04AC
1BAE:  200B            JNZ	0x1BC6
1BB0:  403F 05E0       MOV	#0x05E0, R15
1BB4:  403E 05F0       MOV	#0x05F0, R14

loc_1BB8:			; переходы из 0x1BC2
1BB8:  4EBF 0000       MOV	@R14+, 0(R15)
1BBC:  532F            INCD	R15
1BBE:  903E 0600       CMP	#0x0600, R14
1BC2:  2BFA            JNC	0x1BB8
1BC4:  3C03            JMP	0x1BCC

loc_1BC6:			; переходы из 0x1BAE
1BC6:  D0B2 0020 04FA  BIS	#0x0020, &0x04FA

loc_1BCC:			; переходы из 0x1B66, 0x1BC4
1BCC:  40B2 0056 04A8  MOV	#0x0056, &0x04A8
1BD2:  43D2 04AB       MOV.B	#1, &0x04AB
1BD6:  40B2 04FC 04AE  MOV	#0x04FC, &0x04AE
1BDC:  12B0 CBF4       CALL	#0xCBF4
1BE0:  B0B2 0400 04F4  BIT	#0x0400, &0x04F4
1BE6:  2515            JZ	0x1E12
1BE8:  D0F2 0003 04AC  BIS.B	#0x0003, &0x04AC
1BEE:  40B2 0086 04A8  MOV	#0x0086, &0x04A8
1BF4:  43D2 04AB       MOV.B	#1, &0x04AB
1BF8:  40B2 04E0 04AE  MOV	#0x04E0, &0x04AE
1BFE:  12B0 C3A2       CALL	#0xC3A2
1C02:  90F2 00AA 04E0  CMP.B	#0x00AA, &0x04E0
1C08:  2004            JNZ	0x1C12
1C0A:  D392 0540       BIS	#1, &0x0540
1C0E:  12B0 D5B4       CALL	#0xD5B4

loc_1C12:			; переходы из 0x1C08
1C12:  4382 04E0       CLR	&0x04E0
1C16:  40B2 0086 04A8  MOV	#0x0086, &0x04A8
1C1C:  43D2 04AB       MOV.B	#1, &0x04AB
1C20:  40B2 04E0 04AE  MOV	#0x04E0, &0x04AE
1C26:  12B0 C2E2       CALL	#0xC2E2
1C2A:  B0B2 2000 04F4  BIT	#0x2000, &0x04F4
1C30:  24F0            JZ	0x1E12
1C32:  12B0 CAA4       CALL	#0xCAA4
1C36:  B392 04FA       BIT	#1, &0x04FA
1C3A:  2C0A            JC	0x1C50
1C3C:  403D 0520       MOV	#0x0520, R13
1C40:  403C 04E0       MOV	#0x04E0, R12

loc_1C44:			; переходы из 0x1C4E
1C44:  4CBD 0000       MOV	@R12+, 0(R13)
1C48:  532D            INCD	R13
1C4A:  903C 04E8       CMP	#0x04E8, R12
1C4E:  2BFA            JNC	0x1C44

loc_1C50:			; переходы из 0x1C3A
1C50:  D0F2 0003 04AC  BIS.B	#0x0003, &0x04AC
1C56:  40B2 1CCD 04A8  MOV	#0x1CCD, &0x04A8
1C5C:  42F2 04AB       MOV.B	#8, &0x04AB
1C60:  40B2 04E0 04AE  MOV	#0x04E0, &0x04AE
1C66:  12B0 C3A2       CALL	#0xC3A2
1C6A:  B0F2 000C 04AC  BIT.B	#0x000C, &0x04AC
1C70:  200A            JNZ	0x1C86
1C72:  403D 0610       MOV	#0x0610, R13
1C76:  403C 04E0       MOV	#0x04E0, R12

loc_1C7A:			; переходы из 0x1C84
1C7A:  4CBD 0000       MOV	@R12+, 0(R13)
1C7E:  532D            INCD	R13
1C80:  903C 04E8       CMP	#0x04E8, R12
1C84:  2BFA            JNC	0x1C7A

loc_1C86:			; переходы из 0x1C70
1C86:  12B0 CA2A       CALL	#0xCA2A
1C8A:  B0B2 8000 04F0  BIT	#0x8000, &0x04F0
1C90:  2C14            JC	0x1CBA
1C92:  E0F2 0020 0031  XOR.B	#0x0020, &P5OUT
1C98:  12B0 D9A8       CALL	#0xD9A8
1C9C:  90B2 5AA5 04EE  CMP	#0x5AA5, &0x04EE
1CA2:  240B            JZ	0x1CBA
1CA4:  42D2 04E8 0512  MOV.B	&0x04E8, &0x0512
1CAA:  B3D2 04E2       BIT.B	#1, &0x04E2
1CAE:  2403            JZ	0x1CB6
1CB0:  D3D2 0514       BIS.B	#1, &0x0514
1CB4:  3C02            JMP	0x1CBA

loc_1CB6:			; переходы из 0x1CAE
1CB6:  C3D2 0514       BIC.B	#1, &0x0514

loc_1CBA:			; переходы из 0x1C90, 0x1CA2, 0x1CB4
1CBA:  40B2 00EB 04A8  MOV	#0x00EB, &0x04A8
1CC0:  40F2 0003 04AB  MOV.B	#0x0003, &0x04AB
1CC6:  40B2 04EA 04AE  MOV	#0x04EA, &0x04AE
1CCC:  12B0 CC58       CALL	#0xCC58
1CD0:  B0F2 000C 04AC  BIT.B	#0x000C, &0x04AC
1CD6:  2006            JNZ	0x1CE4
1CD8:  B3D2 04EC       BIT.B	#1, &0x04EC
1CDC:  2406            JZ	0x1CEA
1CDE:  D3D2 0514       BIS.B	#1, &0x0514
1CE2:  3C03            JMP	0x1CEA

loc_1CE4:			; переходы из 0x1CD6
1CE4:  C2E2 0514       BIC.B	#4, &0x0514
1CE8:  3C78            JMP	0x1DDA

loc_1CEA:			; переходы из 0x1CDC, 0x1CE2
1CEA:  9292 04EA 0510  CMP	&0x04EA, &0x0510
1CF0:  2001            JNZ	0x1CF4
1CF2:  3C73            JMP	0x1DDA

loc_1CF4:			; переходы из 0x1CF0
1CF4:  4292 04EA 0516  MOV	&0x04EA, &0x0516
1CFA:  50B2 0010 0516  ADD	#0x0010, &0x0516
1D00:  421F 0516       MOV	&0x0516, R15
1D04:  42D2 04EC 0530  MOV.B	&0x04EC, &0x0530
1D0A:  C0F2 0010 0515  BIC.B	#0x0010, &0x0515
1D10:  42D2 04E8 0536  MOV.B	&0x04E8, &0x0536
1D16:  403D 0537       MOV	#0x0537, R13
1D1A:  403C 0520       MOV	#0x0520, R12

loc_1D1E:			; переходы из 0x1D28
1D1E:  4CFD 0000       MOV.B	@R12+, 0(R13)
1D22:  531D            INC	R13
1D24:  903C 0528       CMP	#0x0528, R12
1D28:  2BFA            JNC	0x1D1E
1D2A:  12B0 C966       CALL	#0xC966
1D2E:  B0B2 0400 04F0  BIT	#0x0400, &0x04F0
1D34:  2C52            JC	0x1DDA
1D36:  42D2 04E2 0531  MOV.B	&0x04E2, &0x0531
1D3C:  42D2 04E1 0532  MOV.B	&0x04E1, &0x0532
1D42:  42D2 04E4 0533  MOV.B	&0x04E4, &0x0533
1D48:  42D2 04E5 0534  MOV.B	&0x04E5, &0x0534
1D4E:  42D2 04E6 0535  MOV.B	&0x04E6, &0x0535
1D54:  40B2 0530 0518  MOV	#0x0530, &0x0518
1D5A:  12B0 D906       CALL	#0xD906
1D5E:  4382 0520       CLR	&0x0520
1D62:  4382 0522       CLR	&0x0522
1D66:  4382 0524       CLR	&0x0524
1D6A:  4382 0526       CLR	&0x0526
1D6E:  B0B2 0080 0580  BIT	#0x0080, &0x0580
1D74:  241F            JZ	0x1DB4
1D76:  D0F2 0010 0530  BIS.B	#0x0010, &0x0530
1D7C:  403D 0537       MOV	#0x0537, R13
1D80:  403C 0610       MOV	#0x0610, R12

loc_1D84:			; переходы из 0x1D8E
1D84:  4CFD 0000       MOV.B	@R12+, 0(R13)
1D88:  531D            INC	R13
1D8A:  903C 0618       CMP	#0x0618, R12
1D8E:  2BFA            JNC	0x1D84
1D90:  4F82 0516       MOV	R15, &0x0516
1D94:  40B2 0530 0518  MOV	#0x0530, &0x0518
1D9A:  D0F2 0010 0515  BIS.B	#0x0010, &0x0515
1DA0:  12B0 D906       CALL	#0xD906
1DA4:  4382 0610       CLR	&0x0610
1DA8:  4382 0612       CLR	&0x0612
1DAC:  4382 0614       CLR	&0x0614
1DB0:  4382 0616       CLR	&0x0616

loc_1DB4:			; переходы из 0x1D74
1DB4:  4F82 04EA       MOV	R15, &0x04EA
1DB8:  42D2 0530 04EC  MOV.B	&0x0530, &0x04EC
1DBE:  C0F2 0010 04EC  BIC.B	#0x0010, &0x04EC
1DC4:  40B2 00EB 04A8  MOV	#0x00EB, &0x04A8
1DCA:  40F2 0003 04AB  MOV.B	#0x0003, &0x04AB
1DD0:  40B2 04EA 04AE  MOV	#0x04EA, &0x04AE
1DD6:  12B0 CBF4       CALL	#0xCBF4

loc_1DDA:			; переходы из 0x1CE8, 0x1CF2, 0x1D34
1DDA:  B2E2 04EC       BIT.B	#4, &0x04EC
1DDE:  2C03            JC	0x1DE6
1DE0:  C2E2 0514       BIC.B	#4, &0x0514
1DE4:  3C05            JMP	0x1DF0

loc_1DE6:			; переходы из 0x1DDE
1DE6:  D2E2 0514       BIS.B	#4, &0x0514
1DEA:  D0F2 0080 0515  BIS.B	#0x0080, &0x0515

loc_1DF0:			; переходы из 0x1DE4
1DF0:  F0F2 000F 0514  AND.B	#0x000F, &0x0514
1DF6:  B0B2 0100 04F4  BIT	#0x0100, &0x04F4
1DFC:  2C02            JC	0x1E02
1DFE:  D3E2 0514       BIS.B	#2, &0x0514

loc_1E02:			; переходы из 0x1DFC
1E02:  93C2 0507       TST.B	&0x0507
1E06:  2403            JZ	0x1E0E
1E08:  D2F2 0514       BIS.B	#8, &0x0514
1E0C:  3C02            JMP	0x1E12

loc_1E0E:			; переходы из 0x1E06
1E0E:  C2F2 0514       BIC.B	#8, &0x0514

loc_1E12:			; переходы из 0x1BE6, 0x1C30, 0x1E0C
1E12:  D392 04F4       BIS	#1, &0x04F4
1E16:  C0B2 0100 04F4  BIC	#0x0100, &0x04F4
1E1C:  D0B2 0010 0184  BIS	#0x0010, &TBCCTL1
1E22:  B0B2 4000 04F6  BIT	#0x4000, &0x04F6
1E28:  2431            JZ	0x1E8C
1E2A:  D0F2 0003 04AC  BIS.B	#0x0003, &0x04AC
1E30:  40B2 0186 04A8  MOV	#0x0186, &0x04A8
1E36:  43D2 04AB       MOV.B	#1, &0x04AB
1E3A:  40B2 0879 04AE  MOV	#0x0879, &0x04AE
1E40:  12B0 C3A2       CALL	#0xC3A2
1E44:  B0F2 000C 04AC  BIT.B	#0x000C, &0x04AC
1E4A:  2402            JZ	0x1E50
1E4C:  43C2 0879       CLR.B	&0x0879

loc_1E50:			; переходы из 0x1E4A
1E50:  B0B2 0400 04F4  BIT	#0x0400, &0x04F4
1E56:  2C15            JC	0x1E82
1E58:  D0B2 0600 066C  BIS	#0x0600, &0x066C
1E5E:  40B2 0198 04A8  MOV	#0x0198, &0x04A8
1E64:  42E2 04AB       MOV.B	#4, &0x04AB
1E68:  40B2 087A 04AE  MOV	#0x087A, &0x04AE
1E6E:  12B0 C3A2       CALL	#0xC3A2
1E72:  B0F2 000C 04AC  BIT.B	#0x000C, &0x04AC
1E78:  2402            JZ	0x1E7E
1E7A:  4382 087C       CLR	&0x087C

loc_1E7E:			; переходы из 0x1E78
1E7E:  4382 087A       CLR	&0x087A

loc_1E82:			; переходы из 0x1E56
1E82:  D0B2 000C 066C  BIS	#0x000C, &0x066C
1E88:  12B0 EC5E       CALL	#0xEC5E

loc_1E8C:			; переходы из 0x1E28
1E8C:  C3A2 01A0       BIC	#2, &ADC12CTL0
1E90:  40B2 061A 01A2  MOV	#0x061A, &ADC12CTL1
1E96:  40B2 3370 01A0  MOV	#0x3370, &ADC12CTL0
1E9C:  D0B2 0080 01A0  BIS	#0x0080, &ADC12CTL0
1EA2:  4382 01A4       CLR	&ADC12IFG
1EA6:  40B2 0200 01A6  MOV	#0x0200, &ADC12IE
1EAC:  40F2 0011 0080  MOV.B	#0x0011, &ADC12MCTL0
1EB2:  40F2 0012 0081  MOV.B	#0x0012, &ADC12MCTL1
1EB8:  40F2 0010 0082  MOV.B	#0x0010, &ADC12MCTL2
1EBE:  40F2 0012 0083  MOV.B	#0x0012, &ADC12MCTL3
1EC4:  40F2 0016 0084  MOV.B	#0x0016, &ADC12MCTL4
1ECA:  40F2 0014 0085  MOV.B	#0x0014, &ADC12MCTL5
1ED0:  40F2 0016 0086  MOV.B	#0x0016, &ADC12MCTL6
1ED6:  40F2 0018 0087  MOV.B	#0x0018, &ADC12MCTL7
1EDC:  40F2 0015 0088  MOV.B	#0x0015, &ADC12MCTL8
1EE2:  40F2 0098 0089  MOV.B	#0x0098, &ADC12MCTL9
1EE8:  D3F2 0037       BIS.B	#-1, &P6SEL
1EEC:  40B2 07BE 036E  MOV	#0x07BE, &0x036E
1EF2:  40B2 07BE 037E  MOV	#0x07BE, &0x037E
1EF8:  40B2 07BE 038E  MOV	#0x07BE, &0x038E
1EFE:  D0B2 0400 027C  BIS	#0x0400, &0x027C
1F04:  D0B2 0400 028C  BIS	#0x0400, &0x028C
1F0A:  D0B2 0400 029C  BIS	#0x0400, &0x029C
1F10:  40B2 0204 0160  MOV	#0x0204, &TACTL
1F16:  4382 0162       CLR	&TACCTL0
1F1A:  40B2 05DC 0174  MOV	#0x05DC, &TACCR1
1F20:  40B2 0030 0164  MOV	#0x0030, &TACCTL1
1F26:  B0B2 1000 04F6  BIT	#0x1000, &0x04F6
1F2C:  241C            JZ	0x1F66
1F2E:  4305            CLR	R5
1F30:  4036 000F       MOV	#0x000F, R6

loc_1F34:			; переходы из 0x1F3E
1F34:  B2F2 0020       BIT.B	#8, &P1IN
1F38:  2401            JZ	0x1F3C
1F3A:  5315            INC	R5

loc_1F3C:			; переходы из 0x1F38
1F3C:  8316            DEC	R6
1F3E:  23FA            JNZ	0x1F34
1F40:  9035 000B       CMP	#0x000B, R5
1F44:  2810            JNC	0x1F66
1F46:  D2F2 0026       BIS.B	#8, &P1SEL
1F4A:  40B2 8110 0166  MOV	#0x8110, &TACCTL2
1F50:  D2A2 0166       BIS	#4, &TACCTL2
1F54:  40B2 0138 0176  MOV	#0x0138, &TACCR2
1F5A:  D0F2 0010 002E  BIS.B	#0x0010, &P2SEL
1F60:  C0B2 0003 0166  BIC	#0x0003, &TACCTL2

loc_1F66:			; переходы из 0x1F2C, 0x1F44
1F66:  42E2 02AC       MOV.B	#4, &0x02AC
1F6A:  40F2 0028 02AD  MOV.B	#0x0028, &0x02AD
1F70:  40F2 0019 02AE  MOV.B	#0x0019, &0x02AE
1F76:  40F2 0058 0059  MOV.B	#0x0058, &CACTL1
1F7C:  42E2 005A       MOV.B	#4, &CACTL2
1F80:  42F2 005B       MOV.B	#8, &CAPD
1F84:  40F2 0007 04AD  MOV.B	#0x0007, &0x04AD
1F8A:  40F2 000A 03CF  MOV.B	#0x000A, &0x03CF
1F90:  D0F2 0020 04AC  BIS.B	#0x0020, &0x04AC
1F96:  43E2 083C       MOV.B	#2, &0x083C
1F9A:  42D2 0420 02A3  MOV.B	&0x0420, &0x02A3
1FA0:  42D2 0421 02A0  MOV.B	&0x0421, &0x02A0
1FA6:  D0F2 0040 039F  BIS.B	#0x0040, &0x039F
1FAC:  B0B2 4000 04F6  BIT	#0x4000, &0x04F6
1FB2:  240D            JZ	0x1FCE
1FB4:  42E2 02A2       MOV.B	#4, &0x02A2
1FB8:  403D 000A       MOV	#0x000A, R13
1FBC:  4DC2 083D       MOV.B	R13, &0x083D
1FC0:  43C2 03CE       CLR.B	&0x03CE
1FC4:  40F2 000A 03CC  MOV.B	#0x000A, &0x03CC
1FCA:  43D2 039F       MOV.B	#1, &0x039F

loc_1FCE:			; переходы из 0x1FB2
1FCE:  B0B2 0100 08B8  BIT	#0x0100, &0x08B8
1FD4:  2409            JZ	0x1FE8
1FD6:  D0B2 0100 08B8  BIS	#0x0100, &0x08B8
1FDC:  D2E2 04FF       BIS.B	#4, &0x04FF
1FE0:  D2E2 0835       BIS.B	#4, &0x0835
1FE4:  D2E2 06B2       BIS.B	#4, &0x06B2

loc_1FE8:			; переходы из 0x1FD4
1FE8:  D0B2 0020 0160  BIS	#0x0020, &TACTL
1FEE:  E0F2 0020 0031  XOR.B	#0x0020, &P5OUT
1FF4:  C3D2 0003       BIC.B	#1, &IFG2
1FF8:  B392 083A       BIT	#1, &0x083A
1FFC:  2402            JZ	0x2002
1FFE:  D3D2 0001       BIS.B	#1, &IE2

loc_2002:			; переходы из 0x1FFC
2002:  C3D2 0007       BIC.B	#1, &UC1IFG
2006:  D3D2 0006       BIS.B	#1, &UC1IE
200A:  C3D2 0023       BIC.B	#1, &P1IFG
200E:  D3D2 0024       BIS.B	#1, &P1IES
2012:  C0F2 0040 002B  BIC.B	#0x0040, &P2IFG
2018:  C0F2 0040 002C  BIC.B	#0x0040, &P2IES
201E:  D0F2 0040 002D  BIS.B	#0x0040, &P2IE

loc_2024:			; переходы из 0x2104, 0x2110, 0x212C, 0x2136, 0x217A, 0x2196, 0x21A0, 0x21BA
2024:  4303            CLR	CG
2026:  B2A2 04F4       BIT	#4, &0x04F4
202A:  2435            JZ	0x2096
202C:  E0F2 0020 0031  XOR.B	#0x0020, &P5OUT
2032:  B0B2 0400 04F4  BIT	#0x0400, &0x04F4
2038:  2C02            JC	0x203E
203A:  D392 0184       BIS	#1, &TBCCTL1

loc_203E:			; переходы из 0x2038
203E:  12B0 49AA       CALL	#0x49AA
2042:  B0B2 0400 027C  BIT	#0x0400, &0x027C
2048:  2418            JZ	0x207A
204A:  B0B2 0400 028C  BIT	#0x0400, &0x028C
2050:  2414            JZ	0x207A
2052:  B0B2 0400 029C  BIT	#0x0400, &0x029C
2058:  2410            JZ	0x207A
205A:  4382 0390       CLR	&0x0390
205E:  4382 0392       CLR	&0x0392
2062:  4382 0394       CLR	&0x0394
2066:  4382 0396       CLR	&0x0396
206A:  4382 0398       CLR	&0x0398
206E:  4382 039A       CLR	&0x039A
2072:  4382 0366       CLR	&0x0366
2076:  4382 0368       CLR	&0x0368

loc_207A:			; переходы из 0x2048, 0x2050, 0x2058
207A:  12B0 DEC0       CALL	#0xDEC0
207E:  B3A2 04F8       BIT	#2, &0x04F8
2082:  2402            JZ	0x2088
2084:  12B0 DF6C       CALL	#0xDF6C

loc_2088:			; переходы из 0x2082
2088:  12B0 E024       CALL	#0xE024
208C:  D0F2 0080 07B9  BIS.B	#0x0080, &0x07B9
2092:  C2A2 04F4       BIC	#4, &0x04F4

loc_2096:			; переходы из 0x202A
2096:  B0F2 0080 04A7  BIT.B	#0x0080, &0x04A7
209C:  243B            JZ	0x2114
209E:  93C2 04A6       TST.B	&0x04A6
20A2:  204A            JNZ	0x2138
20A4:  B0F2 0020 04A7  BIT.B	#0x0020, &0x04A7
20AA:  2446            JZ	0x2138
20AC:  B3D2 05A0       BIT.B	#1, &0x05A0
20B0:  2403            JZ	0x20B8
20B2:  93C2 05A2       TST.B	&0x05A2
20B6:  2040            JNZ	0x2138

loc_20B8:			; переходы из 0x20B0
20B8:  4292 05AC 04A4  MOV	&0x05AC, &0x04A4
20BE:  42D2 05A6 04A6  MOV.B	&0x05A6, &0x04A6
20C4:  C0F2 0020 04A7  BIC.B	#0x0020, &0x04A7
20CA:  93C2 05A7       TST.B	&0x05A7
20CE:  2003            JNZ	0x20D6
20D0:  C0F2 0080 04A7  BIC.B	#0x0080, &0x04A7

loc_20D6:			; переходы из 0x20CE
20D6:  B3D2 05A0       BIT.B	#1, &0x05A0
20DA:  2416            JZ	0x2108
20DC:  C232            DINT
20DE:  4303            CLR	CG
20E0:  4292 0174 0172  MOV	&TACCR1, &TACCR0
20E6:  4292 0172 0176  MOV	&TACCR0, &TACCR2
20EC:  50B2 0177 0172  ADD	#0x0177, &TACCR0
20F2:  50B2 015E 0176  ADD	#0x015E, &TACCR2
20F8:  40B2 0010 0162  MOV	#0x0010, &TACCTL0
20FE:  D232            EINT
2100:  93C2 05A7       TST.B	&0x05A7
2104:  278F            JZ	0x2024
2106:  3C0B            JMP	0x211E

loc_2108:			; переходы из 0x20DA
2108:  D3E2 0006       BIS.B	#2, &UC1IE
210C:  93C2 05A7       TST.B	&0x05A7
2110:  2789            JZ	0x2024
2112:  3C05            JMP	0x211E

loc_2114:			; переходы из 0x209C
2114:  B2F2 04A7       BIT.B	#8, &0x04A7
2118:  240F            JZ	0x2138
211A:  C2F2 04A7       BIC.B	#8, &0x04A7

loc_211E:			; переходы из 0x2106, 0x2112
211E:  40B2 04B0 06B4  MOV	#0x04B0, &0x06B4
2124:  12B0 823E       CALL	#0x823E
2128:  B2A2 04F6       BIT	#4, &0x04F6
212C:  277B            JZ	0x2024
212E:  12B0 5EC2       CALL	#0x5EC2
2132:  C2A2 04F6       BIC	#4, &0x04F6
2136:  3F76            JMP	0x2024

loc_2138:			; переходы из 0x20A2, 0x20AA, 0x20B6, 0x2118
2138:  B392 083A       BIT	#1, &0x083A
213C:  2432            JZ	0x21A2
213E:  B0F2 0080 082B  BIT.B	#0x0080, &0x082B
2144:  241C            JZ	0x217E
2146:  93C2 082A       TST.B	&0x082A
214A:  202B            JNZ	0x21A2
214C:  B0F2 0020 082B  BIT.B	#0x0020, &0x082B
2152:  2427            JZ	0x21A2
2154:  4292 0836 0828  MOV	&0x0836, &0x0828
215A:  42D2 0832 082A  MOV.B	&0x0832, &0x082A
2160:  C0F2 0020 082B  BIC.B	#0x0020, &0x082B
2166:  93C2 0833       TST.B	&0x0833
216A:  2003            JNZ	0x2172
216C:  C0F2 0080 082B  BIC.B	#0x0080, &0x082B

loc_2172:			; переходы из 0x216A
2172:  D3E2 0001       BIS.B	#2, &IE2
2176:  93C2 0833       TST.B	&0x0833
217A:  2754            JZ	0x2024
217C:  3C05            JMP	0x2188

loc_217E:			; переходы из 0x2144
217E:  B2F2 082B       BIT.B	#8, &0x082B
2182:  240F            JZ	0x21A2
2184:  C2F2 082B       BIC.B	#8, &0x082B

loc_2188:			; переходы из 0x217C
2188:  40B2 0810 06B4  MOV	#0x0810, &0x06B4
218E:  12B0 823E       CALL	#0x823E
2192:  B2A2 04F6       BIT	#4, &0x04F6
2196:  2746            JZ	0x2024
2198:  12B0 5EC2       CALL	#0x5EC2
219C:  C2A2 04F6       BIC	#4, &0x04F6
21A0:  3F41            JMP	0x2024

loc_21A2:			; переходы из 0x213C, 0x214A, 0x2152, 0x2182
21A2:  B0B2 0080 066C  BIT	#0x0080, &0x066C
21A8:  2409            JZ	0x21BC
21AA:  C0B2 0080 066C  BIC	#0x0080, &0x066C
21B0:  40B2 0680 06B4  MOV	#0x0680, &0x06B4
21B6:  12B0 823E       CALL	#0x823E
21BA:  3F34            JMP	0x2024

loc_21BC:			; переходы из 0x21A8
21BC:  B392 083A       BIT	#1, &0x083A
21C0:  2406            JZ	0x21CE
21C2:  B0B2 0020 04F6  BIT	#0x0020, &0x04F6
21C8:  2402            JZ	0x21CE
21CA:  12B0 48C0       CALL	#0x48C0

loc_21CE:			; переходы из 0x21C0, 0x21C8
21CE:  B0B2 0010 04F6  BIT	#0x0010, &0x04F6
21D4:  2402            JZ	0x21DA
21D6:  12B0 4802       CALL	#0x4802

loc_21DA:			; переходы из 0x21D4
21DA:  B0B2 0040 04F4  BIT	#0x0040, &0x04F4
21E0:  2408            JZ	0x21F2
21E2:  12B0 BF40       CALL	#0xBF40
21E6:  B0B2 2000 04F4  BIT	#0x2000, &0x04F4
21EC:  2402            JZ	0x21F2
21EE:  12B0 CA7E       CALL	#0xCA7E

loc_21F2:			; переходы из 0x21E0, 0x21EC
21F2:  B0F2 0020 04AC  BIT.B	#0x0020, &0x04AC
21F8:  2409            JZ	0x220C
21FA:  B0B2 0100 04F8  BIT	#0x0100, &0x04F8
2200:  2405            JZ	0x220C
2202:  12B0 C776       CALL	#0xC776
2206:  C0B2 0100 04F8  BIC	#0x0100, &0x04F8

loc_220C:			; переходы из 0x21F8, 0x2200
220C:  B0B2 0080 04F4  BIT	#0x0080, &0x04F4
2212:  2402            JZ	0x2218
2214:  12B0 C0AC       CALL	#0xC0AC

loc_2218:			; переходы из 0x2212
2218:  B0B2 0400 04F4  BIT	#0x0400, &0x04F4
221E:  2407            JZ	0x222E
2220:  B0F2 0080 06BB  BIT.B	#0x0080, &0x06BB
2226:  2403            JZ	0x222E
2228:  12B0 F23A       CALL	#0xF23A
222C:  3EFB            JMP	0x2024

loc_222E:			; переходы из 0x221E, 0x2226
222E:  B3A2 066C       BIT	#2, &0x066C
2232:  2403            JZ	0x223A
2234:  12B0 E524       CALL	#0xE524
2238:  3EF5            JMP	0x2024

loc_223A:			; переходы из 0x2232
223A:  B0B2 4000 04F6  BIT	#0x4000, &0x04F6
2240:  2409            JZ	0x2254
2242:  B2A2 066C       BIT	#4, &0x066C
2246:  2406            JZ	0x2254
2248:  B392 04F4       BIT	#1, &0x04F4
224C:  2403            JZ	0x2254
224E:  12B0 EC5E       CALL	#0xEC5E
2252:  3EE8            JMP	0x2024

loc_2254:			; переходы из 0x2240, 0x2246, 0x224C
2254:  B0B2 0400 04F4  BIT	#0x0400, &0x04F4
225A:  2453            JZ	0x2302
225C:  B0B2 0020 04F4  BIT	#0x0020, &0x04F4
2262:  240E            JZ	0x2280
2264:  B0F2 0020 04AC  BIT.B	#0x0020, &0x04AC
226A:  240A            JZ	0x2280
226C:  B0B2 0020 04F2  BIT	#0x0020, &0x04F2
2272:  2C06            JC	0x2280
2274:  12B0 C8D4       CALL	#0xC8D4
2278:  C0B2 0020 04F4  BIC	#0x0020, &0x04F4
227E:  3ED2            JMP	0x2024

loc_2280:			; переходы из 0x2262, 0x226A, 0x2272
2280:  B3D2 054F       BIT.B	#1, &0x054F
2284:  2408            JZ	0x2296
2286:  B0F2 0020 04AC  BIT.B	#0x0020, &0x04AC
228C:  2404            JZ	0x2296
228E:  12B0 D2FC       CALL	#0xD2FC
2292:  C3D2 054F       BIC.B	#1, &0x054F

loc_2296:			; переходы из 0x2284, 0x228C
2296:  F0B2 ADDF 0540  AND	#0xADDF, &0x0540
229C:  9382 0540       TST	&0x0540
22A0:  200D            JNZ	0x22BC
22A2:  F0B2 6DDF 0542  AND	#0x6DDF, &0x0542
22A8:  9382 0542       TST	&0x0542
22AC:  2007            JNZ	0x22BC
22AE:  F0B2 1FFF 0548  AND	#0x1FFF, &0x0548
22B4:  9382 0548       TST	&0x0548
22B8:  2001            JNZ	0x22BC
22BA:  3C03            JMP	0x22C2

loc_22BC:			; переходы из 0x22A0, 0x22AC, 0x22B8
22BC:  12B0 DB84       CALL	#0xDB84
22C0:  3EB1            JMP	0x2024

loc_22C2:			; переходы из 0x22BA
22C2:  B0B2 0040 04F6  BIT	#0x0040, &0x04F6
22C8:  241C            JZ	0x2302
22CA:  B2B2 04F6       BIT	#8, &0x04F6
22CE:  2C19            JC	0x2302
22D0:  9382 07BC       TST	&0x07BC
22D4:  2004            JNZ	0x22DE
22D6:  9382 07BE       TST	&0x07BE
22DA:  2001            JNZ	0x22DE
22DC:  3C03            JMP	0x22E4

loc_22DE:			; переходы из 0x22D4, 0x22DA
22DE:  12B0 F76C       CALL	#0xF76C
22E2:  3EA0            JMP	0x2024

loc_22E4:			; переходы из 0x22DC
22E4:  B0F2 0080 07B9  BIT.B	#0x0080, &0x07B9
22EA:  240B            JZ	0x2302
22EC:  B2B2 04F6       BIT	#8, &0x04F6
22F0:  2C08            JC	0x2302
22F2:  12B0 F39C       CALL	#0xF39C
22F6:  12B0 F5C2       CALL	#0xF5C2
22FA:  C0F2 0080 07B9  BIC.B	#0x0080, &0x07B9
2300:  3E91            JMP	0x2024

loc_2302:			; переходы из 0x225A, 0x22C8, 0x22CE, 0x22EA, 0x22F0
2302:  B2F2 039F       BIT.B	#8, &0x039F
2306:  240B            JZ	0x231E
2308:  12B0 6E34       CALL	#0x6E34
230C:  12B0 6EA8       CALL	#0x6EA8
2310:  B0B2 0400 04F4  BIT	#0x0400, &0x04F4
2316:  2686            JZ	0x2024
2318:  12B0 497C       CALL	#0x497C

loc_231C:			; переходы из 0x24BA, 0x2514, 0x251A, 0x2522, 0x252A, 0x2530
231C:  3E83            JMP	0x2024

loc_231E:			; переходы из 0x2306
231E:  B2F2 050C       BIT.B	#8, &0x050C
2322:  240B            JZ	0x233A
2324:  93C2 0646       TST.B	&0x0646
2328:  2402            JZ	0x232E
232A:  83D2 0646       DEC.B	&0x0646

loc_232E:			; переходы из 0x2328
232E:  B0B2 0400 04F4  BIT	#0x0400, &0x04F4
2334:  241D            JZ	0x2370
2336:  12B0 CE38       CALL	#0xCE38

loc_233A:			; переходы из 0x2322
233A:  B0B2 0400 04F4  BIT	#0x0400, &0x04F4
2340:  2417            JZ	0x2370
2342:  B0B2 0020 04F2  BIT	#0x0020, &0x04F2
2348:  2402            JZ	0x234E
234A:  12B0 D054       CALL	#0xD054

loc_234E:			; переходы из 0x2348
234E:  B0F2 0010 050C  BIT.B	#0x0010, &0x050C
2354:  240D            JZ	0x2370
2356:  B0B2 2000 04F4  BIT	#0x2000, &0x04F4
235C:  2407            JZ	0x236C
235E:  B2E2 0514       BIT.B	#4, &0x0514
2362:  2C04            JC	0x236C
2364:  B0F2 0060 0515  BIT.B	#0x0060, &0x0515
236A:  2002            JNZ	0x2370

loc_236C:			; переходы из 0x235C, 0x2362
236C:  12B0 D0A6       CALL	#0xD0A6

loc_2370:			; переходы из 0x2334, 0x2340, 0x2354, 0x236A
2370:  B0F2 0020 04AC  BIT.B	#0x0020, &0x04AC
2376:  249E            JZ	0x24B4
2378:  B0B2 1000 04F4  BIT	#0x1000, &0x04F4
237E:  249A            JZ	0x24B4
2380:  9382 04F2       TST	&0x04F2
2384:  2008            JNZ	0x2396
2386:  9382 04F0       TST	&0x04F0
238A:  2005            JNZ	0x2396
238C:  B0B2 007F 04FA  BIT	#0x007F, &0x04FA
2392:  2001            JNZ	0x2396
2394:  3C8C            JMP	0x24AE

loc_2396:			; переходы из 0x2384, 0x238A, 0x2392
2396:  D392 087A       BIS	#1, &0x087A
239A:  B0B2 0400 04F4  BIT	#0x0400, &0x04F4
23A0:  2C05            JC	0x23AC
23A2:  90F2 001F 03CF  CMP.B	#0x001F, &0x03CF
23A8:  2C85            JC	0x24B4
23AA:  3C0D            JMP	0x23C6

loc_23AC:			; переходы из 0x23A0
23AC:  B0B2 2000 04F4  BIT	#0x2000, &0x04F4
23B2:  2C05            JC	0x23BE
23B4:  90F2 001F 03CF  CMP.B	#0x001F, &0x03CF
23BA:  2C7C            JC	0x24B4
23BC:  3C04            JMP	0x23C6

loc_23BE:			; переходы из 0x23B2
23BE:  90F2 0025 03CF  CMP.B	#0x0025, &0x03CF
23C4:  2C77            JC	0x24B4

loc_23C6:			; переходы из 0x23AA, 0x23BC
23C6:  53D2 03CF       INC.B	&0x03CF
23CA:  425F 03CF       MOV.B	&0x03CF, R15
23CE:  803F 000A       SUB	#0x000A, R15
23D2:  5F0F            RLA	R15
23D4:  5F0F            RLA	R15
23D6:  5F0F            RLA	R15
23D8:  5F00            ADD	R15, PC
23DA:  4030 24B4       BR	#0x24B4
23DE:  4030 24B4       BR	#0x24B4
23E2:  12B0 C2A2       CALL	#0xC2A2
23E6:  4030 24B4       BR	#0x24B4
23EA:  12B0 C628       CALL	#0xC628
23EE:  4030 24B4       BR	#0x24B4
23F2:  4030 24B4       BR	#0x24B4
23F6:  4030 24B4       BR	#0x24B4
23FA:  12B0 C6DA       CALL	#0xC6DA
23FE:  4030 24B4       BR	#0x24B4
2402:  4030 24B4       BR	#0x24B4
2406:  4030 24B4       BR	#0x24B4
240A:  12B0 C65C       CALL	#0xC65C
240E:  4030 24B4       BR	#0x24B4
2412:  12B0 C79C       CALL	#0xC79C
2416:  4030 24B4       BR	#0x24B4
241A:  12B0 C7CA       CALL	#0xC7CA
241E:  4030 24B4       BR	#0x24B4
2422:  12B0 C80A       CALL	#0xC80A
2426:  4030 24B4       BR	#0x24B4
242A:  12B0 C726       CALL	#0xC726
242E:  4030 24B4       BR	#0x24B4
2432:  12B0 C858       CALL	#0xC858
2436:  4030 24B4       BR	#0x24B4
243A:  12B0 C89C       CALL	#0xC89C
243E:  4030 24B4       BR	#0x24B4
2442:  12B0 C74C       CALL	#0xC74C
2446:  4030 24B4       BR	#0x24B4
244A:  12B0 C686       CALL	#0xC686
244E:  4030 24B4       BR	#0x24B4
2452:  4030 24B4       BR	#0x24B4
2456:  4030 24B4       BR	#0x24B4
245A:  4030 24B4       BR	#0x24B4
245E:  4030 24B4       BR	#0x24B4
2462:  12B0 C966       CALL	#0xC966
2466:  4030 24B4       BR	#0x24B4
246A:  12B0 C998       CALL	#0xC998
246E:  4030 24B4       BR	#0x24B4
2472:  12B0 C9CC       CALL	#0xC9CC
2476:  4030 24B4       BR	#0x24B4
247A:  12B0 CA00       CALL	#0xCA00
247E:  4030 24B4       BR	#0x24B4
2482:  4030 24B4       BR	#0x24B4
2486:  4030 24B4       BR	#0x24B4
248A:  12B0 CA2A       CALL	#0xCA2A
248E:  4030 24B4       BR	#0x24B4
2492:  12B0 CAA4       CALL	#0xCAA4
2496:  4030 24B4       BR	#0x24B4
249A:  4030 24B4       BR	#0x24B4
249E:  4030 24B4       BR	#0x24B4
24A2:  4030 24B4       BR	#0x24B4
24A6:  4030 24B4       BR	#0x24B4
24AA:  12B0 CACA       CALL	#0xCACA

loc_24AE:			; переходы из 0x2394
24AE:  C0B2 1000 04F4  BIC	#0x1000, &0x04F4

loc_24B4:			; переходы из 0x2376, 0x237E, 0x23A8, 0x23BA, 0x23C4, 0x23DA
24B4:  B0B2 0400 04F4  BIT	#0x0400, &0x04F4
24BA:  2730            JZ	0x231C
24BC:  B0B2 2000 04F4  BIT	#0x2000, &0x04F4
24C2:  2429            JZ	0x2516
24C4:  B2E2 0514       BIT.B	#4, &0x0514
24C8:  2C20            JC	0x250A
24CA:  B0F2 0040 0515  BIT.B	#0x0040, &0x0515
24D0:  2422            JZ	0x2516
24D2:  B0F2 0020 0515  BIT.B	#0x0020, &0x0515
24D8:  241E            JZ	0x2516
24DA:  C0F2 0010 0515  BIC.B	#0x0010, &0x0515
24E0:  12B0 D7CE       CALL	#0xD7CE
24E4:  12B0 D906       CALL	#0xD906
24E8:  B0B2 0080 0580  BIT	#0x0080, &0x0580
24EE:  2407            JZ	0x24FE
24F0:  D0F2 0010 0515  BIS.B	#0x0010, &0x0515
24F6:  12B0 D7CE       CALL	#0xD7CE
24FA:  12B0 D906       CALL	#0xD906

loc_24FE:			; переходы из 0x24EE
24FE:  C3E2 0514       BIC.B	#2, &0x0514
2502:  C0F2 0060 0515  BIC.B	#0x0060, &0x0515
2508:  3C06            JMP	0x2516

loc_250A:			; переходы из 0x24C8
250A:  B2E2 0514       BIT.B	#4, &0x0514
250E:  2403            JZ	0x2516
2510:  12B0 D924       CALL	#0xD924
2514:  3F03            JMP	0x231C

loc_2516:			; переходы из 0x24C2, 0x24D0, 0x24D8, 0x2508, 0x250E
2516:  B2B2 04F6       BIT	#8, &0x04F6
251A:  2700            JZ	0x231C
251C:  B0B2 0040 04F6  BIT	#0x0040, &0x04F6
2522:  26FC            JZ	0x231C
2524:  B0B2 0100 08B8  BIT	#0x0100, &0x08B8
252A:  26F8            JZ	0x231C
252C:  12B0 F8BC       CALL	#0xF8BC
2530:  3EF5            JMP	0x231C

; ============================================================
; Функция ISR_NMI @ 0x2532   (вызовов: 0)
; ============================================================
2532:  120F            PUSH	R15
2534:  B3E2 0002       BIT.B	#2, &IFG1
2538:  240C            JZ	0x2552

loc_253A:			; переходы из 0x2550
253A:  C0F2 0080 0058  BIC.B	#0x0080, &BCSCTL2
2540:  C3E2 0002       BIC.B	#2, &IFG1
2544:  403F 00FF       MOV	#0x00FF, R15

loc_2548:			; переходы из 0x254A
2548:  831F            DEC	R15
254A:  23FE            JNZ	0x2548
254C:  B3E2 0002       BIT.B	#2, &IFG1
2550:  23F4            JNZ	0x253A

loc_2552:			; переходы из 0x2538
2552:  40F2 0088 0058  MOV.B	#0x0088, &BCSCTL2
2558:  D3E2 0000       BIS.B	#2, &IE1
255C:  413F            POP	R15
255E:  1300            RETI

; ============================================================
; Функция ISR_WDT @ 0x2560   (вызовов: 0)
; ============================================================
2560:  40B2 5A08 0120  MOV	#0x5A08, &WDTCTL
2566:  C3D2 0002       BIC.B	#1, &IFG1
256A:  C3D2 0000       BIC.B	#1, &IE1
256E:  1300            RETI

; ============================================================
; Функция ISR_TIMERB1 @ 0x2570   (вызовов: 0)
; ============================================================
2570:  B392 0184       BIT	#1, &TBCCTL1
2574:  2C02            JC	0x257A
2576:  4030 2A56       BR	#0x2A56

loc_257A:			; переходы из 0x2574
257A:  C392 0184       BIC	#1, &TBCCTL1
257E:  1205            PUSH	R5
2580:  1204            PUSH	R4
2582:  B0F2 0080 0029  BIT.B	#0x0080, &P2OUT
2588:  2C03            JC	0x2590
258A:  D0B2 0010 018E  BIS	#0x0010, &TBCCTL6

loc_2590:			; переходы из 0x2588
2590:  B0B2 0100 04F6  BIT	#0x0100, &0x04F6
2596:  2402            JZ	0x259C
2598:  D3E2 0021       BIS.B	#2, &P1OUT

loc_259C:			; переходы из 0x2596
259C:  40B2 F0F0 050A  MOV	#0xF0F0, &0x050A
25A2:  E292 0500 050A  XOR	&0x0500, &0x050A
25A8:  E292 0502 050A  XOR	&0x0502, &0x050A
25AE:  E292 0504 050A  XOR	&0x0504, &0x050A
25B4:  E292 0506 050A  XOR	&0x0506, &0x050A
25BA:  9292 0508 050A  CMP	&0x0508, &0x050A
25C0:  2415            JZ	0x25EC
25C2:  B0B2 0400 04F4  BIT	#0x0400, &0x04F4
25C8:  2403            JZ	0x25D0
25CA:  D0B2 0020 04F2  BIS	#0x0020, &0x04F2

loc_25D0:			; переходы из 0x25C8
25D0:  D0B2 0600 066C  BIS	#0x0600, &0x066C
25D6:  4382 0500       CLR	&0x0500
25DA:  40B2 0100 0502  MOV	#0x0100, &0x0502
25E0:  40B2 0101 0504  MOV	#0x0101, &0x0504
25E6:  40B2 0102 0506  MOV	#0x0102, &0x0506

loc_25EC:			; переходы из 0x25C0
25EC:  9382 050E       TST	&0x050E
25F0:  2004            JNZ	0x25FA
25F2:  93C2 050D       TST.B	&0x050D
25F6:  2001            JNZ	0x25FA
25F8:  3C4A            JMP	0x268E

loc_25FA:			; переходы из 0x25F0, 0x25F6
25FA:  8392 050E       DEC	&0x050E
25FE:  73C2 050D       SBC.B	&0x050D
2602:  9382 050E       TST	&0x050E
2606:  202D            JNZ	0x2662
2608:  93C2 050D       TST.B	&0x050D
260C:  202A            JNZ	0x2662
260E:  93C2 051D       TST.B	&0x051D
2612:  241C            JZ	0x264C
2614:  B2E2 050C       BIT.B	#4, &0x050C
2618:  2C0D            JC	0x2634
261A:  83D2 051D       DEC.B	&0x051D
261E:  200A            JNZ	0x2634
2620:  C2E2 050C       BIC.B	#4, &0x050C
2624:  B0B2 0400 04F4  BIT	#0x0400, &0x04F4
262A:  2415            JZ	0x2656
262C:  C0B2 4000 04FA  BIC	#0x4000, &0x04FA
2632:  3C11            JMP	0x2656

loc_2634:			; переходы из 0x2618, 0x261E
2634:  D3E2 0514       BIS.B	#2, &0x0514
2638:  D2E2 050C       BIS.B	#4, &0x050C
263C:  43C2 050D       CLR.B	&0x050D
2640:  4392 050E       MOV	#1, &0x050E
2644:  93C2 051C       TST.B	&0x051C
2648:  2419            JZ	0x267C
264A:  3C11            JMP	0x266E

loc_264C:			; переходы из 0x2612
264C:  C0B2 4000 04FA  BIC	#0x4000, &0x04FA
2652:  D2E2 050C       BIS.B	#4, &0x050C

loc_2656:			; переходы из 0x262A, 0x2632
2656:  42D2 0468 050D  MOV.B	&0x0468, &0x050D
265C:  4292 046A 050E  MOV	&0x046A, &0x050E

loc_2662:			; переходы из 0x2606, 0x260C
2662:  B2E2 050C       BIT.B	#4, &0x050C
2666:  2413            JZ	0x268E
2668:  93C2 0469       TST.B	&0x0469
266C:  2407            JZ	0x267C

loc_266E:			; переходы из 0x264A
266E:  93C2 0500       TST.B	&0x0500
2672:  240D            JZ	0x268E
2674:  C2E2 050C       BIC.B	#4, &0x050C
2678:  D312            SETC
267A:  3C0C            JMP	0x2694

loc_267C:			; переходы из 0x2648, 0x266C
267C:  90F2 0058 0500  CMP.B	#0x0058, &0x0500
2682:  2C05            JC	0x268E
2684:  C2E2 050C       BIC.B	#4, &0x050C
2688:  D312            SETC
268A:  A3C2 0500       DADC.B	&0x0500

loc_268E:			; переходы из 0x25F8, 0x2666, 0x2672, 0x2682
268E:  D312            SETC
2690:  A3C2 0500       DADC.B	&0x0500

loc_2694:			; переходы из 0x267A
2694:  B0B2 0010 066C  BIT	#0x0010, &0x066C
269A:  2410            JZ	0x26BC
269C:  90F2 0059 0500  CMP.B	#0x0059, &0x0500
26A2:  200C            JNZ	0x26BC
26A4:  43C2 0500       CLR.B	&0x0500
26A8:  D3A2 0540       BIS	#2, &0x0540
26AC:  D3A2 0542       BIS	#2, &0x0542
26B0:  D0B2 1000 066C  BIS	#0x1000, &0x066C
26B6:  C0B2 0010 066C  BIC	#0x0010, &0x066C

loc_26BC:			; переходы из 0x269A, 0x26A2
26BC:  90F2 0060 0500  CMP.B	#0x0060, &0x0500
26C2:  2950            JNC	0x2964
26C4:  43C2 0500       CLR.B	&0x0500
26C8:  A3C2 0501       DADC.B	&0x0501
26CC:  90F2 0030 0501  CMP.B	#0x0030, &0x0501
26D2:  2003            JNZ	0x26DA
26D4:  D0B2 0400 066C  BIS	#0x0400, &0x066C

loc_26DA:			; переходы из 0x26D2
26DA:  B0B2 0020 066C  BIT	#0x0020, &0x066C
26E0:  240D            JZ	0x26FC
26E2:  40F2 0059 0500  MOV.B	#0x0059, &0x0500
26E8:  D3A2 0540       BIS	#2, &0x0540
26EC:  D3A2 0542       BIS	#2, &0x0542
26F0:  D0B2 2000 066C  BIS	#0x2000, &0x066C
26F6:  C0B2 0020 066C  BIC	#0x0020, &0x066C

loc_26FC:			; переходы из 0x26E0
26FC:  D2F2 050C       BIS.B	#8, &0x050C
2700:  C0B2 0003 0546  BIC	#0x0003, &0x0546
2706:  93C2 0512       TST.B	&0x0512
270A:  2003            JNZ	0x2712
270C:  40F2 001E 0512  MOV.B	#0x001E, &0x0512

loc_2712:			; переходы из 0x270A
2712:  90F2 0007 0512  CMP.B	#0x0007, &0x0512
2718:  2818            JNC	0x274A
271A:  90F2 000A 0512  CMP.B	#0x000A, &0x0512
2720:  2414            JZ	0x274A
2722:  90F2 000C 0512  CMP.B	#0x000C, &0x0512
2728:  2410            JZ	0x274A
272A:  90F2 000F 0512  CMP.B	#0x000F, &0x0512
2730:  240C            JZ	0x274A
2732:  90F2 0014 0512  CMP.B	#0x0014, &0x0512
2738:  2408            JZ	0x274A
273A:  90F2 001E 0512  CMP.B	#0x001E, &0x0512
2740:  2404            JZ	0x274A
2742:  90F2 003C 0512  CMP.B	#0x003C, &0x0512
2748:  201A            JNZ	0x277E

loc_274A:			; переходы из 0x2718, 0x2720, 0x2728, 0x2730, 0x2738, 0x2740
274A:  4304            CLR	R4
274C:  4255 0512       MOV.B	&0x0512, R5

loc_2750:			; переходы из 0x275E
2750:  9035 000A       CMP	#0x000A, R5
2754:  2805            JNC	0x2760
2756:  8035 000A       SUB	#0x000A, R5
275A:  5034 0010       ADD	#0x0010, R4
275E:  3FF8            JMP	0x2750

loc_2760:			; переходы из 0x2754
2760:  5504            ADD	R5, R4
2762:  4305            CLR	R5

loc_2764:			; переходы из 0x277C
2764:  9255 0501       CMP.B	&0x0501, R5
2768:  2807            JNC	0x2778
276A:  240C            JZ	0x2784
276C:  93C2 0513       TST.B	&0x0513
2770:  241F            JZ	0x27B0
2772:  83D2 0513       DEC.B	&0x0513
2776:  3C1C            JMP	0x27B0

loc_2778:			; переходы из 0x2768
2778:  C312            CLRC
277A:  A405            DADD	R4, R5
277C:  3FF3            JMP	0x2764

loc_277E:			; переходы из 0x2748
277E:  83D2 0513       DEC.B	&0x0513
2782:  2016            JNZ	0x27B0

loc_2784:			; переходы из 0x276A
2784:  42D2 0512 0513  MOV.B	&0x0512, &0x0513
278A:  50B2 0010 0510  ADD	#0x0010, &0x0510
2790:  9382 0510       TST	&0x0510
2794:  2002            JNZ	0x279A
2796:  D3D2 0514       BIS.B	#1, &0x0514

loc_279A:			; переходы из 0x2794
279A:  D0F2 0040 0515  BIS.B	#0x0040, &0x0515
27A0:  93C2 0507       TST.B	&0x0507
27A4:  2403            JZ	0x27AC
27A6:  D2F2 0514       BIS.B	#8, &0x0514
27AA:  3C02            JMP	0x27B0

loc_27AC:			; переходы из 0x27A4
27AC:  C2F2 0514       BIC.B	#8, &0x0514

loc_27B0:			; переходы из 0x2770, 0x2776, 0x2782, 0x27AA
27B0:  B392 04F4       BIT	#1, &0x04F4
27B4:  2478            JZ	0x28A6
27B6:  4292 02B0 04D0  MOV	&0x02B0, &0x04D0
27BC:  4292 02B2 04D2  MOV	&0x02B2, &0x04D2
27C2:  4292 02B4 04D4  MOV	&0x02B4, &0x04D4
27C8:  4292 02B6 04D6  MOV	&0x02B6, &0x04D6
27CE:  4292 02B8 04D8  MOV	&0x02B8, &0x04D8
27D4:  4292 02BA 04DA  MOV	&0x02BA, &0x04DA
27DA:  4292 02BC 04DC  MOV	&0x02BC, &0x04DC
27E0:  4292 02BE 04DE  MOV	&0x02BE, &0x04DE
27E6:  B0B2 0080 04F6  BIT	#0x0080, &0x04F6
27EC:  2412            JZ	0x2812
27EE:  4292 0660 0670  MOV	&0x0660, &0x0670
27F4:  4292 0662 0672  MOV	&0x0662, &0x0672
27FA:  4292 0664 0674  MOV	&0x0664, &0x0674
2800:  4292 0666 0676  MOV	&0x0666, &0x0676
2806:  4292 0668 0678  MOV	&0x0668, &0x0678
280C:  4292 066A 067A  MOV	&0x066A, &0x067A

loc_2812:			; переходы из 0x27EC
2812:  4292 05E0 05F0  MOV	&0x05E0, &0x05F0
2818:  4292 05E2 05F2  MOV	&0x05E2, &0x05F2
281E:  4292 05E4 05F4  MOV	&0x05E4, &0x05F4
2824:  4292 05E6 05F6  MOV	&0x05E6, &0x05F6
282A:  4292 05E8 05F8  MOV	&0x05E8, &0x05F8
2830:  4292 05EA 05FA  MOV	&0x05EA, &0x05FA
2836:  4292 05EC 05FC  MOV	&0x05EC, &0x05FC
283C:  4292 05EE 05FE  MOV	&0x05EE, &0x05FE
2842:  4292 0520 0528  MOV	&0x0520, &0x0528
2848:  4292 0522 052A  MOV	&0x0522, &0x052A
284E:  4292 0524 052C  MOV	&0x0524, &0x052C
2854:  4292 0526 052E  MOV	&0x0526, &0x052E
285A:  4292 0610 0618  MOV	&0x0610, &0x0618
2860:  4292 0612 061A  MOV	&0x0612, &0x061A
2866:  4292 0614 061C  MOV	&0x0614, &0x061C
286C:  4292 0616 061E  MOV	&0x0616, &0x061E
2872:  B0F2 0040 0515  BIT.B	#0x0040, &0x0515
2878:  2413            JZ	0x28A0
287A:  4382 0520       CLR	&0x0520
287E:  4382 0522       CLR	&0x0522
2882:  4382 0524       CLR	&0x0524
2886:  4382 0526       CLR	&0x0526
288A:  4382 0610       CLR	&0x0610
288E:  4382 0612       CLR	&0x0612
2892:  4382 0614       CLR	&0x0614
2896:  4382 0616       CLR	&0x0616
289A:  D0F2 0020 0515  BIS.B	#0x0020, &0x0515

loc_28A0:			; переходы из 0x2878
28A0:  D0B2 0040 04F4  BIS	#0x0040, &0x04F4

loc_28A6:			; переходы из 0x27B4
28A6:  D312            SETC
28A8:  90F2 0060 0501  CMP.B	#0x0060, &0x0501
28AE:  285A            JNC	0x2964
28B0:  43C2 0501       CLR.B	&0x0501
28B4:  D0B2 0400 066C  BIS	#0x0400, &0x066C
28BA:  A3C2 0502       DADC.B	&0x0502
28BE:  D0F2 0010 050C  BIS.B	#0x0010, &0x050C
28C4:  90F2 0024 0502  CMP.B	#0x0024, &0x0502
28CA:  284C            JNC	0x2964
28CC:  C0F2 0062 050C  BIC.B	#0x0062, &0x050C
28D2:  D0B2 0200 066C  BIS	#0x0200, &0x066C
28D8:  4292 087A 087C  MOV	&0x087A, &0x087C
28DE:  4382 087A       CLR	&0x087A
28E2:  D3D2 054F       BIS.B	#1, &0x054F
28E6:  D0B2 000C 066C  BIS	#0x000C, &0x066C
28EC:  43C2 06B2       CLR.B	&0x06B2
28F0:  43C2 0502       CLR.B	&0x0502
28F4:  D312            SETC
28F6:  A3C2 0503       DADC.B	&0x0503
28FA:  92F2 0503       CMP.B	#8, &0x0503
28FE:  2802            JNC	0x2904
2900:  43D2 0503       MOV.B	#1, &0x0503

loc_2904:			; переходы из 0x28FE
2904:  D312            SETC
2906:  A3C2 0504       DADC.B	&0x0504
290A:  4255 0505       MOV.B	&0x0505, R5
290E:  4555 4AAD       MOV.B	19117(R5), R5
2912:  93E2 0505       CMP.B	#2, &0x0505
2916:  2011            JNZ	0x293A
2918:  B0F2 0010 0506  BIT.B	#0x0010, &0x0506
291E:  2C05            JC	0x292A
2920:  B0F2 0003 0506  BIT.B	#0x0003, &0x0506
2926:  2009            JNZ	0x293A
2928:  3C06            JMP	0x2936

loc_292A:			; переходы из 0x291E
292A:  B3E2 0506       BIT.B	#2, &0x0506
292E:  2405            JZ	0x293A
2930:  B3D2 0506       BIT.B	#1, &0x0506
2934:  2C02            JC	0x293A

loc_2936:			; переходы из 0x2928
2936:  D312            SETC
2938:  A345            DADC.B	R5

loc_293A:			; переходы из 0x2916, 0x2926, 0x292E, 0x2934
293A:  95C2 0504       CMP.B	R5, &0x0504
293E:  2812            JNC	0x2964
2940:  43D2 0504       MOV.B	#1, &0x0504
2944:  D3E2 054F       BIS.B	#2, &0x054F
2948:  D312            SETC
294A:  A3C2 0505       DADC.B	&0x0505
294E:  90F2 0013 0505  CMP.B	#0x0013, &0x0505
2954:  2807            JNC	0x2964
2956:  43D2 0505       MOV.B	#1, &0x0505
295A:  D2E2 054F       BIS.B	#4, &0x054F
295E:  D312            SETC
2960:  A3C2 0506       DADC.B	&0x0506

loc_2964:			; переходы из 0x26C2, 0x28AE, 0x28CA, 0x293E, 0x2954
2964:  4134            POP	R4
2966:  4135            POP	R5
2968:  C0B2 003C 0546  BIC	#0x003C, &0x0546
296E:  40B2 F0F0 0508  MOV	#0xF0F0, &0x0508
2974:  E292 0500 0508  XOR	&0x0500, &0x0508
297A:  E292 0502 0508  XOR	&0x0502, &0x0508
2980:  E292 0504 0508  XOR	&0x0504, &0x0508
2986:  E292 0506 0508  XOR	&0x0506, &0x0508
298C:  B0B2 0100 04F6  BIT	#0x0100, &0x04F6
2992:  242C            JZ	0x29EC
2994:  1205            PUSH	R5
2996:  B2E2 0020       BIT.B	#4, &P1IN
299A:  2417            JZ	0x29CA
299C:  C3E2 0021       BIC.B	#2, &P1OUT
29A0:  B0B2 0200 0544  BIT	#0x0200, &0x0544
29A6:  2421            JZ	0x29EA
29A8:  B0B2 0800 0542  BIT	#0x0800, &0x0542
29AE:  2C1D            JC	0x29EA
29B0:  C0B2 0200 0544  BIC	#0x0200, &0x0544
29B6:  4035 0620       MOV	#0x0620, R5
29BA:  12B0 4A72       CALL	#0x4A72
29BE:  D2B2 087A       BIS	#8, &0x087A
29C2:  D0B2 0800 0540  BIS	#0x0800, &0x0540
29C8:  3C10            JMP	0x29EA

loc_29CA:			; переходы из 0x299A
29CA:  C3E2 0021       BIC.B	#2, &P1OUT
29CE:  B0B2 0200 0544  BIT	#0x0200, &0x0544
29D4:  2C0A            JC	0x29EA
29D6:  D0B2 0200 0544  BIS	#0x0200, &0x0544
29DC:  4035 0628       MOV	#0x0628, R5
29E0:  12B0 4A72       CALL	#0x4A72
29E4:  D0B2 0800 0542  BIS	#0x0800, &0x0542

loc_29EA:			; переходы из 0x29A6, 0x29AE, 0x29C8, 0x29D4
29EA:  4135            POP	R5

loc_29EC:			; переходы из 0x2992
29EC:  1205            PUSH	R5
29EE:  B0F2 0080 0030  BIT.B	#0x0080, &P5IN
29F4:  2C13            JC	0x2A1C
29F6:  B0B2 0800 0544  BIT	#0x0800, &0x0544
29FC:  2C1D            JC	0x2A38
29FE:  B0B2 2000 0542  BIT	#0x2000, &0x0542
2A04:  2C19            JC	0x2A38
2A06:  D0B2 0800 0544  BIS	#0x0800, &0x0544
2A0C:  4035 0890       MOV	#0x0890, R5
2A10:  12B0 4A72       CALL	#0x4A72
2A14:  D0B2 2000 0540  BIS	#0x2000, &0x0540
2A1A:  3C0E            JMP	0x2A38

loc_2A1C:			; переходы из 0x29F4
2A1C:  B0B2 0800 0544  BIT	#0x0800, &0x0544
2A22:  240A            JZ	0x2A38
2A24:  C0B2 0800 0544  BIC	#0x0800, &0x0544
2A2A:  4035 0898       MOV	#0x0898, R5
2A2E:  12B0 4A72       CALL	#0x4A72
2A32:  D0B2 2000 0542  BIS	#0x2000, &0x0542

loc_2A38:			; переходы из 0x29FC, 0x2A04, 0x2A1A, 0x2A22
2A38:  4135            POP	R5
2A3A:  C0F2 0020 0033  BIC.B	#0x0020, &P5SEL
2A40:  B0B2 0020 04F2  BIT	#0x0020, &0x04F2
2A46:  2DBE            JC	0x2DC4
2A48:  B2F2 050C       BIT.B	#8, &0x050C
2A4C:  25BB            JZ	0x2DC4
2A4E:  D0B2 0020 04F4  BIS	#0x0020, &0x04F4
2A54:  3DB7            JMP	0x2DC4

loc_2A56:			; переходы из 0x2576
2A56:  B392 018E       BIT	#1, &TBCCTL6
2A5A:  25B4            JZ	0x2DC4
2A5C:  C392 018E       BIC	#1, &TBCCTL6
2A60:  B0B2 8000 018E  BIT	#0x8000, &TBCCTL6
2A66:  2C29            JC	0x2ABA
2A68:  120F            PUSH	R15

loc_2A6A:			; переходы из 0x2AB0
2A6A:  403F 000A       MOV	#0x000A, R15

loc_2A6E:			; переходы из 0x2A76
2A6E:  B2B2 018E       BIT	#8, &TBCCTL6
2A72:  241A            JZ	0x2AA8
2A74:  831F            DEC	R15
2A76:  23FB            JNZ	0x2A6E
2A78:  413F            POP	R15
2A7A:  43C2 0058       CLR.B	&BCSCTL2
2A7E:  4031 09FC       MOV	#0x09FC, SP
2A82:  40B1 110A 0002  MOV	#0x110A, 2(SP)
2A88:  C0B1 00D0 0000  BIC	#0x00D0, 0(SP)
2A8E:  D0F2 0050 0019  BIS.B	#0x0050, &P3OUT
2A94:  D0F2 0050 001A  BIS.B	#0x0050, &P3DIR
2A9A:  D0B2 8000 018E  BIS	#0x8000, &TBCCTL6
2AA0:  C0B2 4000 018E  BIC	#0x4000, &TBCCTL6
2AA6:  3D8E            JMP	0x2DC4

loc_2AA8:			; переходы из 0x2A72
2AA8:  403F 000A       MOV	#0x000A, R15

loc_2AAC:			; переходы из 0x2AB4
2AAC:  B2B2 018E       BIT	#8, &TBCCTL6
2AB0:  2FDC            JC	0x2A6A
2AB2:  831F            DEC	R15
2AB4:  23FB            JNZ	0x2AAC
2AB6:  413F            POP	R15
2AB8:  3D85            JMP	0x2DC4

loc_2ABA:			; переходы из 0x2A66
2ABA:  120F            PUSH	R15

loc_2ABC:			; переходы из 0x2DBC
2ABC:  403F 000A       MOV	#0x000A, R15

loc_2AC0:			; переходы из 0x2AC8
2AC0:  B2B2 018E       BIT	#8, &TBCCTL6
2AC4:  2177            JNZ	0x2DB4
2AC6:  831F            DEC	R15
2AC8:  23FB            JNZ	0x2AC0
2ACA:  413F            POP	R15
2ACC:  C0F2 0003 0029  BIC.B	#0x0003, &P2OUT
2AD2:  C0F2 0003 001D  BIC.B	#0x0003, &P4OUT
2AD8:  C0F2 0080 0022  BIC.B	#0x0080, &P1DIR
2ADE:  C0F2 0080 0026  BIC.B	#0x0080, &P1SEL
2AE4:  C2E2 0029       BIC.B	#4, &P2OUT
2AE8:  C0F2 0040 0031  BIC.B	#0x0040, &P5OUT
2AEE:  C3D2 050C       BIC.B	#1, &0x050C
2AF2:  C3E2 001F       BIC.B	#2, &P4SEL
2AF6:  C0F2 0010 0031  BIC.B	#0x0010, &P5OUT
2AFC:  40B2 5A88 0120  MOV	#0x5A88, &WDTCTL
2B02:  42A2 0160       MOV	#4, &TACTL
2B06:  4382 0162       CLR	&TACCTL0
2B0A:  4382 0164       CLR	&TACCTL1
2B0E:  4382 0166       CLR	&TACCTL2
2B12:  C3A2 01A0       BIC	#2, &ADC12CTL0
2B16:  C0B2 0030 01A0  BIC	#0x0030, &ADC12CTL0
2B1C:  4382 01A0       CLR	&ADC12CTL0
2B20:  4382 01A2       CLR	&ADC12CTL1
2B24:  4382 01A6       CLR	&ADC12IE
2B28:  43C2 002D       CLR.B	&P2IE
2B2C:  43C2 0025       CLR.B	&P1IE
2B30:  C0F2 0003 0001  BIC.B	#0x0003, &IE2
2B36:  C0F2 0003 0006  BIC.B	#0x0003, &UC1IE
2B3C:  C0F2 0080 0029  BIC.B	#0x0080, &P2OUT
2B42:  C0F2 000A 0019  BIC.B	#0x000A, &P3OUT
2B48:  D3D2 0019       BIS.B	#1, &P3OUT
2B4C:  C2E2 0031       BIC.B	#4, &P5OUT
2B50:  C0F2 000A 0031  BIC.B	#0x000A, &P5OUT
2B56:  C3E2 0000       BIC.B	#2, &IE1
2B5A:  C0B2 0010 0184  BIC	#0x0010, &TBCCTL1
2B60:  C0B2 0010 018E  BIC	#0x0010, &TBCCTL6
2B66:  C0B2 8000 018E  BIC	#0x8000, &TBCCTL6
2B6C:  D0B2 4000 018E  BIS	#0x4000, &TBCCTL6
2B72:  B0F2 0020 04AC  BIT.B	#0x0020, &0x04AC
2B78:  24BE            JZ	0x2CF6
2B7A:  4292 02B0 04D0  MOV	&0x02B0, &0x04D0
2B80:  4292 02B2 04D2  MOV	&0x02B2, &0x04D2
2B86:  4292 02B4 04D4  MOV	&0x02B4, &0x04D4
2B8C:  4292 02B6 04D6  MOV	&0x02B6, &0x04D6
2B92:  4292 02B8 04D8  MOV	&0x02B8, &0x04D8
2B98:  4292 02BA 04DA  MOV	&0x02BA, &0x04DA
2B9E:  4292 02BC 04DC  MOV	&0x02BC, &0x04DC
2BA4:  4292 02BE 04DE  MOV	&0x02BE, &0x04DE
2BAA:  B0B2 0080 04F6  BIT	#0x0080, &0x04F6
2BB0:  2412            JZ	0x2BD6
2BB2:  4292 0660 0670  MOV	&0x0660, &0x0670
2BB8:  4292 0662 0672  MOV	&0x0662, &0x0672
2BBE:  4292 0664 0674  MOV	&0x0664, &0x0674
2BC4:  4292 0666 0676  MOV	&0x0666, &0x0676
2BCA:  4292 0668 0678  MOV	&0x0668, &0x0678
2BD0:  4292 066A 067A  MOV	&0x066A, &0x067A

loc_2BD6:			; переходы из 0x2BB0
2BD6:  4292 05E0 05F0  MOV	&0x05E0, &0x05F0
2BDC:  4292 05E2 05F2  MOV	&0x05E2, &0x05F2
2BE2:  4292 05E4 05F4  MOV	&0x05E4, &0x05F4
2BE8:  4292 05E6 05F6  MOV	&0x05E6, &0x05F6
2BEE:  4292 05E8 05F8  MOV	&0x05E8, &0x05F8
2BF4:  4292 05EA 05FA  MOV	&0x05EA, &0x05FA
2BFA:  4292 05EC 05FC  MOV	&0x05EC, &0x05FC
2C00:  4292 05EE 05FE  MOV	&0x05EE, &0x05FE
2C06:  12B0 BF40       CALL	#0xBF40
2C0A:  40B2 0198 04A8  MOV	#0x0198, &0x04A8
2C10:  42E2 04AB       MOV.B	#4, &0x04AB
2C14:  40B2 087A 04AE  MOV	#0x087A, &0x04AE
2C1A:  12B0 C2E2       CALL	#0xC2E2
2C1E:  B0B2 0400 04F4  BIT	#0x0400, &0x04F4
2C24:  2463            JZ	0x2CEC
2C26:  40B2 00AA 04E0  MOV	#0x00AA, &0x04E0
2C2C:  40B2 0086 04A8  MOV	#0x0086, &0x04A8
2C32:  43D2 04AB       MOV.B	#1, &0x04AB
2C36:  40B2 04E0 04AE  MOV	#0x04E0, &0x04AE
2C3C:  12B0 C2E2       CALL	#0xC2E2
2C40:  B0F2 0020 04AC  BIT.B	#0x0020, &0x04AC
2C46:  2406            JZ	0x2C54
2C48:  B0B2 0020 04F2  BIT	#0x0020, &0x04F2
2C4E:  2C02            JC	0x2C54
2C50:  12B0 C8D4       CALL	#0xC8D4

loc_2C54:			; переходы из 0x2C46, 0x2C4E
2C54:  B0B2 2000 04F4  BIT	#0x2000, &0x04F4
2C5A:  242B            JZ	0x2CB2
2C5C:  4292 0520 0528  MOV	&0x0520, &0x0528
2C62:  4292 0522 052A  MOV	&0x0522, &0x052A
2C68:  4292 0524 052C  MOV	&0x0524, &0x052C
2C6E:  4292 0526 052E  MOV	&0x0526, &0x052E
2C74:  12B0 CA7E       CALL	#0xCA7E
2C78:  40B2 1CCD 04A8  MOV	#0x1CCD, &0x04A8
2C7E:  42F2 04AB       MOV.B	#8, &0x04AB
2C82:  40B2 0610 04AE  MOV	#0x0610, &0x04AE
2C88:  12B0 C2E2       CALL	#0xC2E2
2C8C:  4292 0510 04E0  MOV	&0x0510, &0x04E0
2C92:  D3E2 0514       BIS.B	#2, &0x0514
2C96:  42D2 0514 04E2  MOV.B	&0x0514, &0x04E2
2C9C:  40B2 00EB 04A8  MOV	#0x00EB, &0x04A8
2CA2:  40F2 0003 04AB  MOV.B	#0x0003, &0x04AB
2CA8:  40B2 04E0 04AE  MOV	#0x04E0, &0x04AE
2CAE:  12B0 CBF4       CALL	#0xCBF4

loc_2CB2:			; переходы из 0x2C5A
2CB2:  D392 0542       BIS	#1, &0x0542
2CB6:  B3A2 04F8       BIT	#2, &0x04F8
2CBA:  2407            JZ	0x2CCA
2CBC:  B0B2 0100 0544  BIT	#0x0100, &0x0544
2CC2:  2403            JZ	0x2CCA
2CC4:  D0B2 0400 0542  BIS	#0x0400, &0x0542

loc_2CCA:			; переходы из 0x2CBA, 0x2CC2
2CCA:  12B0 DB84       CALL	#0xDB84
2CCE:  4292 051C 04E0  MOV	&0x051C, &0x04E0
2CD4:  40B2 00AC 04A8  MOV	#0x00AC, &0x04A8
2CDA:  43E2 04AB       MOV.B	#2, &0x04AB
2CDE:  40B2 04E0 04AE  MOV	#0x04E0, &0x04AE
2CE4:  12B0 CBF4       CALL	#0xCBF4
2CE8:  4382 051C       CLR	&0x051C

loc_2CEC:			; переходы из 0x2C24
2CEC:  C0B2 0100 0544  BIC	#0x0100, &0x0544
2CF2:  12B0 CBD8       CALL	#0xCBD8

loc_2CF6:			; переходы из 0x2B78
2CF6:  12B0 C5FE       CALL	#0xC5FE
2CFA:  C0F2 0020 04AC  BIC.B	#0x0020, &0x04AC
2D00:  C0F2 0080 0029  BIC.B	#0x0080, &P2OUT
2D06:  C0F2 000E 0019  BIC.B	#0x000E, &P3OUT
2D0C:  D2E2 001A       BIS.B	#4, &P3DIR
2D10:  12B0 7840       CALL	#0x7840
2D14:  43C2 0059       CLR.B	&CACTL1
2D18:  43C2 005A       CLR.B	&CACTL2
2D1C:  C0F2 00EF 0021  BIC.B	#0x00EF, &P1OUT
2D22:  C0F2 0010 0022  BIC.B	#0x0010, &P1DIR
2D28:  D0F2 00EB 0022  BIS.B	#0x00EB, &P1DIR
2D2E:  C3F2 0026       BIC.B	#-1, &P1SEL
2D32:  C0F2 00F7 0029  BIC.B	#0x00F7, &P2OUT
2D38:  D0F2 00F7 002A  BIS.B	#0x00F7, &P2DIR
2D3E:  C0F2 00F7 002E  BIC.B	#0x00F7, &P2SEL
2D44:  C0F2 00AE 0019  BIC.B	#0x00AE, &P3OUT
2D4A:  40F2 00AE 001A  MOV.B	#0x00AE, &P3DIR
2D50:  C3F2 001B       BIC.B	#-1, &P3SEL
2D54:  C0F2 00BF 001D  BIC.B	#0x00BF, &P4OUT
2D5A:  D0F2 00BF 001E  BIS.B	#0x00BF, &P4DIR
2D60:  C0F2 00BF 001F  BIC.B	#0x00BF, &P4SEL
2D66:  C0F2 007F 0031  BIC.B	#0x007F, &P5OUT
2D6C:  D0F2 007F 0032  BIS.B	#0x007F, &P5DIR
2D72:  C3F2 0033       BIC.B	#-1, &P5SEL
2D76:  C232            DINT
2D78:  4303            CLR	CG
2D7A:  D0B2 0010 0184  BIS	#0x0010, &TBCCTL1
2D80:  43C2 0058       CLR.B	&BCSCTL2
2D84:  40F2 0060 0056  MOV.B	#0x0060, &DCOCTL
2D8A:  B0B2 0400 04F4  BIT	#0x0400, &0x04F4
2D90:  2407            JZ	0x2DA0
2D92:  40F2 008A 0057  MOV.B	#0x008A, &BCSCTL1
2D98:  D0B1 00D8 0000  BIS	#0x00D8, 0(SP)
2D9E:  3C12            JMP	0x2DC4

loc_2DA0:			; переходы из 0x2D90
2DA0:  40F2 0087 0057  MOV.B	#0x0087, &BCSCTL1
2DA6:  C0B2 0010 0180  BIC	#0x0010, &TBCTL
2DAC:  C0B1 0020 0000  BIC	#0x0020, 0(SP)
2DB2:  3C08            JMP	0x2DC4

loc_2DB4:			; переходы из 0x2AC4
2DB4:  403F 000A       MOV	#0x000A, R15

loc_2DB8:			; переходы из 0x2DC0
2DB8:  B2B2 018E       BIT	#8, &TBCCTL6
2DBC:  267F            JZ	0x2ABC
2DBE:  831F            DEC	R15
2DC0:  23FB            JNZ	0x2DB8
2DC2:  413F            POP	R15

loc_2DC4:			; переходы из 0x2A46, 0x2A4C, 0x2A54, 0x2A5A, 0x2AA6, 0x2AB8, 0x2D9E, 0x2DB2
2DC4:  1300            RETI

; ============================================================
; Функция ISR_TIMERA0 @ 0x2DC6   (вызовов: 0)
; ============================================================
2DC6:  93C2 05A2       TST.B	&0x05A2
2DCA:  201D            JNZ	0x2E06
2DCC:  93C2 04A6       TST.B	&0x04A6
2DD0:  200C            JNZ	0x2DEA
2DD2:  B0F2 0080 04A7  BIT.B	#0x0080, &0x04A7
2DD8:  2C03            JC	0x2DE0
2DDA:  D0F2 0010 04A7  BIS.B	#0x0010, &0x04A7

loc_2DE0:			; переходы из 0x2DD8
2DE0:  4382 0162       CLR	&TACCTL0
2DE4:  4382 0166       CLR	&TACCTL2
2DE8:  3C1B            JMP	0x2E20

loc_2DEA:			; переходы из 0x2DD0
2DEA:  120F            PUSH	R15
2DEC:  40F2 0009 05A2  MOV.B	#0x0009, &0x05A2
2DF2:  421F 04A4       MOV	&0x04A4, R15
2DF6:  4FF2 05A1       MOV.B	@R15+, &0x05A1
2DFA:  4F82 04A4       MOV	R15, &0x04A4
2DFE:  83D2 04A6       DEC.B	&0x04A6
2E02:  413F            POP	R15
2E04:  3C07            JMP	0x2E14

loc_2E06:			; переходы из 0x2DCA
2E06:  83D2 05A2       DEC.B	&0x05A2
2E0A:  2408            JZ	0x2E1C
2E0C:  C312            CLRC
2E0E:  1052 05A1       RRC.B	&0x05A1
2E12:  2C04            JC	0x2E1C

loc_2E14:			; переходы из 0x2E04
2E14:  40B2 0060 0166  MOV	#0x0060, &TACCTL2
2E1A:  3C02            JMP	0x2E20

loc_2E1C:			; переходы из 0x2E0A, 0x2E12
2E1C:  4382 0166       CLR	&TACCTL2

loc_2E20:			; переходы из 0x2DE8, 0x2E1A
2E20:  C392 0162       BIC	#1, &TACCTL0
2E24:  50B2 0271 0172  ADD	#0x0271, &TACCR0
2E2A:  50B2 0271 0176  ADD	#0x0271, &TACCR2
2E30:  1300            RETI

; ============================================================
; Функция ISR_USCI_A0B0_RX @ 0x2E32   (вызовов: 0)
; ============================================================
2E32:  120F            PUSH	R15
2E34:  D3D2 082B       BIS.B	#1, &0x082B
2E38:  42D2 082C 082D  MOV.B	&0x082C, &0x082D
2E3E:  42D2 082E 082F  MOV.B	&0x082E, &0x082F
2E44:  90B2 0828 0828  CMP	#0x0828, &0x0828
2E4A:  2C03            JC	0x2E52
2E4C:  B2E2 0065       BIT.B	#4, &UCA0STAT
2E50:  2405            JZ	0x2E5C

loc_2E52:			; переходы из 0x2E4A
2E52:  D3E2 082B       BIS.B	#2, &0x082B
2E56:  425F 0066       MOV.B	&UCA0RXBUF, R15
2E5A:  3C07            JMP	0x2E6A

loc_2E5C:			; переходы из 0x2E50
2E5C:  421F 0828       MOV	&0x0828, R15
2E60:  42DF 0066 0000  MOV.B	&UCA0RXBUF, 0(R15)
2E66:  5392 0828       INC	&0x0828

loc_2E6A:			; переходы из 0x2E5A
2E6A:  C3D2 0003       BIC.B	#1, &IFG2
2E6E:  413F            POP	R15
2E70:  1300            RETI

; ============================================================
; Функция ISR_USCI_A0B0_TX @ 0x2E72   (вызовов: 0)
; ============================================================
2E72:  120F            PUSH	R15
2E74:  93C2 082A       TST.B	&0x082A
2E78:  2412            JZ	0x2E9E
2E7A:  421F 0828       MOV	&0x0828, R15
2E7E:  4FF2 0067       MOV.B	@R15+, &UCA0TXBUF
2E82:  4F82 0828       MOV	R15, &0x0828
2E86:  83D2 082A       DEC.B	&0x082A
2E8A:  2009            JNZ	0x2E9E
2E8C:  C3E2 0001       BIC.B	#2, &IE2
2E90:  B0F2 0080 082B  BIT.B	#0x0080, &0x082B
2E96:  2C03            JC	0x2E9E
2E98:  D0F2 0010 082B  BIS.B	#0x0010, &0x082B

loc_2E9E:			; переходы из 0x2E78, 0x2E8A, 0x2E96
2E9E:  413F            POP	R15
2EA0:  1300            RETI

; ============================================================
; Функция ISR_USCI_A1B1_RX @ 0x2EA2   (вызовов: 0)
; ============================================================
2EA2:  120F            PUSH	R15
2EA4:  D3D2 04A7       BIS.B	#1, &0x04A7
2EA8:  42D2 042F 02AF  MOV.B	&0x042F, &0x02AF
2EAE:  42D2 02A8 02A9  MOV.B	&0x02A8, &0x02A9
2EB4:  90B2 04C8 04A4  CMP	#0x04C8, &0x04A4
2EBA:  2C03            JC	0x2EC2
2EBC:  B2E2 00D5       BIT.B	#4, &UCA1STAT
2EC0:  2405            JZ	0x2ECC

loc_2EC2:			; переходы из 0x2EBA
2EC2:  D3E2 04A7       BIS.B	#2, &0x04A7
2EC6:  425F 00D6       MOV.B	&UCA1RXBUF, R15
2ECA:  3C07            JMP	0x2EDA

loc_2ECC:			; переходы из 0x2EC0
2ECC:  421F 04A4       MOV	&0x04A4, R15
2ED0:  42DF 00D6 0000  MOV.B	&UCA1RXBUF, 0(R15)
2ED6:  5392 04A4       INC	&0x04A4

loc_2EDA:			; переходы из 0x2ECA
2EDA:  C3D2 0007       BIC.B	#1, &UC1IFG
2EDE:  413F            POP	R15
2EE0:  1300            RETI

; ============================================================
; Функция ISR_USCI_A1B1_TX @ 0x2EE2   (вызовов: 0)
; ============================================================
2EE2:  120F            PUSH	R15
2EE4:  93C2 04A6       TST.B	&0x04A6
2EE8:  2412            JZ	0x2F0E
2EEA:  421F 04A4       MOV	&0x04A4, R15
2EEE:  4FF2 00D7       MOV.B	@R15+, &UCA1TXBUF
2EF2:  4F82 04A4       MOV	R15, &0x04A4
2EF6:  83D2 04A6       DEC.B	&0x04A6
2EFA:  2009            JNZ	0x2F0E
2EFC:  C3E2 0006       BIC.B	#2, &UC1IE
2F00:  B0F2 0080 04A7  BIT.B	#0x0080, &0x04A7
2F06:  2C03            JC	0x2F0E
2F08:  D0F2 0010 04A7  BIS.B	#0x0010, &0x04A7

loc_2F0E:			; переходы из 0x2EE8, 0x2EFA, 0x2F06
2F0E:  413F            POP	R15
2F10:  1300            RETI

; ============================================================
; Функция ISR_TIMERA1 @ 0x2F12   (вызовов: 0)
; ============================================================
2F12:  5210 012E       ADD	&TAIV, PC
2F16:  1300            RETI
2F18:  3C33            JMP	0x2F80
2F1A:  3C01            JMP	0x2F1E
2F1C:  1300            RETI
2F1E:  B0B2 0010 0166  BIT	#0x0010, &TACCTL2
2F24:  242A            JZ	0x2F7A
2F26:  B0B2 0100 0166  BIT	#0x0100, &TACCTL2
2F2C:  2C04            JC	0x2F36
2F2E:  D0B2 0100 0166  BIS	#0x0100, &TACCTL2
2F34:  3C22            JMP	0x2F7A
2F36:  B3A2 0166       BIT	#2, &TACCTL2
2F3A:  2408            JZ	0x2F4C
2F3C:  C3A2 0166       BIC	#2, &TACCTL2
2F40:  C0B2 0010 0166  BIC	#0x0010, &TACCTL2
2F46:  D2E2 05A0       BIS.B	#4, &0x05A0
2F4A:  3C17            JMP	0x2F7A
2F4C:  40F2 0071 00D2  MOV.B	#0x0071, &UCA1BR0
2F52:  43E2 00D3       MOV.B	#2, &UCA1BR1
2F56:  40F2 0005 042F  MOV.B	#0x0005, &0x042F
2F5C:  43D2 02A8       MOV.B	#1, &0x02A8
2F60:  43C2 00D0       CLR.B	&UCA1CTL0
2F64:  C0B2 0124 0166  BIC	#0x0124, &TACCTL2
2F6A:  50B2 01F4 0176  ADD	#0x01F4, &TACCR2
2F70:  D0B2 0020 0166  BIS	#0x0020, &TACCTL2
2F76:  D3E2 05A0       BIS.B	#2, &0x05A0
2F7A:  C392 0166       BIC	#1, &TACCTL2
2F7E:  1300            RETI
2F80:  50B2 05DC 0174  ADD	#0x05DC, &TACCR1
2F86:  C0B2 0010 0184  BIC	#0x0010, &TBCCTL1
2F8C:  C0B2 0010 018E  BIC	#0x0010, &TBCCTL6
2F92:  C0B2 0200 01A6  BIC	#0x0200, &ADC12IE
2F98:  C0F2 0040 002D  BIC.B	#0x0040, &P2IE
2F9E:  D232            EINT
2FA0:  C392 0164       BIC	#1, &TACCTL1
2FA4:  40B2 0010 0164  MOV	#0x0010, &TACCTL1
2FAA:  40B2 0030 0164  MOV	#0x0030, &TACCTL1
2FB0:  D3A2 01A0       BIS	#2, &ADC12CTL0
2FB4:  83D2 02AC       DEC.B	&0x02AC
2FB8:  2402            JZ	0x2FBE
2FBA:  4030 3CA4       BR	#0x3CA4
2FBE:  40B2 5A0C 0120  MOV	#0x5A0C, &WDTCTL
2FC4:  42E2 02AC       MOV.B	#4, &0x02AC
2FC8:  B392 018C       BIT	#1, &TBCCTL5
2FCC:  2474            JZ	0x30B6
2FCE:  C392 018C       BIC	#1, &TBCCTL5
2FD2:  120F            PUSH	R15
2FD4:  120E            PUSH	R14
2FD6:  B3D2 0023       BIT.B	#1, &P1IFG
2FDA:  2402            JZ	0x2FE0
2FDC:  C312            CLRC
2FDE:  3C01            JMP	0x2FE2
2FE0:  D312            SETC
2FE2:  1012 0636       RRC	&0x0636
2FE6:  1012 0634       RRC	&0x0634
2FEA:  1012 0632       RRC	&0x0632
2FEE:  1012 0630       RRC	&0x0630
2FF2:  93C2 0640       TST.B	&0x0640
2FF6:  2020            JNZ	0x3038
2FF8:  B3A2 066C       BIT	#2, &0x066C
2FFC:  201F            JNZ	0x303C
2FFE:  403F 0633       MOV	#0x0633, R15
3002:  D392 066C       BIS	#1, &0x066C
3006:  12B0 4466       CALL	#0x4466
300A:  2018            JNZ	0x303C
300C:  4292 0634 0642  MOV	&0x0634, &0x0642
3012:  4292 0636 0644  MOV	&0x0636, &0x0644
3018:  42D2 0633 0641  MOV.B	&0x0633, &0x0641
301E:  4292 0630 06A8  MOV	&0x0630, &0x06A8
3024:  42D2 0632 06AA  MOV.B	&0x0632, &0x06AA
302A:  D0B2 0042 066C  BIS	#0x0042, &0x066C
3030:  40F2 003F 0640  MOV.B	#0x003F, &0x0640
3036:  3C02            JMP	0x303C
3038:  83D2 0640       DEC.B	&0x0640
303C:  B392 0638       BIT	#1, &0x0638
3040:  2004            JNZ	0x304A
3042:  D3D2 0022       BIS.B	#1, &P1DIR
3046:  C3D2 0021       BIC.B	#1, &P1OUT
304A:  1112 063E       RRA	&0x063E
304E:  1012 063C       RRC	&0x063C
3052:  1012 063A       RRC	&0x063A
3056:  1012 0638       RRC	&0x0638
305A:  53D2 0647       INC.B	&0x0647
305E:  90F2 0040 0647  CMP.B	#0x0040, &0x0647
3064:  2022            JNZ	0x30AA
3066:  43C2 0647       CLR.B	&0x0647
306A:  B0B2 8000 066C  BIT	#0x8000, &0x066C
3070:  2C0D            JC	0x308C
3072:  4292 0600 0638  MOV	&0x0600, &0x0638
3078:  4292 0602 063A  MOV	&0x0602, &0x063A
307E:  4292 0604 063C  MOV	&0x0604, &0x063C
3084:  4292 0606 063E  MOV	&0x0606, &0x063E
308A:  3C0F            JMP	0x30AA
308C:  4292 08A8 0638  MOV	&0x08A8, &0x0638
3092:  4292 08AA 063A  MOV	&0x08AA, &0x063A
3098:  4292 08AC 063C  MOV	&0x08AC, &0x063C
309E:  4292 08AE 063E  MOV	&0x08AE, &0x063E
30A4:  C0B2 8000 066C  BIC	#0x8000, &0x066C
30AA:  C3D2 0022       BIC.B	#1, &P1DIR
30AE:  C3D2 0023       BIC.B	#1, &P1IFG
30B2:  413E            POP	R14
30B4:  413F            POP	R15
30B6:  B3D2 04A7       BIT.B	#1, &0x04A7
30BA:  2426            JZ	0x3108
30BC:  93C2 02AF       TST.B	&0x02AF
30C0:  2403            JZ	0x30C8
30C2:  83D2 02AF       DEC.B	&0x02AF
30C6:  3C56            JMP	0x3174
30C8:  83D2 02A9       DEC.B	&0x02A9
30CC:  2404            JZ	0x30D6
30CE:  42D2 042F 02AF  MOV.B	&0x042F, &0x02AF
30D4:  3C4F            JMP	0x3174
30D6:  B3E2 05A0       BIT.B	#2, &0x05A0
30DA:  2409            JZ	0x30EE
30DC:  90B2 04B2 04A4  CMP	#0x04B2, &0x04A4
30E2:  2C05            JC	0x30EE
30E4:  C0B2 0010 0166  BIC	#0x0010, &TACCTL2
30EA:  D2E2 05A0       BIS.B	#4, &0x05A0
30EE:  C3D2 04A7       BIC.B	#1, &0x04A7
30F2:  C3D2 0006       BIC.B	#1, &UC1IE
30F6:  B3E2 04A7       BIT.B	#2, &0x04A7
30FA:  2403            JZ	0x3102
30FC:  C3E2 0006       BIC.B	#2, &UC1IE
3100:  3C0A            JMP	0x3116
3102:  D2F2 04A7       BIS.B	#8, &0x04A7
3106:  3C36            JMP	0x3174
3108:  B0F2 0010 04A7  BIT.B	#0x0010, &0x04A7
310E:  2432            JZ	0x3174
3110:  B3D2 00D5       BIT.B	#1, &UCA1STAT
3114:  2C2F            JC	0x3174
3116:  40B2 04B0 04A4  MOV	#0x04B0, &0x04A4
311C:  C0F2 007C 00D5  BIC.B	#0x007C, &UCA1STAT
3122:  C0F2 00BB 04A7  BIC.B	#0x00BB, &0x04A7
3128:  C2E2 0029       BIC.B	#4, &P2OUT
312C:  40F2 00E1 00D1  MOV.B	#0x00E1, &UCA1CTL1
3132:  C3D2 00D1       BIC.B	#1, &UCA1CTL1
3136:  C3D2 0007       BIC.B	#1, &UC1IFG
313A:  D3D2 0006       BIS.B	#1, &UC1IE
313E:  C0F2 0080 0026  BIC.B	#0x0080, &P1SEL
3144:  40B2 8104 0166  MOV	#0x8104, &TACCTL2
314A:  B2E2 05A0       BIT.B	#4, &0x05A0
314E:  2C03            JC	0x3156
3150:  D0B2 0010 0166  BIS	#0x0010, &TACCTL2
3156:  D0F2 0010 002E  BIS.B	#0x0010, &P2SEL
315C:  4382 0162       CLR	&TACCTL0
3160:  C3D2 05A0       BIC.B	#1, &0x05A0
3164:  B3E2 05A0       BIT.B	#2, &0x05A0
3168:  2405            JZ	0x3174
316A:  C3E2 05A0       BIC.B	#2, &0x05A0
316E:  D0B2 0010 04F6  BIS	#0x0010, &0x04F6
3174:  B392 083A       BIT	#1, &0x083A
3178:  2439            JZ	0x31EC
317A:  B3D2 082B       BIT.B	#1, &0x082B
317E:  241A            JZ	0x31B4
3180:  93C2 082D       TST.B	&0x082D
3184:  2403            JZ	0x318C
3186:  83D2 082D       DEC.B	&0x082D
318A:  3C30            JMP	0x31EC
318C:  83D2 082F       DEC.B	&0x082F
3190:  2404            JZ	0x319A
3192:  42D2 082C 082D  MOV.B	&0x082C, &0x082D
3198:  3C29            JMP	0x31EC
319A:  C3D2 082B       BIC.B	#1, &0x082B
319E:  C3D2 0001       BIC.B	#1, &IE2
31A2:  B3E2 082B       BIT.B	#2, &0x082B
31A6:  2403            JZ	0x31AE
31A8:  C3E2 0001       BIC.B	#2, &IE2
31AC:  3C0A            JMP	0x31C2
31AE:  D2F2 082B       BIS.B	#8, &0x082B
31B2:  3C1C            JMP	0x31EC
31B4:  B0F2 0010 082B  BIT.B	#0x0010, &0x082B
31BA:  2418            JZ	0x31EC
31BC:  B3D2 0065       BIT.B	#1, &UCA0STAT
31C0:  2C15            JC	0x31EC
31C2:  40B2 0810 0828  MOV	#0x0810, &0x0828
31C8:  C0F2 007C 0065  BIC.B	#0x007C, &UCA0STAT
31CE:  C0F2 00BB 082B  BIC.B	#0x00BB, &0x082B
31D4:  C0F2 0040 0031  BIC.B	#0x0040, &P5OUT
31DA:  40F2 00E1 0061  MOV.B	#0x00E1, &UCA0CTL1
31E0:  C3D2 0061       BIC.B	#1, &UCA0CTL1
31E4:  C3D2 0003       BIC.B	#1, &IFG2
31E8:  D3D2 0001       BIS.B	#1, &IE2
31EC:  B0F2 0020 04AC  BIT.B	#0x0020, &0x04AC
31F2:  24D2            JZ	0x3398
31F4:  B0F2 0080 04FC  BIT.B	#0x0080, &0x04FC
31FA:  24CE            JZ	0x3398
31FC:  B0B2 0040 04F4  BIT	#0x0040, &0x04F4
3202:  2CCA            JC	0x3398
3204:  B0B2 0080 04F4  BIT	#0x0080, &0x04F4
320A:  2CC6            JC	0x3398
320C:  B392 04F4       BIT	#1, &0x04F4
3210:  2485            JZ	0x331C
3212:  4292 02B0 04D0  MOV	&0x02B0, &0x04D0
3218:  4292 02B2 04D2  MOV	&0x02B2, &0x04D2
321E:  4292 02B4 04D4  MOV	&0x02B4, &0x04D4
3224:  4292 02B6 04D6  MOV	&0x02B6, &0x04D6
322A:  4292 02B8 04D8  MOV	&0x02B8, &0x04D8
3230:  4292 02BA 04DA  MOV	&0x02BA, &0x04DA
3236:  4292 02BC 04DC  MOV	&0x02BC, &0x04DC
323C:  4292 02BE 04DE  MOV	&0x02BE, &0x04DE
3242:  4382 02B0       CLR	&0x02B0
3246:  4382 02B2       CLR	&0x02B2
324A:  4382 02B4       CLR	&0x02B4
324E:  4382 02B6       CLR	&0x02B6
3252:  4382 02B8       CLR	&0x02B8
3256:  4382 02BA       CLR	&0x02BA
325A:  4382 02BC       CLR	&0x02BC
325E:  4382 02BE       CLR	&0x02BE
3262:  B0B2 0080 04F6  BIT	#0x0080, &0x04F6
3268:  241E            JZ	0x32A6
326A:  4292 0660 0670  MOV	&0x0660, &0x0670
3270:  4292 0662 0672  MOV	&0x0662, &0x0672
3276:  4292 0664 0674  MOV	&0x0664, &0x0674
327C:  4292 0666 0676  MOV	&0x0666, &0x0676
3282:  4292 0668 0678  MOV	&0x0668, &0x0678
3288:  4292 066A 067A  MOV	&0x066A, &0x067A
328E:  4382 0660       CLR	&0x0660
3292:  4382 0662       CLR	&0x0662
3296:  4382 0664       CLR	&0x0664
329A:  4382 0666       CLR	&0x0666
329E:  4382 0668       CLR	&0x0668
32A2:  4382 066A       CLR	&0x066A
32A6:  4292 05E0 05F0  MOV	&0x05E0, &0x05F0
32AC:  4292 05E2 05F2  MOV	&0x05E2, &0x05F2
32B2:  4292 05E4 05F4  MOV	&0x05E4, &0x05F4
32B8:  4292 05E6 05F6  MOV	&0x05E6, &0x05F6
32BE:  4292 05E8 05F8  MOV	&0x05E8, &0x05F8
32C4:  4292 05EA 05FA  MOV	&0x05EA, &0x05FA
32CA:  4292 05EC 05FC  MOV	&0x05EC, &0x05FC
32D0:  4292 05EE 05FE  MOV	&0x05EE, &0x05FE
32D6:  B0F2 0020 0515  BIT.B	#0x0020, &0x0515
32DC:  2C18            JC	0x330E
32DE:  4292 0520 0528  MOV	&0x0520, &0x0528
32E4:  4292 0522 052A  MOV	&0x0522, &0x052A
32EA:  4292 0524 052C  MOV	&0x0524, &0x052C
32F0:  4292 0526 052E  MOV	&0x0526, &0x052E
32F6:  4292 0610 0618  MOV	&0x0610, &0x0618
32FC:  4292 0612 061A  MOV	&0x0612, &0x061A
3302:  4292 0614 061C  MOV	&0x0614, &0x061C
3308:  4292 0616 061E  MOV	&0x0616, &0x061E
330E:  C392 04F4       BIC	#1, &0x04F4
3312:  D0B2 0040 04F4  BIS	#0x0040, &0x04F4
3318:  C2F2 039F       BIC.B	#8, &0x039F
331C:  B3A2 04F4       BIT	#2, &0x04F4
3320:  243B            JZ	0x3398
3322:  5292 04D2 02B2  ADD	&0x04D2, &0x02B2
3328:  6292 04D0 02B0  ADDC	&0x04D0, &0x02B0
332E:  5292 04D6 02B6  ADD	&0x04D6, &0x02B6
3334:  6292 04D4 02B4  ADDC	&0x04D4, &0x02B4
333A:  5292 04DA 02BA  ADD	&0x04DA, &0x02BA
3340:  6292 04D8 02B8  ADDC	&0x04D8, &0x02B8
3346:  5292 04DE 02BE  ADD	&0x04DE, &0x02BE
334C:  6292 04DC 02BC  ADDC	&0x04DC, &0x02BC
3352:  B0B2 0080 04F6  BIT	#0x0080, &0x04F6
3358:  2412            JZ	0x337E
335A:  5292 0672 0662  ADD	&0x0672, &0x0662
3360:  6292 0670 0660  ADDC	&0x0670, &0x0660
3366:  5292 0676 0666  ADD	&0x0676, &0x0666
336C:  6292 0674 0664  ADDC	&0x0674, &0x0664
3372:  5292 067A 066A  ADD	&0x067A, &0x066A
3378:  6292 0678 0668  ADDC	&0x0678, &0x0668
337E:  4292 048C 047C  MOV	&0x048C, &0x047C
3384:  4292 048E 047E  MOV	&0x048E, &0x047E
338A:  C3A2 04F4       BIC	#2, &0x04F4
338E:  D392 04F4       BIS	#1, &0x04F4
3392:  C0F2 0080 04FC  BIC.B	#0x0080, &0x04FC
3398:  83D2 02AD       DEC.B	&0x02AD
339C:  205B            JNZ	0x3454
339E:  40F2 0028 02AD  MOV.B	#0x0028, &0x02AD
33A4:  83D2 02AE       DEC.B	&0x02AE
33A8:  200F            JNZ	0x33C8
33AA:  40F2 0019 02AE  MOV.B	#0x0019, &0x02AE
33B0:  D2A2 04F4       BIS	#4, &0x04F4
33B4:  B3D2 05A0       BIT.B	#1, &0x05A0
33B8:  2C07            JC	0x33C8
33BA:  C3A2 0166       BIC	#2, &TACCTL2
33BE:  D0B2 0010 0166  BIS	#0x0010, &TACCTL2
33C4:  C2E2 05A0       BIC.B	#4, &0x05A0
33C8:  B0F2 0040 0020  BIT.B	#0x0040, &P1IN
33CE:  2C0B            JC	0x33E6
33D0:  B0F2 0040 0020  BIT.B	#0x0040, &P1IN
33D6:  2C07            JC	0x33E6
33D8:  B0F2 0040 0020  BIT.B	#0x0040, &P1IN
33DE:  2C03            JC	0x33E6
33E0:  53D2 032D       INC.B	&0x032D
33E4:  3C0D            JMP	0x3400
33E6:  93C2 032D       TST.B	&0x032D
33EA:  240A            JZ	0x3400
33EC:  D3D2 032C       BIS.B	#1, &0x032C
33F0:  90F2 0019 032D  CMP.B	#0x0019, &0x032D
33F6:  2802            JNC	0x33FC
33F8:  D3E2 032C       BIS.B	#2, &0x032C
33FC:  43C2 032D       CLR.B	&0x032D
3400:  B0F2 0020 0020  BIT.B	#0x0020, &P1IN
3406:  2C0B            JC	0x341E
3408:  B0F2 0020 0020  BIT.B	#0x0020, &P1IN
340E:  2C07            JC	0x341E
3410:  B0F2 0020 0020  BIT.B	#0x0020, &P1IN
3416:  2C03            JC	0x341E
3418:  53D2 032E       INC.B	&0x032E
341C:  3C1B            JMP	0x3454
341E:  93C2 032E       TST.B	&0x032E
3422:  240A            JZ	0x3438
3424:  D2E2 032C       BIS.B	#4, &0x032C
3428:  90F2 0019 032E  CMP.B	#0x0019, &0x032E
342E:  2802            JNC	0x3434
3430:  D2F2 032C       BIS.B	#8, &0x032C
3434:  43C2 032E       CLR.B	&0x032E
3438:  93C2 032C       TST.B	&0x032C
343C:  240B            JZ	0x3454
343E:  93C2 032D       TST.B	&0x032D
3442:  2008            JNZ	0x3454
3444:  93C2 032E       TST.B	&0x032E
3448:  2005            JNZ	0x3454
344A:  B2F2 039F       BIT.B	#8, &0x039F
344E:  2C02            JC	0x3454
3450:  D2F2 039F       BIS.B	#8, &0x039F
3454:  B0B2 0400 04F4  BIT	#0x0400, &0x04F4
345A:  24B2            JZ	0x35C0
345C:  B0B2 0080 04F6  BIT	#0x0080, &0x04F6
3462:  24AE            JZ	0x35C0
3464:  9382 02CC       TST	&0x02CC
3468:  3037            JN	0x34D8
346A:  8292 02CE 0656  SUB	&0x02CE, &0x0656
3470:  7292 02CC 0654  SUBC	&0x02CC, &0x0654
3476:  9382 0654       TST	&0x0654
347A:  342E            JGE	0x34D8
347C:  B0B2 0200 04F4  BIT	#0x0200, &0x04F4
3482:  240D            JZ	0x349E
3484:  5292 0436 0656  ADD	&0x0436, &0x0656
348A:  6292 0434 0654  ADDC	&0x0434, &0x0654
3490:  8392 066E       DEC	&0x066E
3494:  2021            JNZ	0x34D8
3496:  4292 043A 066E  MOV	&0x043A, &0x066E
349C:  3C0C            JMP	0x34B6
349E:  5292 0432 0656  ADD	&0x0432, &0x0656
34A4:  6292 0430 0654  ADDC	&0x0430, &0x0654
34AA:  8392 066E       DEC	&0x066E
34AE:  2014            JNZ	0x34D8
34B0:  4292 0438 066E  MOV	&0x0438, &0x066E
34B6:  5392 0662       INC	&0x0662
34BA:  6382 0660       ADC	&0x0660
34BE:  9292 0376 0660  CMP	&0x0376, &0x0660
34C4:  2809            JNC	0x34D8
34C6:  2004            JNZ	0x34D0
34C8:  9292 0378 0662  CMP	&0x0378, &0x0662
34CE:  2804            JNC	0x34D8
34D0:  4382 0662       CLR	&0x0662
34D4:  4382 0660       CLR	&0x0660
34D8:  9382 02DC       TST	&0x02DC
34DC:  3037            JN	0x354C
34DE:  8292 02DE 065A  SUB	&0x02DE, &0x065A
34E4:  7292 02DC 0658  SUBC	&0x02DC, &0x0658
34EA:  9382 0658       TST	&0x0658
34EE:  342E            JGE	0x354C
34F0:  B0B2 0200 04F4  BIT	#0x0200, &0x04F4
34F6:  240D            JZ	0x3512
34F8:  5292 0436 065A  ADD	&0x0436, &0x065A
34FE:  6292 0434 0658  ADDC	&0x0434, &0x0658
3504:  8392 067C       DEC	&0x067C
3508:  2021            JNZ	0x354C
350A:  4292 043A 067C  MOV	&0x043A, &0x067C
3510:  3C0C            JMP	0x352A
3512:  5292 0432 065A  ADD	&0x0432, &0x065A
3518:  6292 0430 0658  ADDC	&0x0430, &0x0658
351E:  8392 067C       DEC	&0x067C
3522:  2014            JNZ	0x354C
3524:  4292 0438 067C  MOV	&0x0438, &0x067C
352A:  5392 0666       INC	&0x0666
352E:  6382 0664       ADC	&0x0664
3532:  9292 0376 0664  CMP	&0x0376, &0x0664
3538:  2809            JNC	0x354C
353A:  2004            JNZ	0x3544
353C:  9292 0378 0666  CMP	&0x0378, &0x0666
3542:  2804            JNC	0x354C
3544:  4382 0666       CLR	&0x0666
3548:  4382 0664       CLR	&0x0664
354C:  9382 02EC       TST	&0x02EC
3550:  3037            JN	0x35C0
3552:  8292 02EE 065E  SUB	&0x02EE, &0x065E
3558:  7292 02EC 065C  SUBC	&0x02EC, &0x065C
355E:  9382 065C       TST	&0x065C
3562:  342E            JGE	0x35C0
3564:  B0B2 0200 04F4  BIT	#0x0200, &0x04F4
356A:  240D            JZ	0x3586
356C:  5292 0436 065E  ADD	&0x0436, &0x065E
3572:  6292 0434 065C  ADDC	&0x0434, &0x065C
3578:  8392 067E       DEC	&0x067E
357C:  2021            JNZ	0x35C0
357E:  4292 043A 067E  MOV	&0x043A, &0x067E
3584:  3C0C            JMP	0x359E
3586:  5292 0432 065E  ADD	&0x0432, &0x065E
358C:  6292 0430 065C  ADDC	&0x0430, &0x065C
3592:  8392 067E       DEC	&0x067E
3596:  2014            JNZ	0x35C0
3598:  4292 0438 067E  MOV	&0x0438, &0x067E
359E:  5392 066A       INC	&0x066A
35A2:  6382 0668       ADC	&0x0668
35A6:  9292 0376 0668  CMP	&0x0376, &0x0668
35AC:  2809            JNC	0x35C0
35AE:  2004            JNZ	0x35B8
35B0:  9292 0378 066A  CMP	&0x0378, &0x066A
35B6:  2804            JNC	0x35C0
35B8:  4382 066A       CLR	&0x066A
35BC:  4382 0668       CLR	&0x0668
35C0:  4382 0262       CLR	&0x0262
35C4:  4382 0260       CLR	&0x0260
35C8:  5292 02CE 0262  ADD	&0x02CE, &0x0262
35CE:  6292 02CC 0260  ADDC	&0x02CC, &0x0260
35D4:  5292 02DE 0262  ADD	&0x02DE, &0x0262
35DA:  6292 02DC 0260  ADDC	&0x02DC, &0x0260
35E0:  5292 02EE 0262  ADD	&0x02EE, &0x0262
35E6:  6292 02EC 0260  ADDC	&0x02EC, &0x0260
35EC:  4382 026A       CLR	&0x026A
35F0:  4382 0268       CLR	&0x0268
35F4:  5292 023A 026A  ADD	&0x023A, &0x026A
35FA:  6292 0238 0268  ADDC	&0x0238, &0x0268
3600:  5292 024A 026A  ADD	&0x024A, &0x026A
3606:  6292 0248 0268  ADDC	&0x0248, &0x0268
360C:  5292 025A 026A  ADD	&0x025A, &0x026A
3612:  6292 0258 0268  ADDC	&0x0258, &0x0268
3618:  93C2 03D1       TST.B	&0x03D1
361C:  2403            JZ	0x3624
361E:  83D2 03D1       DEC.B	&0x03D1
3622:  3C11            JMP	0x3646
3624:  C3D2 0029       BIC.B	#1, &P2OUT
3628:  93C2 0839       TST.B	&0x0839
362C:  2003            JNZ	0x3634
362E:  C0F2 0010 0031  BIC.B	#0x0010, &P5OUT
3634:  B0B2 4000 04F4  BIT	#0x4000, &0x04F4
363A:  2405            JZ	0x3646
363C:  B392 04F8       BIT	#1, &0x04F8
3640:  2C02            JC	0x3646
3642:  C3E2 001D       BIC.B	#2, &P4OUT
3646:  93C2 03D3       TST.B	&0x03D3
364A:  2403            JZ	0x3652
364C:  83D2 03D3       DEC.B	&0x03D3
3650:  3C09            JMP	0x3664
3652:  C3E2 0029       BIC.B	#2, &P2OUT
3656:  90F2 0020 0839  CMP.B	#0x0020, &0x0839
365C:  2003            JNZ	0x3664
365E:  C0F2 0010 0031  BIC.B	#0x0010, &P5OUT
3664:  93C2 03D5       TST.B	&0x03D5
3668:  2403            JZ	0x3670
366A:  83D2 03D5       DEC.B	&0x03D5
366E:  3C10            JMP	0x3690
3670:  B0B2 4000 04F4  BIT	#0x4000, &0x04F4
3676:  2C0C            JC	0x3690
3678:  90F2 0010 0839  CMP.B	#0x0010, &0x0839
367E:  2003            JNZ	0x3686
3680:  C0F2 0010 0031  BIC.B	#0x0010, &P5OUT
3686:  B392 04F8       BIT	#1, &0x04F8
368A:  2C02            JC	0x3690
368C:  C3E2 001D       BIC.B	#2, &P4OUT
3690:  93C2 03D7       TST.B	&0x03D7
3694:  2403            JZ	0x369C
3696:  83D2 03D7       DEC.B	&0x03D7
369A:  3C09            JMP	0x36AE
369C:  C3D2 001D       BIC.B	#1, &P4OUT
36A0:  90F2 0030 0839  CMP.B	#0x0030, &0x0839
36A6:  2003            JNZ	0x36AE
36A8:  C0F2 0010 0031  BIC.B	#0x0010, &P5OUT
36AE:  9382 0260       TST	&0x0260
36B2:  30C6            JN	0x3840
36B4:  8292 0262 02F2  SUB	&0x0262, &0x02F2
36BA:  7292 0260 02F0  SUBC	&0x0260, &0x02F0
36C0:  9382 02F0       TST	&0x02F0
36C4:  3515            JGE	0x38F0
36C6:  5392 0520       INC	&0x0520
36CA:  5392 087E       INC	&0x087E
36CE:  B0B2 0200 04F4  BIT	#0x0200, &0x04F4
36D4:  240D            JZ	0x36F0
36D6:  5292 0436 02F2  ADD	&0x0436, &0x02F2
36DC:  6292 0434 02F0  ADDC	&0x0434, &0x02F0
36E2:  8392 03D8       DEC	&0x03D8
36E6:  2080            JNZ	0x37E8
36E8:  4292 043A 03D8  MOV	&0x043A, &0x03D8
36EE:  3C0C            JMP	0x3708
36F0:  5292 0432 02F2  ADD	&0x0432, &0x02F2
36F6:  6292 0430 02F0  ADDC	&0x0430, &0x02F0
36FC:  8392 03D8       DEC	&0x03D8
3700:  2073            JNZ	0x37E8
3702:  4292 0438 03D8  MOV	&0x0438, &0x03D8
3708:  5392 02B2       INC	&0x02B2
370C:  6382 02B0       ADC	&0x02B0
3710:  9292 0376 02B0  CMP	&0x0376, &0x02B0
3716:  2809            JNC	0x372A
3718:  2004            JNZ	0x3722
371A:  9292 0378 02B2  CMP	&0x0378, &0x02B2
3720:  2804            JNC	0x372A
3722:  4382 02B2       CLR	&0x02B2
3726:  4382 02B0       CLR	&0x02B0
372A:  9292 047C 02B0  CMP	&0x047C, &0x02B0
3730:  205B            JNZ	0x37E8
3732:  9292 047E 02B2  CMP	&0x047E, &0x02B2
3738:  2057            JNZ	0x37E8
373A:  B2E2 04FC       BIT.B	#4, &0x04FC
373E:  2C25            JC	0x378A
3740:  B3E2 04FC       BIT.B	#2, &0x04FC
3744:  2C11            JC	0x3768
3746:  B0B2 0010 04F8  BIT	#0x0010, &0x04F8
374C:  2C42            JC	0x37D2
374E:  D0B2 0010 04F8  BIS	#0x0010, &0x04F8
3754:  D0B2 0100 04F8  BIS	#0x0100, &0x04F8
375A:  B2A2 04F8       BIT	#4, &0x04F8
375E:  2439            JZ	0x37D2
3760:  D0B2 0010 0548  BIS	#0x0010, &0x0548
3766:  3C35            JMP	0x37D2
3768:  B0B2 0020 04F8  BIT	#0x0020, &0x04F8
376E:  2C31            JC	0x37D2
3770:  D0B2 0020 04F8  BIS	#0x0020, &0x04F8
3776:  D0B2 0100 04F8  BIS	#0x0100, &0x04F8
377C:  B2A2 04F8       BIT	#4, &0x04F8
3780:  2428            JZ	0x37D2
3782:  D0B2 0020 0548  BIS	#0x0020, &0x0548
3788:  3C24            JMP	0x37D2
378A:  B3E2 04FC       BIT.B	#2, &0x04FC
378E:  2C11            JC	0x37B2
3790:  B0B2 0040 04F8  BIT	#0x0040, &0x04F8
3796:  2C1D            JC	0x37D2
3798:  D0B2 0040 04F8  BIS	#0x0040, &0x04F8
379E:  D0B2 0100 04F8  BIS	#0x0100, &0x04F8
37A4:  B2A2 04F8       BIT	#4, &0x04F8
37A8:  2414            JZ	0x37D2
37AA:  D0B2 0040 0548  BIS	#0x0040, &0x0548
37B0:  3C10            JMP	0x37D2
37B2:  B0B2 0080 04F8  BIT	#0x0080, &0x04F8
37B8:  2C0C            JC	0x37D2
37BA:  D0B2 0080 04F8  BIS	#0x0080, &0x04F8
37C0:  D0B2 0100 04F8  BIS	#0x0100, &0x04F8
37C6:  B2A2 04F8       BIT	#4, &0x04F8
37CA:  2403            JZ	0x37D2
37CC:  D0B2 0080 0548  BIS	#0x0080, &0x0548
37D2:  B392 04F8       BIT	#1, &0x04F8
37D6:  2408            JZ	0x37E8
37D8:  B2A2 04F8       BIT	#4, &0x04F8
37DC:  2405            JZ	0x37E8
37DE:  D3E2 001D       BIS.B	#2, &P4OUT
37E2:  D0B2 0200 04F8  BIS	#0x0200, &0x04F8
37E8:  93C2 03D0       TST.B	&0x03D0
37EC:  2412            JZ	0x3812
37EE:  C3D2 0029       BIC.B	#1, &P2OUT
37F2:  93C2 0839       TST.B	&0x0839
37F6:  2003            JNZ	0x37FE
37F8:  C0F2 0010 0031  BIC.B	#0x0010, &P5OUT
37FE:  B0B2 4000 04F4  BIT	#0x4000, &0x04F4
3804:  241A            JZ	0x383A
3806:  B392 04F8       BIT	#1, &0x04F8
380A:  2C17            JC	0x383A
380C:  C3E2 001D       BIC.B	#2, &P4OUT
3810:  3C14            JMP	0x383A
3812:  D3D2 0029       BIS.B	#1, &P2OUT
3816:  93C2 0839       TST.B	&0x0839
381A:  2003            JNZ	0x3822
381C:  D0F2 0010 0031  BIS.B	#0x0010, &P5OUT
3822:  40F2 0064 03D1  MOV.B	#0x0064, &0x03D1
3828:  B0B2 4000 04F4  BIT	#0x4000, &0x04F4
382E:  2405            JZ	0x383A
3830:  B392 04F8       BIT	#1, &0x04F8
3834:  2C02            JC	0x383A
3836:  D3E2 001D       BIS.B	#2, &P4OUT
383A:  E3F2 03D0       INV.B	&0x03D0
383E:  3C58            JMP	0x38F0
3840:  5292 0262 02F6  ADD	&0x0262, &0x02F6
3846:  6292 0260 02F4  ADDC	&0x0260, &0x02F4
384C:  9382 02F4       TST	&0x02F4
3850:  344F            JGE	0x38F0
3852:  5392 0522       INC	&0x0522
3856:  B0B2 0200 04F4  BIT	#0x0200, &0x04F4
385C:  240D            JZ	0x3878
385E:  5292 0436 02F6  ADD	&0x0436, &0x02F6
3864:  6292 0434 02F4  ADDC	&0x0434, &0x02F4
386A:  8392 03DA       DEC	&0x03DA
386E:  2021            JNZ	0x38B2
3870:  4292 043A 03DA  MOV	&0x043A, &0x03DA
3876:  3C0C            JMP	0x3890
3878:  5292 0432 02F6  ADD	&0x0432, &0x02F6
387E:  6292 0430 02F4  ADDC	&0x0430, &0x02F4
3884:  8392 03DA       DEC	&0x03DA
3888:  2014            JNZ	0x38B2
388A:  4292 0438 03DA  MOV	&0x0438, &0x03DA
3890:  5392 02B6       INC	&0x02B6
3894:  6382 02B4       ADC	&0x02B4
3898:  9292 0376 02B4  CMP	&0x0376, &0x02B4
389E:  2809            JNC	0x38B2
38A0:  2004            JNZ	0x38AA
38A2:  9292 0378 02B6  CMP	&0x0378, &0x02B6
38A8:  2804            JNC	0x38B2
38AA:  4382 02B6       CLR	&0x02B6
38AE:  4382 02B4       CLR	&0x02B4
38B2:  B0B2 8000 04F4  BIT	#0x8000, &0x04F4
38B8:  2C1B            JC	0x38F0
38BA:  93C2 03D2       TST.B	&0x03D2
38BE:  240A            JZ	0x38D4
38C0:  C3E2 0029       BIC.B	#2, &P2OUT
38C4:  90F2 0020 0839  CMP.B	#0x0020, &0x0839
38CA:  2010            JNZ	0x38EC
38CC:  C0F2 0010 0031  BIC.B	#0x0010, &P5OUT
38D2:  3C0C            JMP	0x38EC
38D4:  D3E2 0029       BIS.B	#2, &P2OUT
38D8:  90F2 0020 0839  CMP.B	#0x0020, &0x0839
38DE:  2003            JNZ	0x38E6
38E0:  D0F2 0010 0031  BIS.B	#0x0010, &P5OUT
38E6:  40F2 0064 03D3  MOV.B	#0x0064, &0x03D3
38EC:  E3F2 03D2       INV.B	&0x03D2
38F0:  B0B2 4000 04F4  BIT	#0x4000, &0x04F4
38F6:  2CB6            JC	0x3A64
38F8:  9382 0268       TST	&0x0268
38FC:  305B            JN	0x39B4
38FE:  8292 026A 02FA  SUB	&0x026A, &0x02FA
3904:  7292 0268 02F8  SUBC	&0x0268, &0x02F8
390A:  9382 02F8       TST	&0x02F8
390E:  34AA            JGE	0x3A64
3910:  5392 0524       INC	&0x0524
3914:  B0B2 0200 04F4  BIT	#0x0200, &0x04F4
391A:  240D            JZ	0x3936
391C:  5292 0436 02FA  ADD	&0x0436, &0x02FA
3922:  6292 0434 02F8  ADDC	&0x0434, &0x02F8
3928:  8392 03DC       DEC	&0x03DC
392C:  2021            JNZ	0x3970
392E:  4292 043A 03DC  MOV	&0x043A, &0x03DC
3934:  3C0C            JMP	0x394E
3936:  5292 0432 02FA  ADD	&0x0432, &0x02FA
393C:  6292 0430 02F8  ADDC	&0x0430, &0x02F8
3942:  8392 03DC       DEC	&0x03DC
3946:  2014            JNZ	0x3970
3948:  4292 0438 03DC  MOV	&0x0438, &0x03DC
394E:  5392 02BA       INC	&0x02BA
3952:  6382 02B8       ADC	&0x02B8
3956:  9292 0376 02B8  CMP	&0x0376, &0x02B8
395C:  2809            JNC	0x3970
395E:  2004            JNZ	0x3968
3960:  9292 0378 02BA  CMP	&0x0378, &0x02BA
3966:  2804            JNC	0x3970
3968:  4382 02BA       CLR	&0x02BA
396C:  4382 02B8       CLR	&0x02B8
3970:  93C2 03D4       TST.B	&0x03D4
3974:  240D            JZ	0x3990
3976:  90F2 0010 0839  CMP.B	#0x0010, &0x0839
397C:  2003            JNZ	0x3984
397E:  C0F2 0010 0031  BIC.B	#0x0010, &P5OUT
3984:  B392 04F8       BIT	#1, &0x04F8
3988:  2C12            JC	0x39AE
398A:  C3E2 001D       BIC.B	#2, &P4OUT
398E:  3C0F            JMP	0x39AE
3990:  40F2 0064 03D5  MOV.B	#0x0064, &0x03D5
3996:  90F2 0010 0839  CMP.B	#0x0010, &0x0839
399C:  2003            JNZ	0x39A4
399E:  D0F2 0010 0031  BIS.B	#0x0010, &P5OUT
39A4:  B392 04F8       BIT	#1, &0x04F8
39A8:  2C02            JC	0x39AE
39AA:  D3E2 001D       BIS.B	#2, &P4OUT
39AE:  E3F2 03D4       INV.B	&0x03D4
39B2:  3C58            JMP	0x3A64
39B4:  5292 026A 02FE  ADD	&0x026A, &0x02FE
39BA:  6292 0268 02FC  ADDC	&0x0268, &0x02FC
39C0:  9382 02FC       TST	&0x02FC
39C4:  344F            JGE	0x3A64
39C6:  5392 0526       INC	&0x0526
39CA:  B0B2 0200 04F4  BIT	#0x0200, &0x04F4
39D0:  240D            JZ	0x39EC
39D2:  5292 0436 02FE  ADD	&0x0436, &0x02FE
39D8:  6292 0434 02FC  ADDC	&0x0434, &0x02FC
39DE:  8392 03DE       DEC	&0x03DE
39E2:  2021            JNZ	0x3A26
39E4:  4292 043A 03DE  MOV	&0x043A, &0x03DE
39EA:  3C0C            JMP	0x3A04
39EC:  5292 0432 02FE  ADD	&0x0432, &0x02FE
39F2:  6292 0430 02FC  ADDC	&0x0430, &0x02FC
39F8:  8392 03DE       DEC	&0x03DE
39FC:  2014            JNZ	0x3A26
39FE:  4292 0438 03DE  MOV	&0x0438, &0x03DE
3A04:  5392 02BE       INC	&0x02BE
3A08:  6382 02BC       ADC	&0x02BC
3A0C:  9292 0376 02BC  CMP	&0x0376, &0x02BC
3A12:  2809            JNC	0x3A26
3A14:  2004            JNZ	0x3A1E
3A16:  9292 0378 02BE  CMP	&0x0378, &0x02BE
3A1C:  2804            JNC	0x3A26
3A1E:  4382 02BE       CLR	&0x02BE
3A22:  4382 02BC       CLR	&0x02BC
3A26:  B0B2 8000 04F4  BIT	#0x8000, &0x04F4
3A2C:  2C1B            JC	0x3A64
3A2E:  93C2 03D6       TST.B	&0x03D6
3A32:  240A            JZ	0x3A48
3A34:  C3D2 001D       BIC.B	#1, &P4OUT
3A38:  90F2 0030 0839  CMP.B	#0x0030, &0x0839
3A3E:  2010            JNZ	0x3A60
3A40:  C0F2 0010 0031  BIC.B	#0x0010, &P5OUT
3A46:  3C0C            JMP	0x3A60
3A48:  D3D2 001D       BIS.B	#1, &P4OUT
3A4C:  90F2 0030 0839  CMP.B	#0x0030, &0x0839
3A52:  2003            JNZ	0x3A5A
3A54:  D0F2 0010 0031  BIS.B	#0x0010, &P5OUT
3A5A:  40F2 0064 03D7  MOV.B	#0x0064, &0x03D7
3A60:  E3F2 03D6       INV.B	&0x03D6
3A64:  B0B2 0400 04F4  BIT	#0x0400, &0x04F4
3A6A:  251C            JZ	0x3CA4
3A6C:  4382 05B2       CLR	&0x05B2
3A70:  4382 05B0       CLR	&0x05B0
3A74:  5292 05B6 05B2  ADD	&0x05B6, &0x05B2
3A7A:  6292 05B4 05B0  ADDC	&0x05B4, &0x05B0
3A80:  5292 05BA 05B2  ADD	&0x05BA, &0x05B2
3A86:  6292 05B8 05B0  ADDC	&0x05B8, &0x05B0
3A8C:  5292 05BE 05B2  ADD	&0x05BE, &0x05B2
3A92:  6292 05BC 05B0  ADDC	&0x05BC, &0x05B0
3A98:  4382 05C2       CLR	&0x05C2
3A9C:  4382 05C0       CLR	&0x05C0
3AA0:  5292 05C6 05C2  ADD	&0x05C6, &0x05C2
3AA6:  6292 05C4 05C0  ADDC	&0x05C4, &0x05C0
3AAC:  5292 05CA 05C2  ADD	&0x05CA, &0x05C2
3AB2:  6292 05C8 05C0  ADDC	&0x05C8, &0x05C0
3AB8:  5292 05CE 05C2  ADD	&0x05CE, &0x05C2
3ABE:  6292 05CC 05C0  ADDC	&0x05CC, &0x05C0
3AC4:  9382 05B0       TST	&0x05B0
3AC8:  303A            JN	0x3B3E
3ACA:  8292 05B2 05D2  SUB	&0x05B2, &0x05D2
3AD0:  7292 05B0 05D0  SUBC	&0x05B0, &0x05D0
3AD6:  9382 05D0       TST	&0x05D0
3ADA:  346A            JGE	0x3BB0
3ADC:  5392 0610       INC	&0x0610
3AE0:  B0B2 0200 04F4  BIT	#0x0200, &0x04F4
3AE6:  240D            JZ	0x3B02
3AE8:  5292 0436 05D2  ADD	&0x0436, &0x05D2
3AEE:  6292 0434 05D0  ADDC	&0x0434, &0x05D0
3AF4:  8392 0608       DEC	&0x0608
3AF8:  2021            JNZ	0x3B3C
3AFA:  4292 043A 0608  MOV	&0x043A, &0x0608
3B00:  3C0C            JMP	0x3B1A
3B02:  5292 0432 05D2  ADD	&0x0432, &0x05D2
3B08:  6292 0430 05D0  ADDC	&0x0430, &0x05D0
3B0E:  8392 0608       DEC	&0x0608
3B12:  2014            JNZ	0x3B3C
3B14:  4292 0438 0608  MOV	&0x0438, &0x0608
3B1A:  5392 05E2       INC	&0x05E2
3B1E:  6382 05E0       ADC	&0x05E0
3B22:  9292 0376 05E0  CMP	&0x0376, &0x05E0
3B28:  2809            JNC	0x3B3C
3B2A:  2004            JNZ	0x3B34
3B2C:  9292 0378 05E2  CMP	&0x0378, &0x05E2
3B32:  2804            JNC	0x3B3C
3B34:  4382 05E2       CLR	&0x05E2
3B38:  4382 05E0       CLR	&0x05E0
3B3C:  3C39            JMP	0x3BB0
3B3E:  5292 05B2 05D6  ADD	&0x05B2, &0x05D6
3B44:  6292 05B0 05D4  ADDC	&0x05B0, &0x05D4
3B4A:  9382 05D4       TST	&0x05D4
3B4E:  3430            JGE	0x3BB0
3B50:  5392 0612       INC	&0x0612
3B54:  B0B2 0200 04F4  BIT	#0x0200, &0x04F4
3B5A:  240D            JZ	0x3B76
3B5C:  5292 0436 05D6  ADD	&0x0436, &0x05D6
3B62:  6292 0434 05D4  ADDC	&0x0434, &0x05D4
3B68:  8392 060A       DEC	&0x060A
3B6C:  2021            JNZ	0x3BB0
3B6E:  4292 043A 060A  MOV	&0x043A, &0x060A
3B74:  3C0C            JMP	0x3B8E
3B76:  5292 0432 05D6  ADD	&0x0432, &0x05D6
3B7C:  6292 0430 05D4  ADDC	&0x0430, &0x05D4
3B82:  8392 060A       DEC	&0x060A
3B86:  2014            JNZ	0x3BB0
3B88:  4292 0438 060A  MOV	&0x0438, &0x060A
3B8E:  5392 05E6       INC	&0x05E6
3B92:  6382 05E4       ADC	&0x05E4
3B96:  9292 0376 05E4  CMP	&0x0376, &0x05E4
3B9C:  2809            JNC	0x3BB0
3B9E:  2004            JNZ	0x3BA8
3BA0:  9292 0378 05E6  CMP	&0x0378, &0x05E6
3BA6:  2804            JNC	0x3BB0
3BA8:  4382 05E6       CLR	&0x05E6
3BAC:  4382 05E4       CLR	&0x05E4
3BB0:  B0B2 4000 04F4  BIT	#0x4000, &0x04F4
3BB6:  2C76            JC	0x3CA4
3BB8:  9382 05C0       TST	&0x05C0
3BBC:  303A            JN	0x3C32
3BBE:  8292 05C2 05DA  SUB	&0x05C2, &0x05DA
3BC4:  7292 05C0 05D8  SUBC	&0x05C0, &0x05D8
3BCA:  9382 05D8       TST	&0x05D8
3BCE:  346A            JGE	0x3CA4
3BD0:  5392 0614       INC	&0x0614
3BD4:  B0B2 0200 04F4  BIT	#0x0200, &0x04F4
3BDA:  240D            JZ	0x3BF6
3BDC:  5292 0436 05DA  ADD	&0x0436, &0x05DA
3BE2:  6292 0434 05D8  ADDC	&0x0434, &0x05D8
3BE8:  8392 060C       DEC	&0x060C
3BEC:  2021            JNZ	0x3C30
3BEE:  4292 043A 060C  MOV	&0x043A, &0x060C
3BF4:  3C0C            JMP	0x3C0E
3BF6:  5292 0432 05DA  ADD	&0x0432, &0x05DA
3BFC:  6292 0430 05D8  ADDC	&0x0430, &0x05D8
3C02:  8392 060C       DEC	&0x060C
3C06:  2014            JNZ	0x3C30
3C08:  4292 0438 060C  MOV	&0x0438, &0x060C
3C0E:  5392 05EA       INC	&0x05EA
3C12:  6382 05E8       ADC	&0x05E8
3C16:  9292 0376 05E8  CMP	&0x0376, &0x05E8
3C1C:  2809            JNC	0x3C30
3C1E:  2004            JNZ	0x3C28
3C20:  9292 0378 05EA  CMP	&0x0378, &0x05EA
3C26:  2804            JNC	0x3C30
3C28:  4382 05EA       CLR	&0x05EA
3C2C:  4382 05E8       CLR	&0x05E8
3C30:  3C39            JMP	0x3CA4
3C32:  5292 05C2 05DE  ADD	&0x05C2, &0x05DE
3C38:  6292 05C0 05DC  ADDC	&0x05C0, &0x05DC
3C3E:  9382 05DC       TST	&0x05DC
3C42:  3430            JGE	0x3CA4
3C44:  5392 0616       INC	&0x0616
3C48:  B0B2 0200 04F4  BIT	#0x0200, &0x04F4
3C4E:  240D            JZ	0x3C6A
3C50:  5292 0436 05DE  ADD	&0x0436, &0x05DE
3C56:  6292 0434 05DC  ADDC	&0x0434, &0x05DC
3C5C:  8392 060E       DEC	&0x060E
3C60:  2021            JNZ	0x3CA4
3C62:  4292 043A 060E  MOV	&0x043A, &0x060E
3C68:  3C0C            JMP	0x3C82
3C6A:  5292 0432 05DE  ADD	&0x0432, &0x05DE
3C70:  6292 0430 05DC  ADDC	&0x0430, &0x05DC
3C76:  8392 060E       DEC	&0x060E
3C7A:  2014            JNZ	0x3CA4
3C7C:  4292 0438 060E  MOV	&0x0438, &0x060E
3C82:  5392 05EE       INC	&0x05EE
3C86:  6382 05EC       ADC	&0x05EC
3C8A:  9292 0376 05EC  CMP	&0x0376, &0x05EC
3C90:  2809            JNC	0x3CA4
3C92:  2004            JNZ	0x3C9C
3C94:  9292 0378 05EE  CMP	&0x0378, &0x05EE
3C9A:  2804            JNC	0x3CA4
3C9C:  4382 05EE       CLR	&0x05EE
3CA0:  4382 05EC       CLR	&0x05EC
3CA4:  C232            DINT
3CA6:  4303            CLR	CG
3CA8:  D0F2 0040 002D  BIS.B	#0x0040, &P2IE
3CAE:  D0B2 0010 0184  BIS	#0x0010, &TBCCTL1
3CB4:  D0B2 0010 018E  BIS	#0x0010, &TBCCTL6
3CBA:  D0B2 0200 01A6  BIS	#0x0200, &ADC12IE
3CC0:  1300            RETI

; ============================================================
; Функция ISR_ADC12 @ 0x3CC2   (вызовов: 0)
; ============================================================
3CC2:  C3A2 01A0       BIC	#2, &ADC12CTL0
3CC6:  1204            PUSH	R4
3CC8:  1205            PUSH	R5
3CCA:  1206            PUSH	R6
3CCC:  1207            PUSH	R7
3CCE:  1212 013C       PUSH	&RESHI
3CD2:  1212 013A       PUSH	&RESLO
3CD6:  4216 0152       MOV	&ADC12MEM9, R6
3CDA:  C0F2 0040 002D  BIC.B	#0x0040, &P2IE
3CE0:  C0B2 0010 0184  BIC	#0x0010, &TBCCTL1
3CE6:  C0B2 0010 018E  BIC	#0x0010, &TBCCTL6
3CEC:  C0B2 0010 0164  BIC	#0x0010, &TACCTL1
3CF2:  D232            EINT
3CF4:  4217 0140       MOV	&ADC12MEM0, R7
3CF8:  4214 0142       MOV	&ADC12MEM1, R4
3CFC:  4215 0144       MOV	&ADC12MEM2, R5
3D00:  4216 0146       MOV	&ADC12MEM3, R6
3D04:  5682 03E6       ADD	R6, &0x03E6
3D08:  6382 03E4       ADC	&0x03E4
3D0C:  8227            SUB	#4, R7
3D0E:  93D2 04FD       CMP.B	#1, &0x04FD
3D12:  2002            JNZ	0x3D18
3D14:  8037 0009       SUB	#0x0009, R7

loc_3D18:			; переходы из 0x3D12
3D18:  8705            SUB	R7, R5
3D1A:  8214 036E       SUB	&0x036E, R4
3D1E:  8216 036E       SUB	&0x036E, R6
3D22:  E334            INV	R4
3D24:  5314            INC	R4
3D26:  E336            INV	R6
3D28:  5316            INC	R6
3D2A:  5406            ADD	R4, R6
3D2C:  B035 8000       BIT	#0x8000, R5
3D30:  6292 027E 027E  ADDC	&0x027E, &0x027E
3D36:  90B2 FFFE 027E  CMP	#0xFFFE, &0x027E
3D3C:  2074            JNZ	0x3E26
3D3E:  B0B2 0400 027C  BIT	#0x0400, &0x027C
3D44:  2404            JZ	0x3D4E
3D46:  C0B2 0400 027C  BIC	#0x0400, &0x027C
3D4C:  3CB2            JMP	0x3EB2

loc_3D4E:			; переходы из 0x3D44
3D4E:  90F2 0030 0278  CMP.B	#0x0030, &0x0278
3D54:  28AE            JNC	0x3EB2
3D56:  90F2 0070 0278  CMP.B	#0x0070, &0x0278
3D5C:  2CAA            JC	0x3EB2
3D5E:  D392 027C       BIS	#1, &0x027C
3D62:  4292 0200 02C0  MOV	&0x0200, &0x02C0
3D68:  4292 0202 02C2  MOV	&0x0202, &0x02C2
3D6E:  4292 0208 02C4  MOV	&0x0208, &0x02C4
3D74:  4292 020A 02C6  MOV	&0x020A, &0x02C6
3D7A:  4292 0230 02C8  MOV	&0x0230, &0x02C8
3D80:  4292 0232 02CA  MOV	&0x0232, &0x02CA
3D86:  4292 03E4 03EC  MOV	&0x03E4, &0x03EC
3D8C:  4292 03E6 03EE  MOV	&0x03E6, &0x03EE
3D92:  4382 0232       CLR	&0x0232
3D96:  4382 0230       CLR	&0x0230
3D9A:  C232            DINT
3D9C:  4303            CLR	CG
3D9E:  4582 0132       MOV	R5, &MPYS
3DA2:  4582 0138       MOV	R5, &OP2
3DA6:  D232            EINT
3DA8:  4292 013A 0202  MOV	&RESLO, &0x0202
3DAE:  4292 013C 0200  MOV	&RESHI, &0x0200
3DB4:  4382 020A       CLR	&0x020A
3DB8:  4382 0208       CLR	&0x0208
3DBC:  4382 03E4       CLR	&0x03E4
3DC0:  4382 03E6       CLR	&0x03E6
3DC4:  42D2 0278 0279  MOV.B	&0x0278, &0x0279
3DCA:  43C2 0278       CLR.B	&0x0278
3DCE:  B0B2 0020 027C  BIT	#0x0020, &0x027C
3DD4:  2C04            JC	0x3DDE
3DD6:  4254 0279       MOV.B	&0x0279, R4
3DDA:  5482 02AA       ADD	R4, &0x02AA

loc_3DDE:			; переходы из 0x3DD4
3DDE:  4292 0470 0474  MOV	&0x0470, &0x0474
3DE4:  4292 0476 047A  MOV	&0x0476, &0x047A
3DEA:  4582 0472       MOV	R5, &0x0472
3DEE:  4682 0478       MOV	R6, &0x0478
3DF2:  C3A2 027C       BIC	#2, &0x027C
3DF6:  90F2 0012 0081  CMP.B	#0x0012, &ADC12MCTL1
3DFC:  2402            JZ	0x3E02
3DFE:  D3A2 027C       BIS	#2, &0x027C

loc_3E02:			; переходы из 0x3DFC
3E02:  B0B2 2000 027C  BIT	#0x2000, &0x027C
3E08:  2C07            JC	0x3E18
3E0A:  40F2 0012 0081  MOV.B	#0x0012, &ADC12MCTL1
3E10:  40F2 0012 0083  MOV.B	#0x0012, &ADC12MCTL3
3E16:  3C26            JMP	0x3E64

loc_3E18:			; переходы из 0x3E08
3E18:  40F2 0013 0081  MOV.B	#0x0013, &ADC12MCTL1
3E1E:  40F2 0013 0083  MOV.B	#0x0013, &ADC12MCTL3
3E24:  3C1F            JMP	0x3E64

loc_3E26:			; переходы из 0x3D3C
3E26:  C232            DINT
3E28:  4303            CLR	CG
3E2A:  4582 0132       MOV	R5, &MPYS
3E2E:  4682 0138       MOV	R6, &OP2
3E32:  5292 013A 0232  ADD	&RESLO, &0x0232
3E38:  6292 013C 0230  ADDC	&RESHI, &0x0230
3E3E:  4582 0138       MOV	R5, &OP2
3E42:  5292 013A 0202  ADD	&RESLO, &0x0202
3E48:  6292 013C 0200  ADDC	&RESHI, &0x0200
3E4E:  4682 0132       MOV	R6, &MPYS
3E52:  4682 0138       MOV	R6, &OP2
3E56:  D232            EINT
3E58:  5292 013A 020A  ADD	&RESLO, &0x020A
3E5E:  6292 013C 0208  ADDC	&RESHI, &0x0208

loc_3E64:			; переходы из 0x3E16, 0x3E24
3E64:  53D2 0278       INC.B	&0x0278
3E68:  4582 0470       MOV	R5, &0x0470
3E6C:  4682 0476       MOV	R6, &0x0476
3E70:  B392 027C       BIT	#1, &0x027C
3E74:  2417            JZ	0x3EA4
3E76:  B0B2 0010 028C  BIT	#0x0010, &0x028C
3E7C:  2C13            JC	0x3EA4
3E7E:  B0B2 0010 029C  BIT	#0x0010, &0x029C
3E84:  2C0F            JC	0x3EA4
3E86:  D312            SETC
3E88:  62D2 054C 054C  ADDC.B	&0x054C, &0x054C
3E8E:  93F2 054C       CMP.B	#-1, &0x054C
3E92:  2006            JNZ	0x3EA0
3E94:  D0F2 0040 002B  BIS.B	#0x0040, &P2IFG
3E9A:  D0B2 0010 027C  BIS	#0x0010, &0x027C

loc_3EA0:			; переходы из 0x3E92
3EA0:  C392 027C       BIC	#1, &0x027C

loc_3EA4:			; переходы из 0x3E74, 0x3E7C, 0x3E84
3EA4:  90F2 00FA 0278  CMP.B	#0x00FA, &0x0278
3EAA:  2849            JNC	0x3F3E
3EAC:  D0B2 0400 027C  BIS	#0x0400, &0x027C

loc_3EB2:			; переходы из 0x3D4C, 0x3D54, 0x3D5C
3EB2:  43C2 054C       CLR.B	&0x054C
3EB6:  4382 0200       CLR	&0x0200
3EBA:  4382 0202       CLR	&0x0202
3EBE:  4382 0208       CLR	&0x0208
3EC2:  4382 020A       CLR	&0x020A
3EC6:  4382 0230       CLR	&0x0230
3ECA:  4382 0232       CLR	&0x0232
3ECE:  4382 03E4       CLR	&0x03E4
3ED2:  4382 03E6       CLR	&0x03E6
3ED6:  4382 02CC       CLR	&0x02CC
3EDA:  4382 02CE       CLR	&0x02CE
3EDE:  4382 0238       CLR	&0x0238
3EE2:  4382 023A       CLR	&0x023A
3EE6:  4382 05B4       CLR	&0x05B4
3EEA:  4382 05B6       CLR	&0x05B6
3EEE:  4382 05C4       CLR	&0x05C4
3EF2:  4382 05C6       CLR	&0x05C6
3EF6:  4382 0360       CLR	&0x0360
3EFA:  4382 0362       CLR	&0x0362
3EFE:  4382 0364       CLR	&0x0364
3F02:  4382 03A0       CLR	&0x03A0
3F06:  4382 03A2       CLR	&0x03A2
3F0A:  4382 03A4       CLR	&0x03A4
3F0E:  4382 03A6       CLR	&0x03A6
3F12:  4382 03A8       CLR	&0x03A8
3F16:  4382 03AA       CLR	&0x03AA
3F1A:  43C2 0278       CLR.B	&0x0278
3F1E:  B0B2 0020 027C  BIT	#0x0020, &0x027C
3F24:  2C06            JC	0x3F32
3F26:  D0B2 0200 028C  BIS	#0x0200, &0x028C
3F2C:  D0B2 0200 029C  BIS	#0x0200, &0x029C

loc_3F32:			; переходы из 0x3F24
3F32:  D0B2 0060 027C  BIS	#0x0060, &0x027C
3F38:  C0B2 0010 027C  BIC	#0x0010, &0x027C

loc_3F3E:			; переходы из 0x3EAA
3F3E:  4214 0148       MOV	&ADC12MEM4, R4
3F42:  4215 014A       MOV	&ADC12MEM5, R5
3F46:  4216 014C       MOV	&ADC12MEM6, R6
3F4A:  5682 03F6       ADD	R6, &0x03F6
3F4E:  6382 03F4       ADC	&0x03F4
3F52:  8705            SUB	R7, R5
3F54:  8214 037E       SUB	&0x037E, R4
3F58:  8216 037E       SUB	&0x037E, R6
3F5C:  E334            INV	R4
3F5E:  5314            INC	R4
3F60:  E336            INV	R6
3F62:  5316            INC	R6
3F64:  5406            ADD	R4, R6
3F66:  B035 8000       BIT	#0x8000, R5
3F6A:  6292 028E 028E  ADDC	&0x028E, &0x028E
3F70:  90B2 FFFE 028E  CMP	#0xFFFE, &0x028E
3F76:  207B            JNZ	0x406E
3F78:  B0B2 0400 028C  BIT	#0x0400, &0x028C
3F7E:  2404            JZ	0x3F88
3F80:  C0B2 0400 028C  BIC	#0x0400, &0x028C
3F86:  3CB9            JMP	0x40FA

loc_3F88:			; переходы из 0x3F7E
3F88:  90F2 0030 0288  CMP.B	#0x0030, &0x0288
3F8E:  28B5            JNC	0x40FA
3F90:  90F2 0070 0288  CMP.B	#0x0070, &0x0288
3F96:  2CB1            JC	0x40FA
3F98:  D392 028C       BIS	#1, &0x028C
3F9C:  4292 0210 02D0  MOV	&0x0210, &0x02D0
3FA2:  4292 0212 02D2  MOV	&0x0212, &0x02D2
3FA8:  4292 0218 02D4  MOV	&0x0218, &0x02D4
3FAE:  4292 021A 02D6  MOV	&0x021A, &0x02D6
3FB4:  4292 0240 02D8  MOV	&0x0240, &0x02D8
3FBA:  4292 0242 02DA  MOV	&0x0242, &0x02DA
3FC0:  4292 03F4 03FC  MOV	&0x03F4, &0x03FC
3FC6:  4292 03F6 03FE  MOV	&0x03F6, &0x03FE
3FCC:  4382 0242       CLR	&0x0242
3FD0:  4382 0240       CLR	&0x0240
3FD4:  C232            DINT
3FD6:  4303            CLR	CG
3FD8:  4582 0132       MOV	R5, &MPYS
3FDC:  4582 0138       MOV	R5, &OP2
3FE0:  D232            EINT
3FE2:  4292 013A 0212  MOV	&RESLO, &0x0212
3FE8:  4292 013C 0210  MOV	&RESHI, &0x0210
3FEE:  4382 021A       CLR	&0x021A
3FF2:  4382 0218       CLR	&0x0218
3FF6:  4382 03F4       CLR	&0x03F4
3FFA:  4382 03F6       CLR	&0x03F6
3FFE:  42D2 0288 0289  MOV.B	&0x0288, &0x0289
4004:  43C2 0288       CLR.B	&0x0288
4008:  42D2 0278 027A  MOV.B	&0x0278, &0x027A
400E:  B0B2 0020 027C  BIT	#0x0020, &0x027C
4014:  2408            JZ	0x4026
4016:  B0B2 0020 028C  BIT	#0x0020, &0x028C
401C:  2C04            JC	0x4026
401E:  4254 0289       MOV.B	&0x0289, R4
4022:  5482 02AA       ADD	R4, &0x02AA

loc_4026:			; переходы из 0x4014, 0x401C
4026:  4292 0480 0484  MOV	&0x0480, &0x0484
402C:  4292 0486 048A  MOV	&0x0486, &0x048A
4032:  4582 0482       MOV	R5, &0x0482
4036:  4682 0488       MOV	R6, &0x0488
403A:  C3A2 028C       BIC	#2, &0x028C
403E:  90F2 0016 0084  CMP.B	#0x0016, &ADC12MCTL4
4044:  2402            JZ	0x404A
4046:  D3A2 028C       BIS	#2, &0x028C

loc_404A:			; переходы из 0x4044
404A:  B0B2 2000 028C  BIT	#0x2000, &0x028C
4050:  2C07            JC	0x4060
4052:  40F2 0016 0084  MOV.B	#0x0016, &ADC12MCTL4
4058:  40F2 0016 0086  MOV.B	#0x0016, &ADC12MCTL6
405E:  3C26            JMP	0x40AC

loc_4060:			; переходы из 0x4050
4060:  40F2 0017 0084  MOV.B	#0x0017, &ADC12MCTL4
4066:  40F2 0017 0086  MOV.B	#0x0017, &ADC12MCTL6
406C:  3C1F            JMP	0x40AC

loc_406E:			; переходы из 0x3F76
406E:  C232            DINT
4070:  4303            CLR	CG
4072:  4582 0132       MOV	R5, &MPYS
4076:  4682 0138       MOV	R6, &OP2
407A:  5292 013A 0242  ADD	&RESLO, &0x0242
4080:  6292 013C 0240  ADDC	&RESHI, &0x0240
4086:  4582 0138       MOV	R5, &OP2
408A:  5292 013A 0212  ADD	&RESLO, &0x0212
4090:  6292 013C 0210  ADDC	&RESHI, &0x0210
4096:  4682 0132       MOV	R6, &MPYS
409A:  4682 0138       MOV	R6, &OP2
409E:  D232            EINT
40A0:  5292 013A 021A  ADD	&RESLO, &0x021A
40A6:  6292 013C 0218  ADDC	&RESHI, &0x0218

loc_40AC:			; переходы из 0x405E, 0x406C
40AC:  53D2 0288       INC.B	&0x0288
40B0:  4582 0480       MOV	R5, &0x0480
40B4:  4682 0486       MOV	R6, &0x0486
40B8:  B392 028C       BIT	#1, &0x028C
40BC:  2417            JZ	0x40EC
40BE:  B0B2 0010 027C  BIT	#0x0010, &0x027C
40C4:  2C13            JC	0x40EC
40C6:  B0B2 0010 029C  BIT	#0x0010, &0x029C
40CC:  2C0F            JC	0x40EC
40CE:  D312            SETC
40D0:  62D2 054D 054D  ADDC.B	&0x054D, &0x054D
40D6:  93F2 054D       CMP.B	#-1, &0x054D
40DA:  2006            JNZ	0x40E8
40DC:  D0F2 0040 002B  BIS.B	#0x0040, &P2IFG
40E2:  D0B2 0010 028C  BIS	#0x0010, &0x028C

loc_40E8:			; переходы из 0x40DA
40E8:  C392 028C       BIC	#1, &0x028C

loc_40EC:			; переходы из 0x40BC, 0x40C4, 0x40CC
40EC:  90F2 00FA 0288  CMP.B	#0x00FA, &0x0288
40F2:  2849            JNC	0x4186
40F4:  D0B2 0400 028C  BIS	#0x0400, &0x028C

loc_40FA:			; переходы из 0x3F86, 0x3F8E, 0x3F96
40FA:  43C2 054D       CLR.B	&0x054D
40FE:  4382 0210       CLR	&0x0210
4102:  4382 0212       CLR	&0x0212
4106:  4382 0218       CLR	&0x0218
410A:  4382 021A       CLR	&0x021A
410E:  4382 0240       CLR	&0x0240
4112:  4382 0242       CLR	&0x0242
4116:  4382 02DC       CLR	&0x02DC
411A:  4382 02DE       CLR	&0x02DE
411E:  4382 0248       CLR	&0x0248
4122:  4382 024A       CLR	&0x024A
4126:  4382 05B8       CLR	&0x05B8
412A:  4382 05BA       CLR	&0x05BA
412E:  4382 05C8       CLR	&0x05C8
4132:  4382 05CA       CLR	&0x05CA
4136:  4382 03F4       CLR	&0x03F4
413A:  4382 03F6       CLR	&0x03F6
413E:  4382 0370       CLR	&0x0370
4142:  4382 0372       CLR	&0x0372
4146:  4382 0374       CLR	&0x0374
414A:  4382 03B0       CLR	&0x03B0
414E:  4382 03B2       CLR	&0x03B2
4152:  4382 03B4       CLR	&0x03B4
4156:  4382 03B6       CLR	&0x03B6
415A:  4382 03B8       CLR	&0x03B8
415E:  4382 03BA       CLR	&0x03BA
4162:  43C2 0288       CLR.B	&0x0288
4166:  B0B2 0020 028C  BIT	#0x0020, &0x028C
416C:  2C06            JC	0x417A
416E:  D0B2 0200 027C  BIS	#0x0200, &0x027C
4174:  D0B2 0200 029C  BIS	#0x0200, &0x029C

loc_417A:			; переходы из 0x416C
417A:  D0B2 0060 028C  BIS	#0x0060, &0x028C
4180:  C0B2 0010 028C  BIC	#0x0010, &0x028C

loc_4186:			; переходы из 0x40F2
4186:  4214 014E       MOV	&ADC12MEM7, R4
418A:  4215 0150       MOV	&ADC12MEM8, R5
418E:  4216 0152       MOV	&ADC12MEM9, R6
4192:  5682 0406       ADD	R6, &0x0406
4196:  6382 0404       ADC	&0x0404
419A:  8705            SUB	R7, R5
419C:  8214 038E       SUB	&0x038E, R4
41A0:  8216 038E       SUB	&0x038E, R6
41A4:  E334            INV	R4
41A6:  5314            INC	R4
41A8:  E336            INV	R6
41AA:  5316            INC	R6
41AC:  5406            ADD	R4, R6
41AE:  B035 8000       BIT	#0x8000, R5
41B2:  6292 029E 029E  ADDC	&0x029E, &0x029E
41B8:  90B2 FFFE 029E  CMP	#0xFFFE, &0x029E
41BE:  2084            JNZ	0x42C8
41C0:  B0B2 0400 029C  BIT	#0x0400, &0x029C
41C6:  2404            JZ	0x41D0
41C8:  C0B2 0400 029C  BIC	#0x0400, &0x029C
41CE:  3CC2            JMP	0x4354

loc_41D0:			; переходы из 0x41C6
41D0:  90F2 0030 0298  CMP.B	#0x0030, &0x0298
41D6:  28BE            JNC	0x4354
41D8:  90F2 0070 0298  CMP.B	#0x0070, &0x0298
41DE:  2CBA            JC	0x4354
41E0:  D392 029C       BIS	#1, &0x029C
41E4:  C3A2 029C       BIC	#2, &0x029C
41E8:  90F2 0018 0087  CMP.B	#0x0018, &ADC12MCTL7
41EE:  2402            JZ	0x41F4
41F0:  D3A2 029C       BIS	#2, &0x029C

loc_41F4:			; переходы из 0x41EE
41F4:  B0B2 2000 029C  BIT	#0x2000, &0x029C
41FA:  2C07            JC	0x420A
41FC:  40F2 0018 0087  MOV.B	#0x0018, &ADC12MCTL7
4202:  40F2 0098 0089  MOV.B	#0x0098, &ADC12MCTL9
4208:  3C06            JMP	0x4216

loc_420A:			; переходы из 0x41FA
420A:  40F2 0019 0087  MOV.B	#0x0019, &ADC12MCTL7
4210:  40F2 0099 0089  MOV.B	#0x0099, &ADC12MCTL9

loc_4216:			; переходы из 0x4208
4216:  D3A2 01A0       BIS	#2, &ADC12CTL0
421A:  4292 0220 02E0  MOV	&0x0220, &0x02E0
4220:  4292 0222 02E2  MOV	&0x0222, &0x02E2
4226:  4292 0228 02E4  MOV	&0x0228, &0x02E4
422C:  4292 022A 02E6  MOV	&0x022A, &0x02E6
4232:  4292 0250 02E8  MOV	&0x0250, &0x02E8
4238:  4292 0252 02EA  MOV	&0x0252, &0x02EA
423E:  4292 0404 040C  MOV	&0x0404, &0x040C
4244:  4292 0406 040E  MOV	&0x0406, &0x040E
424A:  4382 0252       CLR	&0x0252
424E:  4382 0250       CLR	&0x0250
4252:  C232            DINT
4254:  4303            CLR	CG
4256:  4582 0132       MOV	R5, &MPYS
425A:  4582 0138       MOV	R5, &OP2
425E:  D232            EINT
4260:  4292 013A 0222  MOV	&RESLO, &0x0222
4266:  4292 013C 0220  MOV	&RESHI, &0x0220
426C:  4382 022A       CLR	&0x022A
4270:  4382 0228       CLR	&0x0228
4274:  4382 0404       CLR	&0x0404
4278:  4382 0406       CLR	&0x0406
427C:  42D2 0298 0299  MOV.B	&0x0298, &0x0299
4282:  43C2 0298       CLR.B	&0x0298
4286:  42D2 0278 028A  MOV.B	&0x0278, &0x028A
428C:  42D2 0288 029A  MOV.B	&0x0288, &0x029A
4292:  B0B2 0020 027C  BIT	#0x0020, &0x027C
4298:  240C            JZ	0x42B2
429A:  B0B2 0020 028C  BIT	#0x0020, &0x028C
42A0:  2408            JZ	0x42B2
42A2:  B0B2 0020 029C  BIT	#0x0020, &0x029C
42A8:  2C04            JC	0x42B2
42AA:  4254 0299       MOV.B	&0x0299, R4
42AE:  5482 02AA       ADD	R4, &0x02AA

loc_42B2:			; переходы из 0x4298, 0x42A0, 0x42A8
42B2:  4292 0490 0494  MOV	&0x0490, &0x0494
42B8:  4292 0496 049A  MOV	&0x0496, &0x049A
42BE:  4582 0492       MOV	R5, &0x0492
42C2:  4682 0498       MOV	R6, &0x0498
42C6:  3C1F            JMP	0x4306

loc_42C8:			; переходы из 0x41BE
42C8:  C232            DINT
42CA:  4303            CLR	CG
42CC:  4582 0132       MOV	R5, &MPYS
42D0:  4682 0138       MOV	R6, &OP2
42D4:  5292 013A 0252  ADD	&RESLO, &0x0252
42DA:  6292 013C 0250  ADDC	&RESHI, &0x0250
42E0:  4582 0138       MOV	R5, &OP2
42E4:  5292 013A 0222  ADD	&RESLO, &0x0222
42EA:  6292 013C 0220  ADDC	&RESHI, &0x0220
42F0:  4682 0132       MOV	R6, &MPYS
42F4:  4682 0138       MOV	R6, &OP2
42F8:  D232            EINT
42FA:  5292 013A 022A  ADD	&RESLO, &0x022A
4300:  6292 013C 0228  ADDC	&RESHI, &0x0228

loc_4306:			; переходы из 0x42C6
4306:  53D2 0298       INC.B	&0x0298
430A:  4582 0490       MOV	R5, &0x0490
430E:  4682 0496       MOV	R6, &0x0496
4312:  B392 029C       BIT	#1, &0x029C
4316:  2417            JZ	0x4346
4318:  B0B2 0010 027C  BIT	#0x0010, &0x027C
431E:  2C13            JC	0x4346
4320:  B0B2 0010 028C  BIT	#0x0010, &0x028C
4326:  2C0F            JC	0x4346
4328:  D312            SETC
432A:  62D2 054E 054E  ADDC.B	&0x054E, &0x054E
4330:  93F2 054E       CMP.B	#-1, &0x054E
4334:  2006            JNZ	0x4342
4336:  D0F2 0040 002B  BIS.B	#0x0040, &P2IFG
433C:  D0B2 0010 029C  BIS	#0x0010, &0x029C

loc_4342:			; переходы из 0x4334
4342:  C392 029C       BIC	#1, &0x029C

loc_4346:			; переходы из 0x4316, 0x431E, 0x4326
4346:  90F2 00FA 0298  CMP.B	#0x00FA, &0x0298
434C:  2849            JNC	0x43E0
434E:  D0B2 0400 029C  BIS	#0x0400, &0x029C

loc_4354:			; переходы из 0x41CE, 0x41D6, 0x41DE
4354:  43C2 054E       CLR.B	&0x054E
4358:  4382 0220       CLR	&0x0220
435C:  4382 0222       CLR	&0x0222
4360:  4382 0228       CLR	&0x0228
4364:  4382 022A       CLR	&0x022A
4368:  4382 0250       CLR	&0x0250
436C:  4382 0252       CLR	&0x0252
4370:  4382 02EC       CLR	&0x02EC
4374:  4382 02EE       CLR	&0x02EE
4378:  4382 0258       CLR	&0x0258
437C:  4382 025A       CLR	&0x025A
4380:  4382 05BC       CLR	&0x05BC
4384:  4382 05BE       CLR	&0x05BE
4388:  4382 05CC       CLR	&0x05CC
438C:  4382 05CE       CLR	&0x05CE
4390:  4382 0404       CLR	&0x0404
4394:  4382 0406       CLR	&0x0406
4398:  4382 0380       CLR	&0x0380
439C:  4382 0382       CLR	&0x0382
43A0:  4382 0384       CLR	&0x0384
43A4:  4382 03C0       CLR	&0x03C0
43A8:  4382 03C2       CLR	&0x03C2
43AC:  4382 03C4       CLR	&0x03C4
43B0:  4382 03C6       CLR	&0x03C6
43B4:  4382 03C8       CLR	&0x03C8
43B8:  4382 03CA       CLR	&0x03CA
43BC:  43C2 0298       CLR.B	&0x0298
43C0:  B0B2 0020 029C  BIT	#0x0020, &0x029C
43C6:  2C06            JC	0x43D4
43C8:  D0B2 0200 027C  BIS	#0x0200, &0x027C
43CE:  D0B2 0200 028C  BIS	#0x0200, &0x028C

loc_43D4:			; переходы из 0x43C6
43D4:  D0B2 0060 029C  BIS	#0x0060, &0x029C
43DA:  C0B2 0010 029C  BIC	#0x0010, &0x029C

loc_43E0:			; переходы из 0x434C
43E0:  D3A2 01A0       BIS	#2, &ADC12CTL0
43E4:  C232            DINT
43E6:  4303            CLR	CG
43E8:  D0B2 0010 0184  BIS	#0x0010, &TBCCTL1
43EE:  D0B2 0010 018E  BIS	#0x0010, &TBCCTL6
43F4:  D0B2 0010 0164  BIS	#0x0010, &TACCTL1
43FA:  D0F2 0040 002D  BIS.B	#0x0040, &P2IE
4400:  41B2 013A       POP	&RESLO
4404:  41B2 013C       POP	&RESHI
4408:  4137            POP	R7
440A:  4136            POP	R6
440C:  4135            POP	R5
440E:  4134            POP	R4
4410:  1300            RETI

; ============================================================
; Функция ISR_PORT2 @ 0x4412   (вызовов: 0)
; ============================================================
4412:  B0F2 0040 002B  BIT.B	#0x0040, &P2IFG
4418:  2421            JZ	0x445C
441A:  C0F2 0040 002B  BIC.B	#0x0040, &P2IFG
4420:  D232            EINT
4422:  B0B2 0010 027C  BIT	#0x0010, &0x027C
4428:  2406            JZ	0x4436
442A:  12B0 4D76       CALL	#0x4D76
442E:  C0B2 0010 027C  BIC	#0x0010, &0x027C
4434:  3C13            JMP	0x445C

loc_4436:			; переходы из 0x4428
4436:  B0B2 0010 028C  BIT	#0x0010, &0x028C
443C:  2406            JZ	0x444A
443E:  12B0 50B4       CALL	#0x50B4
4442:  C0B2 0010 028C  BIC	#0x0010, &0x028C
4448:  3C09            JMP	0x445C

loc_444A:			; переходы из 0x443C
444A:  B0B2 0010 029C  BIT	#0x0010, &0x029C
4450:  2405            JZ	0x445C
4452:  12B0 537E       CALL	#0x537E
4456:  C0B2 0010 029C  BIC	#0x0010, &0x029C

loc_445C:			; переходы из 0x4418, 0x4434, 0x4448, 0x4450
445C:  1300            RETI

; ============================================================
; Функция ISR_TIMERB0 @ 0x445E   (вызовов: 0)
; ============================================================
445E:  1300            RETI

; ============================================================
; Функция ISR_COMPARATOR_A @ 0x4460   (вызовов: 0)
; ============================================================
4460:  1300            RETI

; ============================================================
; Функция ISR_PORT1 @ 0x4462   (вызовов: 0)
; ============================================================
4462:  1300            RETI

; ============================================================
; Функция ISR_RESERVED_DMA @ 0x4464   (вызовов: 0)
; ============================================================
4464:  1300            RETI

; ============================================================
; Функция sub_4466 @ 0x4466   (вызовов: 1)
;   вызывается из: 0xF108
; ============================================================
4466:  120E            PUSH	R14
4468:  120D            PUSH	R13
446A:  120C            PUSH	R12
446C:  120B            PUSH	R11
446E:  120A            PUSH	R10
4470:  403B 00CE       MOV	#0x00CE, R11
4474:  422C            MOV	#4, R12
4476:  403D 00B7       MOV	#0x00B7, R13
447A:  403A 0005       MOV	#0x0005, R10

loc_447E:			; переходы из 0x449C
447E:  4D4E            MOV.B	R13, R14
4480:  4C4D            MOV.B	R12, R13
4482:  4B4C            MOV.B	R11, R12
4484:  EF7E            XOR.B	@R15+, R14
4486:  120E            PUSH	R14
4488:  5E0E            RLA	R14
448A:  512E            ADD	@SP, R14
448C:  417B            POP.B	R11
448E:  EE5D 4504       XOR.B	17668(R14), R13
4492:  EE5C 4503       XOR.B	17667(R14), R12
4496:  4E5B 4502       MOV.B	17666(R14), R11
449A:  831A            DEC	R10
449C:  23F0            JNZ	0x447E
449E:  823F            SUB	#8, R15
44A0:  4F0E            MOV	R15, R14
44A2:  B392 066C       BIT	#1, &0x066C
44A6:  2C07            JC	0x44B6
44A8:  4BC2 0648       MOV.B	R11, &0x0648
44AC:  4CC2 0649       MOV.B	R12, &0x0649
44B0:  4DC2 064A       MOV.B	R13, &0x064A
44B4:  3C1F            JMP	0x44F4

loc_44B6:			; переходы из 0x44A6
44B6:  9F7B            CMP.B	@R15+, R11
44B8:  2005            JNZ	0x44C4
44BA:  9F7C            CMP.B	@R15+, R12
44BC:  2003            JNZ	0x44C4
44BE:  9F7D            CMP.B	@R15+, R13
44C0:  2001            JNZ	0x44C4
44C2:  3C18            JMP	0x44F4

loc_44C4:			; переходы из 0x44B8, 0x44BC, 0x44C0
44C4:  4E0F            MOV	R14, R15
44C6:  E33B            INV	R11
44C8:  9F7B            CMP.B	@R15+, R11
44CA:  2013            JNZ	0x44F2
44CC:  E33C            INV	R12
44CE:  9F7C            CMP.B	@R15+, R12
44D0:  2010            JNZ	0x44F2
44D2:  E33D            INV	R13
44D4:  9F7D            CMP.B	@R15+, R13
44D6:  200D            JNZ	0x44F2
44D8:  4292 0630 08A0  MOV	&0x0630, &0x08A0
44DE:  4292 0632 08A2  MOV	&0x0632, &0x08A2
44E4:  4292 0634 08A4  MOV	&0x0634, &0x08A4
44EA:  4292 0636 08A6  MOV	&0x0636, &0x08A6
44F0:  3C01            JMP	0x44F4

loc_44F2:			; переходы из 0x44CA, 0x44D0, 0x44D6
44F2:  531A            INC	R10

loc_44F4:			; переходы из 0x44B4, 0x44C2, 0x44F0
44F4:  930A            TST	R10
44F6:  413A            POP	R10
44F8:  413B            POP	R11
44FA:  413C            POP	R12
44FC:  413D            POP	R13
44FE:  413E            POP	R14
4500:  4130            RET
4502:  .word 0000                                     |..|
4504:  FB00            AND	R11, PC
4506:  864C            SUB.B	R6, R12
4508:  D50D            BIS	R5, R13
450A:  F68A 0C99       AND	R6, 3225(R10)
450E:  E6E1 1A93       XOR.B	@R6, 6803(SP)
4512:  .word 15AA                                     |..|
4514:  33EC            JN	0x44EE
4516:  .word 1719                                     |..|
4518:  9F7F            CMP.B	@R15+, R15
451A:  8139            SUB	@SP+, R9
451C:  C2A1 27CD       BIC	#4, 10189(SP)
4520:  5434            ADD	@R4+, R4
4522:  CF2B            BIC	@R15, R11
4524:  AD18 67D8       DADD	26584(R13), R8
4528:  2332            JNZ	0x438E
452A:  B42B            BIT	@R4, R11
452C:  B2D5 2EB8 3EFE  BIT.B	&0x2EB8, 16126(R5)
4532:  4E89 72C5       MOV	R14, 29381(R9)
4536:  4302            CLR	SR
4538:  9B84 7F4F       CMP	R11, 32591(R4)
453C:  C9D7 A868 9356  BIC.B	-22424(R9), -27818(R7)
4542:  D0E4 7D65       BIS.B	@PC, 32101(R4)
4546:  9EDC 5A31 CFB0  CMP.B	23089(R14), -12368(R12)
454C:  4B64            MOV.B	@R11, R4
454E:  E283 1ABD       XOR	SR, 6845(CG)
4552:  46EE 6856       MOV.B	@R6, 26710(R14)
4556:  2951            JNC	0x47FA
4558:  AAF7 7165       DADD.B	@R10+, 29029(R7)
455C:  FC5C A77D       AND.B	-22659(R12), R12
4560:  FBB0 D1E9       AND	@R11+, 0x174D
4564:  120C            PUSH	R12
4566:  8A9D 04E4 1F86  SUB	1252(R10), 8070(R13)
456C:  .word 0048                                     |H.|
456E:  3708            JGE	0x4380
4570:  F39F 197B       AND	#1, 6523(R15)
4574:  E205            XOR	SR, R5
4576:  FE15 93AE       AND	-27730(R14), R5
457A:  50D0 2BAD 2B1C  ADD.B	0x712B, 0x709C
4580:  85DD 2627 A1C9  SUB.B	9767(R5), -24119(R13)
4586:  B631            BIT	@R6+, SP
4588:  CA3E            BIC	@R10+, R14
458A:  B8FA 633C       BIT.B	@R8+, 25404(R10)
458E:  C7B4 322F       BIC	@R7+, 12847(R4)
4592:  9F60            CMP.B	@R15, PC
4594:  9BC9 4FD3       CMP.B	R11, 20435(R9)
4598:  4A6D            MOV.B	@R10, R13
459A:  9643            CMP.B	R6, CG
459C:  C506            BIC	R5, R6
459E:  7981 7A5A       SUBC	R9, 31322(SP)
45A2:  DC35            BIS	@R12+, R5
45A4:  AC8C 77D0       DADD	R12, 30672(R12)
45A8:  56E0 1E59       ADD.B	@R6, 0x6405
45AC:  A268            DADD.B	#4, R8
45AE:  EE52 CB54       XOR.B	-13484(R14), SR
45B2:  AFE2 6487       DADD.B	@R15, &0x6487
45B6:  F8B8 43FB       AND	@R8+, 17403(R8)
45BA:  7DB4 2DB5       SUBC	@R13+, 11701(R4)
45BE:  4E71            MOV.B	@R14+, SP
45C0:  F761            AND.B	@R7, SP
45C2:  A3D2 2919       DADD.B	#1, &0x2919
45C6:  9FEF 76DF       CMP.B	@R15, 30431(R15)
45CA:  2493            JZ	0x46F2
45CC:  .word 153A                                     |:.|
45CE:  4533            MOV	@R5+, CG
45D0:  C88A 0C09       BIC	R8, 3081(R10)
45D4:  903E C500       CMP	#0xC500, R14
45D8:  86DC 22EB 10B8  SUB.B	8939(R6), 4280(R12)
45DE:  3E6E            JMP	0x42BC
45E0:  F7E6 1D32       AND.B	@R7, 7474(R6)
45E4:  B4BB C40A       BIT	@R4+, -15350(R11)
45E8:  F12B            AND	@SP, R11
45EA:  AD88 1107       DADD	R13, 4359(R8)
45EE:  FCA1 275D       AND	@R12, 10077(SP)
45F2:  ED5B A0DC       XOR.B	-24356(R13), R11
45F6:  5AA1 3856       ADD	@R10, 14422(SP)
45FA:  AD56 D074       DADD.B	-12172(R13), R6
45FE:  .word 0BBA                                     |..|
4600:  414F            MOV.B	SP, R15
4602:  C947            BIC.B	R9, R7
4604:  DEB7 4CC5       BIS	@R14+, 19653(R7)
4608:  4392 6C62       MOV	#1, &0x6C62
460C:  997D            CMP.B	@R9+, R13
460E:  FB20            AND	@R11, PC
4610:  B96F            BIT.B	@R9, R15
4612:  94F7 71F5       CMP.B	@R4+, 29173(R7)
4616:  8A83 78EE       SUB	R10, 30958(CG)
461A:  68C6 5F8E       ADDC.B	R8, 24462(R6)
461E:  7564            SUBC.B	@R5, R4
4620:  E213 723B       XOR	&0x723B, CG
4624:  C015 933E       BIC	0xD966, R5
4628:  A736            DADD	@R7+, R6
462A:  CD9F 19EB 94DA  BIC	6635(R13), -27430(R15)
4630:  2186            JNZ	0x493E
4632:  .word 00D8                                     |..|
4634:  41D7 2C0C 8A0D  MOV.B	11276(SP), -30195(R7)
463A:  F302            AND	#0, SR
463C:  F9B4 32BF       AND	@R9+, 12991(R4)
4640:  260F            JZ	0x4260
4642:  F43E            AND	@R4+, R14
4644:  B86A            BIT.B	@R8, R10
4646:  .word 15E3 1827                                |..'.|
464A:  A159 C0EE       DADD.B	-16146(SP), R9
464E:  .word 15AD                                     |..|
4650:  2B8C            JNC	0x456A
4652:  3CB2            JMP	0x47B8
4654:  49D0 5670 E9BF  MOV.B	22128(R9), 0x3019
465A:  445A DCA5       MOV.B	-9051(R4), R10
465E:  DA53 A843       BIS.B	-22461(R10), CG
4662:  C596 0F5E A5C9  BIC	3934(R5), -23095(R6)
4668:  4F43            MOV.B	R15, CG
466A:  BD8B 7071       BIT	R13, 28785(R11)
466E:  F7F1 6886       AND.B	@R7+, 26758(SP)
4672:  7DFB 7D24       SUBC.B	@R13+, 32036(R11)
4676:  5B6A            ADD.B	@R11, R10
4678:  91E2 6417       CMP.B	@SP, &0x6417
467C:  8E67            SUB.B	@R14, R7
467E:  9C68            CMP.B	@R12, R8
4680:  EEC2 47A4       XOR.B	R14, &0x47A4
4684:  5F33            ADD	@R15+, CG
4686:  B50B            BIT	R5, R11
4688:  92A9 52B9       CMP	#4, 21177(R9)
468C:  3FDE            JMP	0x464A
468E:  A145            DADD.B	SP, R5
4690:  BEA0 26ED       BIT	@R14, 0x6D81
4694:  7448            SUBC.B	R4, R8
4696:  B32A            BIT	#2, R10
4698:  AC38            DADD	@R12+, R8
469A:  C69D 6692 148A  BIC	26258(R6), 5258(R13)
46A0:  .word 1390                                     |..|
46A2:  6B18 9E5F       ADDC	-24993(R11), R8
46A6:  207C            JNZ	0x47A0
46A8:  8701            SUB	R7, SP
46AA:  876C            SUB.B	@R7, R12
46AC:  F571            AND.B	@R5+, SP
46AE:  8A8B 0DB9       SUB	R10, 3513(R11)
46B2:  .word 092D                                     |-.|
46B4:  D6F6 7045       BIS.B	@R6+, 28741(R6)
46B8:  DC20            BIS	@R12, PC
46BA:  DB7C            BIS.B	@R11+, R12
46BC:  FA90 EFCC 3765  AND	-4148(R10), 0x7E27
46C2:  E3A3 3AC1       XOR	#2, 15041(CG)
46C6:  3AEF            JL	0x44A6
46C8:  6976            ADDC.B	@R9+, R6
46CA:  8814 EF57       SUB	-4265(R8), R4
46CE:  D1C4 5D19       BIS.B	SP, 23833(R4)
46D2:  E2DD 5B11 6EF5  XOR.B	&0x5B11, 28405(R13)
46D8:  .word 0EC4                                     |..|
46DA:  4222            MOV	#4, SR
46DC:  BBF8 034E       BIT.B	@R11+, 846(R8)
46E0:  C8F7 964D       BIC.B	@R8+, -27059(R7)
46E4:  B63F            BIT	@R6+, R15
46E6:  B9DA 4340 BBB5  BIT.B	17216(R9), -17483(R10)
46EC:  330F            JN	0x450C
46EE:  70AC 57AC       SUBC	@PC, 22444(R12)
46F2:  2A3C            JNC	0x436C
46F4:  A5A1 5A26       DADD	@R5, 23078(SP)
46F8:  A0E9 1774       DADD.B	@PC, 6004(R9)
46FC:  8F9E 185B C279  SUB	6235(R15), -15751(R14)
4702:  8214 928E       SUB	&0x928E, R4
4706:  F195 6E0D 8BBD  AND	28173(SP), -29763(R5)
470C:  2498            JZ	0x483E
470E:  6387 0168       ADC	360(R7)
4712:  D8C4 3FFA       BIS.B	R8, 16378(R4)
4716:  7C94 0DC9 3270  SUBC	3529(R12), 12912(R4)
471C:  F641            AND.B	R6, SP
471E:  3E25            JMP	0x436A
4720:  DE69            BIS.B	@R14, R9
4722:  EF72            XOR.B	@R15+, SR
4724:  EB28            XOR	@R11, R8
4726:  D3E3 65A7       BIS.B	#2, 26023(CG)
472A:  59FD 065B       ADD.B	@R9+, 1627(R13)
472E:  DD15 8CF0       BIS	-29456(R13), R5
4732:  .word 0BD1                                     |..|
4734:  57C0 BF1C       ADD.B	R7, 0x0654
4738:  E7C8 4EF3       XOR.B	R7, 20211(R8)
473C:  6A11 EA42       ADDC	-5566(R10), SP
4740:  C426            BIC	@R4, R6
4742:  E476            XOR.B	@R4+, R6
4744:  8D2A            SUB	@R13, R10
4746:  ACA8 317B       DADD	@R12, 12667(R8)
474A:  80A0 267D       SUB	@PC, 0x6DCB
474E:  .word 0297                                     |..|
4750:  6CB9 3F4E       ADDC	@R12+, 16206(R9)
4754:  D79A 6133 B59B  BIS	24883(R7), -19045(R10)
475A:  654F            ADDC.B	R5, R15
475C:  B48B 0D29       BIT	R4, 3369(R11)
4760:  B042            BIT.B	PC, SR
4762:  B901            BIT	R9, SP
4764:  87FC 83AE       SUB.B	@R7+, -31826(R12)
4768:  5518 9ECF       ADD	-24881(R5), R8
476C:  56A3 5892       ADD	@R6, 22674(CG)
4770:  .word 141A                                     |..|
4772:  AAFF 04EF       DADD.B	@R10+, 1263(R15)
4776:  69E6 7FF2       ADDC.B	@R9, 32754(R6)
477A:  .word 0965                                     |e.|
477C:  E333            INV	CG
477E:  4C1E E57C       MOV	-6788(R12), R14
4782:  FA00            AND	R10, PC
4784:  9913 E8F6       CMP	-5898(R9), CG
4788:  70D5 2BC6 3D4E  SUBC.B	0x7352, 15694(R5)
478E:  C867            BIC.B	@R8, R7
4790:  FECB 30C4       AND.B	R14, 12484(R11)
4794:  42B2 CD27       MOV	#8, &0xCD27
4798:  DCDD 5B81 182A  BIS.B	23425(R12), 6186(R13)
479E:  D157 D154       BIS.B	-11948(SP), R7
47A2:  359F            JGE	0x4AE2
47A4:  6426            ADDC	@R4, R6
47A6:  A079 E092       DADD.B	#0x0092, R9
47AA:  69AC 2AAC       ADDC	@R9, 10924(R12)
47AE:  D37E            BIS.B	#-1, R14
47B0:  85B5 339F       SUB	@R5+, 13215(R5)
47B4:  .word 0673                                     |s.|
47B6:  883F            SUB	@R8+, R15
47B8:  B94A            BIT.B	R9, R10
47BA:  B4A6 5D87       BIT	@R4, 23943(R6)
47BE:  .word 01F8                                     |..|
47C0:  61AB 500D       ADDC	@SP, 20493(R11)
47C4:  8B2D            SUB	@R11, R13
47C6:  5247            ADD.B	SR, R7
47C8:  BC14 921E       BIT	-28130(R12), R4
47CC:  874A            SUB.B	R7, R10
47CE:  B19E 18CB 7B16  BIT	6347(SP), 31510(R14)
47D4:  EDE3 6537       XOR.B	@R13, 25911(CG)
47D8:  AE1B E069       DADD	-8087(R14), R11
47DC:  EFE2 9DF7       XOR.B	@R15, &0x9DF7
47E0:  .word 0C70                                     |p.|
47E2:  F6D1 48FA 01FA  AND.B	18682(R6), 506(SP)
47E8:  7C04            SUBC	R12, R4
47EA:  FA2F            AND	@R10, R15
47EC:  D442            BIS.B	R4, SR
47EE:  C4B6 2F22       BIC	@R4+, 12066(R6)
47F2:  D9C8 4E63       BIS.B	R9, 20067(R8)
47F6:  .word 1CCE                                     |..|
47F8:  35D1            JGE	0x4B9C
47FA:  5750 C9C3       ADD.B	-13885(R7), PC
47FE:  385B            JL	0x48B6
4800:  DD85 120F       BIS	R13, 4623(R5)
4804:  425F 04A7       MOV.B	&0x04A7, R15
4808:  F03F 00BF       AND	#0x00BF, R15
480C:  930F            TST	R15
480E:  2056            JNZ	0x48BC
4810:  B3D2 00D5       BIT.B	#1, &UCA1STAT
4814:  2C53            JC	0x48BC
4816:  12B0 C726       CALL	#0xC726
481A:  B2B2 04F0       BIT	#8, &0x04F0
481E:  2C2B            JC	0x4876
4820:  425F 04E0       MOV.B	&0x04E0, R15
4824:  F03F 000F       AND	#0x000F, R15
4828:  903F 0006       CMP	#0x0006, R15
482C:  2801            JNC	0x4830
482E:  3C23            JMP	0x4876

loc_4830:			; переходы из 0x482C
4830:  C0F2 0040 04A7  BIC.B	#0x0040, &0x04A7
4836:  B0F2 0080 04E0  BIT.B	#0x0080, &0x04E0
483C:  2403            JZ	0x4844
483E:  D0F2 0040 04A7  BIS.B	#0x0040, &0x04A7

loc_4844:			; переходы из 0x483C
4844:  4FD2 FB18 00D2  MOV.B	-1256(R15), &UCA1BR0
484A:  4FD2 FB1E 00D3  MOV.B	-1250(R15), &UCA1BR1
4850:  4FD2 FB24 042F  MOV.B	-1244(R15), &0x042F
4856:  425F 04E0       MOV.B	&0x04E0, R15
485A:  F03F 0030       AND	#0x0030, R15
485E:  930F            TST	R15
4860:  2407            JZ	0x4870
4862:  903F 0010       CMP	#0x0010, R15
4866:  2413            JZ	0x488E
4868:  40F2 00C0 00D0  MOV.B	#0x00C0, &UCA1CTL0
486E:  3C12            JMP	0x4894

loc_4870:			; переходы из 0x4860
4870:  43C2 00D0       CLR.B	&UCA1CTL0
4874:  3C0F            JMP	0x4894

loc_4876:			; переходы из 0x481E, 0x482E
4876:  40F2 00C4 00D2  MOV.B	#0x00C4, &UCA1BR0
487C:  40F2 0009 00D3  MOV.B	#0x0009, &UCA1BR1
4882:  40F2 0014 042F  MOV.B	#0x0014, &0x042F
4888:  C0F2 0040 04A7  BIC.B	#0x0040, &0x04A7

loc_488E:			; переходы из 0x4866
488E:  40F2 0080 00D0  MOV.B	#0x0080, &UCA1CTL0

loc_4894:			; переходы из 0x486E, 0x4874
4894:  12B0 C74C       CALL	#0xC74C
4898:  B0B2 0040 04F0  BIT	#0x0040, &0x04F0
489E:  2C03            JC	0x48A6
48A0:  93C2 04E0       TST.B	&0x04E0
48A4:  2003            JNZ	0x48AC

loc_48A6:			; переходы из 0x489E
48A6:  43D2 02A8       MOV.B	#1, &0x02A8
48AA:  3C03            JMP	0x48B2

loc_48AC:			; переходы из 0x48A4
48AC:  42D2 04E0 02A8  MOV.B	&0x04E0, &0x02A8

loc_48B2:			; переходы из 0x48AA
48B2:  C0B2 0010 04F6  BIC	#0x0010, &0x04F6
48B8:  D3D2 0006       BIS.B	#1, &UC1IE

loc_48BC:			; переходы из 0x480E, 0x4814
48BC:  413F            POP	R15
48BE:  4130            RET

; ============================================================
; Функция sub_48C0 @ 0x48C0   (вызовов: 2)
;   вызывается из: 0x16C2, 0x21CA
; ============================================================
48C0:  120F            PUSH	R15
48C2:  425F 082B       MOV.B	&0x082B, R15
48C6:  F03F 00BF       AND	#0x00BF, R15
48CA:  930F            TST	R15
48CC:  2055            JNZ	0x4978
48CE:  B3D2 0065       BIT.B	#1, &UCA0STAT
48D2:  2C52            JC	0x4978
48D4:  12B0 C628       CALL	#0xC628
48D8:  B0B2 0800 04F2  BIT	#0x0800, &0x04F2
48DE:  2C2B            JC	0x4936
48E0:  425F 04E0       MOV.B	&0x04E0, R15
48E4:  F03F 000F       AND	#0x000F, R15
48E8:  903F 0006       CMP	#0x0006, R15
48EC:  2801            JNC	0x48F0
48EE:  3C23            JMP	0x4936

loc_48F0:			; переходы из 0x48EC
48F0:  C0F2 0040 082B  BIC.B	#0x0040, &0x082B
48F6:  B0F2 0080 04E0  BIT.B	#0x0080, &0x04E0
48FC:  2403            JZ	0x4904
48FE:  D0F2 0040 082B  BIS.B	#0x0040, &0x082B

loc_4904:			; переходы из 0x48FC
4904:  4FD2 FB18 0062  MOV.B	-1256(R15), &UCA0BR0
490A:  4FD2 FB1E 0063  MOV.B	-1250(R15), &UCA0BR1
4910:  4FD2 FB24 082C  MOV.B	-1244(R15), &0x082C
4916:  425F 04E0       MOV.B	&0x04E0, R15
491A:  F03F 0030       AND	#0x0030, R15
491E:  930F            TST	R15
4920:  2407            JZ	0x4930
4922:  903F 0010       CMP	#0x0010, R15
4926:  2413            JZ	0x494E
4928:  40F2 00C0 0060  MOV.B	#0x00C0, &UCA0CTL0
492E:  3C12            JMP	0x4954

loc_4930:			; переходы из 0x4920
4930:  43C2 0060       CLR.B	&UCA0CTL0
4934:  3C0F            JMP	0x4954

loc_4936:			; переходы из 0x48DE, 0x48EE
4936:  40F2 00C4 0062  MOV.B	#0x00C4, &UCA0BR0
493C:  40F2 0009 0063  MOV.B	#0x0009, &UCA0BR1
4942:  40F2 0014 082C  MOV.B	#0x0014, &0x082C
4948:  C0F2 0040 082B  BIC.B	#0x0040, &0x082B

loc_494E:			; переходы из 0x4926
494E:  40F2 0080 0060  MOV.B	#0x0080, &UCA0CTL0

loc_4954:			; переходы из 0x492E, 0x4934
4954:  B0B2 0800 04F2  BIT	#0x0800, &0x04F2
495A:  2C03            JC	0x4962
495C:  93C2 04E1       TST.B	&0x04E1
4960:  2003            JNZ	0x4968

loc_4962:			; переходы из 0x495A
4962:  43D2 082E       MOV.B	#1, &0x082E
4966:  3C03            JMP	0x496E

loc_4968:			; переходы из 0x4960
4968:  42D2 04E1 082E  MOV.B	&0x04E1, &0x082E

loc_496E:			; переходы из 0x4966
496E:  C0B2 0020 04F6  BIC	#0x0020, &0x04F6
4974:  D3D2 0001       BIS.B	#1, &IE2

loc_4978:			; переходы из 0x48CC, 0x48D2
4978:  413F            POP	R15
497A:  4130            RET

; ============================================================
; Функция sub_497C @ 0x497C   (вызовов: 1)
;   вызывается из: 0x2318
; ============================================================
497C:  120F            PUSH	R15
497E:  D0F2 0010 0022  BIS.B	#0x0010, &P1DIR
4984:  403F 004D       MOV	#0x004D, R15

loc_4988:			; переходы из 0x498A
4988:  831F            DEC	R15
498A:  23FE            JNZ	0x4988
498C:  B3D2 005A       BIT.B	#1, &CACTL2
4990:  2C05            JC	0x499C
4992:  D3A2 087A       BIS	#2, &0x087A
4996:  D392 04F2       BIS	#1, &0x04F2
499A:  3C02            JMP	0x49A0

loc_499C:			; переходы из 0x4990
499C:  C392 04F2       BIC	#1, &0x04F2

loc_49A0:			; переходы из 0x499A
49A0:  C0F2 0010 0022  BIC.B	#0x0010, &P1DIR
49A6:  413F            POP	R15
49A8:  4130            RET

; ============================================================
; Функция sub_49AA @ 0x49AA   (вызовов: 1)
;   вызывается из: 0x203E
; ============================================================
49AA:  D2A2 066C       BIS	#4, &0x066C
49AE:  B0F2 0020 0028  BIT.B	#0x0020, &P2IN
49B4:  2408            JZ	0x49C6
49B6:  B0B2 1000 04F2  BIT	#0x1000, &0x04F2
49BC:  2C04            JC	0x49C6
49BE:  C0B2 0100 08B8  BIC	#0x0100, &0x08B8
49C4:  3C03            JMP	0x49CC

loc_49C6:			; переходы из 0x49B4, 0x49BC
49C6:  D0B2 0100 08B8  BIS	#0x0100, &0x08B8

loc_49CC:			; переходы из 0x49C4
49CC:  83D2 04AD       DEC.B	&0x04AD
49D0:  2011            JNZ	0x49F4
49D2:  D0B2 1000 04F4  BIS	#0x1000, &0x04F4
49D8:  C0B2 0040 04F2  BIC	#0x0040, &0x04F2
49DE:  40F2 0007 04AD  MOV.B	#0x0007, &0x04AD
49E4:  D0F2 0020 04AC  BIS.B	#0x0020, &0x04AC
49EA:  40F2 000A 03CF  MOV.B	#0x000A, &0x03CF
49F0:  D3E2 083E       BIS.B	#2, &0x083E

loc_49F4:			; переходы из 0x49D0
49F4:  93C2 02A2       TST.B	&0x02A2
49F8:  240E            JZ	0x4A16
49FA:  83D2 02A2       DEC.B	&0x02A2
49FE:  200E            JNZ	0x4A1C
4A00:  C0F2 0031 039F  BIC.B	#0x0031, &0x039F
4A06:  43C2 03BC       CLR.B	&0x03BC
4A0A:  43C2 03BD       CLR.B	&0x03BD
4A0E:  43C2 03BE       CLR.B	&0x03BE
4A12:  43E2 083C       MOV.B	#2, &0x083C

loc_4A16:			; переходы из 0x49F8
4A16:  D0F2 0040 039F  BIS.B	#0x0040, &0x039F

loc_4A1C:			; переходы из 0x49FE
4A1C:  B0F2 0040 039F  BIT.B	#0x0040, &0x039F
4A22:  2408            JZ	0x4A34
4A24:  93C2 02A0       TST.B	&0x02A0
4A28:  2403            JZ	0x4A30
4A2A:  83D2 02A0       DEC.B	&0x02A0
4A2E:  2002            JNZ	0x4A34

loc_4A30:			; переходы из 0x4A28
4A30:  D2E2 039F       BIS.B	#4, &0x039F

loc_4A34:			; переходы из 0x4A22, 0x4A2E
4A34:  93C2 0838       TST.B	&0x0838
4A38:  2403            JZ	0x4A40
4A3A:  83D2 0838       DEC.B	&0x0838
4A3E:  2003            JNZ	0x4A46

loc_4A40:			; переходы из 0x4A38
4A40:  C0F2 0003 0835  BIC.B	#0x0003, &0x0835

loc_4A46:			; переходы из 0x4A3E
4A46:  93C2 02A1       TST.B	&0x02A1
4A4A:  2403            JZ	0x4A52
4A4C:  83D2 02A1       DEC.B	&0x02A1
4A50:  2003            JNZ	0x4A58

loc_4A52:			; переходы из 0x4A4A
4A52:  C0F2 0003 04FF  BIC.B	#0x0003, &0x04FF

loc_4A58:			; переходы из 0x4A50
4A58:  B0F2 0080 04FC  BIT.B	#0x0080, &0x04FC
4A5E:  2C08            JC	0x4A70
4A60:  93C2 02A3       TST.B	&0x02A3
4A64:  2403            JZ	0x4A6C
4A66:  83D2 02A3       DEC.B	&0x02A3
4A6A:  2002            JNZ	0x4A70

loc_4A6C:			; переходы из 0x4A64
4A6C:  D2F2 039F       BIS.B	#8, &0x039F

loc_4A70:			; переходы из 0x4A5E, 0x4A6A
4A70:  4130            RET

; ============================================================
; Функция sub_4A72 @ 0x4A72   (вызовов: 4)
;   вызывается из: 0x29BA, 0x29E0, 0x2A10, 0x2A2E
; ============================================================
4A72:  42D5 0500 0000  MOV.B	&0x0500, 0(R5)
4A78:  42D5 0501 0001  MOV.B	&0x0501, 1(R5)
4A7E:  42D5 0502 0002  MOV.B	&0x0502, 2(R5)
4A84:  42D5 0504 0003  MOV.B	&0x0504, 3(R5)
4A8A:  42D5 0505 0004  MOV.B	&0x0505, 4(R5)
4A90:  42D5 0506 0005  MOV.B	&0x0506, 5(R5)
4A96:  40B5 F0F0 0006  MOV	#0xF0F0, 6(R5)
4A9C:  E5A5 0006       XOR	@R5, 6(R5)
4AA0:  E595 0002 0006  XOR	2(R5), 6(R5)
4AA6:  E595 0004 0006  XOR	4(R5), 6(R5)
4AAC:  4130            RET
4AAE:  2932            JNC	0x4D14
4AB0:  3132            JN	0x4D16
4AB2:  3132            JN	0x4D18
4AB4:  3232            JN	0x471A
4AB6:  1031            RRC	@SP+
4AB8:  1211 1413       PUSH	5139(SP)
4ABC:  3215            JN	0x46E8
4ABE:  3231            JN	0x4722

; ============================================================
; Функция sub_4AC0 @ 0x4AC0   (вызовов: 8)
;   вызывается из: 0x4E14, 0x4E66, 0x4FD2, 0x5154, 0x52C8, 0x5544, 0x593A, 0x6108
; ============================================================
4AC0:  1209            PUSH	R9
4AC2:  120A            PUSH	R10
4AC4:  120B            PUSH	R11
4AC6:  120C            PUSH	R12
4AC8:  120D            PUSH	R13
4ACA:  120E            PUSH	R14
4ACC:  4219 0302       MOV	&0x0302, R9
4AD0:  421A 0300       MOV	&0x0300, R10
4AD4:  421B 0306       MOV	&0x0306, R11
4AD8:  430C            CLR	R12
4ADA:  403E 0011       MOV	#0x0011, R14

loc_4ADE:			; переходы из 0x4AEE
4ADE:  9B0A            CMP	R11, R10
4AE0:  2801            JNC	0x4AE4
4AE2:  8B0A            SUB	R11, R10

loc_4AE4:			; переходы из 0x4AE0, 0x4AF4
4AE4:  6C0C            RLC	R12
4AE6:  831E            DEC	R14
4AE8:  2406            JZ	0x4AF6
4AEA:  5909            RLA	R9
4AEC:  6A0A            RLC	R10
4AEE:  2BF7            JNC	0x4ADE
4AF0:  8B0A            SUB	R11, R10
4AF2:  D312            SETC
4AF4:  3FF7            JMP	0x4AE4

loc_4AF6:			; переходы из 0x4AE8
4AF6:  4382 0308       CLR	&0x0308
4AFA:  4C82 030A       MOV	R12, &0x030A
4AFE:  413E            POP	R14
4B00:  413D            POP	R13
4B02:  413C            POP	R12
4B04:  413B            POP	R11
4B06:  413A            POP	R10
4B08:  4139            POP	R9
4B0A:  4130            RET

; ============================================================
; Функция sub_4B0C @ 0x4B0C   (вызовов: 9)
;   вызывается из: 0x4B90, 0x5784, 0x6074, 0x68BC, 0x69F8, 0x78FC, 0xBC56, 0xBC88, 0xDB00
; ============================================================
4B0C:  1209            PUSH	R9
4B0E:  120A            PUSH	R10
4B10:  120B            PUSH	R11
4B12:  120C            PUSH	R12
4B14:  120D            PUSH	R13
4B16:  120E            PUSH	R14
4B18:  120F            PUSH	R15
4B1A:  4219 0302       MOV	&0x0302, R9
4B1E:  421A 0300       MOV	&0x0300, R10
4B22:  421B 0306       MOV	&0x0306, R11
4B26:  403F 0020       MOV	#0x0020, R15
4B2A:  430E            CLR	R14
4B2C:  430C            CLR	R12
4B2E:  430D            CLR	R13

loc_4B30:			; переходы из 0x4B42
4B30:  5909            RLA	R9
4B32:  6A0A            RLC	R10
4B34:  6E0E            RLC	R14
4B36:  9B0E            CMP	R11, R14
4B38:  2801            JNC	0x4B3C
4B3A:  8B0E            SUB	R11, R14

loc_4B3C:			; переходы из 0x4B38
4B3C:  6C0C            RLC	R12
4B3E:  6D0D            RLC	R13
4B40:  831F            DEC	R15
4B42:  23F6            JNZ	0x4B30
4B44:  4D82 0308       MOV	R13, &0x0308
4B48:  4C82 030A       MOV	R12, &0x030A
4B4C:  4E82 030E       MOV	R14, &0x030E
4B50:  413F            POP	R15
4B52:  413E            POP	R14
4B54:  413D            POP	R13
4B56:  413C            POP	R12
4B58:  413B            POP	R11
4B5A:  413A            POP	R10
4B5C:  4139            POP	R9
4B5E:  4130            RET

; ============================================================
; Функция sub_4B60 @ 0x4B60   (вызовов: 4)
;   вызывается из: 0x5632, 0x6252, 0x6C4C, 0x6D66
; ============================================================
4B60:  4382 0310       CLR	&0x0310
4B64:  9382 0300       TST	&0x0300
4B68:  340A            JGE	0x4B7E
4B6A:  E3B2 0300       INV	&0x0300
4B6E:  E3B2 0302       INV	&0x0302
4B72:  5392 0302       INC	&0x0302
4B76:  6382 0300       ADC	&0x0300
4B7A:  E3B2 0310       INV	&0x0310

loc_4B7E:			; переходы из 0x4B68
4B7E:  9382 0306       TST	&0x0306
4B82:  3406            JGE	0x4B90
4B84:  E3B2 0306       INV	&0x0306
4B88:  5392 0306       INC	&0x0306
4B8C:  E3B2 0310       INV	&0x0310

loc_4B90:			; переходы из 0x4B82
4B90:  12B0 4B0C       CALL	#0x4B0C
4B94:  9382 0310       TST	&0x0310
4B98:  2408            JZ	0x4BAA
4B9A:  E3B2 0308       INV	&0x0308
4B9E:  E3B2 030A       INV	&0x030A
4BA2:  5392 030A       INC	&0x030A
4BA6:  6382 0308       ADC	&0x0308

loc_4BAA:			; переходы из 0x4B98
4BAA:  4130            RET

; ============================================================
; Функция sub_4BAC @ 0x4BAC   (вызовов: 2)
;   вызывается из: 0x57EE, 0x5874
; ============================================================
4BAC:  1207            PUSH	R7
4BAE:  1208            PUSH	R8
4BB0:  1209            PUSH	R9
4BB2:  120A            PUSH	R10
4BB4:  120B            PUSH	R11
4BB6:  120C            PUSH	R12
4BB8:  120D            PUSH	R13
4BBA:  120F            PUSH	R15
4BBC:  4218 0300       MOV	&0x0300, R8
4BC0:  4217 0302       MOV	&0x0302, R7
4BC4:  480C            MOV	R8, R12
4BC6:  470B            MOV	R7, R11
4BC8:  4308            CLR	R8
4BCA:  4307            CLR	R7
4BCC:  430A            CLR	R10
4BCE:  4309            CLR	R9
4BD0:  403F 0020       MOV	#0x0020, R15
4BD4:  D312            SETC

loc_4BD6:			; переходы из 0x4BFA
4BD6:  6707            RLC	R7
4BD8:  6808            RLC	R8
4BDA:  8709            SUB	R7, R9
4BDC:  780A            SUBC	R8, R10
4BDE:  2C03            JC	0x4BE6
4BE0:  5709            ADD	R7, R9
4BE2:  680A            ADDC	R8, R10
4BE4:  8327            DECD	R7

loc_4BE6:			; переходы из 0x4BDE
4BE6:  5317            INC	R7
4BE8:  5B0B            RLA	R11
4BEA:  6C0C            RLC	R12
4BEC:  6909            RLC	R9
4BEE:  6A0A            RLC	R10
4BF0:  5B0B            RLA	R11
4BF2:  6C0C            RLC	R12
4BF4:  6909            RLC	R9
4BF6:  6A0A            RLC	R10
4BF8:  831F            DEC	R15
4BFA:  23ED            JNZ	0x4BD6
4BFC:  4382 0314       CLR	&0x0314
4C00:  4882 0316       MOV	R8, &0x0316
4C04:  4782 0302       MOV	R7, &0x0302
4C08:  413F            POP	R15
4C0A:  413D            POP	R13
4C0C:  413C            POP	R12
4C0E:  413B            POP	R11
4C10:  413A            POP	R10
4C12:  4139            POP	R9
4C14:  4138            POP	R8
4C16:  4137            POP	R7
4C18:  4130            RET

; ============================================================
; Функция sub_4C1A @ 0x4C1A   (вызовов: 4)
;   вызывается из: 0x6FFE, 0xE61C, 0xE74C, 0xE774
; ============================================================
4C1A:  120B            PUSH	R11
4C1C:  120C            PUSH	R12
4C1E:  120D            PUSH	R13
4C20:  120E            PUSH	R14
4C22:  120F            PUSH	R15
4C24:  421B 0302       MOV	&0x0302, R11
4C28:  421C 0300       MOV	&0x0300, R12
4C2C:  403F 0020       MOV	#0x0020, R15
4C30:  430D            CLR	R13
4C32:  430E            CLR	R14

loc_4C34:			; переходы из 0x4C3E
4C34:  5B0B            RLA	R11
4C36:  6C0C            RLC	R12
4C38:  AD0D            DADD	R13, R13
4C3A:  AE0E            DADD	R14, R14
4C3C:  831F            DEC	R15
4C3E:  23FA            JNZ	0x4C34
4C40:  4D82 030A       MOV	R13, &0x030A
4C44:  4E82 0308       MOV	R14, &0x0308
4C48:  413F            POP	R15
4C4A:  413E            POP	R14
4C4C:  413D            POP	R13
4C4E:  413C            POP	R12
4C50:  413B            POP	R11
4C52:  4130            RET

; ============================================================
; Функция sub_4C54 @ 0x4C54   (вызовов: 1)
;   вызывается из: 0x6FF8
; ============================================================
4C54:  1208            PUSH	R8
4C56:  1209            PUSH	R9
4C58:  120A            PUSH	R10
4C5A:  120B            PUSH	R11
4C5C:  120C            PUSH	R12
4C5E:  120D            PUSH	R13
4C60:  120E            PUSH	R14
4C62:  120F            PUSH	R15
4C64:  421B 0302       MOV	&0x0302, R11
4C68:  421C 0300       MOV	&0x0300, R12
4C6C:  403F 0020       MOV	#0x0020, R15
4C70:  430D            CLR	R13
4C72:  430E            CLR	R14
4C74:  4348            CLR.B	R8

loc_4C76:			; переходы из 0x4C82
4C76:  5B0B            RLA	R11
4C78:  6C0C            RLC	R12
4C7A:  AD0D            DADD	R13, R13
4C7C:  AE0E            DADD	R14, R14
4C7E:  A848            DADD.B	R8, R8
4C80:  831F            DEC	R15
4C82:  23F9            JNZ	0x4C76
4C84:  4309            CLR	R9
4C86:  422A            MOV	#4, R10

loc_4C88:			; переходы из 0x4C94
4C88:  C312            CLRC
4C8A:  1048            RRC.B	R8
4C8C:  100E            RRC	R14
4C8E:  100D            RRC	R13
4C90:  1009            RRC	R9
4C92:  831A            DEC	R10
4C94:  23F9            JNZ	0x4C88
4C96:  9039 5000       CMP	#0x5000, R9
4C9A:  2803            JNC	0x4CA2
4C9C:  C312            CLRC
4C9E:  A31D            DADD	#1, R13
4CA0:  A30E            DADC	R14

loc_4CA2:			; переходы из 0x4C9A
4CA2:  4D82 030A       MOV	R13, &0x030A
4CA6:  4E82 0308       MOV	R14, &0x0308
4CAA:  413F            POP	R15
4CAC:  413E            POP	R14
4CAE:  413D            POP	R13
4CB0:  413C            POP	R12
4CB2:  413B            POP	R11
4CB4:  413A            POP	R10
4CB6:  4139            POP	R9
4CB8:  4138            POP	R8
4CBA:  4130            RET

; ============================================================
; Функция sub_4CBC @ 0x4CBC   (вызовов: 15)
;   вызывается из: 0xCB5A, 0xCB8A, 0xCBBC, 0xCEB6, 0xCEEE, 0xCF1E, 0xD0D4, 0xD46E, 0xD50C, 0xD700, 0xD71E, 0xDA42
; ============================================================
4CBC:  120B            PUSH	R11
4CBE:  120C            PUSH	R12
4CC0:  120D            PUSH	R13
4CC2:  120E            PUSH	R14
4CC4:  432B            MOV	#2, R11
4CC6:  430C            CLR	R12
4CC8:  430D            CLR	R13

loc_4CCA:			; переходы из 0x4CEC
4CCA:  5F4F            RLA.B	R15
4CCC:  6D0D            RLC	R13
4CCE:  5F4F            RLA.B	R15
4CD0:  6D0D            RLC	R13
4CD2:  5F4F            RLA.B	R15
4CD4:  6D0D            RLC	R13
4CD6:  5F4F            RLA.B	R15
4CD8:  6D0D            RLC	R13
4CDA:  5D0C            ADD	R13, R12
4CDC:  430D            CLR	R13
4CDE:  831B            DEC	R11
4CE0:  2406            JZ	0x4CEE
4CE2:  5C0C            RLA	R12
4CE4:  4C0E            MOV	R12, R14
4CE6:  5C0C            RLA	R12
4CE8:  5C0C            RLA	R12
4CEA:  5E0C            ADD	R14, R12
4CEC:  3FEE            JMP	0x4CCA

loc_4CEE:			; переходы из 0x4CE0
4CEE:  4C0F            MOV	R12, R15
4CF0:  413E            POP	R14
4CF2:  413D            POP	R13
4CF4:  413C            POP	R12
4CF6:  413B            POP	R11
4CF8:  4130            RET

; ============================================================
; Функция sub_4CFA @ 0x4CFA   (вызовов: 2)
;   вызывается из: 0x6296, 0x636A
; ============================================================
4CFA:  120B            PUSH	R11
4CFC:  120C            PUSH	R12
4CFE:  C232            DINT
4D00:  4303            CLR	CG
4D02:  4292 0306 0130  MOV	&0x0306, &MPY
4D08:  4292 0302 0138  MOV	&0x0302, &OP2
4D0E:  D232            EINT
4D10:  4292 013C 013A  MOV	&RESHI, &RESLO
4D16:  4382 013C       CLR	&RESHI
4D1A:  C232            DINT
4D1C:  4303            CLR	CG
4D1E:  4292 0304 0134  MOV	&0x0304, &MAC
4D24:  4292 0302 0138  MOV	&0x0302, &OP2
4D2A:  D232            EINT
4D2C:  421C 013C       MOV	&RESHI, R12
4D30:  421B 013A       MOV	&RESLO, R11
4D34:  C232            DINT
4D36:  4303            CLR	CG
4D38:  4292 0306 0130  MOV	&0x0306, &MPY
4D3E:  4292 0300 0138  MOV	&0x0300, &OP2
4D44:  D232            EINT
4D46:  521B 013A       ADD	&RESLO, R11
4D4A:  630C            ADC	R12
4D4C:  4292 013C 013A  MOV	&RESHI, &RESLO
4D52:  4382 013C       CLR	&RESHI
4D56:  5C82 013A       ADD	R12, &RESLO
4D5A:  6382 013C       ADC	&RESHI
4D5E:  C232            DINT
4D60:  4303            CLR	CG
4D62:  4292 0304 0136  MOV	&0x0304, &MACS
4D68:  4292 0300 0138  MOV	&0x0300, &OP2
4D6E:  D232            EINT
4D70:  413C            POP	R12
4D72:  413B            POP	R11
4D74:  4130            RET

; ============================================================
; Функция sub_4D76 @ 0x4D76   (вызовов: 1)
;   вызывается из: 0x442A
; ============================================================
4D76:  1208            PUSH	R8
4D78:  1207            PUSH	R7
4D7A:  1212 0300       PUSH	&0x0300
4D7E:  1212 0302       PUSH	&0x0302
4D82:  1212 0308       PUSH	&0x0308
4D86:  1212 030A       PUSH	&0x030A
4D8A:  1212 0306       PUSH	&0x0306
4D8E:  1212 030E       PUSH	&0x030E
4D92:  1252 032A       PUSH.B	&0x032A
4D96:  4307            CLR	R7
4D98:  12B0 602E       CALL	#0x602E
4D9C:  12B0 5FBE       CALL	#0x5FBE
4DA0:  12B0 604C       CALL	#0x604C
4DA4:  12B0 60F4       CALL	#0x60F4
4DA8:  12B0 6114       CALL	#0x6114
4DAC:  9292 043C 0316  CMP	&0x043C, &0x0316
4DB2:  3411            JGE	0x4DD6
4DB4:  B0B2 0020 027C  BIT	#0x0020, &0x027C
4DBA:  2C09            JC	0x4DCE
4DBC:  D0B2 0200 028C  BIS	#0x0200, &0x028C
4DC2:  D0B2 0200 029C  BIS	#0x0200, &0x029C
4DC8:  D0B2 1000 027C  BIS	#0x1000, &0x027C

loc_4DCE:			; переходы из 0x4DBA
4DCE:  D0B2 0020 027C  BIS	#0x0020, &0x027C
4DD4:  3C60            JMP	0x4E96

loc_4DD6:			; переходы из 0x4DB2
4DD6:  B0B2 0020 027C  BIT	#0x0020, &0x027C
4DDC:  2403            JZ	0x4DE4
4DDE:  D0B2 1200 027C  BIS	#0x1200, &0x027C

loc_4DE4:			; переходы из 0x4DDC
4DE4:  C0B2 0020 027C  BIC	#0x0020, &0x027C
4DEA:  B0B2 1000 027C  BIT	#0x1000, &0x027C
4DF0:  2C52            JC	0x4E96
4DF2:  B0B2 0020 028C  BIT	#0x0020, &0x028C
4DF8:  2C25            JC	0x4E44
4DFA:  B0B2 1000 028C  BIT	#0x1000, &0x028C
4E00:  2C21            JC	0x4E44
4E02:  4382 0300       CLR	&0x0300
4E06:  40B2 8CA0 0302  MOV	#0x8CA0, &0x0302
4E0C:  4258 0279       MOV.B	&0x0279, R8
4E10:  4882 0306       MOV	R8, &0x0306
4E14:  12B0 4AC0       CALL	#0x4AC0
4E18:  4258 027A       MOV.B	&0x027A, R8
4E1C:  92D2 0279 027A  CMP.B	&0x0279, &0x027A
4E22:  2801            JNC	0x4E26
4E24:  4318            MOV	#1, R8

loc_4E26:			; переходы из 0x4E22
4E26:  8318            DEC	R8
4E28:  C232            DINT
4E2A:  4303            CLR	CG
4E2C:  4882 0130       MOV	R8, &MPY
4E30:  4292 030A 0138  MOV	&0x030A, &OP2
4E36:  D232            EINT
4E38:  5292 013A 044E  ADD	&RESLO, &0x044E
4E3E:  6292 013C 044C  ADDC	&RESHI, &0x044C

loc_4E44:			; переходы из 0x4DF8, 0x4E00
4E44:  B0B2 0020 029C  BIT	#0x0020, &0x029C
4E4A:  2C25            JC	0x4E96
4E4C:  B0B2 1000 029C  BIT	#0x1000, &0x029C
4E52:  2C21            JC	0x4E96
4E54:  4382 0300       CLR	&0x0300
4E58:  40B2 8CA0 0302  MOV	#0x8CA0, &0x0302
4E5E:  4258 0279       MOV.B	&0x0279, R8
4E62:  4882 0306       MOV	R8, &0x0306
4E66:  12B0 4AC0       CALL	#0x4AC0
4E6A:  4258 028A       MOV.B	&0x028A, R8
4E6E:  92D2 0279 028A  CMP.B	&0x0279, &0x028A
4E74:  2801            JNC	0x4E78
4E76:  4318            MOV	#1, R8

loc_4E78:			; переходы из 0x4E74
4E78:  8318            DEC	R8
4E7A:  C232            DINT
4E7C:  4303            CLR	CG
4E7E:  4882 0130       MOV	R8, &MPY
4E82:  4292 030A 0138  MOV	&0x030A, &OP2
4E88:  D232            EINT
4E8A:  5292 013A 045E  ADD	&RESLO, &0x045E
4E90:  6292 013C 045C  ADDC	&RESHI, &0x045C

loc_4E96:			; переходы из 0x4DD4, 0x4DF0, 0x4E4A, 0x4E52
4E96:  12B0 616C       CALL	#0x616C
4E9A:  12B0 623A       CALL	#0x623A
4E9E:  12B0 627E       CALL	#0x627E
4EA2:  12B0 62D4       CALL	#0x62D4
4EA6:  12B0 63DC       CALL	#0x63DC
4EAA:  4318            MOV	#1, R8
4EAC:  12B0 59D6       CALL	#0x59D6
4EB0:  4292 031E 02CE  MOV	&0x031E, &0x02CE
4EB6:  4292 031C 02CC  MOV	&0x031C, &0x02CC
4EBC:  12B0 6588       CALL	#0x6588
4EC0:  12B0 64BA       CALL	#0x64BA
4EC4:  4318            MOV	#1, R8
4EC6:  12B0 5C1A       CALL	#0x5C1A
4ECA:  4292 031E 023A  MOV	&0x031E, &0x023A
4ED0:  4292 031C 0238  MOV	&0x031C, &0x0238
4ED6:  B3A2 027C       BIT	#2, &0x027C
4EDA:  2409            JZ	0x4EEE
4EDC:  40F2 0003 032A  MOV.B	#0x0003, &0x032A

loc_4EE2:			; переходы из 0x4EEC
4EE2:  C312            CLRC
4EE4:  1012 0440       RRC	&0x0440
4EE8:  83D2 032A       DEC.B	&0x032A
4EEC:  23FA            JNZ	0x4EE2

loc_4EEE:			; переходы из 0x4EDA
4EEE:  B0B2 0040 027C  BIT	#0x0040, &0x027C
4EF4:  2401            JZ	0x4EF8
4EF6:  3C05            JMP	0x4F02

loc_4EF8:			; переходы из 0x4EF4
4EF8:  5292 0440 020E  ADD	&0x0440, &0x020E
4EFE:  6382 020C       ADC	&0x020C

loc_4F02:			; переходы из 0x4EF6
4F02:  B0B2 0100 027C  BIT	#0x0100, &0x027C
4F08:  2406            JZ	0x4F16
4F0A:  C0B2 2000 027C  BIC	#0x2000, &0x027C
4F10:  43C2 03E0       CLR.B	&0x03E0
4F14:  3C0C            JMP	0x4F2E

loc_4F16:			; переходы из 0x4F08
4F16:  9292 0446 0440  CMP	&0x0446, &0x0440
4F1C:  2C08            JC	0x4F2E
4F1E:  90F2 0012 0081  CMP.B	#0x0012, &ADC12MCTL1
4F24:  2016            JNZ	0x4F52
4F26:  9292 0444 0440  CMP	&0x0444, &0x0440
4F2C:  280F            JNC	0x4F4C

loc_4F2E:			; переходы из 0x4F14, 0x4F1C
4F2E:  90F2 0012 0081  CMP.B	#0x0012, &ADC12MCTL1
4F34:  2403            JZ	0x4F3C
4F36:  43E2 036C       MOV.B	#2, &0x036C
4F3A:  3C02            JMP	0x4F40

loc_4F3C:			; переходы из 0x4F34
4F3C:  43C2 036C       CLR.B	&0x036C

loc_4F40:			; переходы из 0x4F3A
4F40:  C0B2 2000 027C  BIC	#0x2000, &0x027C
4F46:  43C2 03E0       CLR.B	&0x03E0
4F4A:  3C18            JMP	0x4F7C

loc_4F4C:			; переходы из 0x4F2C
4F4C:  43D2 036C       MOV.B	#1, &0x036C
4F50:  3C02            JMP	0x4F56

loc_4F52:			; переходы из 0x4F24
4F52:  43C2 036C       CLR.B	&0x036C

loc_4F56:			; переходы из 0x4F50
4F56:  90F2 000A 03E0  CMP.B	#0x000A, &0x03E0
4F5C:  2C0C            JC	0x4F76
4F5E:  53D2 03E0       INC.B	&0x03E0
4F62:  90F2 000A 03E0  CMP.B	#0x000A, &0x03E0
4F68:  2C06            JC	0x4F76
4F6A:  43C2 036C       CLR.B	&0x036C
4F6E:  C0B2 2000 027C  BIC	#0x2000, &0x027C
4F74:  3C03            JMP	0x4F7C

loc_4F76:			; переходы из 0x4F5C, 0x4F68
4F76:  D0B2 2000 027C  BIS	#0x2000, &0x027C

loc_4F7C:			; переходы из 0x4F4A, 0x4F74
4F7C:  53D2 027B       INC.B	&0x027B
4F80:  90F2 0040 027B  CMP.B	#0x0040, &0x027B
4F86:  2C02            JC	0x4F8C
4F88:  4030 5092       BR	#0x5092

loc_4F8C:			; переходы из 0x4F86
4F8C:  12B0 684A       CALL	#0x684A
4F90:  4292 0308 0568  MOV	&0x0308, &0x0568
4F96:  4292 030A 056A  MOV	&0x030A, &0x056A
4F9C:  12B0 68E2       CALL	#0x68E2
4FA0:  4292 0308 0574  MOV	&0x0308, &0x0574
4FA6:  4292 030A 0576  MOV	&0x030A, &0x0576
4FAC:  12B0 6618       CALL	#0x6618
4FB0:  12B0 675E       CALL	#0x675E
4FB4:  12B0 67D4       CALL	#0x67D4
4FB8:  B0B2 0020 027C  BIT	#0x0020, &0x027C
4FBE:  2C44            JC	0x5048
4FC0:  4292 0424 0300  MOV	&0x0424, &0x0300
4FC6:  4292 0426 0302  MOV	&0x0426, &0x0302
4FCC:  4292 02AA 0306  MOV	&0x02AA, &0x0306
4FD2:  12B0 4AC0       CALL	#0x4AC0
4FD6:  B0B2 0200 027C  BIT	#0x0200, &0x027C
4FDC:  2C03            JC	0x4FE4
4FDE:  4292 030A 0368  MOV	&0x030A, &0x0368

loc_4FE4:			; переходы из 0x4FDC
4FE4:  4382 02AA       CLR	&0x02AA
4FE8:  B0B2 1000 027C  BIT	#0x1000, &0x027C
4FEE:  2C2C            JC	0x5048
4FF0:  B0B2 0020 028C  BIT	#0x0020, &0x028C
4FF6:  2C12            JC	0x501C
4FF8:  B0B2 1000 028C  BIT	#0x1000, &0x028C
4FFE:  2C0E            JC	0x501C
5000:  40F2 0006 032A  MOV.B	#0x0006, &0x032A
5006:  4292 044C 031C  MOV	&0x044C, &0x031C
500C:  4292 044E 031E  MOV	&0x044E, &0x031E
5012:  12B0 587A       CALL	#0x587A
5016:  4292 031E 036A  MOV	&0x031E, &0x036A

loc_501C:			; переходы из 0x4FF6, 0x4FFE
501C:  B0B2 0020 029C  BIT	#0x0020, &0x029C
5022:  2C12            JC	0x5048
5024:  B0B2 1000 029C  BIT	#0x1000, &0x029C
502A:  2C0E            JC	0x5048
502C:  40F2 0006 032A  MOV.B	#0x0006, &0x032A
5032:  4292 045C 031C  MOV	&0x045C, &0x031C
5038:  4292 045E 031E  MOV	&0x045E, &0x031E
503E:  12B0 587A       CALL	#0x587A
5042:  4292 031E 037A  MOV	&0x031E, &0x037A

loc_5048:			; переходы из 0x4FBE, 0x4FEE, 0x5022, 0x502A
5048:  4382 0204       CLR	&0x0204
504C:  4382 0206       CLR	&0x0206
5050:  4382 020C       CLR	&0x020C
5054:  4382 020E       CLR	&0x020E
5058:  4382 0234       CLR	&0x0234
505C:  4382 0236       CLR	&0x0236
5060:  4382 023C       CLR	&0x023C
5064:  4382 023E       CLR	&0x023E
5068:  4382 0274       CLR	&0x0274
506C:  4382 0276       CLR	&0x0276
5070:  43C2 027B       CLR.B	&0x027B
5074:  4382 044E       CLR	&0x044E
5078:  4382 044C       CLR	&0x044C
507C:  4382 045E       CLR	&0x045E
5080:  4382 045C       CLR	&0x045C
5084:  C0B2 1200 027C  BIC	#0x1200, &0x027C
508A:  12B0 6D88       CALL	#0x6D88
508E:  12B0 6A1E       CALL	#0x6A1E

loc_5092:			; переходы из 0x4F88
5092:  41F2 032A       POP.B	&0x032A
5096:  41B2 030E       POP	&0x030E
509A:  41B2 0306       POP	&0x0306
509E:  41B2 030A       POP	&0x030A
50A2:  41B2 0308       POP	&0x0308
50A6:  41B2 0302       POP	&0x0302
50AA:  41B2 0300       POP	&0x0300
50AE:  4137            POP	R7
50B0:  4138            POP	R8
50B2:  4130            RET

; ============================================================
; Функция sub_50B4 @ 0x50B4   (вызовов: 1)
;   вызывается из: 0x443E
; ============================================================
50B4:  1208            PUSH	R8
50B6:  1207            PUSH	R7
50B8:  1212 0300       PUSH	&0x0300
50BC:  1212 0302       PUSH	&0x0302
50C0:  1212 0308       PUSH	&0x0308
50C4:  1212 030A       PUSH	&0x030A
50C8:  1212 0306       PUSH	&0x0306
50CC:  1212 030E       PUSH	&0x030E
50D0:  1252 032A       PUSH.B	&0x032A
50D4:  4037 0010       MOV	#0x0010, R7
50D8:  12B0 602E       CALL	#0x602E
50DC:  12B0 5FBE       CALL	#0x5FBE
50E0:  12B0 604C       CALL	#0x604C
50E4:  12B0 60F4       CALL	#0x60F4
50E8:  12B0 6114       CALL	#0x6114
50EC:  9292 043C 0316  CMP	&0x043C, &0x0316
50F2:  3411            JGE	0x5116
50F4:  B0B2 0020 028C  BIT	#0x0020, &0x028C
50FA:  2C09            JC	0x510E
50FC:  D0B2 0200 027C  BIS	#0x0200, &0x027C
5102:  D0B2 0200 029C  BIS	#0x0200, &0x029C
5108:  D0B2 1000 028C  BIS	#0x1000, &0x028C

loc_510E:			; переходы из 0x50FA
510E:  D0B2 0020 028C  BIS	#0x0020, &0x028C
5114:  3C37            JMP	0x5184

loc_5116:			; переходы из 0x50F2
5116:  B0B2 0020 028C  BIT	#0x0020, &0x028C
511C:  2403            JZ	0x5124
511E:  D0B2 1200 028C  BIS	#0x1200, &0x028C

loc_5124:			; переходы из 0x511C
5124:  C0B2 0020 028C  BIC	#0x0020, &0x028C
512A:  B0B2 1000 028C  BIT	#0x1000, &0x028C
5130:  2C29            JC	0x5184
5132:  B0B2 0020 029C  BIT	#0x0020, &0x029C
5138:  2C25            JC	0x5184
513A:  B0B2 1000 029C  BIT	#0x1000, &0x029C
5140:  2C21            JC	0x5184
5142:  4382 0300       CLR	&0x0300
5146:  40B2 8CA0 0302  MOV	#0x8CA0, &0x0302
514C:  4258 0289       MOV.B	&0x0289, R8
5150:  4882 0306       MOV	R8, &0x0306
5154:  12B0 4AC0       CALL	#0x4AC0
5158:  4258 029A       MOV.B	&0x029A, R8
515C:  92D2 0289 029A  CMP.B	&0x0289, &0x029A
5162:  2801            JNC	0x5166
5164:  4318            MOV	#1, R8

loc_5166:			; переходы из 0x5162
5166:  8318            DEC	R8
5168:  C232            DINT
516A:  4303            CLR	CG
516C:  4882 0130       MOV	R8, &MPY
5170:  4292 030A 0138  MOV	&0x030A, &OP2
5176:  D232            EINT
5178:  5292 013A 046E  ADD	&RESLO, &0x046E
517E:  6292 013C 046C  ADDC	&RESHI, &0x046C

loc_5184:			; переходы из 0x5114, 0x5130, 0x5138, 0x5140
5184:  12B0 616C       CALL	#0x616C
5188:  12B0 623A       CALL	#0x623A
518C:  12B0 627E       CALL	#0x627E
5190:  12B0 62D4       CALL	#0x62D4
5194:  12B0 63DC       CALL	#0x63DC
5198:  4328            MOV	#2, R8
519A:  12B0 59D6       CALL	#0x59D6
519E:  4292 031E 02DE  MOV	&0x031E, &0x02DE
51A4:  4292 031C 02DC  MOV	&0x031C, &0x02DC
51AA:  12B0 6588       CALL	#0x6588
51AE:  12B0 64BA       CALL	#0x64BA
51B2:  4328            MOV	#2, R8
51B4:  12B0 5C1A       CALL	#0x5C1A
51B8:  4292 031E 024A  MOV	&0x031E, &0x024A
51BE:  4292 031C 0248  MOV	&0x031C, &0x0248
51C4:  B3A2 028C       BIT	#2, &0x028C
51C8:  2409            JZ	0x51DC
51CA:  40F2 0003 032A  MOV.B	#0x0003, &0x032A

loc_51D0:			; переходы из 0x51DA
51D0:  C312            CLRC
51D2:  1012 0450       RRC	&0x0450
51D6:  83D2 032A       DEC.B	&0x032A
51DA:  23FA            JNZ	0x51D0

loc_51DC:			; переходы из 0x51C8
51DC:  B0B2 0040 028C  BIT	#0x0040, &0x028C
51E2:  2401            JZ	0x51E6
51E4:  3C05            JMP	0x51F0

loc_51E6:			; переходы из 0x51E2
51E6:  5292 0450 021E  ADD	&0x0450, &0x021E
51EC:  6382 021C       ADC	&0x021C

loc_51F0:			; переходы из 0x51E4
51F0:  B0B2 0100 028C  BIT	#0x0100, &0x028C
51F6:  2406            JZ	0x5204
51F8:  C0B2 2000 028C  BIC	#0x2000, &0x028C
51FE:  43C2 03F0       CLR.B	&0x03F0
5202:  3C0C            JMP	0x521C

loc_5204:			; переходы из 0x51F6
5204:  9292 0456 0450  CMP	&0x0456, &0x0450
520A:  2C08            JC	0x521C
520C:  90F2 0016 0084  CMP.B	#0x0016, &ADC12MCTL4
5212:  2016            JNZ	0x5240
5214:  9292 0454 0450  CMP	&0x0454, &0x0450
521A:  280F            JNC	0x523A

loc_521C:			; переходы из 0x5202, 0x520A
521C:  90F2 0016 0084  CMP.B	#0x0016, &ADC12MCTL4
5222:  2403            JZ	0x522A
5224:  43E2 037C       MOV.B	#2, &0x037C
5228:  3C02            JMP	0x522E

loc_522A:			; переходы из 0x5222
522A:  43C2 037C       CLR.B	&0x037C

loc_522E:			; переходы из 0x5228
522E:  C0B2 2000 028C  BIC	#0x2000, &0x028C
5234:  43C2 03F0       CLR.B	&0x03F0
5238:  3C18            JMP	0x526A

loc_523A:			; переходы из 0x521A
523A:  43D2 037C       MOV.B	#1, &0x037C
523E:  3C02            JMP	0x5244

loc_5240:			; переходы из 0x5212
5240:  43C2 037C       CLR.B	&0x037C

loc_5244:			; переходы из 0x523E
5244:  90F2 000A 03F0  CMP.B	#0x000A, &0x03F0
524A:  2C0C            JC	0x5264
524C:  53D2 03F0       INC.B	&0x03F0
5250:  90F2 000A 03F0  CMP.B	#0x000A, &0x03F0
5256:  2C06            JC	0x5264
5258:  43C2 037C       CLR.B	&0x037C
525C:  C0B2 2000 028C  BIC	#0x2000, &0x028C
5262:  3C03            JMP	0x526A

loc_5264:			; переходы из 0x524A, 0x5256
5264:  D0B2 2000 028C  BIS	#0x2000, &0x028C

loc_526A:			; переходы из 0x5238, 0x5262
526A:  53D2 028B       INC.B	&0x028B
526E:  90F2 0040 028B  CMP.B	#0x0040, &0x028B
5274:  2C02            JC	0x527A
5276:  4030 535C       BR	#0x535C

loc_527A:			; переходы из 0x5274
527A:  12B0 684A       CALL	#0x684A
527E:  4292 0308 056C  MOV	&0x0308, &0x056C
5284:  4292 030A 056E  MOV	&0x030A, &0x056E
528A:  12B0 68E2       CALL	#0x68E2
528E:  4292 0308 0578  MOV	&0x0308, &0x0578
5294:  4292 030A 057A  MOV	&0x030A, &0x057A
529A:  12B0 6618       CALL	#0x6618
529E:  12B0 675E       CALL	#0x675E
52A2:  12B0 67D4       CALL	#0x67D4
52A6:  B0B2 0020 027C  BIT	#0x0020, &0x027C
52AC:  2418            JZ	0x52DE
52AE:  B0B2 0020 028C  BIT	#0x0020, &0x028C
52B4:  2C14            JC	0x52DE
52B6:  4292 0424 0300  MOV	&0x0424, &0x0300
52BC:  4292 0426 0302  MOV	&0x0426, &0x0302
52C2:  4292 02AA 0306  MOV	&0x02AA, &0x0306
52C8:  12B0 4AC0       CALL	#0x4AC0
52CC:  B0B2 0200 028C  BIT	#0x0200, &0x028C
52D2:  2C03            JC	0x52DA
52D4:  4292 030A 0368  MOV	&0x030A, &0x0368

loc_52DA:			; переходы из 0x52D2
52DA:  4382 02AA       CLR	&0x02AA

loc_52DE:			; переходы из 0x52AC, 0x52B4
52DE:  B0B2 0020 028C  BIT	#0x0020, &0x028C
52E4:  2C1A            JC	0x531A
52E6:  B0B2 1000 028C  BIT	#0x1000, &0x028C
52EC:  2C16            JC	0x531A
52EE:  B0B2 0020 029C  BIT	#0x0020, &0x029C
52F4:  2C12            JC	0x531A
52F6:  B0B2 1000 029C  BIT	#0x1000, &0x029C
52FC:  2C0E            JC	0x531A
52FE:  40F2 0006 032A  MOV.B	#0x0006, &0x032A
5304:  4292 046C 031C  MOV	&0x046C, &0x031C
530A:  4292 046E 031E  MOV	&0x046E, &0x031E
5310:  12B0 587A       CALL	#0x587A
5314:  4292 031E 038A  MOV	&0x031E, &0x038A

loc_531A:			; переходы из 0x52E4, 0x52EC, 0x52F4, 0x52FC
531A:  4382 0214       CLR	&0x0214
531E:  4382 0216       CLR	&0x0216
5322:  4382 021C       CLR	&0x021C
5326:  4382 021E       CLR	&0x021E
532A:  4382 0244       CLR	&0x0244
532E:  4382 0246       CLR	&0x0246
5332:  4382 024C       CLR	&0x024C
5336:  4382 024E       CLR	&0x024E
533A:  4382 0284       CLR	&0x0284
533E:  4382 0286       CLR	&0x0286
5342:  43C2 028B       CLR.B	&0x028B
5346:  4382 046E       CLR	&0x046E
534A:  4382 046C       CLR	&0x046C
534E:  C0B2 1200 028C  BIC	#0x1200, &0x028C
5354:  12B0 6D88       CALL	#0x6D88
5358:  12B0 6A1E       CALL	#0x6A1E

loc_535C:			; переходы из 0x5276
535C:  41F2 032A       POP.B	&0x032A
5360:  41B2 030E       POP	&0x030E
5364:  41B2 0306       POP	&0x0306
5368:  41B2 030A       POP	&0x030A
536C:  41B2 0308       POP	&0x0308
5370:  41B2 0302       POP	&0x0302
5374:  41B2 0300       POP	&0x0300
5378:  4137            POP	R7
537A:  4138            POP	R8
537C:  4130            RET

; ============================================================
; Функция sub_537E @ 0x537E   (вызовов: 1)
;   вызывается из: 0x4452
; ============================================================
537E:  1208            PUSH	R8
5380:  1207            PUSH	R7
5382:  1212 0300       PUSH	&0x0300
5386:  1212 0302       PUSH	&0x0302
538A:  1212 0308       PUSH	&0x0308
538E:  1212 030A       PUSH	&0x030A
5392:  1212 0306       PUSH	&0x0306
5396:  1212 030E       PUSH	&0x030E
539A:  1252 032A       PUSH.B	&0x032A
539E:  4037 0020       MOV	#0x0020, R7
53A2:  12B0 602E       CALL	#0x602E
53A6:  12B0 5FBE       CALL	#0x5FBE
53AA:  12B0 604C       CALL	#0x604C
53AE:  12B0 60F4       CALL	#0x60F4
53B2:  12B0 6114       CALL	#0x6114
53B6:  9292 043C 0316  CMP	&0x043C, &0x0316
53BC:  3411            JGE	0x53E0
53BE:  B0B2 0020 029C  BIT	#0x0020, &0x029C
53C4:  2C09            JC	0x53D8
53C6:  D0B2 0200 027C  BIS	#0x0200, &0x027C
53CC:  D0B2 0200 028C  BIS	#0x0200, &0x028C
53D2:  D0B2 1000 029C  BIS	#0x1000, &0x029C

loc_53D8:			; переходы из 0x53C4
53D8:  D0B2 0020 029C  BIS	#0x0020, &0x029C
53DE:  3C0A            JMP	0x53F4

loc_53E0:			; переходы из 0x53BC
53E0:  B0B2 0020 029C  BIT	#0x0020, &0x029C
53E6:  2403            JZ	0x53EE
53E8:  D0B2 1200 029C  BIS	#0x1200, &0x029C

loc_53EE:			; переходы из 0x53E6
53EE:  C0B2 0020 029C  BIC	#0x0020, &0x029C

loc_53F4:			; переходы из 0x53DE
53F4:  12B0 616C       CALL	#0x616C
53F8:  12B0 623A       CALL	#0x623A
53FC:  12B0 627E       CALL	#0x627E
5400:  12B0 62D4       CALL	#0x62D4
5404:  12B0 63DC       CALL	#0x63DC
5408:  4038 0003       MOV	#0x0003, R8
540C:  12B0 59D6       CALL	#0x59D6
5410:  4292 031E 02EE  MOV	&0x031E, &0x02EE
5416:  4292 031C 02EC  MOV	&0x031C, &0x02EC
541C:  12B0 6588       CALL	#0x6588
5420:  12B0 64BA       CALL	#0x64BA
5424:  4038 0003       MOV	#0x0003, R8
5428:  12B0 5C1A       CALL	#0x5C1A
542C:  4292 031E 025A  MOV	&0x031E, &0x025A
5432:  4292 031C 0258  MOV	&0x031C, &0x0258
5438:  B3A2 029C       BIT	#2, &0x029C
543C:  2409            JZ	0x5450
543E:  40F2 0003 032A  MOV.B	#0x0003, &0x032A

loc_5444:			; переходы из 0x544E
5444:  C312            CLRC
5446:  1012 0460       RRC	&0x0460
544A:  83D2 032A       DEC.B	&0x032A
544E:  23FA            JNZ	0x5444

loc_5450:			; переходы из 0x543C
5450:  B0B2 0040 029C  BIT	#0x0040, &0x029C
5456:  2401            JZ	0x545A
5458:  3C05            JMP	0x5464

loc_545A:			; переходы из 0x5456
545A:  5292 0460 022E  ADD	&0x0460, &0x022E
5460:  6382 022C       ADC	&0x022C

loc_5464:			; переходы из 0x5458
5464:  B0B2 0100 029C  BIT	#0x0100, &0x029C
546A:  2406            JZ	0x5478
546C:  C0B2 2000 029C  BIC	#0x2000, &0x029C
5472:  43C2 0400       CLR.B	&0x0400
5476:  3C0C            JMP	0x5490

loc_5478:			; переходы из 0x546A
5478:  9292 0466 0460  CMP	&0x0466, &0x0460
547E:  2C08            JC	0x5490
5480:  90F2 0018 0087  CMP.B	#0x0018, &ADC12MCTL7
5486:  2016            JNZ	0x54B4
5488:  9292 0464 0460  CMP	&0x0464, &0x0460
548E:  280F            JNC	0x54AE

loc_5490:			; переходы из 0x5476, 0x547E
5490:  90F2 0018 0087  CMP.B	#0x0018, &ADC12MCTL7
5496:  2403            JZ	0x549E
5498:  43E2 038C       MOV.B	#2, &0x038C
549C:  3C02            JMP	0x54A2

loc_549E:			; переходы из 0x5496
549E:  43C2 038C       CLR.B	&0x038C

loc_54A2:			; переходы из 0x549C
54A2:  C0B2 2000 029C  BIC	#0x2000, &0x029C
54A8:  43C2 0400       CLR.B	&0x0400
54AC:  3C18            JMP	0x54DE

loc_54AE:			; переходы из 0x548E
54AE:  43D2 038C       MOV.B	#1, &0x038C
54B2:  3C02            JMP	0x54B8

loc_54B4:			; переходы из 0x5486
54B4:  43C2 038C       CLR.B	&0x038C

loc_54B8:			; переходы из 0x54B2
54B8:  90F2 000A 0400  CMP.B	#0x000A, &0x0400
54BE:  2C0C            JC	0x54D8
54C0:  53D2 0400       INC.B	&0x0400
54C4:  90F2 000A 0400  CMP.B	#0x000A, &0x0400
54CA:  2C06            JC	0x54D8
54CC:  43C2 038C       CLR.B	&0x038C
54D0:  C0B2 2000 029C  BIC	#0x2000, &0x029C
54D6:  3C03            JMP	0x54DE

loc_54D8:			; переходы из 0x54BE, 0x54CA
54D8:  D0B2 2000 029C  BIS	#0x2000, &0x029C

loc_54DE:			; переходы из 0x54AC, 0x54D6
54DE:  53D2 029B       INC.B	&0x029B
54E2:  90F2 0040 029B  CMP.B	#0x0040, &0x029B
54E8:  2C02            JC	0x54EE
54EA:  4030 5594       BR	#0x5594

loc_54EE:			; переходы из 0x54E8
54EE:  12B0 684A       CALL	#0x684A
54F2:  4292 0308 0570  MOV	&0x0308, &0x0570
54F8:  4292 030A 0572  MOV	&0x030A, &0x0572
54FE:  12B0 68E2       CALL	#0x68E2
5502:  4292 0308 057C  MOV	&0x0308, &0x057C
5508:  4292 030A 057E  MOV	&0x030A, &0x057E
550E:  12B0 6618       CALL	#0x6618
5512:  12B0 675E       CALL	#0x675E
5516:  12B0 67D4       CALL	#0x67D4
551A:  B0B2 0020 027C  BIT	#0x0020, &0x027C
5520:  241C            JZ	0x555A
5522:  B0B2 0020 028C  BIT	#0x0020, &0x028C
5528:  2418            JZ	0x555A
552A:  B0B2 0020 029C  BIT	#0x0020, &0x029C
5530:  2C14            JC	0x555A
5532:  4292 0424 0300  MOV	&0x0424, &0x0300
5538:  4292 0426 0302  MOV	&0x0426, &0x0302
553E:  4292 02AA 0306  MOV	&0x02AA, &0x0306
5544:  12B0 4AC0       CALL	#0x4AC0
5548:  B0B2 0200 029C  BIT	#0x0200, &0x029C
554E:  2C03            JC	0x5556
5550:  4292 030A 0368  MOV	&0x030A, &0x0368

loc_5556:			; переходы из 0x554E
5556:  4382 02AA       CLR	&0x02AA

loc_555A:			; переходы из 0x5520, 0x5528, 0x5530
555A:  4382 0224       CLR	&0x0224
555E:  4382 0226       CLR	&0x0226
5562:  4382 022C       CLR	&0x022C
5566:  4382 022E       CLR	&0x022E
556A:  4382 0254       CLR	&0x0254
556E:  4382 0256       CLR	&0x0256
5572:  4382 025C       CLR	&0x025C
5576:  4382 025E       CLR	&0x025E
557A:  4382 0294       CLR	&0x0294
557E:  4382 0296       CLR	&0x0296
5582:  43C2 029B       CLR.B	&0x029B
5586:  C0B2 1200 029C  BIC	#0x1200, &0x029C
558C:  12B0 6D88       CALL	#0x6D88
5590:  12B0 6A1E       CALL	#0x6A1E

loc_5594:			; переходы из 0x54EA
5594:  41F2 032A       POP.B	&0x032A
5598:  41B2 030E       POP	&0x030E
559C:  41B2 0306       POP	&0x0306
55A0:  41B2 030A       POP	&0x030A
55A4:  41B2 0308       POP	&0x0308
55A8:  41B2 0302       POP	&0x0302
55AC:  41B2 0300       POP	&0x0300
55B0:  4137            POP	R7
55B2:  4138            POP	R8
55B4:  4130            RET

; ============================================================
; Функция sub_55B6 @ 0x55B6   (вызовов: 10)
;   вызывается из: 0x569A, 0x56C6, 0x56F2, 0x6408, 0x642C, 0x64E6, 0x651A, 0x65B4, 0x6868, 0x690E
; ============================================================
55B6:  4292 0318 031A  MOV	&0x0318, &0x031A
55BC:  B0B2 8000 031A  BIT	#0x8000, &0x031A
55C2:  2804            JNC	0x55CC
55C4:  E3B2 031A       INV	&0x031A
55C8:  5392 031A       INC	&0x031A

loc_55CC:			; переходы из 0x55C2
55CC:  C232            DINT
55CE:  4303            CLR	CG
55D0:  4292 0328 0130  MOV	&0x0328, &MPY
55D6:  4292 031A 0138  MOV	&0x031A, &OP2
55DC:  D232            EINT
55DE:  4292 013C 013A  MOV	&RESHI, &RESLO
55E4:  4382 013C       CLR	&RESHI
55E8:  C232            DINT
55EA:  4303            CLR	CG
55EC:  4292 0326 0136  MOV	&0x0326, &MACS
55F2:  4292 031A 0138  MOV	&0x031A, &OP2
55F8:  D232            EINT
55FA:  5292 013A 013A  ADD	&RESLO, &RESLO
5600:  6292 013C 013C  ADDC	&RESHI, &RESHI
5606:  B0B2 8000 0318  BIT	#0x8000, &0x0318
560C:  2808            JNC	0x561E
560E:  E3B2 013A       INV	&RESLO
5612:  E3B2 013C       INV	&RESHI
5616:  5392 013A       INC	&RESLO
561A:  6382 013C       ADC	&RESHI

loc_561E:			; переходы из 0x560C
561E:  8292 013A 031E  SUB	&RESLO, &0x031E
5624:  7292 013C 031C  SUBC	&RESHI, &0x031C
562A:  4130            RET

; ============================================================
; Функция sub_562C @ 0x562C   (вызовов: 3)
;   вызывается из: 0x6466, 0x6554, 0x65EE
; ============================================================
562C:  1208            PUSH	R8
562E:  4382 0302       CLR	&0x0302
5632:  12B0 4B60       CALL	#0x4B60
5636:  4218 0318       MOV	&0x0318, R8
563A:  B0B2 8000 0318  BIT	#0x8000, &0x0318
5640:  2402            JZ	0x5646
5642:  E338            INV	R8
5644:  5318            INC	R8

loc_5646:			; переходы из 0x5640
5646:  C232            DINT
5648:  4303            CLR	CG
564A:  4292 030A 0130  MOV	&0x030A, &MPY
5650:  4882 0138       MOV	R8, &OP2
5654:  D232            EINT
5656:  4292 013C 013A  MOV	&RESHI, &RESLO
565C:  4382 013C       CLR	&RESHI
5660:  C232            DINT
5662:  4303            CLR	CG
5664:  4292 0308 0136  MOV	&0x0308, &MACS
566A:  4882 0138       MOV	R8, &OP2
566E:  D232            EINT
5670:  B0B2 8000 0318  BIT	#0x8000, &0x0318
5676:  2408            JZ	0x5688
5678:  E3B2 013A       INV	&RESLO
567C:  E3B2 013C       INV	&RESHI
5680:  5392 013A       INC	&RESLO
5684:  6382 013C       ADC	&RESHI

loc_5688:			; переходы из 0x5676
5688:  4292 013A 0318  MOV	&RESLO, &0x0318
568E:  4292 031E 0328  MOV	&0x031E, &0x0328
5694:  4292 031C 0326  MOV	&0x031C, &0x0326
569A:  12B0 55B6       CALL	#0x55B6
569E:  4138            POP	R8
56A0:  4130            RET

; ============================================================
; Функция sub_56A2 @ 0x56A2   (вызовов: 2)
;   вызывается из: 0x16F8, 0x6034
; ============================================================
56A2:  120F            PUSH	R15
56A4:  425F 04FD       MOV.B	&0x04FD, R15
56A8:  831F            DEC	R15
56AA:  5F0F            RLA	R15
56AC:  4382 031C       CLR	&0x031C
56B0:  4F92 FAFC 031E  MOV	-1284(R15), &0x031E
56B6:  4382 0326       CLR	&0x0326
56BA:  4F92 FAFC 0328  MOV	-1284(R15), &0x0328
56C0:  4292 0448 0318  MOV	&0x0448, &0x0318
56C6:  12B0 55B6       CALL	#0x55B6
56CA:  4292 031E 042C  MOV	&0x031E, &0x042C
56D0:  413F            POP	R15
56D2:  4130            RET

; ============================================================
; Функция sub_56D4 @ 0x56D4   (вызовов: 2)
;   вызывается из: 0x16FC, 0x6042
; ============================================================
56D4:  4092 A412 031C  MOV	0xFAEA, &0x031C
56DA:  4092 A40E 031E  MOV	0xFAEC, &0x031E
56E0:  4092 A406 0326  MOV	0xFAEA, &0x0326
56E6:  4092 A402 0328  MOV	0xFAEC, &0x0328
56EC:  4292 0458 0318  MOV	&0x0458, &0x0318
56F2:  12B0 55B6       CALL	#0x55B6
56F6:  4292 031C 0424  MOV	&0x031C, &0x0424
56FC:  4292 031E 0426  MOV	&0x031E, &0x0426
5702:  4130            RET

; ============================================================
; Функция sub_5704 @ 0x5704   (вызовов: 2)
;   вызывается из: 0x612C, 0x61CA
; ============================================================
5704:  43C2 032A       CLR.B	&0x032A
5708:  9382 0326       TST	&0x0326
570C:  2008            JNZ	0x571E
570E:  9382 0328       TST	&0x0328
5712:  2005            JNZ	0x571E
5714:  4382 0314       CLR	&0x0314
5718:  4382 0316       CLR	&0x0316
571C:  3C6A            JMP	0x57F2

loc_571E:			; переходы из 0x570C, 0x5712, 0x5752
571E:  90B2 7FFF 0326  CMP	#0x7FFF, &0x0326
5724:  2C29            JC	0x5778
5726:  5292 0328 0328  ADD	&0x0328, &0x0328
572C:  6292 0326 0326  ADDC	&0x0326, &0x0326
5732:  90B2 7FFF 0326  CMP	#0x7FFF, &0x0326
5738:  2C0D            JC	0x5754
573A:  5292 0328 0328  ADD	&0x0328, &0x0328
5740:  6292 0326 0326  ADDC	&0x0326, &0x0326
5746:  53D2 032A       INC.B	&0x032A
574A:  90B2 7FFF 0326  CMP	#0x7FFF, &0x0326
5750:  2C07            JC	0x5760
5752:  3FE5            JMP	0x571E

loc_5754:			; переходы из 0x5738
5754:  C312            CLRC
5756:  1012 0326       RRC	&0x0326
575A:  1012 0328       RRC	&0x0328
575E:  3C0C            JMP	0x5778

loc_5760:			; переходы из 0x5750
5760:  C312            CLRC
5762:  1012 0326       RRC	&0x0326
5766:  1012 0328       RRC	&0x0328
576A:  C312            CLRC
576C:  1012 0326       RRC	&0x0326
5770:  1012 0328       RRC	&0x0328
5774:  83D2 032A       DEC.B	&0x032A

loc_5778:			; переходы из 0x5724, 0x575E
5778:  4292 0326 0300  MOV	&0x0326, &0x0300
577E:  4292 0328 0302  MOV	&0x0328, &0x0302
5784:  12B0 4B0C       CALL	#0x4B0C

loc_5788:			; переходы из 0x57BC
5788:  90B2 3FFF 0308  CMP	#0x3FFF, &0x0308
578E:  2C29            JC	0x57E2
5790:  5292 030A 030A  ADD	&0x030A, &0x030A
5796:  6292 0308 0308  ADDC	&0x0308, &0x0308
579C:  90B2 3FFF 0308  CMP	#0x3FFF, &0x0308
57A2:  2C0D            JC	0x57BE
57A4:  5292 030A 030A  ADD	&0x030A, &0x030A
57AA:  6292 0308 0308  ADDC	&0x0308, &0x0308
57B0:  53D2 032A       INC.B	&0x032A
57B4:  90B2 3FFF 0308  CMP	#0x3FFF, &0x0308
57BA:  2C07            JC	0x57CA
57BC:  3FE5            JMP	0x5788

loc_57BE:			; переходы из 0x57A2
57BE:  C312            CLRC
57C0:  1012 0308       RRC	&0x0308
57C4:  1012 030A       RRC	&0x030A
57C8:  3C0C            JMP	0x57E2

loc_57CA:			; переходы из 0x57BA
57CA:  C312            CLRC
57CC:  1012 0308       RRC	&0x0308
57D0:  1012 030A       RRC	&0x030A
57D4:  C312            CLRC
57D6:  1012 0308       RRC	&0x0308
57DA:  1012 030A       RRC	&0x030A
57DE:  83D2 032A       DEC.B	&0x032A

loc_57E2:			; переходы из 0x578E, 0x57C8
57E2:  4292 0308 0300  MOV	&0x0308, &0x0300
57E8:  4292 030A 0302  MOV	&0x030A, &0x0302
57EE:  12B0 4BAC       CALL	#0x4BAC

loc_57F2:			; переходы из 0x571C
57F2:  4130            RET

; ============================================================
; Функция sub_57F4 @ 0x57F4   (вызовов: 2)
;   вызывается из: 0x6302, 0x6344
; ============================================================
57F4:  43C2 032A       CLR.B	&0x032A
57F8:  9382 0326       TST	&0x0326
57FC:  2008            JNZ	0x580E
57FE:  9382 0328       TST	&0x0328
5802:  2005            JNZ	0x580E
5804:  4382 0314       CLR	&0x0314
5808:  4382 0316       CLR	&0x0316
580C:  3C35            JMP	0x5878

loc_580E:			; переходы из 0x57FC, 0x5802, 0x5842
580E:  90B2 3FFF 0326  CMP	#0x3FFF, &0x0326
5814:  2C29            JC	0x5868
5816:  5292 0328 0328  ADD	&0x0328, &0x0328
581C:  6292 0326 0326  ADDC	&0x0326, &0x0326
5822:  90B2 3FFF 0326  CMP	#0x3FFF, &0x0326
5828:  2C0D            JC	0x5844
582A:  5292 0328 0328  ADD	&0x0328, &0x0328
5830:  6292 0326 0326  ADDC	&0x0326, &0x0326
5836:  53D2 032A       INC.B	&0x032A
583A:  90B2 3FFF 0326  CMP	#0x3FFF, &0x0326
5840:  2C07            JC	0x5850
5842:  3FE5            JMP	0x580E

loc_5844:			; переходы из 0x5828
5844:  C312            CLRC
5846:  1012 0326       RRC	&0x0326
584A:  1012 0328       RRC	&0x0328
584E:  3C0C            JMP	0x5868

loc_5850:			; переходы из 0x5840
5850:  C312            CLRC
5852:  1012 0326       RRC	&0x0326
5856:  1012 0328       RRC	&0x0328
585A:  C312            CLRC
585C:  1012 0326       RRC	&0x0326
5860:  1012 0328       RRC	&0x0328
5864:  83D2 032A       DEC.B	&0x032A

loc_5868:			; переходы из 0x5814, 0x584E
5868:  4292 0326 0300  MOV	&0x0326, &0x0300
586E:  4292 0328 0302  MOV	&0x0328, &0x0302
5874:  12B0 4BAC       CALL	#0x4BAC

loc_5878:			; переходы из 0x580C
5878:  4130            RET

; ============================================================
; Функция sub_587A @ 0x587A   (вызовов: 10)
;   вызывается из: 0x5012, 0x503E, 0x5310, 0x6488, 0x6576, 0x6606, 0x6658, 0x679E, 0x6814, 0x698A
; ============================================================
587A:  93C2 032A       TST.B	&0x032A
587E:  2419            JZ	0x58B2
5880:  B0B2 8000 031C  BIT	#0x8000, &0x031C
5886:  240D            JZ	0x58A2
5888:  93B2 031C       CMP	#-1, &0x031C
588C:  2008            JNZ	0x589E
588E:  93B2 031E       CMP	#-1, &0x031E
5892:  2005            JNZ	0x589E
5894:  4382 031C       CLR	&0x031C
5898:  4382 031E       CLR	&0x031E
589C:  3C02            JMP	0x58A2

loc_589E:			; переходы из 0x588C, 0x5892
589E:  D312            SETC
58A0:  3C01            JMP	0x58A4

loc_58A2:			; переходы из 0x5886, 0x589C
58A2:  C312            CLRC

loc_58A4:			; переходы из 0x58A0
58A4:  1012 031C       RRC	&0x031C
58A8:  1012 031E       RRC	&0x031E
58AC:  83D2 032A       DEC.B	&0x032A
58B0:  3FE4            JMP	0x587A

loc_58B2:			; переходы из 0x587E
58B2:  4130            RET

; ============================================================
; Функция sub_58B4 @ 0x58B4   (вызовов: 1)
;   вызывается из: 0x8A4E
; ============================================================
58B4:  4FA2 0300       MOV	@R15, &0x0300
58B8:  4F92 0002 0302  MOV	2(R15), &0x0302
58BE:  4F92 0008 0308  MOV	8(R15), &0x0308
58C4:  4F92 000A 030A  MOV	10(R15), &0x030A
58CA:  B0B2 8000 0300  BIT	#0x8000, &0x0300
58D0:  2408            JZ	0x58E2
58D2:  E3B2 0302       INV	&0x0302
58D6:  E3B2 0300       INV	&0x0300
58DA:  5392 0302       INC	&0x0302
58DE:  6382 0300       ADC	&0x0300

loc_58E2:			; переходы из 0x58D0, 0x58FA
58E2:  C312            CLRC
58E4:  1012 0300       RRC	&0x0300
58E8:  1012 0302       RRC	&0x0302
58EC:  C312            CLRC
58EE:  1012 0308       RRC	&0x0308
58F2:  1012 030A       RRC	&0x030A
58F6:  9382 0308       TST	&0x0308
58FA:  23F3            JNZ	0x58E2
58FC:  C232            DINT
58FE:  4303            CLR	CG
5900:  4292 0302 0130  MOV	&0x0302, &MPY
5906:  40B2 03E8 0138  MOV	#0x03E8, &OP2
590C:  D232            EINT
590E:  4303            CLR	CG
5910:  C232            DINT
5912:  4303            CLR	CG
5914:  4292 0300 0134  MOV	&0x0300, &MAC
591A:  40B2 03E8 0138  MOV	#0x03E8, &OP2
5920:  4292 013C 0300  MOV	&RESHI, &0x0300
5926:  4292 013A 0302  MOV	&RESLO, &0x0302
592C:  D232            EINT
592E:  4292 030A 0306  MOV	&0x030A, &0x0306
5934:  9382 0306       TST	&0x0306
5938:  2403            JZ	0x5940
593A:  12B0 4AC0       CALL	#0x4AC0
593E:  3C04            JMP	0x5948

loc_5940:			; переходы из 0x5938
5940:  4382 0308       CLR	&0x0308
5944:  4382 030A       CLR	&0x030A

loc_5948:			; переходы из 0x593E
5948:  4130            RET

; ============================================================
; Функция sub_594A @ 0x594A   (вызовов: 11)
;   вызывается из: 0x5ADC, 0x5B66, 0x5D34, 0x5DC0, 0x5E0E, 0x68DC, 0x6A18, 0x6CB4, 0x6CDE, 0x6D08, 0x6D34
; ============================================================
594A:  4292 030E 013A  MOV	&0x030E, &RESLO
5950:  4382 013C       CLR	&RESHI
5954:  C232            DINT
5956:  4303            CLR	CG
5958:  4292 0306 0134  MOV	&0x0306, &MAC
595E:  4292 0302 0138  MOV	&0x0302, &OP2
5964:  D232            EINT
5966:  4292 013A 030E  MOV	&RESLO, &0x030E
596C:  4292 013C 013A  MOV	&RESHI, &RESLO
5972:  4382 013C       CLR	&RESHI
5976:  C232            DINT
5978:  4303            CLR	CG
597A:  4292 0304 0134  MOV	&0x0304, &MAC
5980:  4292 0302 0138  MOV	&0x0302, &OP2
5986:  D232            EINT
5988:  4292 013C 0308  MOV	&RESHI, &0x0308
598E:  4292 013A 030A  MOV	&RESLO, &0x030A
5994:  C232            DINT
5996:  4303            CLR	CG
5998:  4292 0306 0130  MOV	&0x0306, &MPY
599E:  4292 0300 0138  MOV	&0x0300, &OP2
59A4:  D232            EINT
59A6:  5292 013A 030A  ADD	&RESLO, &0x030A
59AC:  6292 013C 0308  ADDC	&RESHI, &0x0308
59B2:  4292 0308 013A  MOV	&0x0308, &RESLO
59B8:  4382 013C       CLR	&RESHI
59BC:  C232            DINT
59BE:  4303            CLR	CG
59C0:  4292 0304 0134  MOV	&0x0304, &MAC
59C6:  4292 0300 0138  MOV	&0x0300, &OP2
59CC:  D232            EINT
59CE:  4292 013A 0308  MOV	&RESLO, &0x0308
59D4:  4130            RET

; ============================================================
; Функция sub_59D6 @ 0x59D6   (вызовов: 3)
;   вызывается из: 0x4EAC, 0x519A, 0x540C
; ============================================================
59D6:  B0B2 0400 04F4  BIT	#0x0400, &0x04F4
59DC:  251D            JZ	0x5C18
59DE:  4382 0300       CLR	&0x0300
59E2:  4382 0302       CLR	&0x0302
59E6:  4382 0318       CLR	&0x0318
59EA:  4382 031A       CLR	&0x031A
59EE:  B0B2 8000 031C  BIT	#0x8000, &0x031C
59F4:  2403            JZ	0x59FC
59F6:  D038 0100       BIS	#0x0100, R8
59FA:  3C02            JMP	0x5A00

loc_59FC:			; переходы из 0x59F4
59FC:  C038 0100       BIC	#0x0100, R8

loc_5A00:			; переходы из 0x59FA
5A00:  9358            CMP.B	#1, R8
5A02:  2004            JNZ	0x5A0C
5A04:  4292 0582 030E  MOV	&0x0582, &0x030E
5A0A:  3C0C            JMP	0x5A24

loc_5A0C:			; переходы из 0x5A02
5A0C:  9368            CMP.B	#2, R8
5A0E:  2004            JNZ	0x5A18
5A10:  4292 0584 030E  MOV	&0x0584, &0x030E
5A16:  3C06            JMP	0x5A24

loc_5A18:			; переходы из 0x5A0E
5A18:  9078 0003       CMP.B	#0x0003, R8
5A1C:  2003            JNZ	0x5A24
5A1E:  4292 0586 030E  MOV	&0x0586, &0x030E

loc_5A24:			; переходы из 0x5A0A, 0x5A16, 0x5A1C
5A24:  B392 0580       BIT	#1, &0x0580
5A28:  2411            JZ	0x5A4C
5A2A:  B0B2 0100 0580  BIT	#0x0100, &0x0580
5A30:  2407            JZ	0x5A40
5A32:  8292 0552 0302  SUB	&0x0552, &0x0302
5A38:  7292 0550 0300  SUBC	&0x0550, &0x0300
5A3E:  3C06            JMP	0x5A4C

loc_5A40:			; переходы из 0x5A30
5A40:  5292 0552 0302  ADD	&0x0552, &0x0302
5A46:  6292 0550 0300  ADDC	&0x0550, &0x0300

loc_5A4C:			; переходы из 0x5A28, 0x5A3E
5A4C:  B2A2 0580       BIT	#4, &0x0580
5A50:  2C04            JC	0x5A5A
5A52:  B392 0580       BIT	#1, &0x0580
5A56:  245F            JZ	0x5B16
5A58:  3C11            JMP	0x5A7C

loc_5A5A:			; переходы из 0x5A50
5A5A:  B0B2 0400 0580  BIT	#0x0400, &0x0580
5A60:  2407            JZ	0x5A70
5A62:  8292 055A 0302  SUB	&0x055A, &0x0302
5A68:  7292 0558 0300  SUBC	&0x0558, &0x0300
5A6E:  3C06            JMP	0x5A7C

loc_5A70:			; переходы из 0x5A60
5A70:  5292 055A 0302  ADD	&0x055A, &0x0302
5A76:  6292 0558 0300  ADDC	&0x0558, &0x0300

loc_5A7C:			; переходы из 0x5A58, 0x5A6E
5A7C:  B0B2 8000 0300  BIT	#0x8000, &0x0300
5A82:  240B            JZ	0x5A9A
5A84:  D038 0200       BIS	#0x0200, R8
5A88:  E3B2 0302       INV	&0x0302
5A8C:  E3B2 0300       INV	&0x0300
5A90:  5392 0302       INC	&0x0302
5A94:  6382 0300       ADC	&0x0300
5A98:  3C02            JMP	0x5A9E

loc_5A9A:			; переходы из 0x5A82
5A9A:  C038 0200       BIC	#0x0200, R8

loc_5A9E:			; переходы из 0x5A98
5A9E:  4382 0304       CLR	&0x0304
5AA2:  4382 0306       CLR	&0x0306
5AA6:  9358            CMP.B	#1, R8
5AA8:  2007            JNZ	0x5AB8
5AAA:  4292 0574 0304  MOV	&0x0574, &0x0304
5AB0:  4292 0576 0306  MOV	&0x0576, &0x0306
5AB6:  3C12            JMP	0x5ADC

loc_5AB8:			; переходы из 0x5AA8
5AB8:  9368            CMP.B	#2, R8
5ABA:  2007            JNZ	0x5ACA
5ABC:  4292 0578 0304  MOV	&0x0578, &0x0304
5AC2:  4292 057A 0306  MOV	&0x057A, &0x0306
5AC8:  3C09            JMP	0x5ADC

loc_5ACA:			; переходы из 0x5ABA
5ACA:  9078 0003       CMP.B	#0x0003, R8
5ACE:  2006            JNZ	0x5ADC
5AD0:  4292 057C 0304  MOV	&0x057C, &0x0304
5AD6:  4292 057E 0306  MOV	&0x057E, &0x0306

loc_5ADC:			; переходы из 0x5AB6, 0x5AC8, 0x5ACE
5ADC:  12B0 594A       CALL	#0x594A
5AE0:  B038 0200       BIT	#0x0200, R8
5AE4:  2408            JZ	0x5AF6
5AE6:  E3B2 030A       INV	&0x030A
5AEA:  E3B2 0308       INV	&0x0308
5AEE:  5392 030A       INC	&0x030A
5AF2:  6382 0308       ADC	&0x0308

loc_5AF6:			; переходы из 0x5AE4
5AF6:  4292 030A 0318  MOV	&0x030A, &0x0318
5AFC:  4292 0308 031A  MOV	&0x0308, &0x031A
5B02:  B0B2 0040 0580  BIT	#0x0040, &0x0580
5B08:  2406            JZ	0x5B16
5B0A:  5292 030A 031E  ADD	&0x030A, &0x031E
5B10:  6292 0308 031C  ADDC	&0x0308, &0x031C

loc_5B16:			; переходы из 0x5A56, 0x5B08
5B16:  B3A2 0580       BIT	#2, &0x0580
5B1A:  2443            JZ	0x5BA2
5B1C:  4292 0554 0300  MOV	&0x0554, &0x0300
5B22:  4292 0556 0302  MOV	&0x0556, &0x0302
5B28:  4382 0304       CLR	&0x0304
5B2C:  4382 0306       CLR	&0x0306
5B30:  9358            CMP.B	#1, R8
5B32:  2007            JNZ	0x5B42
5B34:  4292 0568 0304  MOV	&0x0568, &0x0304
5B3A:  4292 056A 0306  MOV	&0x056A, &0x0306
5B40:  3C12            JMP	0x5B66

loc_5B42:			; переходы из 0x5B32
5B42:  9368            CMP.B	#2, R8
5B44:  2007            JNZ	0x5B54
5B46:  4292 056C 0304  MOV	&0x056C, &0x0304
5B4C:  4292 056E 0306  MOV	&0x056E, &0x0306
5B52:  3C09            JMP	0x5B66

loc_5B54:			; переходы из 0x5B44
5B54:  9078 0003       CMP.B	#0x0003, R8
5B58:  2006            JNZ	0x5B66
5B5A:  4292 0570 0304  MOV	&0x0570, &0x0304
5B60:  4292 0572 0306  MOV	&0x0572, &0x0306

loc_5B66:			; переходы из 0x5B40, 0x5B52, 0x5B58
5B66:  12B0 594A       CALL	#0x594A
5B6A:  B0B2 0200 0580  BIT	#0x0200, &0x0580
5B70:  2408            JZ	0x5B82
5B72:  E3B2 030A       INV	&0x030A
5B76:  E3B2 0308       INV	&0x0308
5B7A:  5392 030A       INC	&0x030A
5B7E:  6382 0308       ADC	&0x0308

loc_5B82:			; переходы из 0x5B70
5B82:  5292 030A 0318  ADD	&0x030A, &0x0318
5B88:  6292 0308 031A  ADDC	&0x0308, &0x031A
5B8E:  B0B2 0040 0580  BIT	#0x0040, &0x0580
5B94:  2406            JZ	0x5BA2
5B96:  5292 030A 031E  ADD	&0x030A, &0x031E
5B9C:  6292 0308 031C  ADDC	&0x0308, &0x031C

loc_5BA2:			; переходы из 0x5B1A, 0x5B94
5BA2:  B0B2 8000 031A  BIT	#0x8000, &0x031A
5BA8:  2408            JZ	0x5BBA
5BAA:  E3B2 0318       INV	&0x0318
5BAE:  E3B2 031A       INV	&0x031A
5BB2:  5392 0318       INC	&0x0318
5BB6:  6382 031A       ADC	&0x031A

loc_5BBA:			; переходы из 0x5BA8
5BBA:  B038 0100       BIT	#0x0100, R8
5BBE:  2408            JZ	0x5BD0
5BC0:  E3B2 0318       INV	&0x0318
5BC4:  E3B2 031A       INV	&0x031A
5BC8:  5392 0318       INC	&0x0318
5BCC:  6382 031A       ADC	&0x031A

loc_5BD0:			; переходы из 0x5BBE
5BD0:  9358            CMP.B	#1, R8
5BD2:  200A            JNZ	0x5BE8
5BD4:  4292 030E 0582  MOV	&0x030E, &0x0582
5BDA:  4292 0318 05B6  MOV	&0x0318, &0x05B6
5BE0:  4292 031A 05B4  MOV	&0x031A, &0x05B4
5BE6:  3C18            JMP	0x5C18

loc_5BE8:			; переходы из 0x5BD2
5BE8:  9368            CMP.B	#2, R8
5BEA:  200A            JNZ	0x5C00
5BEC:  4292 030E 0584  MOV	&0x030E, &0x0584
5BF2:  4292 0318 05BA  MOV	&0x0318, &0x05BA
5BF8:  4292 031A 05B8  MOV	&0x031A, &0x05B8
5BFE:  3C0C            JMP	0x5C18

loc_5C00:			; переходы из 0x5BEA
5C00:  9078 0003       CMP.B	#0x0003, R8
5C04:  2009            JNZ	0x5C18
5C06:  4292 030E 0586  MOV	&0x030E, &0x0586
5C0C:  4292 0318 05BE  MOV	&0x0318, &0x05BE
5C12:  4292 031A 05BC  MOV	&0x031A, &0x05BC

loc_5C18:			; переходы из 0x59DC, 0x5BE6, 0x5BFE, 0x5C04
5C18:  4130            RET

; ============================================================
; Функция sub_5C1A @ 0x5C1A   (вызовов: 3)
;   вызывается из: 0x4EC6, 0x51B4, 0x5428
; ============================================================
5C1A:  B0B2 0400 04F4  BIT	#0x0400, &0x04F4
5C20:  254F            JZ	0x5EC0
5C22:  4382 0300       CLR	&0x0300
5C26:  4382 0302       CLR	&0x0302
5C2A:  4382 0318       CLR	&0x0318
5C2E:  4382 031A       CLR	&0x031A
5C32:  B0B2 8000 031C  BIT	#0x8000, &0x031C
5C38:  2403            JZ	0x5C40
5C3A:  D038 0100       BIS	#0x0100, R8
5C3E:  3C02            JMP	0x5C44

loc_5C40:			; переходы из 0x5C38
5C40:  C038 0100       BIC	#0x0100, R8

loc_5C44:			; переходы из 0x5C3E
5C44:  9358            CMP.B	#1, R8
5C46:  2004            JNZ	0x5C50
5C48:  4292 0588 030E  MOV	&0x0588, &0x030E
5C4E:  3C0C            JMP	0x5C68

loc_5C50:			; переходы из 0x5C46
5C50:  9368            CMP.B	#2, R8
5C52:  2004            JNZ	0x5C5C
5C54:  4292 058A 030E  MOV	&0x058A, &0x030E
5C5A:  3C06            JMP	0x5C68

loc_5C5C:			; переходы из 0x5C52
5C5C:  9078 0003       CMP.B	#0x0003, R8
5C60:  2003            JNZ	0x5C68
5C62:  4292 058C 030E  MOV	&0x058C, &0x030E

loc_5C68:			; переходы из 0x5C4E, 0x5C5A, 0x5C60
5C68:  B2B2 0580       BIT	#8, &0x0580
5C6C:  2411            JZ	0x5C90
5C6E:  B0B2 0800 0580  BIT	#0x0800, &0x0580
5C74:  2407            JZ	0x5C84
5C76:  8292 055E 0302  SUB	&0x055E, &0x0302
5C7C:  7292 055C 0300  SUBC	&0x055C, &0x0300
5C82:  3C06            JMP	0x5C90

loc_5C84:			; переходы из 0x5C74
5C84:  5292 055E 0302  ADD	&0x055E, &0x0302
5C8A:  6292 055C 0300  ADDC	&0x055C, &0x0300

loc_5C90:			; переходы из 0x5C6C, 0x5C82
5C90:  B0B2 0020 0580  BIT	#0x0020, &0x0580
5C96:  2C04            JC	0x5CA0
5C98:  B2B2 0580       BIT	#8, &0x0580
5C9C:  2468            JZ	0x5D6E
5C9E:  3C11            JMP	0x5CC2

loc_5CA0:			; переходы из 0x5C96
5CA0:  B0B2 2000 0580  BIT	#0x2000, &0x0580
5CA6:  2407            JZ	0x5CB6
5CA8:  8292 0566 0302  SUB	&0x0566, &0x0302
5CAE:  7292 0564 0300  SUBC	&0x0564, &0x0300
5CB4:  3C06            JMP	0x5CC2

loc_5CB6:			; переходы из 0x5CA6
5CB6:  5292 0566 0302  ADD	&0x0566, &0x0302
5CBC:  6292 0564 0300  ADDC	&0x0564, &0x0300

loc_5CC2:			; переходы из 0x5C9E, 0x5CB4
5CC2:  B0B2 8000 0300  BIT	#0x8000, &0x0300
5CC8:  240B            JZ	0x5CE0
5CCA:  D038 0200       BIS	#0x0200, R8
5CCE:  E3B2 0302       INV	&0x0302
5CD2:  E3B2 0300       INV	&0x0300
5CD6:  5392 0302       INC	&0x0302
5CDA:  6382 0300       ADC	&0x0300
5CDE:  3C02            JMP	0x5CE4

loc_5CE0:			; переходы из 0x5CC8
5CE0:  C038 0200       BIC	#0x0200, R8

loc_5CE4:			; переходы из 0x5CDE
5CE4:  4382 0304       CLR	&0x0304
5CE8:  4382 0306       CLR	&0x0306
5CEC:  9358            CMP.B	#1, R8
5CEE:  200A            JNZ	0x5D04
5CF0:  4292 0574 0304  MOV	&0x0574, &0x0304
5CF6:  4292 0576 0306  MOV	&0x0576, &0x0306
5CFC:  4292 0588 030E  MOV	&0x0588, &0x030E
5D02:  3C18            JMP	0x5D34

loc_5D04:			; переходы из 0x5CEE
5D04:  9368            CMP.B	#2, R8
5D06:  200A            JNZ	0x5D1C
5D08:  4292 0578 0304  MOV	&0x0578, &0x0304
5D0E:  4292 057A 0306  MOV	&0x057A, &0x0306
5D14:  4292 058A 030E  MOV	&0x058A, &0x030E
5D1A:  3C0C            JMP	0x5D34

loc_5D1C:			; переходы из 0x5D06
5D1C:  9078 0003       CMP.B	#0x0003, R8
5D20:  2009            JNZ	0x5D34
5D22:  4292 057C 0304  MOV	&0x057C, &0x0304
5D28:  4292 057E 0306  MOV	&0x057E, &0x0306
5D2E:  4292 058C 030E  MOV	&0x058C, &0x030E

loc_5D34:			; переходы из 0x5D02, 0x5D1A, 0x5D20
5D34:  12B0 594A       CALL	#0x594A
5D38:  B038 0200       BIT	#0x0200, R8
5D3C:  2408            JZ	0x5D4E
5D3E:  E3B2 030A       INV	&0x030A
5D42:  E3B2 0308       INV	&0x0308
5D46:  5392 030A       INC	&0x030A
5D4A:  6382 0308       ADC	&0x0308

loc_5D4E:			; переходы из 0x5D3C
5D4E:  4292 030A 0318  MOV	&0x030A, &0x0318
5D54:  4292 0308 031A  MOV	&0x0308, &0x031A
5D5A:  B0B2 0040 0580  BIT	#0x0040, &0x0580
5D60:  2406            JZ	0x5D6E
5D62:  5292 030A 031E  ADD	&0x030A, &0x031E
5D68:  6292 0308 031C  ADDC	&0x0308, &0x031C

loc_5D6E:			; переходы из 0x5C9C, 0x5D60
5D6E:  B0B2 0010 0580  BIT	#0x0010, &0x0580
5D74:  246A            JZ	0x5E4A
5D76:  4292 0560 0300  MOV	&0x0560, &0x0300
5D7C:  4292 0562 0302  MOV	&0x0562, &0x0302
5D82:  4382 0304       CLR	&0x0304
5D86:  4382 0306       CLR	&0x0306
5D8A:  9358            CMP.B	#1, R8
5D8C:  2007            JNZ	0x5D9C
5D8E:  4292 0568 0304  MOV	&0x0568, &0x0304
5D94:  4292 056A 0306  MOV	&0x056A, &0x0306
5D9A:  3C12            JMP	0x5DC0

loc_5D9C:			; переходы из 0x5D8C
5D9C:  9368            CMP.B	#2, R8
5D9E:  2007            JNZ	0x5DAE
5DA0:  4292 056C 0304  MOV	&0x056C, &0x0304
5DA6:  4292 056E 0306  MOV	&0x056E, &0x0306
5DAC:  3C09            JMP	0x5DC0

loc_5DAE:			; переходы из 0x5D9E
5DAE:  9078 0003       CMP.B	#0x0003, R8
5DB2:  2006            JNZ	0x5DC0
5DB4:  4292 0570 0304  MOV	&0x0570, &0x0304
5DBA:  4292 0572 0306  MOV	&0x0572, &0x0306

loc_5DC0:			; переходы из 0x5D9A, 0x5DAC, 0x5DB2
5DC0:  12B0 594A       CALL	#0x594A
5DC4:  4292 0308 0300  MOV	&0x0308, &0x0300
5DCA:  4292 030A 0302  MOV	&0x030A, &0x0302
5DD0:  4382 0304       CLR	&0x0304
5DD4:  4382 0306       CLR	&0x0306
5DD8:  9358            CMP.B	#1, R8
5DDA:  2007            JNZ	0x5DEA
5DDC:  4292 0568 0304  MOV	&0x0568, &0x0304
5DE2:  4292 056A 0306  MOV	&0x056A, &0x0306
5DE8:  3C12            JMP	0x5E0E

loc_5DEA:			; переходы из 0x5DDA
5DEA:  9368            CMP.B	#2, R8
5DEC:  2007            JNZ	0x5DFC
5DEE:  4292 056C 0304  MOV	&0x056C, &0x0304
5DF4:  4292 056E 0306  MOV	&0x056E, &0x0306
5DFA:  3C09            JMP	0x5E0E

loc_5DFC:			; переходы из 0x5DEC
5DFC:  9078 0003       CMP.B	#0x0003, R8
5E00:  2006            JNZ	0x5E0E
5E02:  4292 0570 0304  MOV	&0x0570, &0x0304
5E08:  4292 0572 0306  MOV	&0x0572, &0x0306

loc_5E0E:			; переходы из 0x5DE8, 0x5DFA, 0x5E00
5E0E:  12B0 594A       CALL	#0x594A
5E12:  B0B2 1000 0580  BIT	#0x1000, &0x0580
5E18:  2408            JZ	0x5E2A
5E1A:  E3B2 030A       INV	&0x030A
5E1E:  E3B2 0308       INV	&0x0308
5E22:  5392 030A       INC	&0x030A
5E26:  6382 0308       ADC	&0x0308

loc_5E2A:			; переходы из 0x5E18
5E2A:  5292 030A 0318  ADD	&0x030A, &0x0318
5E30:  6292 0308 031A  ADDC	&0x0308, &0x031A
5E36:  B0B2 0040 0580  BIT	#0x0040, &0x0580
5E3C:  2406            JZ	0x5E4A
5E3E:  5292 030A 031E  ADD	&0x030A, &0x031E
5E44:  6292 0308 031C  ADDC	&0x0308, &0x031C

loc_5E4A:			; переходы из 0x5D74, 0x5E3C
5E4A:  B0B2 8000 031A  BIT	#0x8000, &0x031A
5E50:  2408            JZ	0x5E62
5E52:  E3B2 0318       INV	&0x0318
5E56:  E3B2 031A       INV	&0x031A
5E5A:  5392 0318       INC	&0x0318
5E5E:  6382 031A       ADC	&0x031A

loc_5E62:			; переходы из 0x5E50
5E62:  B038 0100       BIT	#0x0100, R8
5E66:  2408            JZ	0x5E78
5E68:  E3B2 0318       INV	&0x0318
5E6C:  E3B2 031A       INV	&0x031A
5E70:  5392 0318       INC	&0x0318
5E74:  6382 031A       ADC	&0x031A

loc_5E78:			; переходы из 0x5E66
5E78:  9358            CMP.B	#1, R8
5E7A:  200A            JNZ	0x5E90
5E7C:  4292 030E 0588  MOV	&0x030E, &0x0588
5E82:  4292 0318 05C6  MOV	&0x0318, &0x05C6
5E88:  4292 031A 05C4  MOV	&0x031A, &0x05C4
5E8E:  3C18            JMP	0x5EC0

loc_5E90:			; переходы из 0x5E7A
5E90:  9368            CMP.B	#2, R8
5E92:  200A            JNZ	0x5EA8
5E94:  4292 030E 058A  MOV	&0x030E, &0x058A
5E9A:  4292 0318 05CA  MOV	&0x0318, &0x05CA
5EA0:  4292 031A 05C8  MOV	&0x031A, &0x05C8
5EA6:  3C0C            JMP	0x5EC0

loc_5EA8:			; переходы из 0x5E92
5EA8:  9078 0003       CMP.B	#0x0003, R8
5EAC:  2009            JNZ	0x5EC0
5EAE:  4292 030E 058C  MOV	&0x030E, &0x058C
5EB4:  4292 0318 05CE  MOV	&0x0318, &0x05CE
5EBA:  4292 031A 05CC  MOV	&0x031A, &0x05CC

loc_5EC0:			; переходы из 0x5C20, 0x5E8E, 0x5EA6, 0x5EAC
5EC0:  4130            RET

; ============================================================
; Функция sub_5EC2 @ 0x5EC2   (вызовов: 3)
;   вызывается из: 0x18F0, 0x212E, 0x2198
; ============================================================
5EC2:  120F            PUSH	R15
5EC4:  120E            PUSH	R14
5EC6:  120D            PUSH	R13
5EC8:  120C            PUSH	R12
5ECA:  120B            PUSH	R11
5ECC:  425F 04FD       MOV.B	&0x04FD, R15
5ED0:  831F            DEC	R15
5ED2:  5F0F            RLA	R15
5ED4:  4F1C FB2C       MOV	-1236(R15), R12
5ED8:  4F1B FB34       MOV	-1228(R15), R11
5EDC:  C3A2 04F2       BIC	#2, &0x04F2
5EE0:  C0B2 0010 04FA  BIC	#0x0010, &0x04FA
5EE6:  D0F2 0003 04AC  BIS.B	#0x0003, &0x04AC
5EEC:  40B2 1CC0 04A8  MOV	#0x1CC0, &0x04A8
5EF2:  40F2 000C 04AB  MOV.B	#0x000C, &0x04AB
5EF8:  40B2 04E0 04AE  MOV	#0x04E0, &0x04AE
5EFE:  12B0 C3A2       CALL	#0xC3A2
5F02:  B3A2 04F2       BIT	#2, &0x04F2
5F06:  2C52            JC	0x5FAC
5F08:  430F            CLR	R15

loc_5F0A:			; переходы из 0x5FA8
5F0A:  C232            DINT
5F0C:  4303            CLR	CG
5F0E:  40B2 8DB8 0130  MOV	#0x8DB8, &MPY
5F14:  4F92 04E0 0138  MOV	1248(R15), &OP2
5F1A:  4292 013C 013A  MOV	&RESHI, &RESLO
5F20:  4382 013C       CLR	&RESHI
5F24:  40B2 0006 0134  MOV	#0x0006, &MAC
5F2A:  4F92 04E0 0138  MOV	1248(R15), &OP2
5F30:  421E 013C       MOV	&RESHI, R14
5F34:  421D 013A       MOV	&RESLO, R13
5F38:  D232            EINT
5F3A:  4303            CLR	CG
5F3C:  C232            DINT
5F3E:  4303            CLR	CG
5F40:  4B82 0130       MOV	R11, &MPY
5F44:  4D82 0138       MOV	R13, &OP2
5F48:  4292 013C 013A  MOV	&RESHI, &RESLO
5F4E:  4382 013C       CLR	&RESHI
5F52:  4C82 0134       MOV	R12, &MAC
5F56:  4D82 0138       MOV	R13, &OP2
5F5A:  429F 013C 04E0  MOV	&RESHI, 1248(R15)
5F60:  421D 013A       MOV	&RESLO, R13
5F64:  D232            EINT
5F66:  4303            CLR	CG
5F68:  C232            DINT
5F6A:  4303            CLR	CG
5F6C:  4B82 0130       MOV	R11, &MPY
5F70:  4E82 0138       MOV	R14, &OP2
5F74:  521D 013A       ADD	&RESLO, R13
5F78:  629F 013C 04E0  ADDC	&RESHI, 1248(R15)
5F7E:  4F92 04E0 013A  MOV	1248(R15), &RESLO
5F84:  4382 013C       CLR	&RESHI
5F88:  4C82 0134       MOV	R12, &MAC
5F8C:  4E82 0138       MOV	R14, &OP2
5F90:  5F0F            RLA	R15
5F92:  4D8F 0552       MOV	R13, 1362(R15)
5F96:  429F 013A 0550  MOV	&RESLO, 1360(R15)
5F9C:  D232            EINT
5F9E:  C312            CLRC
5FA0:  100F            RRC	R15
5FA2:  532F            INCD	R15
5FA4:  903F 000C       CMP	#0x000C, R15
5FA8:  2BB0            JNC	0x5F0A
5FAA:  3C03            JMP	0x5FB2

loc_5FAC:			; переходы из 0x5F06
5FAC:  D0B2 0010 04FA  BIS	#0x0010, &0x04FA

loc_5FB2:			; переходы из 0x5FAA
5FB2:  413B            POP	R11
5FB4:  413C            POP	R12
5FB6:  413D            POP	R13
5FB8:  413E            POP	R14
5FBA:  413F            POP	R15
5FBC:  4130            RET

; ============================================================
; Функция sub_5FBE @ 0x5FBE   (вызовов: 3)
;   вызывается из: 0x4D9C, 0x50DC, 0x53A6
; ============================================================
5FBE:  4718 0478       MOV	1144(R7), R8
5FC2:  B0B7 8000 0478  BIT	#0x8000, 1144(R7)
5FC8:  2402            JZ	0x5FCE
5FCA:  E338            INV	R8
5FCC:  5318            INC	R8

loc_5FCE:			; переходы из 0x5FC8
5FCE:  93D7 036C       CMP.B	#1, 876(R7)
5FD2:  2407            JZ	0x5FE2
5FD4:  2809            JNC	0x5FE8
5FD6:  1008            RRC	R8
5FD8:  1008            RRC	R8
5FDA:  1008            RRC	R8
5FDC:  F038 1FFF       AND	#0x1FFF, R8
5FE0:  3C03            JMP	0x5FE8

loc_5FE2:			; переходы из 0x5FD2
5FE2:  5808            RLA	R8
5FE4:  5808            RLA	R8
5FE6:  5808            RLA	R8

loc_5FE8:			; переходы из 0x5FD4, 0x5FE0
5FE8:  B0B7 8000 0478  BIT	#0x8000, 1144(R7)
5FEE:  2402            JZ	0x5FF4
5FF0:  E338            INV	R8
5FF2:  5318            INC	R8

loc_5FF4:			; переходы из 0x5FEE
5FF4:  C232            DINT
5FF6:  4303            CLR	CG
5FF8:  4792 0472 0132  MOV	1138(R7), &MPYS
5FFE:  4882 0138       MOV	R8, &OP2
6002:  5297 013A 0232  ADD	&RESLO, 562(R7)
6008:  6297 013C 0230  ADDC	&RESHI, 560(R7)
600E:  D232            EINT
6010:  4303            CLR	CG
6012:  C232            DINT
6014:  4303            CLR	CG
6016:  4882 0132       MOV	R8, &MPYS
601A:  4882 0138       MOV	R8, &OP2
601E:  5297 013A 020A  ADD	&RESLO, 522(R7)
6024:  6297 013C 0208  ADDC	&RESHI, 520(R7)
602A:  D232            EINT
602C:  4130            RET

; ============================================================
; Функция sub_602E @ 0x602E   (вызовов: 3)
;   вызывается из: 0x4D98, 0x50D8, 0x53A2
; ============================================================
602E:  B392 04F6       BIT	#1, &0x04F6
6032:  2404            JZ	0x603C
6034:  12B0 56A2       CALL	#0x56A2
6038:  C392 04F6       BIC	#1, &0x04F6

loc_603C:			; переходы из 0x6032
603C:  B3A2 04F6       BIT	#2, &0x04F6
6040:  2404            JZ	0x604A
6042:  12B0 56D4       CALL	#0x56D4
6046:  C3A2 04F6       BIC	#2, &0x04F6

loc_604A:			; переходы из 0x6040
604A:  4130            RET

; ============================================================
; Функция sub_604C @ 0x604C   (вызовов: 3)
;   вызывается из: 0x4DA0, 0x50E0, 0x53AA
; ============================================================
604C:  9387 0472       TST	1138(R7)
6050:  2005            JNZ	0x605C
6052:  B0B7 8000 0478  BIT	#0x8000, 1144(R7)
6058:  244A            JZ	0x60EE
605A:  3C46            JMP	0x60E8

loc_605C:			; переходы из 0x6050
605C:  4792 0472 0300  MOV	1138(R7), &0x0300
6062:  4382 0302       CLR	&0x0302
6066:  E3B7 0474       INV	1140(R7)
606A:  5397 0474       INC	1140(R7)
606E:  4792 0474 0306  MOV	1140(R7), &0x0306
6074:  12B0 4B0C       CALL	#0x4B0C
6078:  4718 047A       MOV	1146(R7), R8
607C:  B038 8000       BIT	#0x8000, R8
6080:  2402            JZ	0x6086
6082:  E338            INV	R8
6084:  5318            INC	R8

loc_6086:			; переходы из 0x6080
6086:  C232            DINT
6088:  4303            CLR	CG
608A:  4882 0130       MOV	R8, &MPY
608E:  4292 030A 0138  MOV	&0x030A, &OP2
6094:  D232            EINT
6096:  4292 013C 013A  MOV	&RESHI, &RESLO
609C:  4382 013C       CLR	&RESHI
60A0:  C232            DINT
60A2:  4303            CLR	CG
60A4:  4882 0134       MOV	R8, &MAC
60A8:  4292 0308 0138  MOV	&0x0308, &OP2
60AE:  D232            EINT
60B0:  B0B7 8000 047A  BIT	#0x8000, 1146(R7)
60B6:  2408            JZ	0x60C8
60B8:  E3B2 013A       INV	&RESLO
60BC:  E3B2 013C       INV	&RESHI
60C0:  5392 013A       INC	&RESLO
60C4:  6382 013C       ADC	&RESHI

loc_60C8:			; переходы из 0x60B6
60C8:  B0B7 8000 0478  BIT	#0x8000, 1144(R7)
60CE:  2402            JZ	0x60D4
60D0:  4338            MOV	#-1, R8
60D2:  3C01            JMP	0x60D6

loc_60D4:			; переходы из 0x60CE
60D4:  4308            CLR	R8

loc_60D6:			; переходы из 0x60D2
60D6:  5792 0478 013A  ADD	1144(R7), &RESLO
60DC:  6882 013C       ADDC	R8, &RESHI
60E0:  B0B2 8000 013C  BIT	#0x8000, &RESHI
60E6:  2403            JZ	0x60EE

loc_60E8:			; переходы из 0x605A
60E8:  C2B7 027C       BIC	#8, 636(R7)
60EC:  3C02            JMP	0x60F2

loc_60EE:			; переходы из 0x6058, 0x60E6
60EE:  D2B7 027C       BIS	#8, 636(R7)

loc_60F2:			; переходы из 0x60EC
60F2:  4130            RET

; ============================================================
; Функция sub_60F4 @ 0x60F4   (вызовов: 3)
;   вызывается из: 0x4DA4, 0x50E4, 0x53AE
; ============================================================
60F4:  4792 03EC 0300  MOV	1004(R7), &0x0300
60FA:  4792 03EE 0302  MOV	1006(R7), &0x0302
6100:  4758 0279       MOV.B	633(R7), R8
6104:  4882 0306       MOV	R8, &0x0306
6108:  12B0 4AC0       CALL	#0x4AC0
610C:  4297 030A 036E  MOV	&0x030A, 878(R7)
6112:  4130            RET

; ============================================================
; Функция sub_6114 @ 0x6114   (вызовов: 3)
;   вызывается из: 0x4DA8, 0x50E8, 0x53B2
; ============================================================
6114:  4792 02C0 0326  MOV	704(R7), &0x0326
611A:  4792 02C2 0328  MOV	706(R7), &0x0328
6120:  4382 0304       CLR	&0x0304
6124:  4758 0279       MOV.B	633(R7), R8
6128:  4882 0306       MOV	R8, &0x0306
612C:  12B0 5704       CALL	#0x5704
6130:  4292 0302 031C  MOV	&0x0302, &0x031C
6136:  4297 0316 02C2  MOV	&0x0316, 706(R7)
613C:  4297 0314 02C0  MOV	&0x0314, 704(R7)
6142:  42D2 032A 0320  MOV.B	&0x032A, &0x0320

loc_6148:			; переходы из 0x615C
6148:  93C2 032A       TST.B	&0x032A
614C:  2408            JZ	0x615E
614E:  C312            CLRC
6150:  1012 0314       RRC	&0x0314
6154:  1012 0316       RRC	&0x0316
6158:  83D2 032A       DEC.B	&0x032A
615C:  3FF5            JMP	0x6148

loc_615E:			; переходы из 0x614C
615E:  5297 0316 0206  ADD	&0x0316, 518(R7)
6164:  6297 0314 0204  ADDC	&0x0314, 516(R7)
616A:  4130            RET

; ============================================================
; Функция sub_616C @ 0x616C   (вызовов: 3)
;   вызывается из: 0x4E96, 0x5184, 0x53F4
; ============================================================
616C:  9387 02C4       TST	708(R7)
6170:  2014            JNZ	0x619A
6172:  9297 043E 02C6  CMP	&0x043E, 710(R7)
6178:  2C10            JC	0x619A
617A:  D0B7 0040 027C  BIS	#0x0040, 636(R7)
6180:  90F7 000A 03E1  CMP.B	#0x000A, 993(R7)
6186:  2C06            JC	0x6194
6188:  53D7 03E1       INC.B	993(R7)
618C:  90F7 000A 03E1  CMP.B	#0x000A, 993(R7)
6192:  280F            JNC	0x61B2

loc_6194:			; переходы из 0x6186
6194:  43C7 036D       CLR.B	877(R7)
6198:  3C0C            JMP	0x61B2

loc_619A:			; переходы из 0x6170, 0x6178
619A:  43C7 03E1       CLR.B	993(R7)
619E:  D312            SETC
61A0:  67D7 036D 036D  ADDC.B	877(R7), 877(R7)
61A6:  93F7 036D       CMP.B	#-1, 877(R7)
61AA:  2003            JNZ	0x61B2
61AC:  C0B7 0040 027C  BIC	#0x0040, 636(R7)

loc_61B2:			; переходы из 0x6192, 0x6198, 0x61AA
61B2:  4792 02C4 0326  MOV	708(R7), &0x0326
61B8:  4792 02C6 0328  MOV	710(R7), &0x0328
61BE:  4382 0304       CLR	&0x0304
61C2:  4758 0279       MOV.B	633(R7), R8
61C6:  4882 0306       MOV	R8, &0x0306
61CA:  12B0 5704       CALL	#0x5704
61CE:  C312            CLRC
61D0:  1012 0314       RRC	&0x0314
61D4:  1012 0316       RRC	&0x0316
61D8:  1012 0302       RRC	&0x0302
61DC:  4292 0302 031E  MOV	&0x0302, &0x031E
61E2:  4297 0316 02C6  MOV	&0x0316, 710(R7)
61E8:  4297 0314 02C4  MOV	&0x0314, 708(R7)
61EE:  42D2 032A 0321  MOV.B	&0x032A, &0x0321
61F4:  4228            MOV	#4, R8

loc_61F6:			; переходы из 0x6202, 0x621A
61F6:  93C2 032A       TST.B	&0x032A
61FA:  2405            JZ	0x6206
61FC:  83D2 032A       DEC.B	&0x032A
6200:  8318            DEC	R8
6202:  23F9            JNZ	0x61F6
6204:  3C0B            JMP	0x621C

loc_6206:			; переходы из 0x61FA
6206:  5292 0302 0302  ADD	&0x0302, &0x0302
620C:  6292 0316 0316  ADDC	&0x0316, &0x0316
6212:  6292 0314 0314  ADDC	&0x0314, &0x0314
6218:  8318            DEC	R8
621A:  23ED            JNZ	0x61F6

loc_621C:			; переходы из 0x6204, 0x6230
621C:  93C2 032A       TST.B	&0x032A
6220:  2408            JZ	0x6232
6222:  C312            CLRC
6224:  1012 0314       RRC	&0x0314
6228:  1012 0316       RRC	&0x0316
622C:  83D2 032A       DEC.B	&0x032A
6230:  3FF5            JMP	0x621C

loc_6232:			; переходы из 0x6220
6232:  4297 0316 0440  MOV	&0x0316, 1088(R7)
6238:  4130            RET

; ============================================================
; Функция sub_623A @ 0x623A   (вызовов: 3)
;   вызывается из: 0x4E9A, 0x5188, 0x53F8
; ============================================================
623A:  4792 02C8 0300  MOV	712(R7), &0x0300
6240:  4792 02CA 0302  MOV	714(R7), &0x0302
6246:  4382 0304       CLR	&0x0304
624A:  4758 0279       MOV.B	633(R7), R8
624E:  4882 0306       MOV	R8, &0x0306
6252:  12B0 4B60       CALL	#0x4B60
6256:  1112 0308       RRA	&0x0308
625A:  1012 030A       RRC	&0x030A
625E:  B0B2 8000 0308  BIT	#0x8000, &0x0308
6264:  2C03            JC	0x626C
6266:  D2A7 027C       BIS	#4, 636(R7)
626A:  3C02            JMP	0x6270

loc_626C:			; переходы из 0x6264
626C:  C2A7 027C       BIC	#4, 636(R7)

loc_6270:			; переходы из 0x626A
6270:  4297 030A 02CA  MOV	&0x030A, 714(R7)
6276:  4297 0308 02C8  MOV	&0x0308, 712(R7)
627C:  4130            RET

; ============================================================
; Функция sub_627E @ 0x627E   (вызовов: 3)
;   вызывается из: 0x4E9E, 0x518C, 0x53FC
; ============================================================
627E:  4792 02C2 0304  MOV	706(R7), &0x0304
6284:  4292 031C 0306  MOV	&0x031C, &0x0306
628A:  4792 02C6 0300  MOV	710(R7), &0x0300
6290:  4292 031E 0302  MOV	&0x031E, &0x0302
6296:  12B0 4CFA       CALL	#0x4CFA
629A:  4297 013C 0270  MOV	&RESHI, 624(R7)
62A0:  4297 013A 0272  MOV	&RESLO, 626(R7)

loc_62A6:			; переходы из 0x62BA
62A6:  93C2 0320       TST.B	&0x0320
62AA:  2408            JZ	0x62BC
62AC:  C312            CLRC
62AE:  1017 0270       RRC	624(R7)
62B2:  1017 0272       RRC	626(R7)
62B6:  83D2 0320       DEC.B	&0x0320
62BA:  3FF5            JMP	0x62A6

loc_62BC:			; переходы из 0x62AA, 0x62D0
62BC:  93C2 0321       TST.B	&0x0321
62C0:  2408            JZ	0x62D2
62C2:  C312            CLRC
62C4:  1017 0270       RRC	624(R7)
62C8:  1017 0272       RRC	626(R7)
62CC:  83D2 0321       DEC.B	&0x0321
62D0:  3FF5            JMP	0x62BC

loc_62D2:			; переходы из 0x62C0
62D2:  4130            RET

; ============================================================
; Функция sub_62D4 @ 0x62D4   (вызовов: 3)
;   вызывается из: 0x4EA2, 0x5190, 0x5400
; ============================================================
62D4:  4792 0270 0326  MOV	624(R7), &0x0326
62DA:  4792 0272 0328  MOV	626(R7), &0x0328
62E0:  5792 02CA 0328  ADD	714(R7), &0x0328
62E6:  6792 02C8 0326  ADDC	712(R7), &0x0326
62EC:  9382 0326       TST	&0x0326
62F0:  3408            JGE	0x6302
62F2:  E3B2 0326       INV	&0x0326
62F6:  E3B2 0328       INV	&0x0328
62FA:  5392 0328       INC	&0x0328
62FE:  6382 0326       ADC	&0x0326

loc_6302:			; переходы из 0x62F0
6302:  12B0 57F4       CALL	#0x57F4
6306:  4218 0316       MOV	&0x0316, R8
630A:  4292 0302 031C  MOV	&0x0302, &0x031C
6310:  42D2 032A 0324  MOV.B	&0x032A, &0x0324
6316:  4792 0270 0326  MOV	624(R7), &0x0326
631C:  4792 0272 0328  MOV	626(R7), &0x0328
6322:  8792 02CA 0328  SUB	714(R7), &0x0328
6328:  7792 02C8 0326  SUBC	712(R7), &0x0326
632E:  9382 0326       TST	&0x0326
6332:  3408            JGE	0x6344
6334:  E3B2 0326       INV	&0x0326
6338:  E3B2 0328       INV	&0x0328
633C:  5392 0328       INC	&0x0328
6340:  6382 0326       ADC	&0x0326

loc_6344:			; переходы из 0x6332
6344:  12B0 57F4       CALL	#0x57F4
6348:  4292 0302 031E  MOV	&0x0302, &0x031E
634E:  42D2 032A 0325  MOV.B	&0x032A, &0x0325
6354:  4882 0304       MOV	R8, &0x0304
6358:  4292 031C 0306  MOV	&0x031C, &0x0306
635E:  4292 0316 0300  MOV	&0x0316, &0x0300
6364:  4292 031E 0302  MOV	&0x031E, &0x0302
636A:  12B0 4CFA       CALL	#0x4CFA

loc_636E:			; переходы из 0x6382
636E:  93C2 0324       TST.B	&0x0324
6372:  2408            JZ	0x6384
6374:  C312            CLRC
6376:  1012 013C       RRC	&RESHI
637A:  1012 013A       RRC	&RESLO
637E:  83D2 0324       DEC.B	&0x0324
6382:  3FF5            JMP	0x636E

loc_6384:			; переходы из 0x6372, 0x6398
6384:  93C2 0325       TST.B	&0x0325
6388:  2408            JZ	0x639A
638A:  C312            CLRC
638C:  1012 013C       RRC	&RESHI
6390:  1012 013A       RRC	&RESLO
6394:  83D2 0325       DEC.B	&0x0325
6398:  3FF5            JMP	0x6384

loc_639A:			; переходы из 0x6388
639A:  4292 013C 0314  MOV	&RESHI, &0x0314
63A0:  4292 013A 0316  MOV	&RESLO, &0x0316
63A6:  B2A7 027C       BIT	#4, 636(R7)
63AA:  240C            JZ	0x63C4
63AC:  B2B7 027C       BIT	#8, 636(R7)
63B0:  2414            JZ	0x63DA
63B2:  E3B2 0316       INV	&0x0316
63B6:  E3B2 0314       INV	&0x0314
63BA:  5392 0316       INC	&0x0316
63BE:  6382 0314       ADC	&0x0314
63C2:  3C0B            JMP	0x63DA

loc_63C4:			; переходы из 0x63AA
63C4:  B2B7 027C       BIT	#8, 636(R7)
63C8:  2408            JZ	0x63DA
63CA:  E3B2 0316       INV	&0x0316
63CE:  E3B2 0314       INV	&0x0314
63D2:  5392 0316       INC	&0x0316
63D6:  6382 0314       ADC	&0x0314

loc_63DA:			; переходы из 0x63B0, 0x63C2, 0x63C8
63DA:  4130            RET

; ============================================================
; Функция sub_63DC @ 0x63DC   (вызовов: 3)
;   вызывается из: 0x4EA6, 0x5194, 0x5404
; ============================================================
63DC:  4792 02CA 031E  MOV	714(R7), &0x031E
63E2:  4792 02C8 031C  MOV	712(R7), &0x031C
63E8:  4792 02CA 0328  MOV	714(R7), &0x0328
63EE:  4792 02C8 0326  MOV	712(R7), &0x0326
63F4:  B3A7 027C       BIT	#2, 636(R7)
63F8:  2C04            JC	0x6402
63FA:  4792 0336 0318  MOV	822(R7), &0x0318
6400:  3C03            JMP	0x6408

loc_6402:			; переходы из 0x63F8
6402:  4792 033A 0318  MOV	826(R7), &0x0318

loc_6408:			; переходы из 0x6400
6408:  12B0 55B6       CALL	#0x55B6
640C:  4292 0316 0328  MOV	&0x0316, &0x0328
6412:  4292 0314 0326  MOV	&0x0314, &0x0326
6418:  B3A7 027C       BIT	#2, 636(R7)
641C:  2C04            JC	0x6426
641E:  4792 0338 0318  MOV	824(R7), &0x0318
6424:  3C03            JMP	0x642C

loc_6426:			; переходы из 0x641C
6426:  4792 033C 0318  MOV	828(R7), &0x0318

loc_642C:			; переходы из 0x6424
642C:  12B0 55B6       CALL	#0x55B6
6430:  B0B7 0080 027C  BIT	#0x0080, 636(R7)
6436:  2C19            JC	0x646A
6438:  9797 0442 0440  CMP	1090(R7), 1088(R7)
643E:  2C15            JC	0x646A
6440:  9097 96E8 0440  CMP	0xFB2C, 1088(R7)
6446:  2811            JNC	0x646A
6448:  4792 0442 0300  MOV	1090(R7), &0x0300
644E:  8792 0440 0300  SUB	1088(R7), &0x0300
6454:  4792 0442 0306  MOV	1090(R7), &0x0306
645A:  8092 96CE 0306  SUB	0xFB2C, &0x0306
6460:  4792 033E 0318  MOV	830(R7), &0x0318
6466:  12B0 562C       CALL	#0x562C

loc_646A:			; переходы из 0x6436, 0x643E, 0x6446
646A:  B0B7 0040 027C  BIT	#0x0040, 636(R7)
6470:  2405            JZ	0x647C
6472:  4382 031C       CLR	&0x031C
6476:  4382 031E       CLR	&0x031E
647A:  3C1E            JMP	0x64B8

loc_647C:			; переходы из 0x6470
647C:  B3A7 027C       BIT	#2, 636(R7)
6480:  2405            JZ	0x648C
6482:  40F2 0003 032A  MOV.B	#0x0003, &0x032A
6488:  12B0 587A       CALL	#0x587A

loc_648C:			; переходы из 0x6480
648C:  5297 031E 0236  ADD	&0x031E, 566(R7)
6492:  6297 031C 0234  ADDC	&0x031C, 564(R7)
6498:  B0B7 0800 027C  BIT	#0x0800, 636(R7)
649E:  240C            JZ	0x64B8
64A0:  B0B2 8000 031C  BIT	#0x8000, &0x031C
64A6:  2408            JZ	0x64B8
64A8:  E3B2 031E       INV	&0x031E
64AC:  E3B2 031C       INV	&0x031C
64B0:  5392 031E       INC	&0x031E
64B4:  6382 031C       ADC	&0x031C

loc_64B8:			; переходы из 0x647A, 0x649E, 0x64A6
64B8:  4130            RET

; ============================================================
; Функция sub_64BA @ 0x64BA   (вызовов: 3)
;   вызывается из: 0x4EC0, 0x51AE, 0x5420
; ============================================================
64BA:  4292 0316 031E  MOV	&0x0316, &0x031E
64C0:  4292 0314 031C  MOV	&0x0314, &0x031C
64C6:  4292 0316 0328  MOV	&0x0316, &0x0328
64CC:  4292 0314 0326  MOV	&0x0314, &0x0326
64D2:  B3A7 027C       BIT	#2, 636(R7)
64D6:  2C04            JC	0x64E0
64D8:  4792 0336 0318  MOV	822(R7), &0x0318
64DE:  3C03            JMP	0x64E6

loc_64E0:			; переходы из 0x64D6
64E0:  4792 033A 0318  MOV	826(R7), &0x0318

loc_64E6:			; переходы из 0x64DE
64E6:  12B0 55B6       CALL	#0x55B6
64EA:  4792 02CA 0328  MOV	714(R7), &0x0328
64F0:  4792 02C8 0326  MOV	712(R7), &0x0326
64F6:  E3B2 0328       INV	&0x0328
64FA:  E3B2 0326       INV	&0x0326
64FE:  5392 0328       INC	&0x0328
6502:  6382 0326       ADC	&0x0326
6506:  B3A7 027C       BIT	#2, 636(R7)
650A:  2C04            JC	0x6514
650C:  4792 0338 0318  MOV	824(R7), &0x0318
6512:  3C03            JMP	0x651A

loc_6514:			; переходы из 0x650A
6514:  4792 033C 0318  MOV	828(R7), &0x0318

loc_651A:			; переходы из 0x6512
651A:  12B0 55B6       CALL	#0x55B6
651E:  B0B7 0080 027C  BIT	#0x0080, 636(R7)
6524:  2C19            JC	0x6558
6526:  9797 0442 0440  CMP	1090(R7), 1088(R7)
652C:  2C15            JC	0x6558
652E:  9097 95FA 0440  CMP	0xFB2C, 1088(R7)
6534:  2811            JNC	0x6558
6536:  4792 0442 0300  MOV	1090(R7), &0x0300
653C:  8792 0440 0300  SUB	1088(R7), &0x0300
6542:  4792 0442 0306  MOV	1090(R7), &0x0306
6548:  8092 95E0 0306  SUB	0xFB2C, &0x0306
654E:  4792 033E 0318  MOV	830(R7), &0x0318
6554:  12B0 562C       CALL	#0x562C

loc_6558:			; переходы из 0x6524, 0x652C, 0x6534
6558:  B0B7 0040 027C  BIT	#0x0040, 636(R7)
655E:  2405            JZ	0x656A
6560:  4382 031C       CLR	&0x031C
6564:  4382 031E       CLR	&0x031E
6568:  3C0E            JMP	0x6586

loc_656A:			; переходы из 0x655E
656A:  B3A7 027C       BIT	#2, 636(R7)
656E:  2405            JZ	0x657A
6570:  40F2 0003 032A  MOV.B	#0x0003, &0x032A
6576:  12B0 587A       CALL	#0x587A

loc_657A:			; переходы из 0x656E
657A:  5297 031E 023E  ADD	&0x031E, 574(R7)
6580:  6297 031C 023C  ADDC	&0x031C, 572(R7)

loc_6586:			; переходы из 0x6568
6586:  4130            RET

; ============================================================
; Функция sub_6588 @ 0x6588   (вызовов: 3)
;   вызывается из: 0x4EBC, 0x51AA, 0x541C
; ============================================================
6588:  4792 0272 031E  MOV	626(R7), &0x031E
658E:  4792 0270 031C  MOV	624(R7), &0x031C
6594:  4792 0272 0328  MOV	626(R7), &0x0328
659A:  4792 0270 0326  MOV	624(R7), &0x0326
65A0:  B3A7 027C       BIT	#2, 636(R7)
65A4:  2C04            JC	0x65AE
65A6:  4792 0336 0318  MOV	822(R7), &0x0318
65AC:  3C03            JMP	0x65B4

loc_65AE:			; переходы из 0x65A4
65AE:  4792 033A 0318  MOV	826(R7), &0x0318

loc_65B4:			; переходы из 0x65AC
65B4:  12B0 55B6       CALL	#0x55B6
65B8:  B0B7 0080 027C  BIT	#0x0080, 636(R7)
65BE:  2C19            JC	0x65F2
65C0:  9797 0442 0440  CMP	1090(R7), 1088(R7)
65C6:  2C15            JC	0x65F2
65C8:  9097 9560 0440  CMP	0xFB2C, 1088(R7)
65CE:  2811            JNC	0x65F2
65D0:  4792 0442 0300  MOV	1090(R7), &0x0300
65D6:  8792 0440 0300  SUB	1088(R7), &0x0300
65DC:  4792 0442 0306  MOV	1090(R7), &0x0306
65E2:  8092 9546 0306  SUB	0xFB2C, &0x0306
65E8:  4792 033E 0318  MOV	830(R7), &0x0318
65EE:  12B0 562C       CALL	#0x562C

loc_65F2:			; переходы из 0x65BE, 0x65C6, 0x65CE
65F2:  B0B7 0040 027C  BIT	#0x0040, 636(R7)
65F8:  2C0E            JC	0x6616
65FA:  B3A7 027C       BIT	#2, 636(R7)
65FE:  2405            JZ	0x660A
6600:  40F2 0003 032A  MOV.B	#0x0003, &0x032A
6606:  12B0 587A       CALL	#0x587A

loc_660A:			; переходы из 0x65FE
660A:  5297 031E 0276  ADD	&0x031E, 630(R7)
6610:  6297 031C 0274  ADDC	&0x031C, 628(R7)

loc_6616:			; переходы из 0x65F8
6616:  4130            RET

; ============================================================
; Функция sub_6618 @ 0x6618   (вызовов: 3)
;   вызывается из: 0x4FAC, 0x529A, 0x550E
; ============================================================
6618:  C232            DINT
661A:  4303            CLR	CG
661C:  4792 0236 0130  MOV	566(R7), &MPY
6622:  4292 042C 0138  MOV	&0x042C, &OP2
6628:  D232            EINT
662A:  4292 013C 013A  MOV	&RESHI, &RESLO
6630:  4382 013C       CLR	&RESHI
6634:  C232            DINT
6636:  4303            CLR	CG
6638:  4792 0234 0136  MOV	564(R7), &MACS
663E:  4292 042C 0138  MOV	&0x042C, &OP2
6644:  D232            EINT
6646:  42D2 042E 032A  MOV.B	&0x042E, &0x032A
664C:  4292 013C 031C  MOV	&RESHI, &0x031C
6652:  4292 013A 031E  MOV	&RESLO, &0x031E
6658:  12B0 587A       CALL	#0x587A
665C:  4297 031C 03A0  MOV	&0x031C, 928(R7)
6662:  4297 031E 03A2  MOV	&0x031E, 930(R7)
6668:  4292 03A2 0392  MOV	&0x03A2, &0x0392
666E:  4292 03A0 0390  MOV	&0x03A0, &0x0390
6674:  5292 03B2 0392  ADD	&0x03B2, &0x0392
667A:  6292 03B0 0390  ADDC	&0x03B0, &0x0390
6680:  5292 03C2 0392  ADD	&0x03C2, &0x0392
6686:  6292 03C0 0390  ADDC	&0x03C0, &0x0390
668C:  B3A2 04F8       BIT	#2, &0x04F8
6690:  2465            JZ	0x675C
6692:  4382 031E       CLR	&0x031E
6696:  4382 031C       CLR	&0x031C
669A:  B0B2 8000 03A0  BIT	#0x8000, &0x03A0
66A0:  240B            JZ	0x66B8
66A2:  B0B2 0800 027C  BIT	#0x0800, &0x027C
66A8:  2407            JZ	0x66B8
66AA:  8292 03A2 031E  SUB	&0x03A2, &0x031E
66B0:  7292 03A0 031C  SUBC	&0x03A0, &0x031C
66B6:  3C06            JMP	0x66C4

loc_66B8:			; переходы из 0x66A0, 0x66A8
66B8:  5292 03A2 031E  ADD	&0x03A2, &0x031E
66BE:  6292 03A0 031C  ADDC	&0x03A0, &0x031C

loc_66C4:			; переходы из 0x66B6
66C4:  B0B2 8000 03B0  BIT	#0x8000, &0x03B0
66CA:  240B            JZ	0x66E2
66CC:  B0B2 0800 028C  BIT	#0x0800, &0x028C
66D2:  2407            JZ	0x66E2
66D4:  8292 03B2 031E  SUB	&0x03B2, &0x031E
66DA:  7292 03B0 031C  SUBC	&0x03B0, &0x031C
66E0:  3C06            JMP	0x66EE

loc_66E2:			; переходы из 0x66CA, 0x66D2
66E2:  5292 03B2 031E  ADD	&0x03B2, &0x031E
66E8:  6292 03B0 031C  ADDC	&0x03B0, &0x031C

loc_66EE:			; переходы из 0x66E0
66EE:  B0B2 8000 03C0  BIT	#0x8000, &0x03C0
66F4:  240B            JZ	0x670C
66F6:  B0B2 0800 029C  BIT	#0x0800, &0x029C
66FC:  2407            JZ	0x670C
66FE:  8292 03C2 031E  SUB	&0x03C2, &0x031E
6704:  7292 03C0 031C  SUBC	&0x03C0, &0x031C
670A:  3C06            JMP	0x6718

loc_670C:			; переходы из 0x66F4, 0x66FC
670C:  5292 03C2 031E  ADD	&0x03C2, &0x031E
6712:  6292 03C0 031C  ADDC	&0x03C0, &0x031C

loc_6718:			; переходы из 0x670A
6718:  B0B2 8000 031C  BIT	#0x8000, &0x031C
671E:  240C            JZ	0x6738
6720:  B0B2 0800 027C  BIT	#0x0800, &0x027C
6726:  241A            JZ	0x675C
6728:  E3B2 031E       INV	&0x031E
672C:  E3B2 031C       INV	&0x031C
6730:  5392 031E       INC	&0x031E
6734:  6382 031C       ADC	&0x031C

loc_6738:			; переходы из 0x671E
6738:  4258 049D       MOV.B	&0x049D, R8
673C:  9882 031C       CMP	R8, &0x031C
6740:  280A            JNC	0x6756
6742:  2401            JZ	0x6746
6744:  3C04            JMP	0x674E

loc_6746:			; переходы из 0x6742
6746:  9292 049E 031E  CMP	&0x049E, &0x031E
674C:  2804            JNC	0x6756

loc_674E:			; переходы из 0x6744
674E:  D0B2 0400 04F8  BIS	#0x0400, &0x04F8
6754:  3C03            JMP	0x675C

loc_6756:			; переходы из 0x6740, 0x674C
6756:  C0B2 0400 04F8  BIC	#0x0400, &0x04F8

loc_675C:			; переходы из 0x6690, 0x6726, 0x6754
675C:  4130            RET

; ============================================================
; Функция sub_675E @ 0x675E   (вызовов: 3)
;   вызывается из: 0x4FB0, 0x529E, 0x5512
; ============================================================
675E:  C232            DINT
6760:  4303            CLR	CG
6762:  4792 023E 0130  MOV	574(R7), &MPY
6768:  4292 042C 0138  MOV	&0x042C, &OP2
676E:  D232            EINT
6770:  4292 013C 013A  MOV	&RESHI, &RESLO
6776:  4382 013C       CLR	&RESHI
677A:  C232            DINT
677C:  4303            CLR	CG
677E:  4792 023C 0136  MOV	572(R7), &MACS
6784:  4292 042C 0138  MOV	&0x042C, &OP2
678A:  D232            EINT
678C:  42D2 042E 032A  MOV.B	&0x042E, &0x032A
6792:  4292 013C 031C  MOV	&RESHI, &0x031C
6798:  4292 013A 031E  MOV	&RESLO, &0x031E
679E:  12B0 587A       CALL	#0x587A
67A2:  4297 031C 03A4  MOV	&0x031C, 932(R7)
67A8:  4297 031E 03A6  MOV	&0x031E, 934(R7)
67AE:  4292 03A6 0396  MOV	&0x03A6, &0x0396
67B4:  4292 03A4 0394  MOV	&0x03A4, &0x0394
67BA:  5292 03B6 0396  ADD	&0x03B6, &0x0396
67C0:  6292 03B4 0394  ADDC	&0x03B4, &0x0394
67C6:  5292 03C6 0396  ADD	&0x03C6, &0x0396
67CC:  6292 03C4 0394  ADDC	&0x03C4, &0x0394
67D2:  4130            RET

; ============================================================
; Функция sub_67D4 @ 0x67D4   (вызовов: 3)
;   вызывается из: 0x4FB4, 0x52A2, 0x5516
; ============================================================
67D4:  C232            DINT
67D6:  4303            CLR	CG
67D8:  4792 0276 0130  MOV	630(R7), &MPY
67DE:  4292 042C 0138  MOV	&0x042C, &OP2
67E4:  D232            EINT
67E6:  4292 013C 013A  MOV	&RESHI, &RESLO
67EC:  4382 013C       CLR	&RESHI
67F0:  C232            DINT
67F2:  4303            CLR	CG
67F4:  4792 0274 0136  MOV	628(R7), &MACS
67FA:  4292 042C 0138  MOV	&0x042C, &OP2
6800:  D232            EINT
6802:  42D2 042E 032A  MOV.B	&0x042E, &0x032A
6808:  4292 013C 031C  MOV	&RESHI, &0x031C
680E:  4292 013A 031E  MOV	&RESLO, &0x031E
6814:  12B0 587A       CALL	#0x587A
6818:  4297 031C 03A8  MOV	&0x031C, 936(R7)
681E:  4297 031E 03AA  MOV	&0x031E, 938(R7)
6824:  4292 03AA 039A  MOV	&0x03AA, &0x039A
682A:  4292 03A8 0398  MOV	&0x03A8, &0x0398
6830:  5292 03BA 039A  ADD	&0x03BA, &0x039A
6836:  6292 03B8 0398  ADDC	&0x03B8, &0x0398
683C:  5292 03CA 039A  ADD	&0x03CA, &0x039A
6842:  6292 03C8 0398  ADDC	&0x03C8, &0x0398
6848:  4130            RET

; ============================================================
; Функция sub_684A @ 0x684A   (вызовов: 3)
;   вызывается из: 0x4F8C, 0x527A, 0x54EE
; ============================================================
684A:  4792 0204 031C  MOV	516(R7), &0x031C
6850:  4792 0206 031E  MOV	518(R7), &0x031E
6856:  4792 0204 0326  MOV	516(R7), &0x0326
685C:  4792 0206 0328  MOV	518(R7), &0x0328
6862:  4792 0330 0318  MOV	816(R7), &0x0318
6868:  12B0 55B6       CALL	#0x55B6
686C:  C232            DINT
686E:  4303            CLR	CG
6870:  4292 031E 0130  MOV	&0x031E, &MPY
6876:  4292 0428 0138  MOV	&0x0428, &OP2
687C:  D232            EINT
687E:  4292 013C 013A  MOV	&RESHI, &RESLO
6884:  4382 013C       CLR	&RESHI
6888:  C232            DINT
688A:  4303            CLR	CG
688C:  4292 031C 0134  MOV	&0x031C, &MAC
6892:  4292 0428 0138  MOV	&0x0428, &OP2
6898:  D232            EINT
689A:  4297 013A 0360  MOV	&RESLO, 864(R7)
68A0:  4792 0360 0300  MOV	864(R7), &0x0300
68A6:  4382 0302       CLR	&0x0302
68AA:  93D2 04FD       CMP.B	#1, &0x04FD
68AE:  2003            JNZ	0x68B6
68B0:  40B2 168A 0306  MOV	#0x168A, &0x0306

loc_68B6:			; переходы из 0x68AE
68B6:  40B2 55F0 0306  MOV	#0x55F0, &0x0306
68BC:  12B0 4B0C       CALL	#0x4B0C
68C0:  4292 0308 0304  MOV	&0x0308, &0x0304
68C6:  4292 030A 0306  MOV	&0x030A, &0x0306
68CC:  4292 0308 0300  MOV	&0x0308, &0x0300
68D2:  4292 030A 0302  MOV	&0x030A, &0x0302
68D8:  4382 030E       CLR	&0x030E
68DC:  12B0 594A       CALL	#0x594A
68E0:  4130            RET

; ============================================================
; Функция sub_68E2 @ 0x68E2   (вызовов: 3)
;   вызывается из: 0x4F9C, 0x528A, 0x54FE
; ============================================================
68E2:  4792 020C 031C  MOV	524(R7), &0x031C
68E8:  4792 020E 031E  MOV	526(R7), &0x031E
68EE:  4792 020C 0326  MOV	524(R7), &0x0326
68F4:  4792 020E 0328  MOV	526(R7), &0x0328
68FA:  B3A7 027C       BIT	#2, 636(R7)
68FE:  2C04            JC	0x6908
6900:  4792 0332 0318  MOV	818(R7), &0x0318
6906:  3C03            JMP	0x690E

loc_6908:			; переходы из 0x68FE
6908:  4792 0334 0318  MOV	820(R7), &0x0318

loc_690E:			; переходы из 0x6906
690E:  12B0 55B6       CALL	#0x55B6
6912:  C232            DINT
6914:  4303            CLR	CG
6916:  4292 031E 0130  MOV	&0x031E, &MPY
691C:  4292 042A 0138  MOV	&0x042A, &OP2
6922:  D232            EINT
6924:  4292 013C 013A  MOV	&RESHI, &RESLO
692A:  4382 013C       CLR	&RESHI
692E:  C232            DINT
6930:  4303            CLR	CG
6932:  4292 031C 0134  MOV	&0x031C, &MAC
6938:  4292 042A 0138  MOV	&0x042A, &OP2
693E:  D232            EINT
6940:  B3A7 027C       BIT	#2, 636(R7)
6944:  242E            JZ	0x69A2
6946:  90B2 00F0 013A  CMP	#0x00F0, &RESLO
694C:  2C2A            JC	0x69A2
694E:  C232            DINT
6950:  4303            CLR	CG
6952:  4292 013A 0130  MOV	&RESLO, &MPY
6958:  40B2 0010 0138  MOV	#0x0010, &OP2
695E:  D232            EINT
6960:  40F2 0003 032A  MOV.B	#0x0003, &0x032A

loc_6966:			; переходы из 0x6976
6966:  93C2 032A       TST.B	&0x032A
696A:  2406            JZ	0x6978
696C:  C312            CLRC
696E:  1012 013A       RRC	&RESLO
6972:  83D2 032A       DEC.B	&0x032A
6976:  3FF7            JMP	0x6966

loc_6978:			; переходы из 0x696A
6978:  4218 013A       MOV	&RESLO, R8
697C:  42E2 032A       MOV.B	#4, &0x032A
6980:  4382 031C       CLR	&0x031C
6984:  4292 013A 031E  MOV	&RESLO, &0x031E
698A:  12B0 587A       CALL	#0x587A
698E:  4292 031E 013A  MOV	&0x031E, &RESLO
6994:  F038 000F       AND	#0x000F, R8
6998:  9238            CMP	#8, R8
699A:  2811            JNC	0x69BE
699C:  5392 013A       INC	&RESLO
69A0:  3C0E            JMP	0x69BE

loc_69A2:			; переходы из 0x6944, 0x694C
69A2:  40F2 0003 032A  MOV.B	#0x0003, &0x032A

loc_69A8:			; переходы из 0x69BC
69A8:  93C2 032A       TST.B	&0x032A
69AC:  2408            JZ	0x69BE
69AE:  C312            CLRC
69B0:  1012 013C       RRC	&RESHI
69B4:  1012 013A       RRC	&RESLO
69B8:  83D2 032A       DEC.B	&0x032A
69BC:  3FF5            JMP	0x69A8

loc_69BE:			; переходы из 0x699A, 0x69A0, 0x69AC
69BE:  4297 013C 0362  MOV	&RESHI, 866(R7)
69C4:  4297 013A 0364  MOV	&RESLO, 868(R7)
69CA:  4792 0362 0300  MOV	866(R7), &0x0300
69D0:  4792 0364 0302  MOV	868(R7), &0x0302
69D6:  90F2 0003 04FD  CMP.B	#0x0003, &0x04FD
69DC:  2005            JNZ	0x69E8
69DE:  C312            CLRC
69E0:  1012 0300       RRC	&0x0300
69E4:  1012 0302       RRC	&0x0302

loc_69E8:			; переходы из 0x69DC
69E8:  4292 0302 0300  MOV	&0x0302, &0x0300
69EE:  4382 0302       CLR	&0x0302
69F2:  40B2 1388 0306  MOV	#0x1388, &0x0306
69F8:  12B0 4B0C       CALL	#0x4B0C
69FC:  4292 0308 0304  MOV	&0x0308, &0x0304
6A02:  4292 030A 0306  MOV	&0x030A, &0x0306
6A08:  4292 0308 0300  MOV	&0x0308, &0x0300
6A0E:  4292 030A 0302  MOV	&0x030A, &0x0302
6A14:  4382 030E       CLR	&0x030E
6A18:  12B0 594A       CALL	#0x594A
6A1C:  4130            RET

; ============================================================
; Функция sub_6A1E @ 0x6A1E   (вызовов: 3)
;   вызывается из: 0x508E, 0x5358, 0x5590
; ============================================================
6A1E:  120F            PUSH	R15
6A20:  120E            PUSH	R14
6A22:  120D            PUSH	R13
6A24:  B0B2 0100 08B8  BIT	#0x0100, &0x08B8
6A2A:  24E4            JZ	0x6BF4
6A2C:  B0B7 0040 03E8  BIT	#0x0040, 1000(R7)
6A32:  24E0            JZ	0x6BF4
6A34:  C0B7 0080 03E8  BIC	#0x0080, 1000(R7)
6A3A:  B0B7 0010 03E8  BIT	#0x0010, 1000(R7)
6A40:  242A            JZ	0x6A96
6A42:  9382 08B6       TST	&0x08B6
6A46:  2003            JNZ	0x6A4E
6A48:  40B2 1388 08B6  MOV	#0x1388, &0x08B6

loc_6A4E:			; переходы из 0x6A46
6A4E:  4382 0308       CLR	&0x0308
6A52:  4292 08B6 030A  MOV	&0x08B6, &0x030A
6A58:  4382 0304       CLR	&0x0304
6A5C:  4292 0368 0306  MOV	&0x0368, &0x0306
6A62:  4292 0458 0318  MOV	&0x0458, &0x0318
6A68:  12B0 6BFC       CALL	#0x6BFC
6A6C:  4292 0318 0458  MOV	&0x0318, &0x0458
6A72:  4292 0318 0448  MOV	&0x0318, &0x0448
6A78:  D0B2 0003 04F6  BIS	#0x0003, &0x04F6
6A7E:  C0B2 0010 03E8  BIC	#0x0010, &0x03E8
6A84:  C0B2 0010 03F8  BIC	#0x0010, &0x03F8
6A8A:  C0B2 0010 0408  BIC	#0x0010, &0x0408
6A90:  D0B7 1080 03E8  BIS	#0x1080, 1000(R7)

loc_6A96:			; переходы из 0x6A40
6A96:  431E            MOV	#1, R14

loc_6A98:			; переходы из 0x6BEC
6A98:  BE87 03E8       BIT	R14, 1000(R7)
6A9C:  24A5            JZ	0x6BE8
6A9E:  4E0D            MOV	R14, R13
6AA0:  C31D            BIC	#1, R13
6AA2:  425F 04FD       MOV.B	&0x04FD, R15

loc_6AA6:			; переходы из 0x6AAC
6AA6:  831F            DEC	R15
6AA8:  2402            JZ	0x6AAE
6AAA:  523D            ADD	#8, R13
6AAC:  3FFC            JMP	0x6AA6

loc_6AAE:			; переходы из 0x6AA8
6AAE:  5D0D            RLA	R13
6AB0:  4E1F 6DAE       MOV	28078(R14), R15
6AB4:  570F            ADD	R7, R15
6AB6:  938F 0000       TST	0(R15)
6ABA:  201C            JNZ	0x6AF4
6ABC:  938F 0002       TST	2(R15)
6AC0:  2019            JNZ	0x6AF4
6AC2:  922E            CMP	#4, R14
6AC4:  2004            JNZ	0x6ACE
6AC6:  B2B7 03E8       BIT	#8, 1000(R7)
6ACA:  2401            JZ	0x6ACE
6ACC:  522D            ADD	#4, R13

loc_6ACE:			; переходы из 0x6AC4, 0x6ACA
6ACE:  B0B7 4000 03E8  BIT	#0x4000, 1000(R7)
6AD4:  2C08            JC	0x6AE6
6AD6:  4D9F 6DB4 0000  MOV	28084(R13), 0(R15)
6ADC:  532D            INCD	R13
6ADE:  4D9F 6DB4 0002  MOV	28084(R13), 2(R15)
6AE4:  3C07            JMP	0x6AF4

loc_6AE6:			; переходы из 0x6AD4
6AE6:  4D9F 6DF4 0000  MOV	28148(R13), 0(R15)
6AEC:  532D            INCD	R13
6AEE:  4D9F 6DF4 0002  MOV	28148(R13), 2(R15)

loc_6AF4:			; переходы из 0x6ABA, 0x6AC0, 0x6AE4
6AF4:  B0BF 8000 0000  BIT	#0x8000, 0(R15)
6AFA:  2C76            JC	0x6BE8
6AFC:  B0BF 8000 FFF8  BIT	#0x8000, -8(R15)
6B02:  2C72            JC	0x6BE8
6B04:  4FA2 0308       MOV	@R15, &0x0308
6B08:  4F92 0002 030A  MOV	2(R15), &0x030A
6B0E:  4F92 FFF8 0304  MOV	-8(R15), &0x0304
6B14:  4F92 FFFA 0306  MOV	-6(R15), &0x0306
6B1A:  922E            CMP	#4, R14
6B1C:  204B            JNZ	0x6BB4
6B1E:  B2B7 03E8       BIT	#8, 1000(R7)
6B22:  2448            JZ	0x6BB4
6B24:  938F 0004       TST	4(R15)
6B28:  2008            JNZ	0x6B3A
6B2A:  938F 0006       TST	6(R15)
6B2E:  2005            JNZ	0x6B3A
6B30:  4FAF 0004       MOV	@R15, 4(R15)
6B34:  4F9F 0002 0006  MOV	2(R15), 6(R15)

loc_6B3A:			; переходы из 0x6B28, 0x6B2E
6B3A:  B0BF 8000 0004  BIT	#0x8000, 4(R15)
6B40:  2C53            JC	0x6BE8
6B42:  B0BF 8000 FFFC  BIT	#0x8000, -4(R15)
6B48:  2C4F            JC	0x6BE8
6B4A:  B0B7 4000 03E8  BIT	#0x4000, 1000(R7)
6B50:  2403            JZ	0x6B58
6B52:  403D 033C       MOV	#0x033C, R13
6B56:  3C02            JMP	0x6B5C

loc_6B58:			; переходы из 0x6B50
6B58:  403D 0338       MOV	#0x0338, R13

loc_6B5C:			; переходы из 0x6B56
6B5C:  570D            ADD	R7, R13
6B5E:  4DA2 0318       MOV	@R13, &0x0318
6B62:  12B0 6C8C       CALL	#0x6C8C
6B66:  429D 0318 0000  MOV	&0x0318, 0(R13)
6B6C:  C2B7 03E8       BIC	#8, 1000(R7)
6B70:  D0B7 0800 03E8  BIS	#0x0800, 1000(R7)
6B76:  4FA2 0308       MOV	@R15, &0x0308
6B7A:  4F92 0002 030A  MOV	2(R15), &0x030A
6B80:  4F92 FFF8 0304  MOV	-8(R15), &0x0304
6B86:  4F92 FFFA 0306  MOV	-6(R15), &0x0306
6B8C:  5F92 FFFE 0306  ADD	-2(R15), &0x0306
6B92:  6F92 FFFC 0304  ADDC	-4(R15), &0x0304
6B98:  1112 0304       RRA	&0x0304
6B9C:  1012 0306       RRC	&0x0306
6BA0:  5F92 0006 030A  ADD	6(R15), &0x030A
6BA6:  6F92 0004 0308  ADDC	4(R15), &0x0308
6BAC:  1112 0308       RRA	&0x0308
6BB0:  1012 030A       RRC	&0x030A

loc_6BB4:			; переходы из 0x6B1C, 0x6B22
6BB4:  B0B7 4000 03E8  BIT	#0x4000, 1000(R7)
6BBA:  2403            JZ	0x6BC2
6BBC:  4E1F 6DA8       MOV	28072(R14), R15
6BC0:  3C02            JMP	0x6BC6

loc_6BC2:			; переходы из 0x6BBA
6BC2:  4E1F 6DA2       MOV	28066(R14), R15

loc_6BC6:			; переходы из 0x6BC0
6BC6:  570F            ADD	R7, R15
6BC8:  4FA2 0318       MOV	@R15, &0x0318
6BCC:  12B0 6BFC       CALL	#0x6BFC
6BD0:  429F 0318 0000  MOV	&0x0318, 0(R15)
6BD6:  CE87 03E8       BIC	R14, 1000(R7)
6BDA:  108E            SWPB	R14
6BDC:  DE87 03E8       BIS	R14, 1000(R7)
6BE0:  108E            SWPB	R14
6BE2:  D0B7 0080 03E8  BIS	#0x0080, 1000(R7)

loc_6BE8:			; переходы из 0x6A9C, 0x6AFA, 0x6B02, 0x6B40, 0x6B48
6BE8:  5E0E            RLA	R14
6BEA:  923E            CMP	#8, R14
6BEC:  2355            JNZ	0x6A98
6BEE:  C0B7 0040 03E8  BIC	#0x0040, 1000(R7)

loc_6BF4:			; переходы из 0x6A2A, 0x6A32
6BF4:  413D            POP	R13
6BF6:  413E            POP	R14
6BF8:  413F            POP	R15
6BFA:  4130            RET

; ============================================================
; Функция sub_6BFC @ 0x6BFC   (вызовов: 2)
;   вызывается из: 0x6A68, 0x6BCC
; ============================================================
6BFC:  4292 0304 0300  MOV	&0x0304, &0x0300
6C02:  4292 0306 0302  MOV	&0x0306, &0x0302
6C08:  8292 030A 0302  SUB	&0x030A, &0x0302
6C0E:  7292 0308 0300  SUBC	&0x0308, &0x0300
6C14:  B0B2 8000 0300  BIT	#0x8000, &0x0300
6C1A:  4292 0302 0300  MOV	&0x0302, &0x0300
6C20:  4382 0302       CLR	&0x0302
6C24:  1012 0300       RRC	&0x0300
6C28:  1012 0302       RRC	&0x0302

loc_6C2C:			; переходы из 0x6C4A
6C2C:  9382 0304       TST	&0x0304
6C30:  2004            JNZ	0x6C3A
6C32:  B0B2 8000 0306  BIT	#0x8000, &0x0306
6C38:  2409            JZ	0x6C4C

loc_6C3A:			; переходы из 0x6C30
6C3A:  1112 0304       RRA	&0x0304
6C3E:  1012 0306       RRC	&0x0306
6C42:  1112 0300       RRA	&0x0300
6C46:  1012 0302       RRC	&0x0302
6C4A:  3FF0            JMP	0x6C2C

loc_6C4C:			; переходы из 0x6C38
6C4C:  12B0 4B60       CALL	#0x4B60
6C50:  E3B2 030A       INV	&0x030A
6C54:  5392 030A       INC	&0x030A
6C58:  C232            DINT
6C5A:  4303            CLR	CG
6C5C:  4292 030A 0132  MOV	&0x030A, &MPYS
6C62:  4292 0318 0138  MOV	&0x0318, &OP2
6C68:  4292 013C 013A  MOV	&RESHI, &RESLO
6C6E:  5292 013A 013A  ADD	&RESLO, &RESLO
6C74:  5292 0318 013A  ADD	&0x0318, &RESLO
6C7A:  8292 030A 013A  SUB	&0x030A, &RESLO
6C80:  4292 013A 0318  MOV	&RESLO, &0x0318
6C86:  D232            EINT
6C88:  4303            CLR	CG
6C8A:  4130            RET

; ============================================================
; Функция sub_6C8C @ 0x6C8C   (вызовов: 1)
;   вызывается из: 0x6B62
; ============================================================
6C8C:  120E            PUSH	R14
6C8E:  120D            PUSH	R13
6C90:  120C            PUSH	R12
6C92:  120B            PUSH	R11
6C94:  120A            PUSH	R10
6C96:  1209            PUSH	R9
6C98:  4F92 FFF8 0304  MOV	-8(R15), &0x0304
6C9E:  4F92 FFFA 0306  MOV	-6(R15), &0x0306
6CA4:  4F92 0004 0300  MOV	4(R15), &0x0300
6CAA:  4F92 0006 0302  MOV	6(R15), &0x0302
6CB0:  4382 030E       CLR	&0x030E
6CB4:  12B0 594A       CALL	#0x594A
6CB8:  421C 030E       MOV	&0x030E, R12
6CBC:  421D 030A       MOV	&0x030A, R13
6CC0:  421E 0308       MOV	&0x0308, R14
6CC4:  4F92 FFFC 0304  MOV	-4(R15), &0x0304
6CCA:  4F92 FFFE 0306  MOV	-2(R15), &0x0306
6CD0:  4FA2 0300       MOV	@R15, &0x0300
6CD4:  4F92 0002 0302  MOV	2(R15), &0x0302
6CDA:  4382 030E       CLR	&0x030E
6CDE:  12B0 594A       CALL	#0x594A
6CE2:  821C 030E       SUB	&0x030E, R12
6CE6:  721D 030A       SUBC	&0x030A, R13
6CEA:  721E 0308       SUBC	&0x0308, R14
6CEE:  4F92 FFF8 0304  MOV	-8(R15), &0x0304
6CF4:  4F92 FFFA 0306  MOV	-6(R15), &0x0306
6CFA:  4FA2 0300       MOV	@R15, &0x0300
6CFE:  4F92 0002 0302  MOV	2(R15), &0x0302
6D04:  4382 030E       CLR	&0x030E
6D08:  12B0 594A       CALL	#0x594A
6D0C:  4219 030E       MOV	&0x030E, R9
6D10:  421A 030A       MOV	&0x030A, R10
6D14:  421B 0308       MOV	&0x0308, R11
6D18:  4F92 FFFC 0304  MOV	-4(R15), &0x0304
6D1E:  4F92 FFFE 0306  MOV	-2(R15), &0x0306
6D24:  4F92 0004 0300  MOV	4(R15), &0x0300
6D2A:  4F92 0006 0302  MOV	6(R15), &0x0302
6D30:  4382 030E       CLR	&0x030E
6D34:  12B0 594A       CALL	#0x594A
6D38:  5219 030E       ADD	&0x030E, R9
6D3C:  621A 030A       ADDC	&0x030A, R10
6D40:  621B 0308       ADDC	&0x0308, R11

loc_6D44:			; переходы из 0x6D58
6D44:  930B            TST	R11
6D46:  2003            JNZ	0x6D4E
6D48:  B03A 8000       BIT	#0x8000, R10
6D4C:  2406            JZ	0x6D5A

loc_6D4E:			; переходы из 0x6D46
6D4E:  110E            RRA	R14
6D50:  100D            RRC	R13
6D52:  100C            RRC	R12
6D54:  110B            RRA	R11
6D56:  100A            RRC	R10
6D58:  3FF5            JMP	0x6D44

loc_6D5A:			; переходы из 0x6D4C
6D5A:  4D82 0300       MOV	R13, &0x0300
6D5E:  4C82 0302       MOV	R12, &0x0302
6D62:  4A82 0306       MOV	R10, &0x0306
6D66:  12B0 4B60       CALL	#0x4B60
6D6A:  1112 030A       RRA	&0x030A
6D6E:  5292 0318 030A  ADD	&0x0318, &0x030A
6D74:  4292 030A 0318  MOV	&0x030A, &0x0318
6D7A:  4139            POP	R9
6D7C:  413A            POP	R10
6D7E:  413B            POP	R11
6D80:  413C            POP	R12
6D82:  413D            POP	R13
6D84:  413E            POP	R14
6D86:  4130            RET

; ============================================================
; Функция sub_6D88 @ 0x6D88   (вызовов: 3)
;   вызывается из: 0x508A, 0x5354, 0x558C
; ============================================================
6D88:  B0B7 0080 03E8  BIT	#0x0080, 1000(R7)
6D8E:  2408            JZ	0x6DA0
6D90:  12B0 BD8C       CALL	#0xBD8C
6D94:  C0B7 0080 03E8  BIC	#0x0080, 1000(R7)
6D9A:  D0B7 8000 03E8  BIS	#0x8000, 1000(R7)

loc_6DA0:			; переходы из 0x6D8E
6DA0:  4130            RET
6DA2:  .word 0330 0332 0336 0330 0334 033A 08F8 08FC  |0.2.6.0.4.:.....|
6DB2:  .word 08C8 0000 168A 0000 1388 0000            |............|
6DBE:  70B2 0000 4FB0  SBC	&0x4FB0
6DC4:  .word 0000                                     |..|
6DC6:  59D8 0000 1388  ADD.B	0(R9), 5000(R8)
6DCC:  .word 0001                                     |..|
6DCE:  C138            BIC	@SP+, R8
6DD0:  .word 0001                                     |..|
6DD2:  3DA5            JMP	0x711E
6DD4:  .word 0000                                     |..|
6DD6:  59D8 0000 2710  ADD.B	0(R9), 10000(R8)
6DDC:  .word 0003                                     |..|
6DDE:  8270            SUB.B	#8, PC
6DE0:  .word 0002                                     |..|
6DE2:  7B4A            SUBC.B	R11, R10
6DE4:  .word 0000                                     |..|
6DE6:  59D8 0000 1388  ADD.B	0(R9), 5000(R8)
6DEC:  .word 0001                                     |..|
6DEE:  C138            BIC	@SP+, R8
6DF0:  .word 0001                                     |..|
6DF2:  3DA5            JMP	0x713E
6DF4:  .word 0000 168A 0000 01F4 0000 0B45 0000 07F8  |..........E.....|
6E04:  .word 0000                                     |..|
6E06:  59D8 0000 0BB8  ADD.B	0(R9), 3000(R8)
6E0C:  .word 0001 0D88 0000                           |......|
6E12:  BE96 0000 59D8  BIT	0(R14), 23000(R6)
6E18:  .word 0000 1388 0001                           |......|
6E1E:  C138            BIC	@SP+, R8
6E20:  .word 0001                                     |..|
6E22:  3DA5            JMP	0x716E
6E24:  .word 0000                                     |..|
6E26:  59D8 0000 01F4  ADD.B	0(R9), 500(R8)
6E2C:  .word 0000                                     |..|
6E2E:  2CEC            JC	0x7008
6E30:  .word 0000 1FC4                                |....|

; ============================================================
; Функция sub_6E34 @ 0x6E34   (вызовов: 2)
;   вызывается из: 0x1476, 0x2308
; ============================================================
6E34:  120F            PUSH	R15
6E36:  C0F2 0010 001D  BIC.B	#0x0010, &P4OUT
6E3C:  403F 0006       MOV	#0x0006, R15

loc_6E40:			; переходы из 0x6E50
6E40:  4FD2 6E5C 039C  MOV.B	28252(R15), &0x039C
6E46:  42F2 039D       MOV.B	#8, &0x039D
6E4A:  12B0 6E64       CALL	#0x6E64
6E4E:  831F            DEC	R15
6E50:  23F7            JNZ	0x6E40
6E52:  D0F2 0010 001D  BIS.B	#0x0010, &P4OUT
6E58:  413F            POP	R15
6E5A:  4130            RET
6E5C:  .word 0600 1804 0297 0083                      |........|

; ============================================================
; Функция sub_6E64 @ 0x6E64   (вызовов: 7)
;   вызывается из: 0x6E4A, 0x6EBE, 0x6ECA, 0x6EE0, 0x7850, 0x785C, 0x786E
; ============================================================
6E64:  120A            PUSH	R10

loc_6E66:			; переходы из 0x6EA2
6E66:  B0B2 0010 018E  BIT	#0x0010, &TBCCTL6
6E6C:  2402            JZ	0x6E72
6E6E:  C232            DINT
6E70:  4303            CLR	CG

loc_6E72:			; переходы из 0x6E6C
6E72:  C2F2 001D       BIC.B	#8, &P4OUT
6E76:  62D2 039C 039C  ADDC.B	&0x039C, &0x039C
6E7C:  2C03            JC	0x6E84
6E7E:  C2E2 001D       BIC.B	#4, &P4OUT
6E82:  3C02            JMP	0x6E88

loc_6E84:			; переходы из 0x6E7C
6E84:  D2E2 001D       BIS.B	#4, &P4OUT

loc_6E88:			; переходы из 0x6E82
6E88:  D2F2 001D       BIS.B	#8, &P4OUT
6E8C:  B0B2 0010 018E  BIT	#0x0010, &TBCCTL6
6E92:  2401            JZ	0x6E96
6E94:  D232            EINT

loc_6E96:			; переходы из 0x6E92
6E96:  403A 0005       MOV	#0x0005, R10

loc_6E9A:			; переходы из 0x6E9C
6E9A:  831A            DEC	R10
6E9C:  23FE            JNZ	0x6E9A
6E9E:  83D2 039D       DEC.B	&0x039D
6EA2:  23E1            JNZ	0x6E66
6EA4:  413A            POP	R10
6EA6:  4130            RET

; ============================================================
; Функция sub_6EA8 @ 0x6EA8   (вызовов: 1)
;   вызывается из: 0x230C
; ============================================================
6EA8:  120F            PUSH	R15
6EAA:  12B0 713C       CALL	#0x713C
6EAE:  C0F2 0010 001D  BIC.B	#0x0010, &P4OUT
6EB4:  40F2 00A0 039C  MOV.B	#0x00A0, &0x039C
6EBA:  42F2 039D       MOV.B	#8, &0x039D
6EBE:  12B0 6E64       CALL	#0x6E64
6EC2:  43C2 039C       CLR.B	&0x039C
6EC6:  43D2 039D       MOV.B	#1, &0x039D
6ECA:  12B0 6E64       CALL	#0x6E64
6ECE:  40F2 0010 039E  MOV.B	#0x0010, &0x039E
6ED4:  403F 0410       MOV	#0x0410, R15

loc_6ED8:			; переходы из 0x6EE8
6ED8:  4FF2 039C       MOV.B	@R15+, &0x039C
6EDC:  42F2 039D       MOV.B	#8, &0x039D
6EE0:  12B0 6E64       CALL	#0x6E64
6EE4:  83D2 039E       DEC.B	&0x039E
6EE8:  23F7            JNZ	0x6ED8
6EEA:  43C2 039C       CLR.B	&0x039C
6EEE:  42F2 039D       MOV.B	#8, &0x039D
6EF2:  D0F2 0010 001D  BIS.B	#0x0010, &P4OUT
6EF8:  D2E2 001D       BIS.B	#4, &P4OUT
6EFC:  42D2 0420 02A3  MOV.B	&0x0420, &0x02A3
6F02:  C2F2 039F       BIC.B	#8, &0x039F
6F06:  93C2 032C       TST.B	&0x032C
6F0A:  2403            JZ	0x6F12
6F0C:  42D2 0423 02A2  MOV.B	&0x0423, &0x02A2

loc_6F12:			; переходы из 0x6F0A
6F12:  43C2 032C       CLR.B	&0x032C
6F16:  413F            POP	R15
6F18:  4130            RET

; ============================================================
; Функция sub_6F1A @ 0x6F1A   (вызовов: 1)
;   вызывается из: 0x738C
; ============================================================
6F1A:  1204            PUSH	R4
6F1C:  1205            PUSH	R5
6F1E:  1206            PUSH	R6
6F20:  1207            PUSH	R7
6F22:  1208            PUSH	R8
6F24:  1209            PUSH	R9
6F26:  120A            PUSH	R10
6F28:  120B            PUSH	R11
6F2A:  4306            CLR	R6
6F2C:  B3D2 039F       BIT.B	#1, &0x039F
6F30:  2C05            JC	0x6F3C
6F32:  B0F2 0010 039F  BIT.B	#0x0010, &0x039F
6F38:  243C            JZ	0x6FB2
6F3A:  3C36            JMP	0x6FA8

loc_6F3C:			; переходы из 0x6F30
6F3C:  92E2 03CC       CMP.B	#4, &0x03CC
6F40:  2029            JNZ	0x6F94
6F42:  93E2 03CE       CMP.B	#2, &0x03CE
6F46:  240D            JZ	0x6F62
6F48:  90F2 0003 03CE  CMP.B	#0x0003, &0x03CE
6F4E:  2412            JZ	0x6F74
6F50:  B0B2 0020 027C  BIT	#0x0020, &0x027C
6F56:  2C17            JC	0x6F86
6F58:  B0B2 0020 028C  BIT	#0x0020, &0x028C
6F5E:  2C13            JC	0x6F86
6F60:  3C28            JMP	0x6FB2

loc_6F62:			; переходы из 0x6F46
6F62:  B0B2 0020 027C  BIT	#0x0020, &0x027C
6F68:  2C0E            JC	0x6F86
6F6A:  B0B2 0020 029C  BIT	#0x0020, &0x029C
6F70:  2C0A            JC	0x6F86
6F72:  3C1F            JMP	0x6FB2

loc_6F74:			; переходы из 0x6F4E
6F74:  B0B2 0020 028C  BIT	#0x0020, &0x028C
6F7A:  2C05            JC	0x6F86
6F7C:  B0B2 0020 029C  BIT	#0x0020, &0x029C
6F82:  2C01            JC	0x6F86
6F84:  3C16            JMP	0x6FB2

loc_6F86:			; переходы из 0x6F56, 0x6F5E, 0x6F68, 0x6F70, 0x6F7A, 0x6F82
6F86:  D0F2 00C0 0412  BIS.B	#0x00C0, &0x0412
6F8C:  D0F2 0080 0419  BIS.B	#0x0080, &0x0419
6F92:  3CCB            JMP	0x712A

loc_6F94:			; переходы из 0x6F40
6F94:  90F2 000A 03CC  CMP.B	#0x000A, &0x03CC
6F9A:  2003            JNZ	0x6FA2
6F9C:  93E2 03CE       CMP.B	#2, &0x03CE
6FA0:  2817            JNC	0x6FD0

loc_6FA2:			; переходы из 0x6F9A
6FA2:  92F2 03CC       CMP.B	#8, &0x03CC
6FA6:  2805            JNC	0x6FB2

loc_6FA8:			; переходы из 0x6F3A
6FA8:  421A 03AC       MOV	&0x03AC, R10
6FAC:  421B 03AE       MOV	&0x03AE, R11
6FB0:  3C6B            JMP	0x7088

loc_6FB2:			; переходы из 0x6F38, 0x6F60, 0x6F72, 0x6F84, 0x6FA6
6FB2:  B3D2 039F       BIT.B	#1, &0x039F
6FB6:  240C            JZ	0x6FD0
6FB8:  B0B2 8000 03AC  BIT	#0x8000, &0x03AC
6FBE:  2408            JZ	0x6FD0
6FC0:  E3B2 03AE       INV	&0x03AE
6FC4:  E3B2 03AC       INV	&0x03AC
6FC8:  5392 03AE       INC	&0x03AE
6FCC:  6382 03AC       ADC	&0x03AC

loc_6FD0:			; переходы из 0x6FA0, 0x6FB6, 0x6FBE
6FD0:  4292 03AC 0300  MOV	&0x03AC, &0x0300
6FD6:  4292 03AE 0302  MOV	&0x03AE, &0x0302
6FDC:  B3D2 039F       BIT.B	#1, &0x039F
6FE0:  2C0E            JC	0x6FFE
6FE2:  40B2 0018 0306  MOV	#0x0018, &0x0306
6FE8:  12B0 BC42       CALL	#0xBC42
6FEC:  4292 0308 0300  MOV	&0x0308, &0x0300
6FF2:  4292 030A 0302  MOV	&0x030A, &0x0302
6FF8:  12B0 4C54       CALL	#0x4C54
6FFC:  3C21            JMP	0x7040

loc_6FFE:			; переходы из 0x6FE0
6FFE:  12B0 4C1A       CALL	#0x4C1A
7002:  90F2 000A 03CC  CMP.B	#0x000A, &0x03CC
7008:  201B            JNZ	0x7040
700A:  421A 030A       MOV	&0x030A, R10
700E:  430B            CLR	R11
7010:  4214 0650       MOV	&0x0650, R4
7014:  5404            RLA	R4
7016:  6B0B            RLC	R11
7018:  5404            RLA	R4
701A:  6B0B            RLC	R11
701C:  5404            RLA	R4
701E:  6B0B            RLC	R11
7020:  5404            RLA	R4
7022:  6B0B            RLC	R11
7024:  B0B2 0040 066C  BIT	#0x0040, &0x066C
702A:  2C06            JC	0x7038
702C:  403A 9999       MOV	#0x9999, R10
7030:  403B 0099       MOV	#0x0099, R11
7034:  4382 0652       CLR	&0x0652

loc_7038:			; переходы из 0x702A
7038:  C0B2 0040 066C  BIC	#0x0040, &0x066C
703E:  3C24            JMP	0x7088

loc_7040:			; переходы из 0x6FFC, 0x7008
7040:  4292 0308 03AC  MOV	&0x0308, &0x03AC
7046:  4292 030A 03AE  MOV	&0x030A, &0x03AE
704C:  421A 0308       MOV	&0x0308, R10
7050:  421B 030A       MOV	&0x030A, R11
7054:  B3D2 039F       BIT.B	#1, &0x039F
7058:  2417            JZ	0x7088
705A:  90F2 0005 03CC  CMP.B	#0x0005, &0x03CC
7060:  2001            JNZ	0x7064
7062:  3C04            JMP	0x706C

loc_7064:			; переходы из 0x7060
7064:  90F2 0006 03CC  CMP.B	#0x0006, &0x03CC
706A:  200E            JNZ	0x7088

loc_706C:			; переходы из 0x7062
706C:  4304            CLR	R4
706E:  4228            MOV	#4, R8

loc_7070:			; переходы из 0x707A
7070:  C312            CLRC
7072:  100A            RRC	R10
7074:  100B            RRC	R11
7076:  1004            RRC	R4
7078:  8318            DEC	R8
707A:  23FA            JNZ	0x7070
707C:  9034 5000       CMP	#0x5000, R4
7080:  2803            JNC	0x7088
7082:  C312            CLRC
7084:  A31B            DADD	#1, R11
7086:  A30A            DADC	R10

loc_7088:			; переходы из 0x6FB0, 0x703E, 0x7058, 0x706A, 0x7080
7088:  4034 0009       MOV	#0x0009, R4
708C:  4306            CLR	R6
708E:  4317            MOV	#1, R7

loc_7090:			; переходы из 0x7124, 0x7128
7090:  4305            CLR	R5
7092:  8314            DEC	R4
7094:  244A            JZ	0x712A
7096:  4228            MOV	#4, R8

loc_7098:			; переходы из 0x70A0
7098:  5B0B            RLA	R11
709A:  6A0A            RLC	R10
709C:  6505            RLC	R5
709E:  8318            DEC	R8
70A0:  23FB            JNZ	0x7098
70A2:  9224            CMP	#4, R4
70A4:  2818            JNC	0x70D6
70A6:  B326            BIT	#2, R6
70A8:  2C16            JC	0x70D6
70AA:  B0F2 0080 039F  BIT.B	#0x0080, &0x039F
70B0:  2402            JZ	0x70B6
70B2:  D326            BIS	#2, R6
70B4:  3C10            JMP	0x70D6

loc_70B6:			; переходы из 0x70B0
70B6:  B3D2 039F       BIT.B	#1, &0x039F
70BA:  2C05            JC	0x70C6
70BC:  B0F2 0010 039F  BIT.B	#0x0010, &0x039F
70C2:  2406            JZ	0x70D0
70C4:  3C03            JMP	0x70CC

loc_70C6:			; переходы из 0x70BA
70C6:  92F2 03CC       CMP.B	#8, &0x03CC
70CA:  2802            JNC	0x70D0

loc_70CC:			; переходы из 0x70C4
70CC:  D326            BIS	#2, R6
70CE:  3C03            JMP	0x70D6

loc_70D0:			; переходы из 0x70C2, 0x70CA
70D0:  9305            TST	R5
70D2:  2404            JZ	0x70DC
70D4:  D326            BIS	#2, R6

loc_70D6:			; переходы из 0x70A4, 0x70A8, 0x70B4, 0x70CE
70D6:  4555 FA88       MOV.B	-1400(R5), R5
70DA:  3C01            JMP	0x70DE

loc_70DC:			; переходы из 0x70D2
70DC:  4305            CLR	R5

loc_70DE:			; переходы из 0x70DA
70DE:  B316            BIT	#1, R6
70E0:  2403            JZ	0x70E8
70E2:  4039 0410       MOV	#0x0410, R9
70E6:  3C02            JMP	0x70EC

loc_70E8:			; переходы из 0x70E0
70E8:  4039 0417       MOV	#0x0417, R9

loc_70EC:			; переходы из 0x70E6
70EC:  1085            SWPB	R5
70EE:  4038 0007       MOV	#0x0007, R8

loc_70F2:			; переходы из 0x7114
70F2:  5505            RLA	R5
70F4:  2C03            JC	0x70FC
70F6:  C7C9 0000       BIC.B	R7, 0(R9)
70FA:  3C02            JMP	0x7100

loc_70FC:			; переходы из 0x70F4
70FC:  D7C9 0000       BIS.B	R7, 0(R9)

loc_7100:			; переходы из 0x70FA
7100:  9228            CMP	#4, R8
7102:  2006            JNZ	0x7110
7104:  8039 0003       SUB	#0x0003, R9
7108:  5707            RLA	R7
710A:  5707            RLA	R7
710C:  5707            RLA	R7
710E:  5707            RLA	R7

loc_7110:			; переходы из 0x7102
7110:  5319            INC	R9
7112:  8318            DEC	R8
7114:  23EE            JNZ	0x70F2
7116:  E316            XOR	#1, R6
7118:  C312            CLRC
711A:  1007            RRC	R7
711C:  1107            RRA	R7
711E:  1107            RRA	R7
7120:  1107            RRA	R7
7122:  B316            BIT	#1, R6
7124:  2FB5            JC	0x7090
7126:  5707            RLA	R7
7128:  3FB3            JMP	0x7090

loc_712A:			; переходы из 0x6F92, 0x7094
712A:  413B            POP	R11
712C:  413A            POP	R10
712E:  4139            POP	R9
7130:  4138            POP	R8
7132:  4137            POP	R7
7134:  4136            POP	R6
7136:  4135            POP	R5
7138:  4134            POP	R4
713A:  4130            RET

; ============================================================
; Функция sub_713C @ 0x713C   (вызовов: 1)
;   вызывается из: 0x6EAA
; ============================================================
713C:  120C            PUSH	R12
713E:  120D            PUSH	R13
7140:  120E            PUSH	R14
7142:  120F            PUSH	R15
7144:  403E 0410       MOV	#0x0410, R14
7148:  423F            MOV	#8, R15

loc_714A:			; переходы из 0x7152
714A:  438E 0000       CLR	0(R14)
714E:  532E            INCD	R14
7150:  831F            DEC	R15
7152:  23FB            JNZ	0x714A
7154:  B3E2 083E       BIT.B	#2, &0x083E
7158:  2512            JZ	0x737E
715A:  C3E2 083E       BIC.B	#2, &0x083E
715E:  9382 04F2       TST	&0x04F2
7162:  2009            JNZ	0x7176
7164:  9382 04F0       TST	&0x04F0
7168:  2006            JNZ	0x7176
716A:  9382 04FA       TST	&0x04FA
716E:  2003            JNZ	0x7176
7170:  43C2 03BF       CLR.B	&0x03BF
7174:  3D04            JMP	0x737E

loc_7176:			; переходы из 0x7162, 0x7168, 0x716E, 0x71C8
7176:  421F 04F2       MOV	&0x04F2, R15
717A:  430E            CLR	R14

loc_717C:			; переходы из 0x718C, 0x7192, 0x7194
717C:  531E            INC	R14
717E:  903E 0011       CMP	#0x0011, R14
7182:  2802            JNC	0x7188
7184:  831E            DEC	R14
7186:  3C08            JMP	0x7198

loc_7188:			; переходы из 0x7182
7188:  C312            CLRC
718A:  100F            RRC	R15
718C:  2BF7            JNC	0x717C
718E:  925E 03BF       CMP.B	&0x03BF, R14
7192:  2BF4            JNC	0x717C
7194:  27F3            JZ	0x717C
7196:  3C20            JMP	0x71D8

loc_7198:			; переходы из 0x7186
7198:  421F 04F0       MOV	&0x04F0, R15

loc_719C:			; переходы из 0x71AC, 0x71B2, 0x71B4
719C:  531E            INC	R14
719E:  903E 0021       CMP	#0x0021, R14
71A2:  2802            JNC	0x71A8
71A4:  831E            DEC	R14
71A6:  3C08            JMP	0x71B8

loc_71A8:			; переходы из 0x71A2
71A8:  C312            CLRC
71AA:  100F            RRC	R15
71AC:  2BF7            JNC	0x719C
71AE:  925E 03BF       CMP.B	&0x03BF, R14
71B2:  2BF4            JNC	0x719C
71B4:  27F3            JZ	0x719C
71B6:  3C10            JMP	0x71D8

loc_71B8:			; переходы из 0x71A6
71B8:  421F 04FA       MOV	&0x04FA, R15

loc_71BC:			; переходы из 0x71CE, 0x71D4, 0x71D6
71BC:  531E            INC	R14
71BE:  903E 0031       CMP	#0x0031, R14
71C2:  2803            JNC	0x71CA
71C4:  43C2 03BF       CLR.B	&0x03BF
71C8:  3FD6            JMP	0x7176

loc_71CA:			; переходы из 0x71C2
71CA:  C312            CLRC
71CC:  100F            RRC	R15
71CE:  2BF6            JNC	0x71BC
71D0:  925E 03BF       CMP.B	&0x03BF, R14
71D4:  2BF3            JNC	0x71BC
71D6:  27F2            JZ	0x71BC

loc_71D8:			; переходы из 0x7196, 0x71B6
71D8:  4EC2 03BF       MOV.B	R14, &0x03BF
71DC:  907E 000A       CMP.B	#0x000A, R14
71E0:  280E            JNC	0x71FE
71E2:  907E 0014       CMP.B	#0x0014, R14
71E6:  2816            JNC	0x7214
71E8:  907E 001E       CMP.B	#0x001E, R14
71EC:  281B            JNC	0x7224
71EE:  907E 0028       CMP.B	#0x0028, R14
71F2:  2826            JNC	0x7240
71F4:  24C4            JZ	0x737E
71F6:  907E 0032       CMP.B	#0x0032, R14
71FA:  282F            JNC	0x725A
71FC:  3CC0            JMP	0x737E

loc_71FE:			; переходы из 0x71E0
71FE:  D2E2 0417       BIS.B	#4, &0x0417
7202:  D0F2 0044 0418  BIS.B	#0x0044, &0x0418
7208:  D2E2 0419       BIS.B	#4, &0x0419
720C:  D0F2 0044 041A  BIS.B	#0x0044, &0x041A
7212:  3C2B            JMP	0x726A

loc_7214:			; переходы из 0x71E6
7214:  D0F2 0040 0418  BIS.B	#0x0040, &0x0418
721A:  D2E2 0419       BIS.B	#4, &0x0419
721E:  807E 000A       SUB.B	#0x000A, R14
7222:  3C23            JMP	0x726A

loc_7224:			; переходы из 0x71EC
7224:  D2E2 0417       BIS.B	#4, &0x0417
7228:  D0F2 0040 0418  BIS.B	#0x0040, &0x0418
722E:  D0F2 0040 0419  BIS.B	#0x0040, &0x0419
7234:  D0F2 0044 041A  BIS.B	#0x0044, &0x041A
723A:  807E 0014       SUB.B	#0x0014, R14
723E:  3C15            JMP	0x726A

loc_7240:			; переходы из 0x71F2
7240:  D2E2 0417       BIS.B	#4, &0x0417
7244:  D0F2 0040 0418  BIS.B	#0x0040, &0x0418
724A:  D0F2 0044 0419  BIS.B	#0x0044, &0x0419
7250:  D2E2 041A       BIS.B	#4, &0x041A
7254:  807E 001E       SUB.B	#0x001E, R14
7258:  3C08            JMP	0x726A

loc_725A:			; переходы из 0x71FA
725A:  D0F2 0044 0418  BIS.B	#0x0044, &0x0418
7260:  D0F2 0044 0419  BIS.B	#0x0044, &0x0419
7266:  807E 0028       SUB.B	#0x0028, R14

loc_726A:			; переходы из 0x7212, 0x7222, 0x723E, 0x7258
726A:  934E            TST.B	R14
726C:  200B            JNZ	0x7284
726E:  D2E2 0410       BIS.B	#4, &0x0410
7272:  D0F2 0044 0411  BIS.B	#0x0044, &0x0411
7278:  D2E2 0412       BIS.B	#4, &0x0412
727C:  D0F2 0044 0413  BIS.B	#0x0044, &0x0413
7282:  3C6E            JMP	0x7360

loc_7284:			; переходы из 0x726C
7284:  935E            CMP.B	#1, R14
7286:  2006            JNZ	0x7294
7288:  D0F2 0040 0411  BIS.B	#0x0040, &0x0411
728E:  D2E2 0412       BIS.B	#4, &0x0412
7292:  3C66            JMP	0x7360

loc_7294:			; переходы из 0x7286
7294:  936E            CMP.B	#2, R14
7296:  200C            JNZ	0x72B0
7298:  D2E2 0410       BIS.B	#4, &0x0410
729C:  D0F2 0040 0411  BIS.B	#0x0040, &0x0411
72A2:  D0F2 0040 0412  BIS.B	#0x0040, &0x0412
72A8:  D0F2 0044 0413  BIS.B	#0x0044, &0x0413
72AE:  3C58            JMP	0x7360

loc_72B0:			; переходы из 0x7296
72B0:  907E 0003       CMP.B	#0x0003, R14
72B4:  200B            JNZ	0x72CC
72B6:  D2E2 0410       BIS.B	#4, &0x0410
72BA:  D0F2 0040 0411  BIS.B	#0x0040, &0x0411
72C0:  D0F2 0044 0412  BIS.B	#0x0044, &0x0412
72C6:  D2E2 0413       BIS.B	#4, &0x0413
72CA:  3C4A            JMP	0x7360

loc_72CC:			; переходы из 0x72B4
72CC:  926E            CMP.B	#4, R14
72CE:  2007            JNZ	0x72DE
72D0:  D0F2 0044 0411  BIS.B	#0x0044, &0x0411
72D6:  D0F2 0044 0412  BIS.B	#0x0044, &0x0412
72DC:  3C41            JMP	0x7360

loc_72DE:			; переходы из 0x72CE
72DE:  907E 0005       CMP.B	#0x0005, R14
72E2:  200A            JNZ	0x72F8
72E4:  D2E2 0410       BIS.B	#4, &0x0410
72E8:  D2E2 0411       BIS.B	#4, &0x0411
72EC:  D0F2 0044 0412  BIS.B	#0x0044, &0x0412
72F2:  D2E2 0413       BIS.B	#4, &0x0413
72F6:  3C34            JMP	0x7360

loc_72F8:			; переходы из 0x72E2
72F8:  907E 0006       CMP.B	#0x0006, R14
72FC:  200B            JNZ	0x7314
72FE:  D2E2 0410       BIS.B	#4, &0x0410
7302:  D2E2 0411       BIS.B	#4, &0x0411
7306:  D0F2 0044 0412  BIS.B	#0x0044, &0x0412
730C:  D0F2 0044 0413  BIS.B	#0x0044, &0x0413
7312:  3C26            JMP	0x7360

loc_7314:			; переходы из 0x72FC
7314:  907E 0007       CMP.B	#0x0007, R14
7318:  2008            JNZ	0x732A
731A:  D2E2 0410       BIS.B	#4, &0x0410
731E:  D0F2 0040 0411  BIS.B	#0x0040, &0x0411
7324:  D2E2 0412       BIS.B	#4, &0x0412
7328:  3C1B            JMP	0x7360

loc_732A:			; переходы из 0x7318
732A:  927E            CMP.B	#8, R14
732C:  200C            JNZ	0x7346
732E:  D2E2 0410       BIS.B	#4, &0x0410
7332:  D0F2 0044 0411  BIS.B	#0x0044, &0x0411
7338:  D0F2 0044 0412  BIS.B	#0x0044, &0x0412
733E:  D0F2 0044 0413  BIS.B	#0x0044, &0x0413
7344:  3C0D            JMP	0x7360

loc_7346:			; переходы из 0x732C
7346:  907E 0009       CMP.B	#0x0009, R14
734A:  200A            JNZ	0x7360
734C:  D2E2 0410       BIS.B	#4, &0x0410
7350:  D0F2 0044 0411  BIS.B	#0x0044, &0x0411
7356:  D0F2 0044 0412  BIS.B	#0x0044, &0x0412
735C:  D2E2 0413       BIS.B	#4, &0x0413

loc_7360:			; переходы из 0x7282, 0x7292, 0x72AE, 0x72CA, 0x72DC, 0x72F6, 0x7312, 0x7328
7360:  D3E2 0417       BIS.B	#2, &0x0417
7364:  D3E2 0418       BIS.B	#2, &0x0418
7368:  D0F2 0020 0419  BIS.B	#0x0020, &0x0419
736E:  D0F2 0022 041A  BIS.B	#0x0022, &0x041A
7374:  D0F2 0020 0412  BIS.B	#0x0020, &0x0412
737A:  4030 7832       BR	#0x7832

loc_737E:			; переходы из 0x7158, 0x7174, 0x71F4, 0x71FC
737E:  C0F2 0080 039F  BIC.B	#0x0080, &0x039F
7384:  12B0 E434       CALL	#0xE434
7388:  12B0 7CC8       CALL	#0x7CC8
738C:  12B0 6F1A       CALL	#0x6F1A
7390:  B3D2 039F       BIT.B	#1, &0x039F
7394:  2CFC            JC	0x758E
7396:  D0F2 00E4 0414  BIS.B	#0x00E4, &0x0414
739C:  B3E2 039F       BIT.B	#2, &0x039F
73A0:  2C15            JC	0x73CC
73A2:  B0B2 0020 027C  BIT	#0x0020, &0x027C
73A8:  2403            JZ	0x73B0
73AA:  C0F2 0080 0414  BIC.B	#0x0080, &0x0414

loc_73B0:			; переходы из 0x73A8
73B0:  B0B2 0020 028C  BIT	#0x0020, &0x028C
73B6:  2403            JZ	0x73BE
73B8:  C0F2 0040 0414  BIC.B	#0x0040, &0x0414

loc_73BE:			; переходы из 0x73B6
73BE:  B0B2 0020 029C  BIT	#0x0020, &0x029C
73C4:  2403            JZ	0x73CC
73C6:  C0F2 0020 0414  BIC.B	#0x0020, &0x0414

loc_73CC:			; переходы из 0x73A0, 0x73C4
73CC:  C0F2 0022 0415  BIC.B	#0x0022, &0x0415
73D2:  C0F2 0022 0416  BIC.B	#0x0022, &0x0416
73D8:  C0F2 0020 0417  BIC.B	#0x0020, &0x0417
73DE:  93C2 03BC       TST.B	&0x03BC
73E2:  242B            JZ	0x743A
73E4:  90F2 0005 03BC  CMP.B	#0x0005, &0x03BC
73EA:  240F            JZ	0x740A
73EC:  90F2 0006 03BC  CMP.B	#0x0006, &0x03BC
73F2:  240B            JZ	0x740A
73F4:  90F2 0013 03BC  CMP.B	#0x0013, &0x03BC
73FA:  240B            JZ	0x7412
73FC:  90F2 0014 03BC  CMP.B	#0x0014, &0x03BC
7402:  2407            JZ	0x7412
7404:  D3E2 0416       BIS.B	#2, &0x0416
7408:  3C07            JMP	0x7418

loc_740A:			; переходы из 0x73EA, 0x73F2
740A:  D0F2 0020 0417  BIS.B	#0x0020, &0x0417
7410:  3C03            JMP	0x7418

loc_7412:			; переходы из 0x73FA, 0x7402
7412:  D0F2 0020 0416  BIS.B	#0x0020, &0x0416

loc_7418:			; переходы из 0x7408, 0x7410
7418:  93D2 03BC       CMP.B	#1, &0x03BC
741C:  240E            JZ	0x743A
741E:  90F2 0005 03BC  CMP.B	#0x0005, &0x03BC
7424:  240A            JZ	0x743A
7426:  90F2 0007 03BC  CMP.B	#0x0007, &0x03BC
742C:  2406            JZ	0x743A
742E:  90F2 0013 03BC  CMP.B	#0x0013, &0x03BC
7434:  2402            JZ	0x743A
7436:  D3E2 0415       BIS.B	#2, &0x0415

loc_743A:			; переходы из 0x73E2, 0x741C, 0x7424, 0x742C, 0x7434
743A:  B0F2 0010 039F  BIT.B	#0x0010, &0x039F
7440:  241D            JZ	0x747C
7442:  C2E2 0414       BIC.B	#4, &0x0414
7446:  C0F2 0005 0410  BIC.B	#0x0005, &0x0410
744C:  C0F2 0055 0411  BIC.B	#0x0055, &0x0411
7452:  C0F2 0055 0412  BIC.B	#0x0055, &0x0412
7458:  C0F2 0055 0413  BIC.B	#0x0055, &0x0413
745E:  C0F2 0003 0417  BIC.B	#0x0003, &0x0417
7464:  C0F2 0033 0418  BIC.B	#0x0033, &0x0418
746A:  C0F2 0033 0419  BIC.B	#0x0033, &0x0419
7470:  C0F2 0033 041A  BIC.B	#0x0033, &0x041A
7476:  D2E2 0413       BIS.B	#4, &0x0413
747A:  3DDB            JMP	0x7832

loc_747C:			; переходы из 0x7440
747C:  93C2 03BD       TST.B	&0x03BD
7480:  2007            JNZ	0x7490
7482:  D0F2 0044 0415  BIS.B	#0x0044, &0x0415
7488:  D0F2 0005 0416  BIS.B	#0x0005, &0x0416
748E:  3C22            JMP	0x74D4

loc_7490:			; переходы из 0x7480
7490:  93D2 03BD       CMP.B	#1, &0x03BD
7494:  2007            JNZ	0x74A4
7496:  D0F2 0044 0415  BIS.B	#0x0044, &0x0415
749C:  D0F2 0014 0416  BIS.B	#0x0014, &0x0416
74A2:  3C18            JMP	0x74D4

loc_74A4:			; переходы из 0x7494
74A4:  93E2 03BD       CMP.B	#2, &0x03BD
74A8:  2009            JNZ	0x74BC
74AA:  D2F2 0414       BIS.B	#8, &0x0414
74AE:  D0F2 0089 0415  BIS.B	#0x0089, &0x0415
74B4:  D0F2 0088 0416  BIS.B	#0x0088, &0x0416
74BA:  3C0C            JMP	0x74D4

loc_74BC:			; переходы из 0x74A8
74BC:  90F2 0003 03BD  CMP.B	#0x0003, &0x03BD
74C2:  2008            JNZ	0x74D4
74C4:  D2F2 0414       BIS.B	#8, &0x0414
74C8:  D0F2 0098 0415  BIS.B	#0x0098, &0x0415
74CE:  D0F2 0088 0416  BIS.B	#0x0088, &0x0416

loc_74D4:			; переходы из 0x748E, 0x74A2, 0x74BA, 0x74C2
74D4:  93D2 03BC       CMP.B	#1, &0x03BC
74D8:  2816            JNC	0x7506
74DA:  90F2 0005 03BC  CMP.B	#0x0005, &0x03BC
74E0:  2C12            JC	0x7506
74E2:  C2F2 0414       BIC.B	#8, &0x0414
74E6:  C0F2 00C0 0415  BIC.B	#0x00C0, &0x0415
74EC:  C2E2 0416       BIC.B	#4, &0x0416
74F0:  B3D2 07F8       BIT.B	#1, &0x07F8
74F4:  2C04            JC	0x74FE
74F6:  D0F2 00C0 0410  BIS.B	#0x00C0, &0x0410
74FC:  3D9A            JMP	0x7832

loc_74FE:			; переходы из 0x74F4
74FE:  D0F2 0030 0410  BIS.B	#0x0030, &0x0410
7504:  3D96            JMP	0x7832

loc_7506:			; переходы из 0x74D8, 0x74E0
7506:  B3D2 04FC       BIT.B	#1, &0x04FC
750A:  2C0C            JC	0x7524
750C:  425E 03BE       MOV.B	&0x03BE, R14
7510:  5E0E            RLA	R14
7512:  832E            DECD	R14
7514:  425F 04FC       MOV.B	&0x04FC, R15
7518:  F03F 0006       AND	#0x0006, R15
751C:  9F0E            CMP	R15, R14
751E:  2402            JZ	0x7524
7520:  433E            MOV	#-1, R14
7522:  3C01            JMP	0x7526

loc_7524:			; переходы из 0x750A, 0x751E
7524:  430E            CLR	R14

loc_7526:			; переходы из 0x7522
7526:  90F2 0006 03BE  CMP.B	#0x0006, &0x03BE
752C:  2802            JNC	0x7532
752E:  43C2 03BE       CLR.B	&0x03BE

loc_7532:			; переходы из 0x752C
7532:  425F 03BE       MOV.B	&0x03BE, R15
7536:  5F0F            RLA	R15
7538:  5F00            ADD	R15, PC
753A:  3C05            JMP	0x7546
753C:  3C08            JMP	0x754E
753E:  3C0A            JMP	0x7554
7540:  3C0C            JMP	0x755A
7542:  3C0E            JMP	0x7560
7544:  3C1D            JMP	0x7580

loc_7546:			; переходы из 0x753A
7546:  D0F2 0010 0414  BIS.B	#0x0010, &0x0414
754C:  3D72            JMP	0x7832
754E:  403F 0080       MOV	#0x0080, R15
7552:  3C08            JMP	0x7564
7554:  403F 0040       MOV	#0x0040, R15
7558:  3C05            JMP	0x7564
755A:  403F 0020       MOV	#0x0020, R15
755E:  3C02            JMP	0x7564
7560:  403F 0010       MOV	#0x0010, R15
7564:  DFC2 0410       BIS.B	R15, &0x0410
7568:  B0F2 0040 039F  BIT.B	#0x0040, &0x039F
756E:  2561            JZ	0x7832
7570:  930E            TST	R14
7572:  255F            JZ	0x7832
7574:  B3E2 039F       BIT.B	#2, &0x039F
7578:  2D5C            JC	0x7832
757A:  CFC2 0410       BIC.B	R15, &0x0410
757E:  3D59            JMP	0x7832
7580:  D0F2 0010 0414  BIS.B	#0x0010, &0x0414
7586:  D0F2 0020 0415  BIS.B	#0x0020, &0x0415
758C:  3D52            JMP	0x7832

loc_758E:			; переходы из 0x7394
758E:  D2E2 0414       BIS.B	#4, &0x0414
7592:  90F2 000A 03CC  CMP.B	#0x000A, &0x03CC
7598:  24CF            JZ	0x7738
759A:  90F2 000B 03CC  CMP.B	#0x000B, &0x03CC
75A0:  2522            JZ	0x77E6
75A2:  92F2 03CC       CMP.B	#8, &0x03CC
75A6:  2C9D            JC	0x76E2
75A8:  92E2 03CC       CMP.B	#4, &0x03CC
75AC:  2013            JNZ	0x75D4
75AE:  93E2 03CE       CMP.B	#2, &0x03CE
75B2:  2408            JZ	0x75C4
75B4:  90F2 0003 03CE  CMP.B	#0x0003, &0x03CE
75BA:  2408            JZ	0x75CC
75BC:  D0F2 00C0 0414  BIS.B	#0x00C0, &0x0414
75C2:  3D37            JMP	0x7832

loc_75C4:			; переходы из 0x75B2
75C4:  D0F2 00A0 0414  BIS.B	#0x00A0, &0x0414
75CA:  3D33            JMP	0x7832

loc_75CC:			; переходы из 0x75BA
75CC:  D0F2 0060 0414  BIS.B	#0x0060, &0x0414
75D2:  3D2F            JMP	0x7832

loc_75D4:			; переходы из 0x75AC
75D4:  90F2 0007 03CC  CMP.B	#0x0007, &0x03CC
75DA:  2004            JNZ	0x75E4
75DC:  D0F2 00F0 0414  BIS.B	#0x00F0, &0x0414
75E2:  3C34            JMP	0x764C

loc_75E4:			; переходы из 0x75DA
75E4:  93C2 03CE       TST.B	&0x03CE
75E8:  2010            JNZ	0x760A
75EA:  90F2 0003 03CC  CMP.B	#0x0003, &0x03CC
75F0:  2808            JNC	0x7602
75F2:  90F2 0006 03CC  CMP.B	#0x0006, &0x03CC
75F8:  2404            JZ	0x7602
75FA:  D0F2 0080 0414  BIS.B	#0x0080, &0x0414
7600:  3C16            JMP	0x762E

loc_7602:			; переходы из 0x75F0, 0x75F8
7602:  D0F2 0010 0414  BIS.B	#0x0010, &0x0414
7608:  3C21            JMP	0x764C

loc_760A:			; переходы из 0x75E8
760A:  93D2 03CE       CMP.B	#1, &0x03CE
760E:  2004            JNZ	0x7618
7610:  D0F2 0080 0414  BIS.B	#0x0080, &0x0414
7616:  3C0B            JMP	0x762E

loc_7618:			; переходы из 0x760E
7618:  93E2 03CE       CMP.B	#2, &0x03CE
761C:  2004            JNZ	0x7626
761E:  D0F2 0040 0414  BIS.B	#0x0040, &0x0414
7624:  3C09            JMP	0x7638

loc_7626:			; переходы из 0x761C
7626:  D0F2 0020 0414  BIS.B	#0x0020, &0x0414
762C:  3C0A            JMP	0x7642

loc_762E:			; переходы из 0x7600, 0x7616
762E:  421C 03A0       MOV	&0x03A0, R12
7632:  421D 03A4       MOV	&0x03A4, R13
7636:  3C0E            JMP	0x7654

loc_7638:			; переходы из 0x7624
7638:  421C 03B0       MOV	&0x03B0, R12
763C:  421D 03B4       MOV	&0x03B4, R13
7640:  3C09            JMP	0x7654

loc_7642:			; переходы из 0x762C
7642:  421C 03C0       MOV	&0x03C0, R12
7646:  421D 03C4       MOV	&0x03C4, R13
764A:  3C04            JMP	0x7654

loc_764C:			; переходы из 0x75E2, 0x7608
764C:  421C 0390       MOV	&0x0390, R12
7650:  421D 0394       MOV	&0x0394, R13

loc_7654:			; переходы из 0x7636, 0x7640, 0x764A
7654:  B03C 8000       BIT	#0x8000, R12
7658:  2404            JZ	0x7662
765A:  D0F2 0010 0416  BIS.B	#0x0010, &0x0416
7660:  3C02            JMP	0x7666

loc_7662:			; переходы из 0x7658
7662:  D3D2 0416       BIS.B	#1, &0x0416

loc_7666:			; переходы из 0x7660
7666:  B03D 8000       BIT	#0x8000, R13
766A:  2404            JZ	0x7674
766C:  D0F2 0010 0415  BIS.B	#0x0010, &0x0415
7672:  3C02            JMP	0x7678

loc_7674:			; переходы из 0x766A
7674:  D3D2 0415       BIS.B	#1, &0x0415

loc_7678:			; переходы из 0x7672
7678:  93C2 03CC       TST.B	&0x03CC
767C:  2003            JNZ	0x7684
767E:  D2E2 0415       BIS.B	#4, &0x0415
7682:  3CD7            JMP	0x7832

loc_7684:			; переходы из 0x767C
7684:  93D2 03CC       CMP.B	#1, &0x03CC
7688:  2006            JNZ	0x7696
768A:  D2F2 0415       BIS.B	#8, &0x0415
768E:  D0F2 0088 0416  BIS.B	#0x0088, &0x0416
7694:  3CCE            JMP	0x7832

loc_7696:			; переходы из 0x7688
7696:  93E2 03CC       CMP.B	#2, &0x03CC
769A:  2006            JNZ	0x76A8
769C:  D2F2 0415       BIS.B	#8, &0x0415
76A0:  D0F2 0080 0416  BIS.B	#0x0080, &0x0416
76A6:  3CC5            JMP	0x7832

loc_76A8:			; переходы из 0x769A
76A8:  90F2 0003 03CC  CMP.B	#0x0003, &0x03CC
76AE:  2003            JNZ	0x76B6
76B0:  D2F2 0415       BIS.B	#8, &0x0415
76B4:  3CBE            JMP	0x7832

loc_76B6:			; переходы из 0x76AE
76B6:  90F2 0005 03CC  CMP.B	#0x0005, &0x03CC
76BC:  2004            JNZ	0x76C6
76BE:  D0F2 0080 0416  BIS.B	#0x0080, &0x0416
76C4:  3CB6            JMP	0x7832

loc_76C6:			; переходы из 0x76BC
76C6:  90F2 0006 03CC  CMP.B	#0x0006, &0x03CC
76CC:  2003            JNZ	0x76D4
76CE:  D3D2 0414       BIS.B	#1, &0x0414
76D2:  3CAF            JMP	0x7832

loc_76D4:			; переходы из 0x76CC
76D4:  90F2 0007 03CC  CMP.B	#0x0007, &0x03CC
76DA:  20AB            JNZ	0x7832
76DC:  D3E2 0414       BIS.B	#2, &0x0414
76E0:  3CA8            JMP	0x7832

loc_76E2:			; переходы из 0x75A6
76E2:  C2E2 0410       BIC.B	#4, &0x0410
76E6:  C0F2 0044 0411  BIC.B	#0x0044, &0x0411
76EC:  C0F2 0044 0412  BIC.B	#0x0044, &0x0412
76F2:  C0F2 0044 0413  BIC.B	#0x0044, &0x0413
76F8:  C3E2 0417       BIC.B	#2, &0x0417
76FC:  C0F2 0022 0418  BIC.B	#0x0022, &0x0418
7702:  C0F2 0022 0419  BIC.B	#0x0022, &0x0419
7708:  C0F2 0022 041A  BIC.B	#0x0022, &0x041A
770E:  C2E2 0414       BIC.B	#4, &0x0414
7712:  92F2 03CC       CMP.B	#8, &0x03CC
7716:  2007            JNZ	0x7726
7718:  D0F2 0040 0412  BIS.B	#0x0040, &0x0412
771E:  D0F2 0020 0419  BIS.B	#0x0020, &0x0419
7724:  3C86            JMP	0x7832

loc_7726:			; переходы из 0x7716
7726:  90F2 0009 03CC  CMP.B	#0x0009, &0x03CC
772C:  2082            JNZ	0x7832
772E:  D2E2 0413       BIS.B	#4, &0x0413
7732:  D3E2 041A       BIS.B	#2, &0x041A
7736:  3C7D            JMP	0x7832

loc_7738:			; переходы из 0x7598
7738:  90F2 000A 03CC  CMP.B	#0x000A, &0x03CC
773E:  2053            JNZ	0x77E6
7740:  C2E2 0414       BIC.B	#4, &0x0414
7744:  93E2 03CE       CMP.B	#2, &0x03CE
7748:  2C1C            JC	0x7782
774A:  C2E2 0410       BIC.B	#4, &0x0410
774E:  C0F2 0044 0411  BIC.B	#0x0044, &0x0411
7754:  C0F2 0044 0412  BIC.B	#0x0044, &0x0412
775A:  C0F2 0044 0413  BIC.B	#0x0044, &0x0413
7760:  C2E2 0417       BIC.B	#4, &0x0417
7764:  C0F2 0044 0418  BIC.B	#0x0044, &0x0418
776A:  C0F2 0044 0419  BIC.B	#0x0044, &0x0419
7770:  C0F2 0044 041A  BIC.B	#0x0044, &0x041A
7776:  D0F2 0040 0412  BIS.B	#0x0040, &0x0412
777C:  D0F2 0040 0419  BIS.B	#0x0040, &0x0419

loc_7782:			; переходы из 0x7748
7782:  C0F2 0033 0415  BIC.B	#0x0033, &0x0415
7788:  C0F2 0033 0416  BIC.B	#0x0033, &0x0416
778E:  C0F2 0030 0417  BIC.B	#0x0030, &0x0417
7794:  B0F2 0010 0652  BIT.B	#0x0010, &0x0652
779A:  2403            JZ	0x77A2
779C:  D0F2 0020 0417  BIS.B	#0x0020, &0x0417

loc_77A2:			; переходы из 0x779A
77A2:  B2E2 0652       BIT.B	#4, &0x0652
77A6:  2409            JZ	0x77BA
77A8:  D0F2 0010 0417  BIS.B	#0x0010, &0x0417
77AE:  D0F2 0011 0416  BIS.B	#0x0011, &0x0416
77B4:  D3D2 0415       BIS.B	#1, &0x0415
77B8:  3C16            JMP	0x77E6

loc_77BA:			; переходы из 0x77A6
77BA:  B3E2 0652       BIT.B	#2, &0x0652
77BE:  240C            JZ	0x77D8
77C0:  D0F2 0010 0417  BIS.B	#0x0010, &0x0417
77C6:  D3D2 0416       BIS.B	#1, &0x0416
77CA:  B3D2 0652       BIT.B	#1, &0x0652
77CE:  240B            JZ	0x77E6
77D0:  D0F2 0010 0416  BIS.B	#0x0010, &0x0416
77D6:  3C07            JMP	0x77E6

loc_77D8:			; переходы из 0x77BE
77D8:  B3D2 0652       BIT.B	#1, &0x0652
77DC:  2404            JZ	0x77E6
77DE:  D0F2 0010 0417  BIS.B	#0x0010, &0x0417
77E4:  3C00            JMP	0x77E6

loc_77E6:			; переходы из 0x75A0, 0x773E, 0x77B8, 0x77CE, 0x77D6, 0x77DC, 0x77E4
77E6:  90F2 000B 03CC  CMP.B	#0x000B, &0x03CC
77EC:  2022            JNZ	0x7832
77EE:  C2E2 0414       BIC.B	#4, &0x0414
77F2:  C2F2 0410       BIC.B	#8, &0x0410
77F6:  C0F2 0088 0411  BIC.B	#0x0088, &0x0411
77FC:  C0F2 0088 0412  BIC.B	#0x0088, &0x0412
7802:  C0F2 0088 0413  BIC.B	#0x0088, &0x0413
7808:  C2F2 0417       BIC.B	#8, &0x0417
780C:  C0F2 0088 0418  BIC.B	#0x0088, &0x0418
7812:  C0F2 0088 0419  BIC.B	#0x0088, &0x0419
7818:  C0F2 0088 041A  BIC.B	#0x0088, &0x041A
781E:  425E 03CE       MOV.B	&0x03CE, R14
7822:  531E            INC	R14
7824:  403F 0100       MOV	#0x0100, R15

loc_7828:			; переходы из 0x782C
7828:  110F            RRA	R15
782A:  831E            DEC	R14
782C:  23FD            JNZ	0x7828
782E:  DFC2 0410       BIS.B	R15, &0x0410

loc_7832:			; переходы из 0x737A, 0x747A, 0x74FC, 0x7504, 0x754C, 0x75C2, 0x75CA, 0x75D2
7832:  E3E2 039F       XOR.B	#2, &0x039F
7836:  413F            POP	R15
7838:  413E            POP	R14
783A:  413D            POP	R13
783C:  413C            POP	R12
783E:  4130            RET

; ============================================================
; Функция sub_7840 @ 0x7840   (вызовов: 2)
;   вызывается из: 0x1482, 0x2D10
; ============================================================
7840:  C0F2 0010 001D  BIC.B	#0x0010, &P4OUT
7846:  40F2 00A0 039C  MOV.B	#0x00A0, &0x039C
784C:  42F2 039D       MOV.B	#8, &0x039D
7850:  12B0 6E64       CALL	#0x6E64
7854:  43C2 039C       CLR.B	&0x039C
7858:  43D2 039D       MOV.B	#1, &0x039D
785C:  12B0 6E64       CALL	#0x6E64
7860:  40F2 0010 039E  MOV.B	#0x0010, &0x039E

loc_7866:			; переходы из 0x7876
7866:  43F2 039C       MOV.B	#-1, &0x039C
786A:  42F2 039D       MOV.B	#8, &0x039D
786E:  12B0 6E64       CALL	#0x6E64
7872:  83D2 039E       DEC.B	&0x039E
7876:  23F7            JNZ	0x7866
7878:  D0F2 0010 001D  BIS.B	#0x0010, &P4OUT
787E:  D2E2 001D       BIS.B	#4, &P4OUT
7882:  4130            RET

; ============================================================
; Функция sub_7884 @ 0x7884   (вызовов: 1)
;   вызывается из: 0x7E6A
; ============================================================
7884:  120F            PUSH	R15
7886:  120E            PUSH	R14
7888:  120D            PUSH	R13
788A:  B0F2 0010 039F  BIT.B	#0x0010, &0x039F
7890:  2401            JZ	0x7894
7892:  3CB3            JMP	0x79FA

loc_7894:			; переходы из 0x7890
7894:  93D2 03BC       CMP.B	#1, &0x03BC
7898:  283A            JNC	0x790E
789A:  90F2 0005 03BC  CMP.B	#0x0005, &0x03BC
78A0:  2C36            JC	0x790E
78A2:  425D 03BC       MOV.B	&0x03BC, R13
78A6:  425F 0505       MOV.B	&0x0505, R15

loc_78AA:			; переходы из 0x78BA, 0x78C0
78AA:  831D            DEC	R13
78AC:  240A            JZ	0x78C2
78AE:  903F 0010       CMP	#0x0010, R15
78B2:  2002            JNZ	0x78B8
78B4:  803F 0006       SUB	#0x0006, R15

loc_78B8:			; переходы из 0x78B2
78B8:  831F            DEC	R15
78BA:  23F7            JNZ	0x78AA
78BC:  403F 0012       MOV	#0x0012, R15
78C0:  3FF4            JMP	0x78AA

loc_78C2:			; переходы из 0x78AC
78C2:  12B0 CB84       CALL	#0xCB84
78C6:  425F 03BD       MOV.B	&0x03BD, R15
78CA:  5F0F            RLA	R15
78CC:  5F0F            RLA	R15
78CE:  B3D2 07F8       BIT.B	#1, &0x07F8
78D2:  2401            JZ	0x78D6
78D4:  532F            INCD	R15

loc_78D6:			; переходы из 0x78D2
78D6:  C232            DINT
78D8:  4303            CLR	CG
78DA:  4F92 04E0 0130  MOV	1248(R15), &MPY
78E0:  40B2 EA60 0138  MOV	#0xEA60, &OP2
78E6:  4292 013C 0300  MOV	&RESHI, &0x0300
78EC:  4292 013A 0302  MOV	&RESLO, &0x0302
78F2:  D232            EINT
78F4:  425F 0512       MOV.B	&0x0512, R15
78F8:  4F82 0306       MOV	R15, &0x0306
78FC:  12B0 4B0C       CALL	#0x4B0C
7900:  4292 0308 03AC  MOV	&0x0308, &0x03AC
7906:  4292 030A 03AE  MOV	&0x030A, &0x03AE
790C:  3CA7            JMP	0x7A5C

loc_790E:			; переходы из 0x7898, 0x78A0
790E:  B0F2 0020 039F  BIT.B	#0x0020, &0x039F
7914:  2C52            JC	0x79BA
7916:  93C2 03BE       TST.B	&0x03BE
791A:  2401            JZ	0x791E
791C:  3C3A            JMP	0x7992

loc_791E:			; переходы из 0x791A
791E:  425F 03BD       MOV.B	&0x03BD, R15
7922:  5F0F            RLA	R15
7924:  5F0F            RLA	R15
7926:  430D            CLR	R13
7928:  430E            CLR	R14
792A:  42E2 03BE       MOV.B	#4, &0x03BE

loc_792E:			; переходы из 0x793E
792E:  12B0 C1A0       CALL	#0xC1A0
7932:  5F1E 04E2       ADD	1250(R15), R14
7936:  6F1D 04E0       ADDC	1248(R15), R13
793A:  83D2 03BE       DEC.B	&0x03BE
793E:  23F7            JNZ	0x792E
7940:  93C2 03BC       TST.B	&0x03BC
7944:  2415            JZ	0x7970
7946:  12B0 D4C4       CALL	#0xD4C4
794A:  8F1E 04E2       SUB	1250(R15), R14
794E:  7F1D 04E0       SUBC	1248(R15), R13

loc_7952:			; переходы из 0x79B8, 0x79E2
7952:  B03D 8000       BIT	#0x8000, R13
7956:  240C            JZ	0x7970
7958:  E33E            INV	R14
795A:  E33D            INV	R13
795C:  531E            INC	R14
795E:  630D            ADC	R13
7960:  821E 0378       SUB	&0x0378, R14
7964:  721D 0376       SUBC	&0x0376, R13
7968:  E33E            INV	R14
796A:  E33D            INV	R13
796C:  531E            INC	R14
796E:  630D            ADC	R13

loc_7970:			; переходы из 0x7944, 0x7956
7970:  4D8F 04E0       MOV	R13, 1248(R15)
7974:  4E8F 04E2       MOV	R14, 1250(R15)
7978:  929F 0386 04E0  CMP	&0x0386, 1248(R15)
797E:  2832            JNC	0x79E4
7980:  2004            JNZ	0x798A
7982:  929F 0388 04E2  CMP	&0x0388, 1250(R15)
7988:  282D            JNC	0x79E4

loc_798A:			; переходы из 0x7980
798A:  D0F2 0080 039F  BIS.B	#0x0080, &0x039F
7990:  3C29            JMP	0x79E4

loc_7992:			; переходы из 0x791C
7992:  12B0 C1A0       CALL	#0xC1A0
7996:  93C2 03BC       TST.B	&0x03BC
799A:  2424            JZ	0x79E4
799C:  425F 03BD       MOV.B	&0x03BD, R15
79A0:  5F0F            RLA	R15
79A2:  5F0F            RLA	R15
79A4:  4F1E 04E2       MOV	1250(R15), R14
79A8:  4F1D 04E0       MOV	1248(R15), R13
79AC:  12B0 D4C4       CALL	#0xD4C4
79B0:  8F1E 04E2       SUB	1250(R15), R14
79B4:  7F1D 04E0       SUBC	1248(R15), R13
79B8:  3FCC            JMP	0x7952

loc_79BA:			; переходы из 0x7914
79BA:  83D2 03BC       DEC.B	&0x03BC
79BE:  12B0 D4C4       CALL	#0xD4C4
79C2:  425F 03BD       MOV.B	&0x03BD, R15
79C6:  5F0F            RLA	R15
79C8:  5F0F            RLA	R15
79CA:  4F1E 04E2       MOV	1250(R15), R14
79CE:  4F1D 04E0       MOV	1248(R15), R13
79D2:  53D2 03BC       INC.B	&0x03BC
79D6:  12B0 D4C4       CALL	#0xD4C4
79DA:  8F1E 04E2       SUB	1250(R15), R14
79DE:  7F1D 04E0       SUBC	1248(R15), R13
79E2:  3FB7            JMP	0x7952

loc_79E4:			; переходы из 0x797E, 0x7988, 0x7990, 0x799A
79E4:  425F 03BD       MOV.B	&0x03BD, R15
79E8:  5F0F            RLA	R15
79EA:  5F0F            RLA	R15
79EC:  4F92 04E0 03AC  MOV	1248(R15), &0x03AC
79F2:  4F92 04E2 03AE  MOV	1250(R15), &0x03AE
79F8:  3C31            JMP	0x7A5C

loc_79FA:			; переходы из 0x7892
79FA:  425D 03BC       MOV.B	&0x03BC, R13
79FE:  90F2 0007 03BC  CMP.B	#0x0007, &0x03BC
7A04:  2802            JNC	0x7A0A
7A06:  803D 0006       SUB	#0x0006, R13

loc_7A0A:			; переходы из 0x7A04
7A0A:  425E 0505       MOV.B	&0x0505, R14
7A0E:  425F 0506       MOV.B	&0x0506, R15

loc_7A12:			; переходы из 0x7A22, 0x7A34
7A12:  831D            DEC	R13
7A14:  2410            JZ	0x7A36
7A16:  903E 0010       CMP	#0x0010, R14
7A1A:  2002            JNZ	0x7A20
7A1C:  803E 0006       SUB	#0x0006, R14

loc_7A20:			; переходы из 0x7A1A
7A20:  831E            DEC	R14
7A22:  23F7            JNZ	0x7A12
7A24:  403E 0012       MOV	#0x0012, R14
7A28:  B03F 000F       BIT	#0x000F, R15
7A2C:  2002            JNZ	0x7A32
7A2E:  803F 0006       SUB	#0x0006, R15

loc_7A32:			; переходы из 0x7A2C
7A32:  831F            DEC	R15
7A34:  3FEE            JMP	0x7A12

loc_7A36:			; переходы из 0x7A14
7A36:  4382 03AE       CLR	&0x03AE
7A3A:  4FC2 03AE       MOV.B	R15, &0x03AE
7A3E:  430D            CLR	R13
7A40:  110E            RRA	R14
7A42:  100D            RRC	R13
7A44:  110E            RRA	R14
7A46:  100D            RRC	R13
7A48:  110E            RRA	R14
7A4A:  100D            RRC	R13
7A4C:  110E            RRA	R14
7A4E:  100D            RRC	R13
7A50:  5D82 03AE       ADD	R13, &0x03AE
7A54:  4382 03AC       CLR	&0x03AC
7A58:  5E82 03AC       ADD	R14, &0x03AC

loc_7A5C:			; переходы из 0x790C, 0x79F8
7A5C:  413D            POP	R13
7A5E:  413E            POP	R14
7A60:  413F            POP	R15
7A62:  4130            RET

; ============================================================
; Функция sub_7A64 @ 0x7A64   (вызовов: 1)
;   вызывается из: 0x7EC8
; ============================================================
7A64:  120D            PUSH	R13
7A66:  120E            PUSH	R14
7A68:  120F            PUSH	R15
7A6A:  90F2 000C 03CC  CMP.B	#0x000C, &0x03CC
7A70:  2802            JNC	0x7A76
7A72:  43C2 03CC       CLR.B	&0x03CC

loc_7A76:			; переходы из 0x7A70
7A76:  425F 03CC       MOV.B	&0x03CC, R15
7A7A:  5F0F            RLA	R15
7A7C:  5F0F            RLA	R15
7A7E:  5F00            ADD	R15, PC
7A80:  4030 7AB0       BR	#0x7AB0
7A84:  4030 7AB0       BR	#0x7AB0
7A88:  4030 7AB0       BR	#0x7AB0
7A8C:  4030 7ADE       BR	#0x7ADE
7A90:  4030 7ADE       BR	#0x7ADE
7A94:  4030 7ADE       BR	#0x7ADE
7A98:  4030 7B2A       BR	#0x7B2A
7A9C:  4030 7B56       BR	#0x7B56
7AA0:  4030 7B62       BR	#0x7B62
7AA4:  4030 7B9A       BR	#0x7B9A
7AA8:  4030 7BD2       BR	#0x7BD2
7AAC:  4030 7BF8       BR	#0x7BF8

loc_7AB0:			; переходы из 0x7A80
7AB0:  425D 03CC       MOV.B	&0x03CC, R13
7AB4:  425E 03CE       MOV.B	&0x03CE, R14
7AB8:  403F 0390       MOV	#0x0390, R15

loc_7ABC:			; переходы из 0x7AC4
7ABC:  930D            TST	R13
7ABE:  2403            JZ	0x7AC6
7AC0:  522F            ADD	#4, R15
7AC2:  831D            DEC	R13
7AC4:  3FFB            JMP	0x7ABC

loc_7AC6:			; переходы из 0x7ABE, 0x7AD0
7AC6:  930E            TST	R14
7AC8:  2404            JZ	0x7AD2
7ACA:  503F 0010       ADD	#0x0010, R15
7ACE:  831E            DEC	R14
7AD0:  3FFA            JMP	0x7AC6

loc_7AD2:			; переходы из 0x7AC8
7AD2:  4FA2 03AC       MOV	@R15, &0x03AC
7AD6:  4F92 0002 03AE  MOV	2(R15), &0x03AE
7ADC:  3CF1            JMP	0x7CC0
7ADE:  425E 03CE       MOV.B	&0x03CE, R14
7AE2:  92E2 03CC       CMP.B	#4, &0x03CC
7AE6:  2C03            JC	0x7AEE
7AE8:  403F 0360       MOV	#0x0360, R15
7AEC:  3C09            JMP	0x7B00
7AEE:  90F2 0005 03CC  CMP.B	#0x0005, &0x03CC
7AF4:  2C03            JC	0x7AFC
7AF6:  403F 036A       MOV	#0x036A, R15
7AFA:  3C02            JMP	0x7B00
7AFC:  403F 0362       MOV	#0x0362, R15
7B00:  932E            CMP	#2, R14
7B02:  2804            JNC	0x7B0C
7B04:  503F 0010       ADD	#0x0010, R15
7B08:  831E            DEC	R14
7B0A:  3FFA            JMP	0x7B00
7B0C:  90F2 0005 03CC  CMP.B	#0x0005, &0x03CC
7B12:  2405            JZ	0x7B1E
7B14:  4382 03AC       CLR	&0x03AC
7B18:  4FA2 03AE       MOV	@R15, &0x03AE
7B1C:  3CD1            JMP	0x7CC0
7B1E:  4FA2 03AC       MOV	@R15, &0x03AC
7B22:  4F92 0002 03AE  MOV	2(R15), &0x03AE
7B28:  3CCB            JMP	0x7CC0
7B2A:  425E 03CE       MOV.B	&0x03CE, R14
7B2E:  403F 0390       MOV	#0x0390, R15
7B32:  930E            TST	R14
7B34:  2404            JZ	0x7B3E
7B36:  503F 0010       ADD	#0x0010, R15
7B3A:  831E            DEC	R14
7B3C:  3FFA            JMP	0x7B32
7B3E:  12B0 58B4       CALL	#0x58B4
7B42:  4292 030A 0366  MOV	&0x030A, &0x0366
7B48:  4292 0308 03AC  MOV	&0x0308, &0x03AC
7B4E:  4292 030A 03AE  MOV	&0x030A, &0x03AE
7B54:  3CB5            JMP	0x7CC0
7B56:  4382 03AC       CLR	&0x03AC
7B5A:  4292 0368 03AE  MOV	&0x0368, &0x03AE
7B60:  3CAF            JMP	0x7CC0
7B62:  4382 03AE       CLR	&0x03AE
7B66:  42D2 0500 03AE  MOV.B	&0x0500, &0x03AE
7B6C:  425F 0501       MOV.B	&0x0501, R15
7B70:  430E            CLR	R14
7B72:  110F            RRA	R15
7B74:  100E            RRC	R14
7B76:  110F            RRA	R15
7B78:  100E            RRC	R14
7B7A:  110F            RRA	R15
7B7C:  100E            RRC	R14
7B7E:  110F            RRA	R15
7B80:  100E            RRC	R14
7B82:  5E82 03AE       ADD	R14, &0x03AE
7B86:  4382 03AC       CLR	&0x03AC
7B8A:  42D2 0502 03AC  MOV.B	&0x0502, &0x03AC
7B90:  1092 03AC       SWPB	&0x03AC
7B94:  5F82 03AC       ADD	R15, &0x03AC
7B98:  3C93            JMP	0x7CC0
7B9A:  4382 03AE       CLR	&0x03AE
7B9E:  42D2 0506 03AE  MOV.B	&0x0506, &0x03AE
7BA4:  425F 0505       MOV.B	&0x0505, R15
7BA8:  430E            CLR	R14
7BAA:  110F            RRA	R15
7BAC:  100E            RRC	R14
7BAE:  110F            RRA	R15
7BB0:  100E            RRC	R14
7BB2:  110F            RRA	R15
7BB4:  100E            RRC	R14
7BB6:  110F            RRA	R15
7BB8:  100E            RRC	R14
7BBA:  5E82 03AE       ADD	R14, &0x03AE
7BBE:  4382 03AC       CLR	&0x03AC
7BC2:  42D2 0504 03AC  MOV.B	&0x0504, &0x03AC
7BC8:  1092 03AC       SWPB	&0x03AC
7BCC:  5F82 03AC       ADD	R15, &0x03AC
7BD0:  3C77            JMP	0x7CC0
7BD2:  93C2 03CE       TST.B	&0x03CE
7BD6:  2009            JNZ	0x7BEA
7BD8:  4292 0650 03AE  MOV	&0x0650, &0x03AE
7BDE:  F0B2 0FFF 03AE  AND	#0x0FFF, &0x03AE
7BE4:  4382 03AC       CLR	&0x03AC
7BE8:  3C6B            JMP	0x7CC0
7BEA:  4292 08B0 03AE  MOV	&0x08B0, &0x03AE
7BF0:  4292 08B2 03AC  MOV	&0x08B2, &0x03AC
7BF6:  3C64            JMP	0x7CC0
7BF8:  425E 03CE       MOV.B	&0x03CE, R14
7BFC:  5E0E            RLA	R14
7BFE:  4E92 8078 04A8  MOV	-32648(R14), &0x04A8
7C04:  D0F2 0003 04AC  BIS.B	#0x0003, &0x04AC
7C0A:  43E2 04AB       MOV.B	#2, &0x04AB
7C0E:  40B2 04E0 04AE  MOV	#0x04E0, &0x04AE
7C14:  12B0 C3A2       CALL	#0xC3A2
7C18:  B0F2 000C 04AC  BIT.B	#0x000C, &0x04AC
7C1E:  204C            JNZ	0x7CB8
7C20:  4292 04E0 04A8  MOV	&0x04E0, &0x04A8
7C26:  D0F2 0003 04AC  BIS.B	#0x0003, &0x04AC
7C2C:  40F2 000C 04AB  MOV.B	#0x000C, &0x04AB
7C32:  40B2 04E0 04AE  MOV	#0x04E0, &0x04AE
7C38:  12B0 C3A2       CALL	#0xC3A2
7C3C:  B0F2 000C 04AC  BIT.B	#0x000C, &0x04AC
7C42:  203A            JNZ	0x7CB8
7C44:  93C2 03CE       TST.B	&0x03CE
7C48:  201B            JNZ	0x7C80
7C4A:  403E 0620       MOV	#0x0620, R14
7C4E:  3C00            JMP	0x7C50
7C50:  403F F0F0       MOV	#0xF0F0, R15
7C54:  C232            DINT
7C56:  4303            CLR	CG
7C58:  EE2F            XOR	@R14, R15
7C5A:  EE1F 0002       XOR	2(R14), R15
7C5E:  EE1F 0004       XOR	4(R14), R15
7C62:  D232            EINT
7C64:  9E1F 0006       CMP	6(R14), R15
7C68:  2027            JNZ	0x7CB8
7C6A:  C232            DINT
7C6C:  4303            CLR	CG
7C6E:  4EA2 04E0       MOV	@R14, &0x04E0
7C72:  4E92 0002 04E2  MOV	2(R14), &0x04E2
7C78:  4E92 0004 04E4  MOV	4(R14), &0x04E4
7C7E:  D232            EINT
7C80:  93E2 03CE       CMP.B	#2, &0x03CE
7C84:  240D            JZ	0x7CA0
7C86:  42D2 04E4 03AC  MOV.B	&0x04E4, &0x03AC
7C8C:  42D2 04E3 03AD  MOV.B	&0x04E3, &0x03AD
7C92:  42D2 04E2 03AE  MOV.B	&0x04E2, &0x03AE
7C98:  42D2 04E5 03AF  MOV.B	&0x04E5, &0x03AF
7C9E:  3C10            JMP	0x7CC0
7CA0:  43C2 03AE       CLR.B	&0x03AE
7CA4:  42D2 04E2 03AF  MOV.B	&0x04E2, &0x03AF
7CAA:  42D2 04E1 03AC  MOV.B	&0x04E1, &0x03AC
7CB0:  42D2 04E0 03AD  MOV.B	&0x04E0, &0x03AD
7CB6:  3C04            JMP	0x7CC0
7CB8:  4382 03AC       CLR	&0x03AC
7CBC:  4382 03AE       CLR	&0x03AE

loc_7CC0:			; переходы из 0x7ADC
7CC0:  413F            POP	R15
7CC2:  413E            POP	R14
7CC4:  413D            POP	R13
7CC6:  4130            RET

; ============================================================
; Функция sub_7CC8 @ 0x7CC8   (вызовов: 1)
;   вызывается из: 0x7388
; ============================================================
7CC8:  120F            PUSH	R15
7CCA:  120E            PUSH	R14
7CCC:  120D            PUSH	R13
7CCE:  403D 04C8       MOV	#0x04C8, R13

loc_7CD2:			; переходы из 0x7D10
7CD2:  B3D2 04FC       BIT.B	#1, &0x04FC
7CD6:  2412            JZ	0x7CFC
7CD8:  B0B2 0400 04F4  BIT	#0x0400, &0x04F4
7CDE:  2C07            JC	0x7CEE
7CE0:  F0BD 0101 0000  AND	#0x0101, 0(R13)
7CE6:  F0BD 0101 0002  AND	#0x0101, 2(R13)
7CEC:  3C0A            JMP	0x7D02

loc_7CEE:			; переходы из 0x7CDE
7CEE:  F0BD 2121 0000  AND	#0x2121, 0(R13)
7CF4:  F0BD 2121 0002  AND	#0x2121, 2(R13)
7CFA:  3C03            JMP	0x7D02

loc_7CFC:			; переходы из 0x7CD6
7CFC:  93CD 0000       TST.B	0(R13)
7D00:  2002            JNZ	0x7D06

loc_7D02:			; переходы из 0x7CEC, 0x7CFA
7D02:  D3DD 0000       BIS.B	#1, 0(R13)

loc_7D06:			; переходы из 0x7D00
7D06:  903D 04CC       CMP	#0x04CC, R13
7D0A:  2403            JZ	0x7D12
7D0C:  403D 04CC       MOV	#0x04CC, R13
7D10:  3FE0            JMP	0x7CD2

loc_7D12:			; переходы из 0x7D0A
7D12:  B0F2 0040 039F  BIT.B	#0x0040, &0x039F
7D18:  2406            JZ	0x7D26
7D1A:  425D 083C       MOV.B	&0x083C, R13
7D1E:  903D 0003       CMP	#0x0003, R13
7D22:  280A            JNC	0x7D38
7D24:  3C08            JMP	0x7D36

loc_7D26:			; переходы из 0x7D18
7D26:  B3D2 039F       BIT.B	#1, &0x039F
7D2A:  2406            JZ	0x7D38
7D2C:  425D 083D       MOV.B	&0x083D, R13
7D30:  903D 000C       CMP	#0x000C, R13
7D34:  2801            JNC	0x7D38

loc_7D36:			; переходы из 0x7D24
7D36:  430D            CLR	R13

loc_7D38:			; переходы из 0x7D22, 0x7D2A, 0x7D34, 0x7D3E
7D38:  3C03            JMP	0x7D40

loc_7D3A:			; переходы из 0x7DC6, 0x7EB8
7D3A:  12B0 7EE0       CALL	#0x7EE0
7D3E:  3FFC            JMP	0x7D38

loc_7D40:			; переходы из 0x7D38
7D40:  B3D2 039F       BIT.B	#1, &0x039F
7D44:  2C95            JC	0x7E70
7D46:  B2E2 039F       BIT.B	#4, &0x039F
7D4A:  2451            JZ	0x7DEE

loc_7D4C:			; переходы из 0x7E36
7D4C:  B0F2 0010 039F  BIT.B	#0x0010, &0x039F
7D52:  2404            JZ	0x7D5C
7D54:  C0F2 0010 039F  BIC.B	#0x0010, &0x039F
7D5A:  3C7E            JMP	0x7E58

loc_7D5C:			; переходы из 0x7D52
7D5C:  53D2 03BE       INC.B	&0x03BE
7D60:  B0B2 4000 04F4  BIT	#0x4000, &0x04F4
7D66:  2C02            JC	0x7D6C
7D68:  422E            MOV	#4, R14
7D6A:  3C01            JMP	0x7D6E

loc_7D6C:			; переходы из 0x7D66
7D6C:  432E            MOV	#2, R14

loc_7D6E:			; переходы из 0x7D6A
7D6E:  B0B2 0400 04F4  BIT	#0x0400, &0x04F4
7D74:  240D            JZ	0x7D90
7D76:  93D2 03BC       CMP.B	#1, &0x03BC
7D7A:  280F            JNC	0x7D9A
7D7C:  90F2 0005 03BC  CMP.B	#0x0005, &0x03BC
7D82:  2C0B            JC	0x7D9A
7D84:  E3D2 07F8       XOR.B	#1, &0x07F8
7D88:  B3D2 07F8       BIT.B	#1, &0x07F8
7D8C:  2C65            JC	0x7E58
7D8E:  3C09            JMP	0x7DA2

loc_7D90:			; переходы из 0x7D74
7D90:  90F2 0005 03BE  CMP.B	#0x0005, &0x03BE
7D96:  282B            JNC	0x7DEE
7D98:  3C04            JMP	0x7DA2

loc_7D9A:			; переходы из 0x7D7A, 0x7D82
7D9A:  90F2 0006 03BE  CMP.B	#0x0006, &0x03BE
7DA0:  2826            JNC	0x7DEE

loc_7DA2:			; переходы из 0x7D8E, 0x7D98
7DA2:  43C2 03BE       CLR.B	&0x03BE
7DA6:  53D2 03BD       INC.B	&0x03BD
7DAA:  B0B2 8000 04F4  BIT	#0x8000, &0x04F4
7DB0:  2402            JZ	0x7DB6
7DB2:  53D2 03BD       INC.B	&0x03BD

loc_7DB6:			; переходы из 0x7DB0
7DB6:  9EC2 03BD       CMP.B	R14, &0x03BD
7DBA:  2819            JNC	0x7DEE
7DBC:  43C2 03BD       CLR.B	&0x03BD
7DC0:  B0F2 0040 039F  BIT.B	#0x0040, &0x039F
7DC6:  2FB9            JC	0x7D3A
7DC8:  93C2 03BC       TST.B	&0x03BC
7DCC:  2410            JZ	0x7DEE
7DCE:  90F2 0005 03BC  CMP.B	#0x0005, &0x03BC
7DD4:  240C            JZ	0x7DEE
7DD6:  90F2 0006 03BC  CMP.B	#0x0006, &0x03BC
7DDC:  2408            JZ	0x7DEE
7DDE:  90F2 0013 03BC  CMP.B	#0x0013, &0x03BC
7DE4:  2C04            JC	0x7DEE
7DE6:  D0F2 0010 039F  BIS.B	#0x0010, &0x039F
7DEC:  3C35            JMP	0x7E58

loc_7DEE:			; переходы из 0x7D4A, 0x7D96, 0x7DA0, 0x7DBA, 0x7DCC, 0x7DD4, 0x7DDC, 0x7DE4
7DEE:  93C2 03BC       TST.B	&0x03BC
7DF2:  2408            JZ	0x7E04
7DF4:  90F2 0005 03BC  CMP.B	#0x0005, &0x03BC
7DFA:  2C04            JC	0x7E04
7DFC:  B2E2 039F       BIT.B	#4, &0x039F
7E00:  2C2B            JC	0x7E58
7E02:  3C31            JMP	0x7E66

loc_7E04:			; переходы из 0x7DF2, 0x7DFA
7E04:  431E            MOV	#1, R14
7E06:  425F 03BE       MOV.B	&0x03BE, R15

loc_7E0A:			; переходы из 0x7E12
7E0A:  930F            TST	R15
7E0C:  2403            JZ	0x7E14
7E0E:  5E0E            RLA	R14
7E10:  831F            DEC	R15
7E12:  3FFB            JMP	0x7E0A

loc_7E14:			; переходы из 0x7E0C
7E14:  425F 03BD       MOV.B	&0x03BD, R15
7E18:  926F            CMP.B	#4, R15
7E1A:  2001            JNZ	0x7E1E
7E1C:  430F            CLR	R15

loc_7E1E:			; переходы из 0x7E1A
7E1E:  110F            RRA	R15
7E20:  5F0F            RLA	R15
7E22:  503F 04C8       ADD	#0x04C8, R15
7E26:  B0F2 0040 039F  BIT.B	#0x0040, &0x039F
7E2C:  2C01            JC	0x7E30
7E2E:  522F            ADD	#4, R15

loc_7E30:			; переходы из 0x7E2C
7E30:  4F6F            MOV.B	@R15, R15
7E32:  BE0F            BIT	R14, R15
7E34:  2C01            JC	0x7E38
7E36:  3F8A            JMP	0x7D4C

loc_7E38:			; переходы из 0x7E34
7E38:  B2E2 039F       BIT.B	#4, &0x039F
7E3C:  2416            JZ	0x7E6A
7E3E:  B3D2 04FC       BIT.B	#1, &0x04FC
7E42:  2C0E            JC	0x7E60
7E44:  425E 03BE       MOV.B	&0x03BE, R14
7E48:  5E0E            RLA	R14
7E4A:  832E            DECD	R14
7E4C:  425F 04FC       MOV.B	&0x04FC, R15
7E50:  F03F 000E       AND	#0x000E, R15
7E54:  9F0E            CMP	R15, R14
7E56:  2404            JZ	0x7E60

loc_7E58:			; переходы из 0x7D5A, 0x7D8C, 0x7DEC, 0x7E00
7E58:  42D2 0422 02A0  MOV.B	&0x0422, &0x02A0
7E5E:  3C03            JMP	0x7E66

loc_7E60:			; переходы из 0x7E42, 0x7E56
7E60:  42D2 0421 02A0  MOV.B	&0x0421, &0x02A0

loc_7E66:			; переходы из 0x7E02, 0x7E5E
7E66:  C2E2 039F       BIC.B	#4, &0x039F

loc_7E6A:			; переходы из 0x7E3C
7E6A:  12B0 7884       CALL	#0x7884
7E6E:  3C2E            JMP	0x7ECC

loc_7E70:			; переходы из 0x7D44
7E70:  B0F2 0040 039F  BIT.B	#0x0040, &0x039F
7E76:  2C03            JC	0x7E7E
7E78:  4DC2 03CC       MOV.B	R13, &0x03CC
7E7C:  3C03            JMP	0x7E84

loc_7E7E:			; переходы из 0x7E76
7E7E:  4DD2 8074 03CC  MOV.B	-32652(R13), &0x03CC

loc_7E84:			; переходы из 0x7E7C
7E84:  B2E2 039F       BIT.B	#4, &0x039F
7E88:  241F            JZ	0x7EC8
7E8A:  53D2 03CE       INC.B	&0x03CE
7E8E:  90F2 000A 03CC  CMP.B	#0x000A, &0x03CC
7E94:  2407            JZ	0x7EA4
7E96:  90F2 000B 03CC  CMP.B	#0x000B, &0x03CC
7E9C:  2005            JNZ	0x7EA8
7E9E:  93D2 03CE       CMP.B	#1, &0x03CE
7EA2:  2002            JNZ	0x7EA8

loc_7EA4:			; переходы из 0x7E94
7EA4:  53D2 03CE       INC.B	&0x03CE

loc_7EA8:			; переходы из 0x7E9C, 0x7EA2
7EA8:  92E2 03CE       CMP.B	#4, &0x03CE
7EAC:  2808            JNC	0x7EBE
7EAE:  43C2 03CE       CLR.B	&0x03CE
7EB2:  B0F2 0040 039F  BIT.B	#0x0040, &0x039F
7EB8:  2F40            JC	0x7D3A
7EBA:  12B0 8036       CALL	#0x8036

loc_7EBE:			; переходы из 0x7EAC
7EBE:  42D2 0422 02A0  MOV.B	&0x0422, &0x02A0
7EC4:  C2E2 039F       BIC.B	#4, &0x039F

loc_7EC8:			; переходы из 0x7E88
7EC8:  12B0 7A64       CALL	#0x7A64

loc_7ECC:			; переходы из 0x7E6E
7ECC:  B0F2 0040 039F  BIT.B	#0x0040, &0x039F
7ED2:  2402            JZ	0x7ED8
7ED4:  4DC2 083C       MOV.B	R13, &0x083C

loc_7ED8:			; переходы из 0x7ED2
7ED8:  413D            POP	R13
7EDA:  413E            POP	R14
7EDC:  413F            POP	R15
7EDE:  4130            RET

; ============================================================
; Функция sub_7EE0 @ 0x7EE0   (вызовов: 3)
;   вызывается из: 0x7D3A, 0xE4E8, 0xE514
; ============================================================
7EE0:  120F            PUSH	R15
7EE2:  120E            PUSH	R14
7EE4:  C2E2 039F       BIC.B	#4, &0x039F
7EE8:  B0F2 0040 039F  BIT.B	#0x0040, &0x039F
7EEE:  2C04            JC	0x7EF8
7EF0:  B3D2 039F       BIT.B	#1, &0x039F
7EF4:  2417            JZ	0x7F24
7EF6:  3C79            JMP	0x7FEA

loc_7EF8:			; переходы из 0x7EEE
7EF8:  B0B2 4000 04F6  BIT	#0x4000, &0x04F6
7EFE:  2C06            JC	0x7F0C
7F00:  B0B2 0400 04F4  BIT	#0x0400, &0x04F4
7F06:  2C02            JC	0x7F0C
7F08:  432D            MOV	#2, R13
7F0A:  3C08            JMP	0x7F1C

loc_7F0C:			; переходы из 0x7EFE, 0x7F06
7F0C:  531D            INC	R13
7F0E:  903D 0003       CMP	#0x0003, R13
7F12:  2801            JNC	0x7F16
7F14:  430D            CLR	R13

loc_7F16:			; переходы из 0x7F12
7F16:  93CD 8070       TST.B	-32656(R13)
7F1A:  2061            JNZ	0x7FDE

loc_7F1C:			; переходы из 0x7F0A
7F1C:  4DD2 8074 03BC  MOV.B	-32652(R13), &0x03BC
7F22:  3C0B            JMP	0x7F3A

loc_7F24:			; переходы из 0x7EF4
7F24:  53D2 03BC       INC.B	&0x03BC
7F28:  93D2 03BC       CMP.B	#1, &0x03BC
7F2C:  2006            JNZ	0x7F3A
7F2E:  B0B2 2000 04F4  BIT	#0x2000, &0x04F4
7F34:  2C02            JC	0x7F3A
7F36:  52E2 03BC       ADD.B	#4, &0x03BC

loc_7F3A:			; переходы из 0x7F22, 0x7F2C, 0x7F34
7F3A:  90F2 0015 03BC  CMP.B	#0x0015, &0x03BC
7F40:  2803            JNC	0x7F48
7F42:  43C2 03BC       CLR.B	&0x03BC
7F46:  3C17            JMP	0x7F76

loc_7F48:			; переходы из 0x7F40
7F48:  93C2 03BC       TST.B	&0x03BC
7F4C:  2414            JZ	0x7F76
7F4E:  90F2 0005 03BC  CMP.B	#0x0005, &0x03BC
7F54:  2410            JZ	0x7F76
7F56:  90F2 0006 03BC  CMP.B	#0x0006, &0x03BC
7F5C:  240C            JZ	0x7F76
7F5E:  90F2 0013 03BC  CMP.B	#0x0013, &0x03BC
7F64:  2C08            JC	0x7F76
7F66:  B0F2 0040 039F  BIT.B	#0x0040, &0x039F
7F6C:  2C04            JC	0x7F76
7F6E:  D0F2 0010 039F  BIS.B	#0x0010, &0x039F
7F74:  3C03            JMP	0x7F7C

loc_7F76:			; переходы из 0x7F46, 0x7F4C, 0x7F54, 0x7F5C, 0x7F64, 0x7F6C
7F76:  C0F2 0010 039F  BIC.B	#0x0010, &0x039F

loc_7F7C:			; переходы из 0x7F74
7F7C:  93E2 03BC       CMP.B	#2, &0x03BC
7F80:  2810            JNC	0x7FA2
7F82:  90F2 0005 03BC  CMP.B	#0x0005, &0x03BC
7F88:  240C            JZ	0x7FA2
7F8A:  90F2 0007 03BC  CMP.B	#0x0007, &0x03BC
7F90:  2408            JZ	0x7FA2
7F92:  90F2 0013 03BC  CMP.B	#0x0013, &0x03BC
7F98:  2404            JZ	0x7FA2
7F9A:  D0F2 0020 039F  BIS.B	#0x0020, &0x039F
7FA0:  3C03            JMP	0x7FA8

loc_7FA2:			; переходы из 0x7F80, 0x7F88, 0x7F90, 0x7F98
7FA2:  C0F2 0020 039F  BIC.B	#0x0020, &0x039F

loc_7FA8:			; переходы из 0x7FA0
7FA8:  C3D2 039F       BIC.B	#1, &0x039F
7FAC:  43C2 03BD       CLR.B	&0x03BD
7FB0:  43C2 03BE       CLR.B	&0x03BE
7FB4:  B3D2 04FC       BIT.B	#1, &0x04FC
7FB8:  2C0E            JC	0x7FD6
7FBA:  425E 03BE       MOV.B	&0x03BE, R14
7FBE:  5E0E            RLA	R14
7FC0:  832E            DECD	R14
7FC2:  425F 04FC       MOV.B	&0x04FC, R15
7FC6:  F03F 000E       AND	#0x000E, R15
7FCA:  9F0E            CMP	R15, R14
7FCC:  2404            JZ	0x7FD6
7FCE:  42D2 0422 02A0  MOV.B	&0x0422, &0x02A0
7FD4:  3C2D            JMP	0x8030

loc_7FD6:			; переходы из 0x7FB8, 0x7FCC
7FD6:  42D2 0421 02A0  MOV.B	&0x0421, &0x02A0
7FDC:  3C29            JMP	0x8030

loc_7FDE:			; переходы из 0x7F1A
7FDE:  4DD2 8074 03CC  MOV.B	-32652(R13), &0x03CC
7FE4:  D3D2 039F       BIS.B	#1, &0x039F
7FE8:  3C1E            JMP	0x8026

loc_7FEA:			; переходы из 0x7EF6
7FEA:  531D            INC	R13
7FEC:  B0B2 4000 04F6  BIT	#0x4000, &0x04F6
7FF2:  2C04            JC	0x7FFC
7FF4:  903D 000A       CMP	#0x000A, R13
7FF8:  2001            JNZ	0x7FFC
7FFA:  531D            INC	R13

loc_7FFC:			; переходы из 0x7FF2, 0x7FF8
7FFC:  B0B2 0400 04F4  BIT	#0x0400, &0x04F4
8002:  2C0B            JC	0x801A
8004:  B0B2 4000 04F6  BIT	#0x4000, &0x04F6
800A:  2C03            JC	0x8012
800C:  923D            CMP	#8, R13
800E:  2809            JNC	0x8022
8010:  3C07            JMP	0x8020

loc_8012:			; переходы из 0x800A
8012:  903D 000B       CMP	#0x000B, R13
8016:  2805            JNC	0x8022
8018:  3C03            JMP	0x8020

loc_801A:			; переходы из 0x8002
801A:  907D 000C       CMP.B	#0x000C, R13
801E:  2801            JNC	0x8022

loc_8020:			; переходы из 0x8010, 0x8018
8020:  430D            CLR	R13

loc_8022:			; переходы из 0x800E, 0x8016, 0x801E
8022:  4DC2 03CC       MOV.B	R13, &0x03CC

loc_8026:			; переходы из 0x7FE8
8026:  12B0 8036       CALL	#0x8036
802A:  42D2 0422 02A0  MOV.B	&0x0422, &0x02A0

loc_8030:			; переходы из 0x7FD4, 0x7FDC
8030:  413E            POP	R14
8032:  413F            POP	R15
8034:  4130            RET

; ============================================================
; Функция sub_8036 @ 0x8036   (вызовов: 2)
;   вызывается из: 0x7EBA, 0x8026
; ============================================================
8036:  40F2 0003 03CE  MOV.B	#0x0003, &0x03CE
803C:  90F2 0003 03CC  CMP.B	#0x0003, &0x03CC
8042:  2813            JNC	0x806A
8044:  90F2 0006 03CC  CMP.B	#0x0006, &0x03CC
804A:  240F            JZ	0x806A
804C:  90F2 000A 03CC  CMP.B	#0x000A, &0x03CC
8052:  240B            JZ	0x806A
8054:  90F2 000B 03CC  CMP.B	#0x000B, &0x03CC
805A:  2407            JZ	0x806A
805C:  90F2 0007 03CC  CMP.B	#0x0007, &0x03CC
8062:  2C05            JC	0x806E
8064:  43D2 03CE       MOV.B	#1, &0x03CE
8068:  3C02            JMP	0x806E

loc_806A:			; переходы из 0x8042, 0x804A, 0x8052, 0x805A
806A:  43C2 03CE       CLR.B	&0x03CE

loc_806E:			; переходы из 0x8062, 0x8068
806E:  4130            RET
8070:  .word 0101 0000 0908 0100 00AF 1CFC 00F9 00FC  |................|

; ============================================================
; Функция sub_8080 @ 0x8080   (вызовов: 2)
;   вызывается из: 0xBDA2, 0xBDAC
; ============================================================
8080:  120F            PUSH	R15
8082:  120E            PUSH	R14
8084:  120D            PUSH	R13
8086:  403E 0003       MOV	#0x0003, R14

loc_808A:			; переходы из 0x80DE
808A:  421F 04A2       MOV	&0x04A2, R15
808E:  40B2 A54E 012A  MOV	#0xA54E, &FCTL2

loc_8094:			; переходы из 0x8098
8094:  B392 012C       BIT	#1, &FCTL3
8098:  23FD            JNZ	0x8094
809A:  40B2 5A88 0120  MOV	#0x5A88, &WDTCTL
80A0:  C232            DINT
80A2:  4303            CLR	CG
80A4:  40B2 A500 012C  MOV	#0xA500, &FCTL3
80AA:  40B2 A502 0128  MOV	#0xA502, &FCTL1
80B0:  438F 0000       CLR	0(R15)

loc_80B4:			; переходы из 0x80B8
80B4:  B392 012C       BIT	#1, &FCTL3
80B8:  23FD            JNZ	0x80B4
80BA:  40B2 A500 0128  MOV	#0xA500, &FCTL1
80C0:  E0B2 3310 012C  XOR	#0x3310, &FCTL3
80C6:  D232            EINT
80C8:  403D 0020       MOV	#0x0020, R13

loc_80CC:			; переходы из 0x80D8
80CC:  93BF 0000       CMP	#-1, 0(R15)
80D0:  2401            JZ	0x80D4
80D2:  3C04            JMP	0x80DC

loc_80D4:			; переходы из 0x80D0
80D4:  532F            INCD	R15
80D6:  831D            DEC	R13
80D8:  23F9            JNZ	0x80CC
80DA:  3C05            JMP	0x80E6

loc_80DC:			; переходы из 0x80D2
80DC:  831E            DEC	R14
80DE:  23D5            JNZ	0x808A
80E0:  D0B2 0010 04F2  BIS	#0x0010, &0x04F2

loc_80E6:			; переходы из 0x80DA
80E6:  413D            POP	R13
80E8:  413E            POP	R14
80EA:  413F            POP	R15
80EC:  4130            RET

; ============================================================
; Функция sub_80EE @ 0x80EE   (вызовов: 2)
;   вызывается из: 0xBDCC, 0xBDDC
; ============================================================
80EE:  120F            PUSH	R15
80F0:  120E            PUSH	R14
80F2:  403E 0003       MOV	#0x0003, R14

loc_80F6:			; переходы из 0x8140
80F6:  421F 04A2       MOV	&0x04A2, R15
80FA:  40B2 A54E 012A  MOV	#0xA54E, &FCTL2

loc_8100:			; переходы из 0x8104
8100:  B392 012C       BIT	#1, &FCTL3
8104:  23FD            JNZ	0x8100
8106:  40B2 5A88 0120  MOV	#0x5A88, &WDTCTL
810C:  C232            DINT
810E:  4303            CLR	CG
8110:  40B2 A500 012C  MOV	#0xA500, &FCTL3
8116:  40B2 A540 0128  MOV	#0xA540, &FCTL1
811C:  429F 04A0 0000  MOV	&0x04A0, 0(R15)

loc_8122:			; переходы из 0x8126
8122:  B392 012C       BIT	#1, &FCTL3
8126:  23FD            JNZ	0x8122
8128:  40B2 A500 0128  MOV	#0xA500, &FCTL1
812E:  E0B2 3310 012C  XOR	#0x3310, &FCTL3
8134:  D232            EINT
8136:  929F 04A0 0000  CMP	&0x04A0, 0(R15)
813C:  2405            JZ	0x8148
813E:  831E            DEC	R14
8140:  23DA            JNZ	0x80F6
8142:  D0B2 0010 04F2  BIS	#0x0010, &0x04F2

loc_8148:			; переходы из 0x813C
8148:  413E            POP	R14
814A:  413F            POP	R15
814C:  4130            RET

; ============================================================
; Функция sub_814E @ 0x814E   (вызовов: 1)
;   вызывается из: 0x14DC
; ============================================================
814E:  120F            PUSH	R15
8150:  120D            PUSH	R13
8152:  120C            PUSH	R12
8154:  120A            PUSH	R10
8156:  C0B2 0200 04F2  BIC	#0x0200, &0x04F2
815C:  423D            MOV	#8, R13
815E:  403F 1000       MOV	#0x1000, R15
8162:  403C 0330       MOV	#0x0330, R12
8166:  12B0 81FC       CALL	#0x81FC
816A:  930A            TST	R10
816C:  2403            JZ	0x8174
816E:  D0B2 0200 04F2  BIS	#0x0200, &0x04F2

loc_8174:			; переходы из 0x816C
8174:  423D            MOV	#8, R13
8176:  403F 1014       MOV	#0x1014, R15
817A:  403C 0340       MOV	#0x0340, R12
817E:  12B0 81FC       CALL	#0x81FC
8182:  930A            TST	R10
8184:  2403            JZ	0x818C
8186:  D0B2 0200 04F2  BIS	#0x0200, &0x04F2

loc_818C:			; переходы из 0x8184
818C:  423D            MOV	#8, R13
818E:  403F 1028       MOV	#0x1028, R15
8192:  403C 0350       MOV	#0x0350, R12
8196:  12B0 81FC       CALL	#0x81FC
819A:  930A            TST	R10
819C:  2403            JZ	0x81A4
819E:  D0B2 0200 04F2  BIS	#0x0200, &0x04F2

loc_81A4:			; переходы из 0x819C
81A4:  403D 0005       MOV	#0x0005, R13
81A8:  403F 103C       MOV	#0x103C, R15
81AC:  403C 0440       MOV	#0x0440, R12
81B0:  12B0 81FC       CALL	#0x81FC
81B4:  930A            TST	R10
81B6:  2403            JZ	0x81BE
81B8:  D0B2 0200 04F2  BIS	#0x0200, &0x04F2

loc_81BE:			; переходы из 0x81B6
81BE:  403D 0005       MOV	#0x0005, R13
81C2:  403F 104A       MOV	#0x104A, R15
81C6:  403C 0450       MOV	#0x0450, R12
81CA:  12B0 81FC       CALL	#0x81FC
81CE:  930A            TST	R10
81D0:  2403            JZ	0x81D8
81D2:  D0B2 0200 04F2  BIS	#0x0200, &0x04F2

loc_81D8:			; переходы из 0x81D0
81D8:  403D 0006       MOV	#0x0006, R13
81DC:  403F 1058       MOV	#0x1058, R15
81E0:  403C 0460       MOV	#0x0460, R12
81E4:  12B0 81FC       CALL	#0x81FC
81E8:  930A            TST	R10
81EA:  2403            JZ	0x81F2
81EC:  D0B2 0200 04F2  BIS	#0x0200, &0x04F2

loc_81F2:			; переходы из 0x81EA
81F2:  413A            POP	R10
81F4:  413C            POP	R12
81F6:  413D            POP	R13
81F8:  413F            POP	R15
81FA:  4130            RET

; ============================================================
; Функция sub_81FC @ 0x81FC   (вызовов: 9)
;   вызывается из: 0x14EC, 0x150C, 0x8166, 0x817E, 0x8196, 0x81B0, 0x81CA, 0x81E4, 0xF01A
; ============================================================
81FC:  120E            PUSH	R14
81FE:  120B            PUSH	R11
8200:  1209            PUSH	R9
8202:  1208            PUSH	R8
8204:  1207            PUSH	R7
8206:  4F09            MOV	R15, R9
8208:  4D08            MOV	R13, R8
820A:  4C07            MOV	R12, R7
820C:  430A            CLR	R10
820E:  403E 0003       MOV	#0x0003, R14

loc_8212:			; переходы из 0x822E
8212:  490F            MOV	R9, R15
8214:  480D            MOV	R8, R13
8216:  470C            MOV	R7, R12
8218:  403B F0F0       MOV	#0xF0F0, R11

loc_821C:			; переходы из 0x8226
821C:  4FBC 0000       MOV	@R15+, 0(R12)
8220:  EC2B            XOR	@R12, R11
8222:  532C            INCD	R12
8224:  831D            DEC	R13
8226:  23FA            JNZ	0x821C
8228:  9F2B            CMP	@R15, R11
822A:  2403            JZ	0x8232
822C:  831E            DEC	R14
822E:  23F1            JNZ	0x8212
8230:  433A            MOV	#-1, R10

loc_8232:			; переходы из 0x822A
8232:  4137            POP	R7
8234:  4138            POP	R8
8236:  4139            POP	R9
8238:  413B            POP	R11
823A:  413E            POP	R14
823C:  4130            RET

; ============================================================
; Функция sub_823E @ 0x823E   (вызовов: 3)
;   вызывается из: 0x2124, 0x218E, 0x21B6
; ============================================================
823E:  120F            PUSH	R15
8240:  120E            PUSH	R14
8242:  120D            PUSH	R13
8244:  120C            PUSH	R12
8246:  120B            PUSH	R11
8248:  120A            PUSH	R10
824A:  1209            PUSH	R9
824C:  1208            PUSH	R8
824E:  1207            PUSH	R7
8250:  1206            PUSH	R6
8252:  1205            PUSH	R5
8254:  1204            PUSH	R4
8256:  C224            BIC	#4, R4
8258:  4219 06B4       MOV	&0x06B4, R9
825C:  4907            MOV	R9, R7
825E:  4982 06B6       MOV	R9, &0x06B6
8262:  50B2 0003 06B6  ADD	#0x0003, &0x06B6
8268:  9039 04B0       CMP	#0x04B0, R9
826C:  2026            JNZ	0x82BA
826E:  B0F2 0040 04A7  BIT.B	#0x0040, &0x04A7
8274:  2404            JZ	0x827E
8276:  4217 04A4       MOV	&0x04A4, R7
827A:  8037 0003       SUB	#0x0003, R7

loc_827E:			; переходы из 0x8274
827E:  421F 04A4       MOV	&0x04A4, R15
8282:  B0F2 0080 04A7  BIT.B	#0x0080, &0x04A7
8288:  2405            JZ	0x8294
828A:  425F 05AA       MOV.B	&0x05AA, R15
828E:  503F 04B0       ADD	#0x04B0, R15
8292:  4907            MOV	R9, R7

loc_8294:			; переходы из 0x8288
8294:  42D2 04FF 06B3  MOV.B	&0x04FF, &0x06B3
829A:  4035 0590       MOV	#0x0590, R5
829E:  49A5 0000       MOV	@R9, 0(R5)
82A2:  4995 0002 0002  MOV	2(R9), 2(R5)
82A8:  4995 0004 0004  MOV	4(R9), 4(R5)
82AE:  4995 0006 0006  MOV	6(R9), 6(R5)
82B4:  4256 05A7       MOV.B	&0x05A7, R6
82B8:  3C37            JMP	0x8328

loc_82BA:			; переходы из 0x826C
82BA:  9039 0810       CMP	#0x0810, R9
82BE:  2026            JNZ	0x830C
82C0:  B0F2 0040 082B  BIT.B	#0x0040, &0x082B
82C6:  2404            JZ	0x82D0
82C8:  4217 0828       MOV	&0x0828, R7
82CC:  8037 0003       SUB	#0x0003, R7

loc_82D0:			; переходы из 0x82C6
82D0:  421F 0828       MOV	&0x0828, R15
82D4:  B0F2 0080 082B  BIT.B	#0x0080, &0x082B
82DA:  2405            JZ	0x82E6
82DC:  425F 0834       MOV.B	&0x0834, R15
82E0:  503F 0810       ADD	#0x0810, R15
82E4:  4907            MOV	R9, R7

loc_82E6:			; переходы из 0x82DA
82E6:  42D2 0835 06B3  MOV.B	&0x0835, &0x06B3
82EC:  4035 0598       MOV	#0x0598, R5
82F0:  49A5 0000       MOV	@R9, 0(R5)
82F4:  4995 0002 0002  MOV	2(R9), 2(R5)
82FA:  4995 0004 0004  MOV	4(R9), 4(R5)
8300:  4995 0006 0006  MOV	6(R9), 6(R5)
8306:  4256 0833       MOV.B	&0x0833, R6
830A:  3C0E            JMP	0x8328

loc_830C:			; переходы из 0x82BE
830C:  92E9 0001       CMP.B	#4, 1(R9)
8310:  2806            JNC	0x831E
8312:  90F9 0007 0001  CMP.B	#0x0007, 1(R9)
8318:  2402            JZ	0x831E
831A:  4030 B980       BR	#0xB980

loc_831E:			; переходы из 0x8310, 0x8318
831E:  421F 06B0       MOV	&0x06B0, R15
8322:  42D2 06B2 06B3  MOV.B	&0x06B2, &0x06B3

loc_8328:			; переходы из 0x82B8, 0x830A
8328:  B0B2 0100 08B8  BIT	#0x0100, &0x08B8
832E:  2403            JZ	0x8336
8330:  D2E2 06B3       BIS.B	#4, &0x06B3
8334:  3C02            JMP	0x833A

loc_8336:			; переходы из 0x832E
8336:  C2E2 06B3       BIC.B	#4, &0x06B3

loc_833A:			; переходы из 0x8334
833A:  93C9 0000       TST.B	0(R9)
833E:  2422            JZ	0x8384
8340:  92D9 04FE 0000  CMP.B	&0x04FE, 0(R9)
8346:  241E            JZ	0x8384
8348:  90F9 00FE 0000  CMP.B	#0x00FE, 0(R9)
834E:  2019            JNZ	0x8382
8350:  90F9 0003 0001  CMP.B	#0x0003, 1(R9)
8356:  200E            JNZ	0x8374
8358:  B2E2 06B3       BIT.B	#4, &0x06B3
835C:  2C13            JC	0x8384
835E:  92F9 0002       CMP.B	#8, 2(R9)
8362:  2410            JZ	0x8384
8364:  90F9 000C 0002  CMP.B	#0x000C, 2(R9)
836A:  240C            JZ	0x8384
836C:  90F9 000D 0002  CMP.B	#0x000D, 2(R9)
8372:  2408            JZ	0x8384

loc_8374:			; переходы из 0x8356
8374:  90F9 0007 0001  CMP.B	#0x0007, 1(R9)
837A:  2003            JNZ	0x8382
837C:  B2E2 06B3       BIT.B	#4, &0x06B3
8380:  2C01            JC	0x8384

loc_8382:			; переходы из 0x834E, 0x837A
8382:  3D1E            JMP	0x85C0

loc_8384:			; переходы из 0x833E, 0x8346, 0x835C, 0x8362, 0x836A, 0x8372, 0x8380
8384:  4F08            MOV	R15, R8
8386:  8218 06B4       SUB	&0x06B4, R8
838A:  832F            DECD	R15
838C:  9039 04B0       CMP	#0x04B0, R9
8390:  2013            JNZ	0x83B8
8392:  B0F2 0080 04A7  BIT.B	#0x0080, &0x04A7
8398:  2C25            JC	0x83E4
839A:  48C2 05AA       MOV.B	R8, &0x05AA
839E:  12B0 BBF6       CALL	#0xBBF6
83A2:  108D            SWPB	R13
83A4:  9DCE 0000       CMP.B	R13, 0(R14)
83A8:  2401            JZ	0x83AC
83AA:  3D0A            JMP	0x85C0

loc_83AC:			; переходы из 0x83A8
83AC:  108D            SWPB	R13
83AE:  531E            INC	R14
83B0:  9DCE 0000       CMP.B	R13, 0(R14)
83B4:  2417            JZ	0x83E4
83B6:  3D04            JMP	0x85C0

loc_83B8:			; переходы из 0x8390
83B8:  9039 0810       CMP	#0x0810, R9
83BC:  2013            JNZ	0x83E4
83BE:  B0F2 0080 082B  BIT.B	#0x0080, &0x082B
83C4:  2C0F            JC	0x83E4
83C6:  48C2 0834       MOV.B	R8, &0x0834
83CA:  12B0 BBF6       CALL	#0xBBF6
83CE:  108D            SWPB	R13
83D0:  9DCE 0000       CMP.B	R13, 0(R14)
83D4:  2401            JZ	0x83D8
83D6:  3CF4            JMP	0x85C0

loc_83D8:			; переходы из 0x83D4
83D8:  108D            SWPB	R13
83DA:  531E            INC	R14
83DC:  9DCE 0000       CMP.B	R13, 0(R14)
83E0:  2401            JZ	0x83E4
83E2:  3CEE            JMP	0x85C0

loc_83E4:			; переходы из 0x8398, 0x83B4, 0x83BC, 0x83C4, 0x83E0
83E4:  90F9 00FE 0000  CMP.B	#0x00FE, 0(R9)
83EA:  2009            JNZ	0x83FE
83EC:  90F9 0003 0001  CMP.B	#0x0003, 1(R9)
83F2:  2005            JNZ	0x83FE
83F4:  92F9 0002       CMP.B	#8, 2(R9)
83F8:  2002            JNZ	0x83FE
83FA:  4030 8982       BR	#0x8982

loc_83FE:			; переходы из 0x83EA, 0x83F2, 0x83F8
83FE:  9039 0680       CMP	#0x0680, R9
8402:  2418            JZ	0x8434
8404:  B0B2 0100 08B8  BIT	#0x0100, &0x08B8
840A:  2403            JZ	0x8412
840C:  D2E2 06B3       BIS.B	#4, &0x06B3
8410:  3C11            JMP	0x8434

loc_8412:			; переходы из 0x840A
8412:  C2E2 06B3       BIC.B	#4, &0x06B3
8416:  425F 06B3       MOV.B	&0x06B3, R15
841A:  F03F 0003       AND	#0x0003, R15
841E:  240A            JZ	0x8434
8420:  9039 04B0       CMP	#0x04B0, R9
8424:  2004            JNZ	0x842E
8426:  40F2 00F0 02A1  MOV.B	#0x00F0, &0x02A1
842C:  3C03            JMP	0x8434

loc_842E:			; переходы из 0x8424
842E:  40F2 00F0 0838  MOV.B	#0x00F0, &0x0838

loc_8434:			; переходы из 0x8402, 0x8410, 0x841E, 0x842C
8434:  90F9 0009 0001  CMP.B	#0x0009, 1(R9)
843A:  2801            JNC	0x843E
843C:  3CC1            JMP	0x85C0

loc_843E:			; переходы из 0x843A
843E:  49D2 0002 07DF  MOV.B	2(R9), &0x07DF
8444:  F0F2 003F 07DF  AND.B	#0x003F, &0x07DF
844A:  90F9 0003 0001  CMP.B	#0x0003, 1(R9)
8450:  2004            JNZ	0x845A
8452:  D0F2 0040 07DF  BIS.B	#0x0040, &0x07DF
8458:  3C07            JMP	0x8468

loc_845A:			; переходы из 0x8450
845A:  90F9 0007 0001  CMP.B	#0x0007, 1(R9)
8460:  2003            JNZ	0x8468
8462:  D0F2 0080 07DF  BIS.B	#0x0080, &0x07DF

loc_8468:			; переходы из 0x8458, 0x8460
8468:  430F            CLR	R15
846A:  495F 0001       MOV.B	1(R9), R15
846E:  5F0F            RLA	R15
8470:  5F0F            RLA	R15
8472:  5F00            ADD	R15, PC
8474:  4030 8498       BR	#0x8498
8478:  4030 84F4       BR	#0x84F4
847C:  4030 8590       BR	#0x8590
8480:  4030 85B2       BR	#0x85B2
8484:  4030 A0FE       BR	#0xA0FE
8488:  4030 A3B6       BR	#0xA3B6
848C:  4030 A7C6       BR	#0xA7C6
8490:  4030 AAEC       BR	#0xAAEC
8494:  4030 AD98       BR	#0xAD98

loc_8498:			; переходы из 0x8474
8498:  9228            CMP	#4, R8
849A:  2092            JNZ	0x85C0

loc_849C:			; переходы из 0x8B94
849C:  B0B2 0400 04F4  BIT	#0x0400, &0x04F4
84A2:  2424            JZ	0x84EC
84A4:  B0F2 0040 07DF  BIT.B	#0x0040, &0x07DF
84AA:  2C05            JC	0x84B6
84AC:  B0F2 0080 07DF  BIT.B	#0x0080, &0x07DF
84B2:  2C04            JC	0x84BC
84B4:  3C1B            JMP	0x84EC

loc_84B6:			; переходы из 0x84AA
84B6:  403E 07D0       MOV	#0x07D0, R14
84BA:  3C02            JMP	0x84C0

loc_84BC:			; переходы из 0x84B2
84BC:  403E 07D7       MOV	#0x07D7, R14

loc_84C0:			; переходы из 0x84BA
84C0:  425F 07DF       MOV.B	&0x07DF, R15
84C4:  F03F 003F       AND	#0x003F, R15
84C8:  431D            MOV	#1, R13

loc_84CA:			; переходы из 0x84D2
84CA:  923F            CMP	#8, R15
84CC:  2803            JNC	0x84D4
84CE:  531E            INC	R14
84D0:  823F            SUB	#8, R15
84D2:  3FFB            JMP	0x84CA

loc_84D4:			; переходы из 0x84CC, 0x84DC
84D4:  930F            TST	R15
84D6:  2403            JZ	0x84DE
84D8:  831F            DEC	R15
84DA:  5D0D            RLA	R13
84DC:  3FFB            JMP	0x84D4

loc_84DE:			; переходы из 0x84D6
84DE:  DDCE 0000       BIS.B	R13, 0(R14)
84E2:  53D2 07DE       INC.B	&0x07DE
84E6:  D0B2 4000 0542  BIS	#0x4000, &0x0542

loc_84EC:			; переходы из 0x84A2, 0x84B4
84EC:  43C7 0001       CLR.B	1(R7)
84F0:  4030 B862       BR	#0xB862
84F4:  9038 000B       CMP	#0x000B, R8
84F8:  2063            JNZ	0x85C0
84FA:  93D9 0002       CMP.B	#1, 2(R9)
84FE:  241D            JZ	0x853A
8500:  93E9 0002       CMP.B	#2, 2(R9)
8504:  2402            JZ	0x850A
8506:  4030 B842       BR	#0xB842
850A:  C3E2 04AC       BIC.B	#2, &0x04AC
850E:  40B2 0048 04A8  MOV	#0x0048, &0x04A8
8514:  40F2 0006 04AB  MOV.B	#0x0006, &0x04AB
851A:  4292 06B6 04AE  MOV	&0x06B6, &0x04AE
8520:  12B0 CC18       CALL	#0xCC18
8524:  B2F2 04AC       BIT.B	#8, &0x04AC
8528:  2004            JNZ	0x8532
852A:  B2E2 04AC       BIT.B	#4, &0x04AC
852E:  241D            JZ	0x856A
8530:  3C47            JMP	0x85C0
8532:  D0B2 2000 04F2  BIS	#0x2000, &0x04F2
8538:  3C43            JMP	0x85C0
853A:  C3E2 04AC       BIC.B	#2, &0x04AC
853E:  40B2 004F 04A8  MOV	#0x004F, &0x04A8
8544:  40F2 0006 04AB  MOV.B	#0x0006, &0x04AB
854A:  4292 06B6 04AE  MOV	&0x06B6, &0x04AE
8550:  12B0 CC18       CALL	#0xCC18
8554:  B2F2 04AC       BIT.B	#8, &0x04AC
8558:  2004            JNZ	0x8562
855A:  B2E2 04AC       BIT.B	#4, &0x04AC
855E:  2408            JZ	0x8570
8560:  3C2F            JMP	0x85C0
8562:  D0B2 2000 04F2  BIS	#0x2000, &0x04F2
8568:  3C2B            JMP	0x85C0
856A:  D3E2 06B3       BIS.B	#2, &0x06B3
856E:  3C02            JMP	0x8574
8570:  D3D2 06B3       BIS.B	#1, &0x06B3
8574:  9039 04B0       CMP	#0x04B0, R9
8578:  2004            JNZ	0x8582
857A:  40F2 00F0 02A1  MOV.B	#0x00F0, &0x02A1
8580:  3F8D            JMP	0x849C
8582:  9039 0810       CMP	#0x0810, R9
8586:  238A            JNZ	0x849C
8588:  40F2 00F0 0838  MOV.B	#0x00F0, &0x0838
858E:  3F86            JMP	0x849C
8590:  9228            CMP	#4, R8
8592:  2016            JNZ	0x85C0
8594:  9039 0680       CMP	#0x0680, R9
8598:  2408            JZ	0x85AA
859A:  9039 04B0       CMP	#0x04B0, R9
859E:  2003            JNZ	0x85A6
85A0:  43C2 02A1       CLR.B	&0x02A1
85A4:  3C02            JMP	0x85AA
85A6:  43C2 0838       CLR.B	&0x0838
85AA:  C0F2 0007 06B3  BIC.B	#0x0007, &0x06B3
85B0:  3F75            JMP	0x849C
85B2:  93C9 0000       TST.B	0(R9)
85B6:  2006            JNZ	0x85C4
85B8:  92D9 04FE 0000  CMP.B	&0x04FE, 0(R9)
85BE:  2402            JZ	0x85C4

loc_85C0:			; переходы из 0x8382, 0x83AA, 0x83B6, 0x83D6, 0x83E2, 0x843C, 0x849A, 0x898E
85C0:  4030 B8D0       BR	#0xB8D0
85C4:  90F9 0038 0002  CMP.B	#0x0038, 2(R9)
85CA:  2FFA            JC	0x85C0
85CC:  430F            CLR	R15
85CE:  495F 0002       MOV.B	2(R9), R15
85D2:  5F0F            RLA	R15
85D4:  5F0F            RLA	R15
85D6:  5F00            ADD	R15, PC
85D8:  4030 86B8       BR	#0x86B8
85DC:  4030 87E2       BR	#0x87E2
85E0:  4030 8896       BR	#0x8896
85E4:  4030 B842       BR	#0xB842
85E8:  4030 8914       BR	#0x8914
85EC:  4030 8940       BR	#0x8940
85F0:  4030 B842       BR	#0xB842
85F4:  4030 B842       BR	#0xB842
85F8:  4030 8982       BR	#0x8982
85FC:  4030 B842       BR	#0xB842
8600:  4030 8B9C       BR	#0x8B9C
8604:  4030 B842       BR	#0xB842
8608:  4030 8BCA       BR	#0x8BCA
860C:  4030 8D12       BR	#0x8D12
8610:  4030 B842       BR	#0xB842
8614:  4030 B842       BR	#0xB842
8618:  4030 950C       BR	#0x950C
861C:  4030 8F3A       BR	#0x8F3A
8620:  4030 B842       BR	#0xB842
8624:  4030 B842       BR	#0xB842
8628:  4030 9046       BR	#0x9046
862C:  4030 90BE       BR	#0x90BE
8630:  4030 912A       BR	#0x912A
8634:  4030 92CA       BR	#0x92CA
8638:  4030 950C       BR	#0x950C
863C:  4030 9598       BR	#0x9598
8640:  4030 B842       BR	#0xB842
8644:  4030 9622       BR	#0x9622
8648:  4030 B842       BR	#0xB842
864C:  4030 B842       BR	#0xB842
8650:  4030 B842       BR	#0xB842
8654:  4030 8F8C       BR	#0x8F8C
8658:  4030 964C       BR	#0x964C
865C:  4030 974E       BR	#0x974E
8660:  4030 97A4       BR	#0x97A4
8664:  4030 97CE       BR	#0x97CE
8668:  4030 9872       BR	#0x9872
866C:  4030 B842       BR	#0xB842
8670:  4030 B842       BR	#0xB842
8674:  4030 98CA       BR	#0x98CA
8678:  4030 999A       BR	#0x999A
867C:  4030 999A       BR	#0x999A
8680:  4030 99E4       BR	#0x99E4
8684:  4030 9AB4       BR	#0x9AB4
8688:  4030 9B0A       BR	#0x9B0A
868C:  4030 9B76       BR	#0x9B76
8690:  4030 9BB6       BR	#0x9BB6
8694:  4030 9D52       BR	#0x9D52
8698:  4030 9DDE       BR	#0x9DDE
869C:  4030 9E48       BR	#0x9E48
86A0:  4030 90BE       BR	#0x90BE
86A4:  4030 9EBA       BR	#0x9EBA
86A8:  4030 9F22       BR	#0x9F22
86AC:  4030 9F8A       BR	#0x9F8A
86B0:  4030 9FF0       BR	#0x9FF0
86B4:  4030 A040       BR	#0xA040
86B8:  B0B2 0400 04F4  BIT	#0x0400, &0x04F4
86BE:  2524            JZ	0x8908
86C0:  B0B2 2000 04F4  BIT	#0x2000, &0x04F4
86C6:  2520            JZ	0x8908
86C8:  9038 0007       CMP	#0x0007, R8
86CC:  2379            JNZ	0x85C0
86CE:  93E2 06B3       CMP.B	#2, &0x06B3
86D2:  291E            JNC	0x8910
86D4:  93C9 0003       TST.B	3(R9)
86D8:  2517            JZ	0x8908
86DA:  90F9 002E 0003  CMP.B	#0x002E, 3(R9)
86E0:  2D13            JC	0x8908
86E2:  49D2 0003 0512  MOV.B	3(R9), &0x0512
86E8:  425E 0512       MOV.B	&0x0512, R14
86EC:  425F 0501       MOV.B	&0x0501, R15
86F0:  12B0 4CBC       CALL	#0x4CBC
86F4:  9E0F            CMP	R14, R15
86F6:  2802            JNC	0x86FC
86F8:  8E0F            SUB	R14, R15
86FA:  3FFC            JMP	0x86F4
86FC:  8F0E            SUB	R15, R14
86FE:  4EC2 0513       MOV.B	R14, &0x0513
8702:  C0F2 00F7 0514  BIC.B	#0x00F7, &0x0514
8708:  D3E2 0514       BIS.B	#2, &0x0514
870C:  4382 0510       CLR	&0x0510
8710:  4382 0520       CLR	&0x0520
8714:  4382 0522       CLR	&0x0522
8718:  4382 0524       CLR	&0x0524
871C:  4382 0526       CLR	&0x0526
8720:  4382 0610       CLR	&0x0610
8724:  4382 0612       CLR	&0x0612
8728:  4382 0614       CLR	&0x0614
872C:  4382 0616       CLR	&0x0616
8730:  4382 051E       CLR	&0x051E
8734:  C0F2 0070 0515  BIC.B	#0x0070, &0x0515
873A:  93D9 0004       CMP.B	#1, 4(R9)
873E:  2802            JNC	0x8744
8740:  2407            JZ	0x8750
8742:  3CE2            JMP	0x8908
8744:  C0F2 0080 0515  BIC.B	#0x0080, &0x0515
874A:  C2E2 0514       BIC.B	#4, &0x0514
874E:  3C05            JMP	0x875A
8750:  D0F2 0080 0515  BIS.B	#0x0080, &0x0515
8756:  D2E2 0514       BIS.B	#4, &0x0514
875A:  4292 0510 04E0  MOV	&0x0510, &0x04E0
8760:  42D2 0514 04E2  MOV.B	&0x0514, &0x04E2
8766:  42D2 0502 04E3  MOV.B	&0x0502, &0x04E3
876C:  42D2 0501 04E4  MOV.B	&0x0501, &0x04E4
8772:  425F 0512       MOV.B	&0x0512, R15
8776:  825F 0513       SUB.B	&0x0513, R15
877A:  930F            TST	R15
877C:  240D            JZ	0x8798
877E:  B0F2 000F 04E4  BIT.B	#0x000F, &0x04E4
8784:  2005            JNZ	0x8790
8786:  80F2 0007 04E4  SUB.B	#0x0007, &0x04E4
878C:  831F            DEC	R15
878E:  3FF5            JMP	0x877A
8790:  83D2 04E4       DEC.B	&0x04E4
8794:  831F            DEC	R15
8796:  3FF1            JMP	0x877A
8798:  42D2 0504 04E5  MOV.B	&0x0504, &0x04E5
879E:  42D2 0505 04E6  MOV.B	&0x0505, &0x04E6
87A4:  42D2 0506 04E7  MOV.B	&0x0506, &0x04E7
87AA:  42D2 0512 04E8  MOV.B	&0x0512, &0x04E8
87B0:  40B2 00A2 04A8  MOV	#0x00A2, &0x04A8
87B6:  40F2 0009 04AB  MOV.B	#0x0009, &0x04AB
87BC:  40B2 04E0 04AE  MOV	#0x04E0, &0x04AE
87C2:  C0B2 8000 04F0  BIC	#0x8000, &0x04F0
87C8:  12B0 CBF4       CALL	#0xCBF4
87CC:  B0F2 000C 04AC  BIT.B	#0x000C, &0x04AC
87D2:  2404            JZ	0x87DC
87D4:  D0B2 8000 04F0  BIS	#0x8000, &0x04F0
87DA:  3C98            JMP	0x890C
87DC:  D2B2 0548       BIS	#8, &0x0548
87E0:  3C91            JMP	0x8904
87E2:  9038 000D       CMP	#0x000D, R8
87E6:  22EC            JNZ	0x85C0
87E8:  93D2 06B3       CMP.B	#1, &0x06B3
87EC:  2891            JNC	0x8910
87EE:  F0F9 003F 0003  AND.B	#0x003F, 3(R9)
87F4:  F0F9 003F 0005  AND.B	#0x003F, 5(R9)
87FA:  F0F9 003F 0007  AND.B	#0x003F, 7(R9)
8800:  F0F9 003F 0009  AND.B	#0x003F, 9(R9)
8806:  93C9 0003       TST.B	3(R9)
880A:  247E            JZ	0x8908
880C:  B3D2 04FC       BIT.B	#1, &0x04FC
8810:  2C12            JC	0x8836
8812:  495F 0007       MOV.B	7(R9), R15
8816:  F03F 001F       AND	#0x001F, R15
881A:  903F 001F       CMP	#0x001F, R15
881E:  2074            JNZ	0x8908
8820:  B0B2 4000 04F4  BIT	#0x4000, &0x04F4
8826:  2C07            JC	0x8836
8828:  495F 0009       MOV.B	9(R9), R15
882C:  F03F 001F       AND	#0x001F, R15
8830:  903F 001F       CMP	#0x001F, R15
8834:  2069            JNZ	0x8908
8836:  421E 06B6       MOV	&0x06B6, R14
883A:  403F 04C8       MOV	#0x04C8, R15
883E:  4EFF 0000       MOV.B	@R14+, 0(R15)
8842:  531F            INC	R15
8844:  903F 04D0       CMP	#0x04D0, R15
8848:  23FA            JNZ	0x883E
884A:  B0B2 0400 04F4  BIT	#0x0400, &0x04F4
8850:  2C09            JC	0x8864
8852:  403F 04C8       MOV	#0x04C8, R15
8856:  F0FF 001F 0000  AND.B	#0x001F, 0(R15)
885C:  531F            INC	R15
885E:  903F 04D0       CMP	#0x04D0, R15
8862:  2BF9            JNC	0x8856
8864:  B3D2 04FC       BIT.B	#1, &0x04FC
8868:  2407            JZ	0x8878
886A:  F0FF 0021 0000  AND.B	#0x0021, 0(R15)
8870:  531F            INC	R15
8872:  903F 04D0       CMP	#0x04D0, R15
8876:  2BF9            JNC	0x886A
8878:  40B2 005C 04A8  MOV	#0x005C, &0x04A8
887E:  42F2 04AB       MOV.B	#8, &0x04AB
8882:  4292 06B6 04AE  MOV	&0x06B6, &0x04AE
8888:  12B0 CBF4       CALL	#0xCBF4
888C:  B0F2 000C 04AC  BIT.B	#0x000C, &0x04AC
8892:  203C            JNZ	0x890C
8894:  3C37            JMP	0x8904
8896:  9038 0009       CMP	#0x0009, R8
889A:  2292            JNZ	0x85C0
889C:  93D2 06B3       CMP.B	#1, &0x06B3
88A0:  2837            JNC	0x8910
88A2:  93D9 0003       CMP.B	#1, 3(R9)
88A6:  2830            JNC	0x8908
88A8:  90F9 0005 0004  CMP.B	#0x0005, 4(R9)
88AE:  282C            JNC	0x8908
88B0:  90F9 0005 0005  CMP.B	#0x0005, 5(R9)
88B6:  2828            JNC	0x8908
88B8:  90F9 0005 0006  CMP.B	#0x0005, 6(R9)
88BE:  2824            JNC	0x8908
88C0:  421E 06B6       MOV	&0x06B6, R14
88C4:  403F 0420       MOV	#0x0420, R15
88C8:  4EFF 0000       MOV.B	@R14+, 0(R15)
88CC:  531F            INC	R15
88CE:  903F 0424       CMP	#0x0424, R15
88D2:  23FA            JNZ	0x88C8
88D4:  40B2 0065 04A8  MOV	#0x0065, &0x04A8
88DA:  42E2 04AB       MOV.B	#4, &0x04AB
88DE:  4292 06B6 04AE  MOV	&0x06B6, &0x04AE
88E4:  12B0 CBF4       CALL	#0xCBF4
88E8:  B0F2 000C 04AC  BIT.B	#0x000C, &0x04AC
88EE:  200E            JNZ	0x890C
88F0:  42D2 0420 02A3  MOV.B	&0x0420, &0x02A3
88F6:  42D2 0421 02A0  MOV.B	&0x0421, &0x02A0
88FC:  42D2 0423 02A2  MOV.B	&0x0423, &0x02A2
8902:  3C00            JMP	0x8904
8904:  4030 849C       BR	#0x849C

loc_8908:			; переходы из 0x8988
8908:  4030 B842       BR	#0xB842
890C:  4030 B848       BR	#0xB848
8910:  4030 B84E       BR	#0xB84E
8914:  9038 0006       CMP	#0x0006, R8
8918:  2253            JNZ	0x85C0
891A:  93E2 06B3       CMP.B	#2, &0x06B3
891E:  2BF8            JNC	0x8910
8920:  93E9 0003       CMP.B	#2, 3(R9)
8924:  2FF1            JC	0x8908
8926:  93C9 0003       TST.B	3(R9)
892A:  2405            JZ	0x8936
892C:  D3D2 050C       BIS.B	#1, &0x050C
8930:  D3E2 001F       BIS.B	#2, &P4SEL
8934:  3C04            JMP	0x893E
8936:  C3D2 050C       BIC.B	#1, &0x050C
893A:  C3E2 001F       BIC.B	#2, &P4SEL
893E:  3FE2            JMP	0x8904
8940:  9038 0006       CMP	#0x0006, R8
8944:  223D            JNZ	0x85C0
8946:  93D2 06B3       CMP.B	#1, &0x06B3
894A:  2BE2            JNC	0x8910
894C:  12B0 C628       CALL	#0xC628
8950:  49D2 0003 04E2  MOV.B	3(R9), &0x04E2
8956:  40B2 0044 04A8  MOV	#0x0044, &0x04A8
895C:  40F2 0003 04AB  MOV.B	#0x0003, &0x04AB
8962:  40B2 04E0 04AE  MOV	#0x04E0, &0x04AE
8968:  12B0 CBF4       CALL	#0xCBF4
896C:  B0F2 000C 04AC  BIT.B	#0x000C, &0x04AC
8972:  23CC            JNZ	0x890C
8974:  49D2 0003 04FE  MOV.B	3(R9), &0x04FE
897A:  42D9 04FE 0000  MOV.B	&0x04FE, 0(R9)
8980:  3FC1            JMP	0x8904

loc_8982:			; переходы из 0x83FA
8982:  B0B2 0400 04F4  BIT	#0x0400, &0x04F4
8988:  27BF            JZ	0x8908
898A:  9038 0005       CMP	#0x0005, R8
898E:  2218            JNZ	0x85C0
8990:  430F            CLR	R15

loc_8992:			; переходы из 0x8A42
8992:  403E 04E0       MOV	#0x04E0, R14
8996:  4F1D BE00       MOV	-16896(R15), R13
899A:  4F1C BE00       MOV	-16896(R15), R12
899E:  4F1B BE0E       MOV	-16882(R15), R11
89A2:  4F1A BE1C       MOV	-16868(R15), R10

loc_89A6:			; переходы из 0x89B2, 0x8A1C
89A6:  4DFE 0000       MOV.B	@R13+, 0(R14)
89AA:  4DFE 0001       MOV.B	@R13+, 1(R14)
89AE:  532E            INCD	R14
89B0:  831B            DEC	R11
89B2:  23F9            JNZ	0x89A6
89B4:  923F            CMP	#8, R15
89B6:  200A            JNZ	0x89CC
89B8:  822E            SUB	#4, R14
89BA:  4E0D            MOV	R14, R13
89BC:  4DDE 0002 0001  MOV.B	2(R13), 1(R14)
89C2:  4DDE 0003 0002  MOV.B	3(R13), 2(R14)
89C8:  503E 0003       ADD	#0x0003, R14

loc_89CC:			; переходы из 0x89B6
89CC:  903F 0006       CMP	#0x0006, R15
89D0:  2C1F            JC	0x8A10
89D2:  822E            SUB	#4, R14
89D4:  B0BC 8000 0000  BIT	#0x8000, 0(R12)
89DA:  2408            JZ	0x89EC
89DC:  E3BE 0002       INV	2(R14)
89E0:  E3BE 0000       INV	0(R14)
89E4:  539E 0002       INC	2(R14)
89E8:  638E 0000       ADC	0(R14)

loc_89EC:			; переходы из 0x89DA
89EC:  4C0B            MOV	R12, R11
89EE:  F03B FFF0       AND	#0xFFF0, R11
89F2:  B0BB 8000 0000  BIT	#0x8000, 0(R11)
89F8:  2403            JZ	0x8A00
89FA:  D0BE 8000 0000  BIS	#0x8000, 0(R14)

loc_8A00:			; переходы из 0x89F8
8A00:  B0BB 8000 0004  BIT	#0x8000, 4(R11)
8A06:  2403            JZ	0x8A0E
8A08:  D0BE 4000 0000  BIS	#0x4000, 0(R14)

loc_8A0E:			; переходы из 0x8A06
8A0E:  522E            ADD	#4, R14

loc_8A10:			; переходы из 0x89D0
8A10:  503C 0010       ADD	#0x0010, R12
8A14:  4C0D            MOV	R12, R13
8A16:  4F1B BE0E       MOV	-16882(R15), R11
8A1A:  831A            DEC	R10
8A1C:  23C4            JNZ	0x89A6
8A1E:  4F92 BE2A 04A8  MOV	-16854(R15), &0x04A8
8A24:  40B2 04E0 04AE  MOV	#0x04E0, &0x04AE
8A2A:  4FD2 BE38 04AB  MOV.B	-16840(R15), &0x04AB
8A30:  12B0 C2E2       CALL	#0xC2E2
8A34:  B0F2 000C 04AC  BIT.B	#0x000C, &0x04AC
8A3A:  20AE            JNZ	0x8B98
8A3C:  532F            INCD	R15
8A3E:  903F 000E       CMP	#0x000E, R15
8A42:  2BA7            JNC	0x8992
8A44:  403F 0390       MOV	#0x0390, R15
8A48:  403E 04E0       MOV	#0x04E0, R14
8A4C:  422D            MOV	#4, R13

loc_8A4E:			; переходы из 0x8A8A
8A4E:  12B0 58B4       CALL	#0x58B4
8A52:  421C 030A       MOV	&0x030A, R12
8A56:  4CCE 0001       MOV.B	R12, 1(R14)
8A5A:  108C            SWPB	R12
8A5C:  4CCE 0002       MOV.B	R12, 2(R14)
8A60:  43CE 0000       CLR.B	0(R14)
8A64:  B0BF 8000 0000  BIT	#0x8000, 0(R15)
8A6A:  2403            JZ	0x8A72
8A6C:  D0FE 0080 0000  BIS.B	#0x0080, 0(R14)

loc_8A72:			; переходы из 0x8A6A
8A72:  B0BF 8000 0004  BIT	#0x8000, 4(R15)
8A78:  2403            JZ	0x8A80
8A7A:  D0FE 0040 0000  BIS.B	#0x0040, 0(R14)

loc_8A80:			; переходы из 0x8A78
8A80:  503F 0010       ADD	#0x0010, R15
8A84:  503E 0003       ADD	#0x0003, R14
8A88:  831D            DEC	R13
8A8A:  23E1            JNZ	0x8A4E
8A8C:  40B2 08B5 04A8  MOV	#0x08B5, &0x04A8
8A92:  40B2 04E0 04AE  MOV	#0x04E0, &0x04AE
8A98:  40F2 000C 04AB  MOV.B	#0x000C, &0x04AB
8A9E:  12B0 C2E2       CALL	#0xC2E2
8AA2:  B0F2 000C 04AC  BIT.B	#0x000C, &0x04AC
8AA8:  2077            JNZ	0x8B98
8AAA:  C232            DINT
8AAC:  4303            CLR	CG
8AAE:  4292 0500 04E0  MOV	&0x0500, &0x04E0
8AB4:  4292 0502 04E2  MOV	&0x0502, &0x04E2
8ABA:  4292 0504 04E4  MOV	&0x0504, &0x04E4
8AC0:  4292 0506 04E6  MOV	&0x0506, &0x04E6
8AC6:  D232            EINT
8AC8:  40B2 08CC 04A8  MOV	#0x08CC, &0x04A8
8ACE:  40B2 04E0 04AE  MOV	#0x04E0, &0x04AE
8AD4:  42F2 04AB       MOV.B	#8, &0x04AB
8AD8:  12B0 C2E2       CALL	#0xC2E2
8ADC:  B0F2 000C 04AC  BIT.B	#0x000C, &0x04AC
8AE2:  205A            JNZ	0x8B98
8AE4:  425D 03BE       MOV.B	&0x03BE, R13
8AE8:  42E2 03BE       MOV.B	#4, &0x03BE
8AEC:  403C 0919       MOV	#0x0919, R12
8AF0:  470F            MOV	R7, R15
8AF2:  531F            INC	R15
8AF4:  430E            CLR	R14

loc_8AF6:			; переходы из 0x8B02
8AF6:  43CF 0000       CLR.B	0(R15)
8AFA:  531F            INC	R15
8AFC:  531E            INC	R14
8AFE:  903E 0010       CMP	#0x0010, R14
8B02:  2BF9            JNC	0x8AF6

loc_8B04:			; переходы из 0x8B3A
8B04:  12B0 C1A0       CALL	#0xC1A0
8B08:  B0B2 0400 04F2  BIT	#0x0400, &0x04F2
8B0E:  2C44            JC	0x8B98
8B10:  4228            MOV	#4, R8
8B12:  12B0 BD64       CALL	#0xBD64
8B16:  4C82 04A8       MOV	R12, &0x04A8
8B1A:  40B2 04E0 04AE  MOV	#0x04E0, &0x04AE
8B20:  40F2 0010 04AB  MOV.B	#0x0010, &0x04AB
8B26:  12B0 C2E2       CALL	#0xC2E2
8B2A:  B0F2 000C 04AC  BIT.B	#0x000C, &0x04AC
8B30:  2015            JNZ	0x8B5C
8B32:  803C 0011       SUB	#0x0011, R12
8B36:  83D2 03BE       DEC.B	&0x03BE
8B3A:  23E4            JNZ	0x8B04
8B3C:  4C82 04A8       MOV	R12, &0x04A8
8B40:  4782 04AE       MOV	R7, &0x04AE
8B44:  5392 04AE       INC	&0x04AE
8B48:  40F2 0010 04AB  MOV.B	#0x0010, &0x04AB
8B4E:  12B0 C2E2       CALL	#0xC2E2
8B52:  B0F2 000C 04AC  BIT.B	#0x000C, &0x04AC
8B58:  2001            JNZ	0x8B5C
8B5A:  3C03            JMP	0x8B62

loc_8B5C:			; переходы из 0x8B30, 0x8B58
8B5C:  4DC2 03BE       MOV.B	R13, &0x03BE
8B60:  3C1B            JMP	0x8B98

loc_8B62:			; переходы из 0x8B5A
8B62:  4DC2 03BE       MOV.B	R13, &0x03BE
8B66:  90F9 00FE 0000  CMP.B	#0x00FE, 0(R9)
8B6C:  2013            JNZ	0x8B94
8B6E:  D0B2 0080 04FA  BIS	#0x0080, &0x04FA
8B74:  12B0 C686       CALL	#0xC686
8B78:  B0B2 0080 04F0  BIT	#0x0080, &0x04F0
8B7E:  2C0C            JC	0x8B98
8B80:  D2B2 04E0       BIS	#8, &0x04E0
8B84:  12B0 C6B0       CALL	#0xC6B0
8B88:  B0F2 000C 04AC  BIT.B	#0x000C, &0x04AC
8B8E:  2004            JNZ	0x8B98
8B90:  4030 B8D0       BR	#0xB8D0

loc_8B94:			; переходы из 0x8B6C
8B94:  4030 849C       BR	#0x849C

loc_8B98:			; переходы из 0x8A3A, 0x8AA8, 0x8AE2, 0x8B0E, 0x8B60, 0x8B7E, 0x8B8E
8B98:  4030 B848       BR	#0xB848
8B9C:  9038 0005       CMP	#0x0005, R8
8BA0:  21C4            JNZ	0x8F2A
8BA2:  B0B2 0400 04F4  BIT	#0x0400, &0x04F4
8BA8:  25C2            JZ	0x8F2E
8BAA:  B0B2 0040 04F6  BIT	#0x0040, &0x04F6
8BB0:  25BE            JZ	0x8F2E
8BB2:  B0B2 0100 08B8  BIT	#0x0100, &0x08B8
8BB8:  25BE            JZ	0x8F36
8BBA:  40B2 2050 05AE  MOV	#0x2050, &0x05AE
8BC0:  12B0 F68E       CALL	#0xF68E
8BC4:  D2B2 04F6       BIS	#8, &0x04F6
8BC8:  3DAE            JMP	0x8F26
8BCA:  9038 000D       CMP	#0x000D, R8
8BCE:  21AD            JNZ	0x8F2A
8BD0:  93E2 06B3       CMP.B	#2, &0x06B3
8BD4:  29B0            JNC	0x8F36
8BD6:  B0B2 0400 04F4  BIT	#0x0400, &0x04F4
8BDC:  2C01            JC	0x8BE0
8BDE:  3DA7            JMP	0x8F2E
8BE0:  90F9 0060 0003  CMP.B	#0x0060, 3(R9)
8BE6:  2FFB            JC	0x8BDE
8BE8:  495F 0003       MOV.B	3(R9), R15
8BEC:  F03F 000F       AND	#0x000F, R15
8BF0:  903F 000A       CMP	#0x000A, R15
8BF4:  2FF4            JC	0x8BDE
8BF6:  90F9 0060 0004  CMP.B	#0x0060, 4(R9)
8BFC:  2FF0            JC	0x8BDE
8BFE:  495F 0004       MOV.B	4(R9), R15
8C02:  F03F 000F       AND	#0x000F, R15
8C06:  903F 000A       CMP	#0x000A, R15
8C0A:  2FE9            JC	0x8BDE
8C0C:  90F9 0024 0005  CMP.B	#0x0024, 5(R9)
8C12:  2FE5            JC	0x8BDE
8C14:  495F 0005       MOV.B	5(R9), R15
8C18:  F03F 000F       AND	#0x000F, R15
8C1C:  903F 000A       CMP	#0x000A, R15
8C20:  2FDE            JC	0x8BDE
8C22:  93C9 0006       TST.B	6(R9)
8C26:  27DB            JZ	0x8BDE
8C28:  92F9 0006       CMP.B	#8, 6(R9)
8C2C:  2FD8            JC	0x8BDE
8C2E:  93C9 0008       TST.B	8(R9)
8C32:  27D5            JZ	0x8BDE
8C34:  90F9 0013 0008  CMP.B	#0x0013, 8(R9)
8C3A:  2FD1            JC	0x8BDE
8C3C:  495F 0008       MOV.B	8(R9), R15
8C40:  F03F 000F       AND	#0x000F, R15
8C44:  903F 000A       CMP	#0x000A, R15
8C48:  2FCA            JC	0x8BDE
8C4A:  90F9 0099 0009  CMP.B	#0x0099, 9(R9)
8C50:  2FC6            JC	0x8BDE
8C52:  495F 0009       MOV.B	9(R9), R15
8C56:  F03F 000F       AND	#0x000F, R15
8C5A:  903F 000A       CMP	#0x000A, R15
8C5E:  2FBF            JC	0x8BDE
8C60:  93C9 0007       TST.B	7(R9)
8C64:  27BC            JZ	0x8BDE
8C66:  495F 0008       MOV.B	8(R9), R15
8C6A:  4F5F 4AAD       MOV.B	19117(R15), R15
8C6E:  93E9 0008       CMP.B	#2, 8(R9)
8C72:  2011            JNZ	0x8C96
8C74:  B0F9 0010 0009  BIT.B	#0x0010, 9(R9)
8C7A:  2C05            JC	0x8C86
8C7C:  B0F9 0003 0009  BIT.B	#0x0003, 9(R9)
8C82:  2009            JNZ	0x8C96
8C84:  3C06            JMP	0x8C92
8C86:  B3E9 0009       BIT.B	#2, 9(R9)
8C8A:  2405            JZ	0x8C96
8C8C:  B3D9 0009       BIT.B	#1, 9(R9)
8C90:  2C02            JC	0x8C96
8C92:  D312            SETC
8C94:  A34F            DADC.B	R15
8C96:  9FC9 0007       CMP.B	R15, 7(R9)
8C9A:  2FA1            JC	0x8BDE
8C9C:  495F 0007       MOV.B	7(R9), R15
8CA0:  F03F 000F       AND	#0x000F, R15
8CA4:  903F 000A       CMP	#0x000A, R15
8CA8:  2F9A            JC	0x8BDE
8CAA:  93E9 000A       CMP.B	#2, 10(R9)
8CAE:  2F97            JC	0x8BDE
8CB0:  D0B2 0020 087A  BIS	#0x0020, &0x087A
8CB6:  D3A2 0540       BIS	#2, &0x0540
8CBA:  12B0 DB84       CALL	#0xDB84
8CBE:  421E 06B6       MOV	&0x06B6, R14
8CC2:  403F 0500       MOV	#0x0500, R15
8CC6:  C232            DINT
8CC8:  4303            CLR	CG
8CCA:  4EFF 0000       MOV.B	@R14+, 0(R15)
8CCE:  531F            INC	R15
8CD0:  903F 0508       CMP	#0x0508, R15
8CD4:  2BFA            JNC	0x8CCA
8CD6:  40B2 F0F0 0508  MOV	#0xF0F0, &0x0508
8CDC:  E292 0500 0508  XOR	&0x0500, &0x0508
8CE2:  E292 0502 0508  XOR	&0x0502, &0x0508
8CE8:  E292 0504 0508  XOR	&0x0504, &0x0508
8CEE:  E292 0506 0508  XOR	&0x0506, &0x0508
8CF4:  C0F2 0042 050C  BIC.B	#0x0042, &0x050C
8CFA:  4392 0190       MOV	#1, &TBR
8CFE:  42D2 0468 050D  MOV.B	&0x0468, &0x050D
8D04:  4292 046A 050E  MOV	&0x046A, &0x050E
8D0A:  D232            EINT
8D0C:  D3A2 0542       BIS	#2, &0x0542
8D10:  3D0A            JMP	0x8F26
8D12:  9238            CMP	#8, R8
8D14:  210A            JNZ	0x8F2A
8D16:  93D2 06B3       CMP.B	#1, &0x06B3
8D1A:  290D            JNC	0x8F36
8D1C:  B0B2 0400 04F4  BIT	#0x0400, &0x04F4
8D22:  2C02            JC	0x8D28
8D24:  3D04            JMP	0x8F2E
8D26:  3D05            JMP	0x8F32
8D28:  90F9 0060 0003  CMP.B	#0x0060, 3(R9)
8D2E:  2FFA            JC	0x8D24
8D30:  495F 0003       MOV.B	3(R9), R15
8D34:  F03F 000F       AND	#0x000F, R15
8D38:  903F 000A       CMP	#0x000A, R15
8D3C:  2FF3            JC	0x8D24
8D3E:  90F9 0060 0004  CMP.B	#0x0060, 4(R9)
8D44:  2FEF            JC	0x8D24
8D46:  495F 0004       MOV.B	4(R9), R15
8D4A:  F03F 000F       AND	#0x000F, R15
8D4E:  903F 000A       CMP	#0x000A, R15
8D52:  2FE8            JC	0x8D24
8D54:  90F9 0024 0005  CMP.B	#0x0024, 5(R9)
8D5A:  2FE4            JC	0x8D24
8D5C:  495F 0005       MOV.B	5(R9), R15
8D60:  F03F 000F       AND	#0x000F, R15
8D64:  903F 000A       CMP	#0x000A, R15
8D68:  2FDD            JC	0x8D24
8D6A:  B0F2 0040 050C  BIT.B	#0x0040, &0x050C
8D70:  2402            JZ	0x8D76
8D72:  4030 B856       BR	#0xB856
8D76:  49D9 0003 0010  MOV.B	3(R9), 16(R9)
8D7C:  49D9 0004 0011  MOV.B	4(R9), 17(R9)
8D82:  49D9 0005 0012  MOV.B	5(R9), 18(R9)
8D88:  C232            DINT
8D8A:  4303            CLR	CG
8D8C:  42D9 0504 0013  MOV.B	&0x0504, 19(R9)
8D92:  42D9 0505 0014  MOV.B	&0x0505, 20(R9)
8D98:  42D9 0506 0015  MOV.B	&0x0506, 21(R9)
8D9E:  D232            EINT
8DA0:  430C            CLR	R12
8DA2:  92D9 0502 0005  CMP.B	&0x0502, 5(R9)
8DA8:  281F            JNC	0x8DE8
8DAA:  2401            JZ	0x8DAE
8DAC:  3C0B            JMP	0x8DC4
8DAE:  92D9 0501 0004  CMP.B	&0x0501, 4(R9)
8DB4:  2819            JNC	0x8DE8
8DB6:  2401            JZ	0x8DBA
8DB8:  3C05            JMP	0x8DC4
8DBA:  92D9 0500 0003  CMP.B	&0x0500, 3(R9)
8DC0:  2813            JNC	0x8DE8
8DC2:  2462            JZ	0x8E88
8DC4:  43C2 051C       CLR.B	&0x051C
8DC8:  425F 0502       MOV.B	&0x0502, R15
8DCC:  425E 0501       MOV.B	&0x0501, R14
8DD0:  425D 0500       MOV.B	&0x0500, R13
8DD4:  49D7 0005 0005  MOV.B	5(R9), 5(R7)
8DDA:  49D7 0004 0004  MOV.B	4(R9), 4(R7)
8DE0:  49D7 0003 0003  MOV.B	3(R9), 3(R7)
8DE6:  3C11            JMP	0x8E0A
8DE8:  43F2 051C       MOV.B	#-1, &0x051C
8DEC:  495F 0005       MOV.B	5(R9), R15
8DF0:  495E 0004       MOV.B	4(R9), R14
8DF4:  495D 0003       MOV.B	3(R9), R13
8DF8:  42D7 0502 0005  MOV.B	&0x0502, 5(R7)
8DFE:  42D7 0501 0004  MOV.B	&0x0501, 4(R7)
8E04:  42D7 0500 0003  MOV.B	&0x0500, 3(R7)
8E0A:  975F 0005       CMP.B	5(R7), R15
8E0E:  2405            JZ	0x8E1A
8E10:  D312            SETC
8E12:  A30F            DADC	R15
8E14:  975F 0005       CMP.B	5(R7), R15
8E18:  2385            JNZ	0x8D24
8E1A:  975E 0004       CMP.B	4(R7), R14
8E1E:  241A            JZ	0x8E54
8E20:  D312            SETC
8E22:  A30E            DADC	R14
8E24:  903E 0060       CMP	#0x0060, R14
8E28:  2801            JNC	0x8E2C
8E2A:  430E            CLR	R14
8E2C:  975E 0004       CMP.B	4(R7), R14
8E30:  2406            JZ	0x8E3E
8E32:  503C 003C       ADD	#0x003C, R12
8E36:  903C 00F1       CMP	#0x00F1, R12
8E3A:  2BF2            JNC	0x8E20
8E3C:  3F73            JMP	0x8D24
8E3E:  D312            SETC
8E40:  A30D            DADC	R13
8E42:  903D 0061       CMP	#0x0061, R13
8E46:  2C05            JC	0x8E52
8E48:  531C            INC	R12
8E4A:  903C 00F1       CMP	#0x00F1, R12
8E4E:  2BF7            JNC	0x8E3E
8E50:  3F69            JMP	0x8D24
8E52:  430D            CLR	R13
8E54:  975D 0003       CMP.B	3(R7), R13
8E58:  2407            JZ	0x8E68
8E5A:  D312            SETC
8E5C:  A30D            DADC	R13
8E5E:  531C            INC	R12
8E60:  903C 00F1       CMP	#0x00F1, R12
8E64:  2BF7            JNC	0x8E54
8E66:  3F5E            JMP	0x8D24
8E68:  C232            DINT
8E6A:  4303            CLR	CG
8E6C:  4CC2 051D       MOV.B	R12, &0x051D
8E70:  53D2 051D       INC.B	&0x051D
8E74:  43C2 050D       CLR.B	&0x050D
8E78:  4392 050E       MOV	#1, &0x050E
8E7C:  D232            EINT
8E7E:  4392 0190       MOV	#1, &TBR
8E82:  D0F2 0040 050C  BIS.B	#0x0040, &0x050C
8E88:  D0B2 0020 087A  BIS	#0x0020, &0x087A
8E8E:  D3A2 0540       BIS	#2, &0x0540
8E92:  12B0 DB84       CALL	#0xDB84
8E96:  C3A2 04F2       BIC	#2, &0x04F2
8E9A:  C3A2 04FA       BIC	#2, &0x04FA
8E9E:  D0F2 0003 04AC  BIS.B	#0x0003, &0x04AC
8EA4:  40B2 00B2 04A8  MOV	#0x00B2, &0x04A8
8EAA:  43E2 04AB       MOV.B	#2, &0x04AB
8EAE:  40B2 04E0 04AE  MOV	#0x04E0, &0x04AE
8EB4:  12B0 C3A2       CALL	#0xC3A2
8EB8:  B3A2 04F2       BIT	#2, &0x04F2
8EBC:  2403            JZ	0x8EC4
8EBE:  D3A2 04FA       BIS	#2, &0x04FA
8EC2:  3F31            JMP	0x8D26
8EC4:  4292 04E0 054A  MOV	&0x04E0, &0x054A
8ECA:  C2A2 04FA       BIC	#4, &0x04FA
8ECE:  4292 054A 04A8  MOV	&0x054A, &0x04A8
8ED4:  40F2 000C 04AB  MOV.B	#0x000C, &0x04AB
8EDA:  40B2 04E0 04AE  MOV	#0x04E0, &0x04AE
8EE0:  12B0 C3A2       CALL	#0xC3A2
8EE4:  B3A2 04F2       BIT	#2, &0x04F2
8EE8:  2403            JZ	0x8EF0
8EEA:  D2A2 04FA       BIS	#4, &0x04FA
8EEE:  3F1B            JMP	0x8D26
8EF0:  4992 0010 04E6  MOV	16(R9), &0x04E6
8EF6:  4992 0012 04E8  MOV	18(R9), &0x04E8
8EFC:  4992 0014 04EA  MOV	20(R9), &0x04EA
8F02:  4292 054A 04A8  MOV	&0x054A, &0x04A8
8F08:  40F2 000C 04AB  MOV.B	#0x000C, &0x04AB
8F0E:  40B2 04E0 04AE  MOV	#0x04E0, &0x04AE
8F14:  12B0 C2E2       CALL	#0xC2E2
8F18:  B3A2 04F2       BIT	#2, &0x04F2
8F1C:  2F04            JC	0x8D26
8F1E:  D0B2 4000 04FA  BIS	#0x4000, &0x04FA
8F24:  3C00            JMP	0x8F26
8F26:  4030 849C       BR	#0x849C
8F2A:  4030 B8D0       BR	#0xB8D0
8F2E:  4030 B842       BR	#0xB842
8F32:  4030 B848       BR	#0xB848
8F36:  4030 B84E       BR	#0xB84E
8F3A:  9038 000E       CMP	#0x000E, R8
8F3E:  23F5            JNZ	0x8F2A
8F40:  B0B2 4000 04F6  BIT	#0x4000, &0x04F6
8F46:  27F3            JZ	0x8F2E
8F48:  93D9 0003       CMP.B	#1, 3(R9)
8F4C:  23F0            JNZ	0x8F2E
8F4E:  93E2 06B3       CMP.B	#2, &0x06B3
8F52:  2BF1            JNC	0x8F36
8F54:  49D2 0004 08A8  MOV.B	4(R9), &0x08A8
8F5A:  49D2 0005 08A9  MOV.B	5(R9), &0x08A9
8F60:  49D2 0006 08AA  MOV.B	6(R9), &0x08AA
8F66:  49D2 0007 08AB  MOV.B	7(R9), &0x08AB
8F6C:  49D2 0008 08AC  MOV.B	8(R9), &0x08AC
8F72:  49D2 0009 08AD  MOV.B	9(R9), &0x08AD
8F78:  49D2 000A 08AE  MOV.B	10(R9), &0x08AE
8F7E:  49D2 000B 08AF  MOV.B	11(R9), &0x08AF
8F84:  D0B2 8000 066C  BIS	#0x8000, &0x066C
8F8A:  3FCD            JMP	0x8F26
8F8C:  9038 0012       CMP	#0x0012, R8
8F90:  23CC            JNZ	0x8F2A
8F92:  93D9 0003       CMP.B	#1, 3(R9)
8F96:  2404            JZ	0x8FA0
8F98:  93E9 0003       CMP.B	#2, 3(R9)
8F9C:  2429            JZ	0x8FF0
8F9E:  3FC7            JMP	0x8F2E
8FA0:  93D2 06B3       CMP.B	#1, &0x06B3
8FA4:  2BC8            JNC	0x8F36
8FA6:  C3E2 04AC       BIC.B	#2, &0x04AC
8FAA:  40B2 004F 04A8  MOV	#0x004F, &0x04A8
8FB0:  40F2 0006 04AB  MOV.B	#0x0006, &0x04AB
8FB6:  4982 04AE       MOV	R9, &0x04AE
8FBA:  52A2 04AE       ADD	#4, &0x04AE
8FBE:  12B0 CC18       CALL	#0xCC18
8FC2:  B2F2 04AC       BIT.B	#8, &0x04AC
8FC6:  203B            JNZ	0x903E
8FC8:  B2E2 04AC       BIT.B	#4, &0x04AC
8FCC:  23AE            JNZ	0x8F2A
8FCE:  40B2 004F 04A8  MOV	#0x004F, &0x04A8
8FD4:  40F2 0006 04AB  MOV.B	#0x0006, &0x04AB
8FDA:  4982 04AE       MOV	R9, &0x04AE
8FDE:  50B2 000A 04AE  ADD	#0x000A, &0x04AE
8FE4:  12B0 CBF4       CALL	#0xCBF4
8FE8:  B3A2 04F2       BIT	#2, &0x04F2
8FEC:  2028            JNZ	0x903E
8FEE:  3F9B            JMP	0x8F26
8FF0:  93E2 06B3       CMP.B	#2, &0x06B3
8FF4:  2BA0            JNC	0x8F36
8FF6:  C3E2 04AC       BIC.B	#2, &0x04AC
8FFA:  40B2 0048 04A8  MOV	#0x0048, &0x04A8
9000:  40F2 0006 04AB  MOV.B	#0x0006, &0x04AB
9006:  4982 04AE       MOV	R9, &0x04AE
900A:  52A2 04AE       ADD	#4, &0x04AE
900E:  12B0 CC18       CALL	#0xCC18
9012:  B2F2 04AC       BIT.B	#8, &0x04AC
9016:  2013            JNZ	0x903E
9018:  B2E2 04AC       BIT.B	#4, &0x04AC
901C:  2386            JNZ	0x8F2A
901E:  40B2 0048 04A8  MOV	#0x0048, &0x04A8
9024:  40F2 0006 04AB  MOV.B	#0x0006, &0x04AB
902A:  4982 04AE       MOV	R9, &0x04AE
902E:  50B2 000A 04AE  ADD	#0x000A, &0x04AE
9034:  12B0 CBF4       CALL	#0xCBF4
9038:  B3A2 04F2       BIT	#2, &0x04F2
903C:  2774            JZ	0x8F26
903E:  D0B2 2000 04F2  BIS	#0x2000, &0x04F2
9044:  3F76            JMP	0x8F32
9046:  9038 0007       CMP	#0x0007, R8
904A:  236F            JNZ	0x8F2A
904C:  B392 083A       BIT	#1, &0x083A
9050:  276E            JZ	0x8F2E
9052:  9039 0810       CMP	#0x0810, R9
9056:  240E            JZ	0x9074
9058:  9039 04B0       CMP	#0x04B0, R9
905C:  2007            JNZ	0x906C
905E:  B3E2 05A0       BIT.B	#2, &0x05A0
9062:  2C04            JC	0x906C
9064:  92E2 06B3       CMP.B	#4, &0x06B3
9068:  2B62            JNC	0x8F2E
906A:  3C07            JMP	0x907A
906C:  93E2 06B3       CMP.B	#2, &0x06B3
9070:  2B62            JNC	0x8F36
9072:  3C03            JMP	0x907A
9074:  93D2 06B3       CMP.B	#1, &0x06B3
9078:  2B5E            JNC	0x8F36
907A:  495F 0003       MOV.B	3(R9), R15
907E:  F03F 000F       AND	#0x000F, R15
9082:  903F 0006       CMP	#0x0006, R15
9086:  2F53            JC	0x8F2E
9088:  12B0 C628       CALL	#0xC628
908C:  49D2 0003 04E0  MOV.B	3(R9), &0x04E0
9092:  49D2 0004 04E1  MOV.B	4(R9), &0x04E1
9098:  40B2 0044 04A8  MOV	#0x0044, &0x04A8
909E:  40F2 0003 04AB  MOV.B	#0x0003, &0x04AB
90A4:  40B2 04E0 04AE  MOV	#0x04E0, &0x04AE
90AA:  12B0 CBF4       CALL	#0xCBF4
90AE:  B0F2 000C 04AC  BIT.B	#0x000C, &0x04AC
90B4:  233E            JNZ	0x8F32
90B6:  D0B2 0020 04F6  BIS	#0x0020, &0x04F6
90BC:  3F34            JMP	0x8F26
90BE:  9038 0006       CMP	#0x0006, R8
90C2:  2333            JNZ	0x8F2A
90C4:  9039 0810       CMP	#0x0810, R9
90C8:  2004            JNZ	0x90D2
90CA:  92E2 06B3       CMP.B	#4, &0x06B3
90CE:  2B2F            JNC	0x8F2E
90D0:  3C0D            JMP	0x90EC
90D2:  9039 04B0       CMP	#0x04B0, R9
90D6:  2003            JNZ	0x90DE
90D8:  B3E2 05A0       BIT.B	#2, &0x05A0
90DC:  2404            JZ	0x90E6
90DE:  93E2 06B3       CMP.B	#2, &0x06B3
90E2:  2B29            JNC	0x8F36
90E4:  3C03            JMP	0x90EC
90E6:  93D2 06B3       CMP.B	#1, &0x06B3
90EA:  2B25            JNC	0x8F36
90EC:  90F9 0015 0002  CMP.B	#0x0015, 2(R9)
90F2:  2402            JZ	0x90F8
90F4:  4030 9E90       BR	#0x9E90
90F8:  495F 0003       MOV.B	3(R9), R15
90FC:  F03F 000F       AND	#0x000F, R15
9100:  903F 0006       CMP	#0x0006, R15
9104:  2F14            JC	0x8F2E
9106:  40B2 005A 04A8  MOV	#0x005A, &0x04A8
910C:  43D2 04AB       MOV.B	#1, &0x04AB
9110:  4292 06B6 04AE  MOV	&0x06B6, &0x04AE
9116:  12B0 CBF4       CALL	#0xCBF4
911A:  B0F2 000C 04AC  BIT.B	#0x000C, &0x04AC
9120:  2308            JNZ	0x8F32
9122:  D0B2 0010 04F6  BIS	#0x0010, &0x04F6
9128:  3EFE            JMP	0x8F26
912A:  9038 0005       CMP	#0x0005, R8
912E:  22FD            JNZ	0x8F2A
9130:  B0F2 0080 04FC  BIT.B	#0x0080, &0x04FC
9136:  2EF9            JC	0x8F2A
9138:  93E2 06B3       CMP.B	#2, &0x06B3
913C:  2AFC            JNC	0x8F36
913E:  403F 04D0       MOV	#0x04D0, R15
9142:  403E 02B0       MOV	#0x02B0, R14
9146:  C232            DINT
9148:  4303            CLR	CG
914A:  4EBF 0000       MOV	@R14+, 0(R15)
914E:  4EBF 0002       MOV	@R14+, 2(R15)
9152:  D232            EINT
9154:  522F            ADD	#4, R15
9156:  903E 02C0       CMP	#0x02C0, R14
915A:  2BF5            JNC	0x9146
915C:  B0B2 0400 04F4  BIT	#0x0400, &0x04F4
9162:  2422            JZ	0x91A8
9164:  B0B2 0080 04F6  BIT	#0x0080, &0x04F6
916A:  240F            JZ	0x918A
916C:  403F 0670       MOV	#0x0670, R15
9170:  403E 0660       MOV	#0x0660, R14
9174:  C232            DINT
9176:  4303            CLR	CG
9178:  4EBF 0000       MOV	@R14+, 0(R15)
917C:  4EBF 0002       MOV	@R14+, 2(R15)
9180:  D232            EINT
9182:  522F            ADD	#4, R15
9184:  903E 066C       CMP	#0x066C, R14
9188:  2BF5            JNC	0x9174
918A:  403F 05F0       MOV	#0x05F0, R15
918E:  403E 05E0       MOV	#0x05E0, R14
9192:  C232            DINT
9194:  4303            CLR	CG
9196:  4EBF 0000       MOV	@R14+, 0(R15)
919A:  4EBF 0002       MOV	@R14+, 2(R15)
919E:  D232            EINT
91A0:  522F            ADD	#4, R15
91A2:  903E 05F0       CMP	#0x05F0, R14
91A6:  2BF5            JNC	0x9192
91A8:  12B0 BF40       CALL	#0xBF40
91AC:  B0F2 000C 04AC  BIT.B	#0x000C, &0x04AC
91B2:  22BF            JNZ	0x8F32
91B4:  40B2 0198 04A8  MOV	#0x0198, &0x04A8
91BA:  42E2 04AB       MOV.B	#4, &0x04AB
91BE:  40B2 087A 04AE  MOV	#0x087A, &0x04AE
91C4:  12B0 C2E2       CALL	#0xC2E2
91C8:  B0F2 000C 04AC  BIT.B	#0x000C, &0x04AC
91CE:  22B1            JNZ	0x8F32
91D0:  B0B2 0400 04F4  BIT	#0x0400, &0x04F4
91D6:  245E            JZ	0x9294
91D8:  B0B2 2000 04F4  BIT	#0x2000, &0x04F4
91DE:  2447            JZ	0x926E
91E0:  C232            DINT
91E2:  4303            CLR	CG
91E4:  4292 0520 0528  MOV	&0x0520, &0x0528
91EA:  4292 0522 052A  MOV	&0x0522, &0x052A
91F0:  4292 0524 052C  MOV	&0x0524, &0x052C
91F6:  4292 0526 052E  MOV	&0x0526, &0x052E
91FC:  D232            EINT
91FE:  12B0 CA7E       CALL	#0xCA7E
9202:  B0F2 000C 04AC  BIT.B	#0x000C, &0x04AC
9208:  2294            JNZ	0x8F32
920A:  C232            DINT
920C:  4303            CLR	CG
920E:  4292 0610 0618  MOV	&0x0610, &0x0618
9214:  4292 0612 061A  MOV	&0x0612, &0x061A
921A:  4292 0614 061C  MOV	&0x0614, &0x061C
9220:  4292 0616 061E  MOV	&0x0616, &0x061E
9226:  D232            EINT
9228:  40B2 1CCD 04A8  MOV	#0x1CCD, &0x04A8
922E:  42F2 04AB       MOV.B	#8, &0x04AB
9232:  40B2 0610 04AE  MOV	#0x0610, &0x04AE
9238:  12B0 C2E2       CALL	#0xC2E2
923C:  B0F2 000C 04AC  BIT.B	#0x000C, &0x04AC
9242:  2277            JNZ	0x8F32
9244:  4292 0510 04E0  MOV	&0x0510, &0x04E0
924A:  42D2 0514 04E2  MOV.B	&0x0514, &0x04E2
9250:  40B2 00EB 04A8  MOV	#0x00EB, &0x04A8
9256:  40F2 0003 04AB  MOV.B	#0x0003, &0x04AB
925C:  40B2 04E0 04AE  MOV	#0x04E0, &0x04AE
9262:  12B0 CBF4       CALL	#0xCBF4
9266:  B0F2 000C 04AC  BIT.B	#0x000C, &0x04AC
926C:  2262            JNZ	0x8F32
926E:  4292 051C 04E0  MOV	&0x051C, &0x04E0
9274:  40B2 00AC 04A8  MOV	#0x00AC, &0x04A8
927A:  43E2 04AB       MOV.B	#2, &0x04AB
927E:  40B2 04E0 04AE  MOV	#0x04E0, &0x04AE
9284:  12B0 CBF4       CALL	#0xCBF4
9288:  B0F2 000C 04AC  BIT.B	#0x000C, &0x04AC
928E:  2251            JNZ	0x8F32
9290:  4382 051C       CLR	&0x051C
9294:  12B0 CBD8       CALL	#0xCBD8
9298:  B0F2 000C 04AC  BIT.B	#0x000C, &0x04AC
929E:  2249            JNZ	0x8F32
92A0:  12B0 C686       CALL	#0xC686
92A4:  B0B2 0080 04F0  BIT	#0x0080, &0x04F0
92AA:  2E43            JC	0x8F32
92AC:  D2A2 04E0       BIS	#4, &0x04E0
92B0:  D0B2 0100 04F4  BIS	#0x0100, &0x04F4
92B6:  12B0 C6B0       CALL	#0xC6B0
92BA:  B0F2 000C 04AC  BIT.B	#0x000C, &0x04AC
92C0:  2238            JNZ	0x8F32
92C2:  C0F2 0020 0032  BIC.B	#0x0020, &P5DIR
92C8:  3E2E            JMP	0x8F26
92CA:  9038 0018       CMP	#0x0018, R8
92CE:  2402            JZ	0x92D4
92D0:  4030 B8D0       BR	#0xB8D0
92D4:  B0B2 0100 08B8  BIT	#0x0100, &0x08B8
92DA:  2516            JZ	0x9508
92DC:  403B 0080       MOV	#0x0080, R11
92E0:  4038 000E       MOV	#0x000E, R8
92E4:  C0B2 4000 03E8  BIC	#0x4000, &0x03E8
92EA:  C0B2 4000 03F8  BIC	#0x4000, &0x03F8
92F0:  C0B2 4000 0408  BIC	#0x4000, &0x0408
92F6:  490C            MOV	R9, R12
92F8:  BBC9 0003       BIT.B	R11, 3(R9)
92FC:  2412            JZ	0x9322
92FE:  5800            ADD	R8, PC
9300:  3CC9            JMP	0x9494
9302:  3C0F            JMP	0x9322
9304:  3C8A            JMP	0x941A
9306:  3C49            JMP	0x939A
9308:  3C38            JMP	0x937A
930A:  3C0B            JMP	0x9322
930C:  3C0E            JMP	0x932A
930E:  3C00            JMP	0x9310
9310:  D0B2 4000 03E8  BIS	#0x4000, &0x03E8
9316:  D0B2 4000 03F8  BIS	#0x4000, &0x03F8
931C:  D0B2 4000 0408  BIS	#0x4000, &0x0408
9322:  110B            RRA	R11
9324:  8328            DECD	R8
9326:  37E7            JGE	0x92F6
9328:  3CED            JMP	0x9504
932A:  403F 08C0       MOV	#0x08C0, R15
932E:  403D 0006       MOV	#0x0006, R13
9332:  438F 0002       CLR	2(R15)
9336:  438F 0000       CLR	0(R15)
933A:  438F 0006       CLR	6(R15)
933E:  438F 0004       CLR	4(R15)
9342:  438F 000A       CLR	10(R15)
9346:  438F 0008       CLR	8(R15)
934A:  438F 000E       CLR	14(R15)
934E:  438F 000C       CLR	12(R15)
9352:  503F 0010       ADD	#0x0010, R15
9356:  831D            DEC	R13
9358:  23EC            JNZ	0x9332
935A:  4382 08B6       CLR	&0x08B6
935E:  43C2 08B5       CLR.B	&0x08B5
9362:  43C2 08B4       CLR.B	&0x08B4
9366:  C0B2 BFFF 03E8  BIC	#0xBFFF, &0x03E8
936C:  C0B2 BFFF 03F8  BIC	#0xBFFF, &0x03F8
9372:  C0B2 BFFF 0408  BIC	#0xBFFF, &0x0408
9378:  3FD4            JMP	0x9322
937A:  49D2 0010 08B7  MOV.B	16(R9), &0x08B7
9380:  49D2 0011 08B6  MOV.B	17(R9), &0x08B6
9386:  D0B2 0010 03E8  BIS	#0x0010, &0x03E8
938C:  D0B2 0010 03F8  BIS	#0x0010, &0x03F8
9392:  D0B2 0010 0408  BIS	#0x0010, &0x0408
9398:  3FC4            JMP	0x9322
939A:  53D2 08B4       INC.B	&0x08B4
939E:  403E 03A0       MOV	#0x03A0, R14
93A2:  403F 08C0       MOV	#0x08C0, R15
93A6:  430D            CLR	R13
93A8:  93FC 0006       CMP.B	#-1, 6(R12)
93AC:  2006            JNZ	0x93BA
93AE:  93FC 0005       CMP.B	#-1, 5(R12)
93B2:  2003            JNZ	0x93BA
93B4:  93FC 0004       CMP.B	#-1, 4(R12)
93B8:  2424            JZ	0x9402
93BA:  5E9F 0002 0002  ADD	2(R14), 2(R15)
93C0:  6EAF 0000       ADDC	@R14, 0(R15)
93C4:  5E9F 0006 0006  ADD	6(R14), 6(R15)
93CA:  6E9F 0004 0004  ADDC	4(R14), 4(R15)
93D0:  5CDF 0006 000A  ADD.B	6(R12), 10(R15)
93D6:  6CDF 0005 000B  ADDC.B	5(R12), 11(R15)
93DC:  6CDF 0004 0008  ADDC.B	4(R12), 8(R15)
93E2:  D2AD 03E8       BIS	#4, 1000(R13)
93E6:  5CDF 000F 000E  ADD.B	15(R12), 14(R15)
93EC:  6CDF 000E 000F  ADDC.B	14(R12), 15(R15)
93F2:  6CDF 000D 000C  ADDC.B	13(R12), 12(R15)
93F8:  B3E9 0003       BIT.B	#2, 3(R9)
93FC:  2402            JZ	0x9402
93FE:  D2BD 03E8       BIS	#8, 1000(R13)
9402:  503E 0010       ADD	#0x0010, R14
9406:  503F 0010       ADD	#0x0010, R15
940A:  503C 0003       ADD	#0x0003, R12
940E:  503D 0010       ADD	#0x0010, R13
9412:  903D 0030       CMP	#0x0030, R13
9416:  2BC8            JNC	0x93A8
9418:  3F84            JMP	0x9322
941A:  53D2 08B5       INC.B	&0x08B5
941E:  403E 0360       MOV	#0x0360, R14
9422:  403F 08F0       MOV	#0x08F0, R15
9426:  430D            CLR	R13
9428:  5EAF 0002       ADD	@R14, 2(R15)
942C:  638F 0000       ADC	0(R15)
9430:  5E9F 0004 0006  ADD	4(R14), 6(R15)
9436:  6E9F 0002 0004  ADDC	2(R14), 4(R15)
943C:  93FC 0005       CMP.B	#-1, 5(R12)
9440:  2003            JNZ	0x9448
9442:  93FC 0004       CMP.B	#-1, 4(R12)
9446:  240A            JZ	0x945C
9448:  5CDF 0005 000A  ADD.B	5(R12), 10(R15)
944E:  6CDF 0004 000B  ADDC.B	4(R12), 11(R15)
9454:  638F 0008       ADC	8(R15)
9458:  D39D 03E8       BIS	#1, 1000(R13)
945C:  93FC 000B       CMP.B	#-1, 11(R12)
9460:  2003            JNZ	0x9468
9462:  93FC 000A       CMP.B	#-1, 10(R12)
9466:  240A            JZ	0x947C
9468:  5CDF 000B 000E  ADD.B	11(R12), 14(R15)
946E:  6CDF 000A 000F  ADDC.B	10(R12), 15(R15)
9474:  638F 000C       ADC	12(R15)
9478:  D3AD 03E8       BIS	#2, 1000(R13)
947C:  503E 0010       ADD	#0x0010, R14
9480:  503F 0010       ADD	#0x0010, R15
9484:  532C            INCD	R12
9486:  503D 0010       ADD	#0x0010, R13
948A:  903D 0030       CMP	#0x0030, R13
948E:  2BCC            JNC	0x9428
9490:  4030 9322       BR	#0x9322
9494:  403F 08C0       MOV	#0x08C0, R15
9498:  430D            CLR	R13
949A:  903D 0030       CMP	#0x0030, R13
949E:  2C03            JC	0x94A6
94A0:  425A 08B4       MOV.B	&0x08B4, R10
94A4:  3C02            JMP	0x94AA
94A6:  425A 08B5       MOV.B	&0x08B5, R10
94AA:  930A            TST	R10
94AC:  241B            JZ	0x94E4
94AE:  431E            MOV	#1, R14
94B0:  9A0E            CMP	R10, R14
94B2:  2405            JZ	0x94BE
94B4:  5E0E            RLA	R14
94B6:  903E 0100       CMP	#0x0100, R14
94BA:  2BFA            JNC	0x94B0
94BC:  3C25            JMP	0x9508
94BE:  110A            RRA	R10
94C0:  930A            TST	R10
94C2:  2410            JZ	0x94E4
94C4:  112F            RRA	@R15
94C6:  101F 0002       RRC	2(R15)
94CA:  111F 0004       RRA	4(R15)
94CE:  101F 0006       RRC	6(R15)
94D2:  111F 0008       RRA	8(R15)
94D6:  101F 000A       RRC	10(R15)
94DA:  111F 000C       RRA	12(R15)
94DE:  101F 000E       RRC	14(R15)
94E2:  3FED            JMP	0x94BE
94E4:  503F 0010       ADD	#0x0010, R15
94E8:  503D 0010       ADD	#0x0010, R13
94EC:  903D 0060       CMP	#0x0060, R13
94F0:  2BD4            JNC	0x949A
94F2:  D0B2 0040 03E8  BIS	#0x0040, &0x03E8
94F8:  D0B2 0040 03F8  BIS	#0x0040, &0x03F8
94FE:  D0B2 0040 0408  BIS	#0x0040, &0x0408
9504:  4030 849C       BR	#0x849C
9508:  4030 B842       BR	#0xB842
950C:  9038 0006       CMP	#0x0006, R8
9510:  21D4            JNZ	0x98BA
9512:  90F9 0010 0002  CMP.B	#0x0010, 2(R9)
9518:  2404            JZ	0x9522
951A:  B0B2 0400 04F4  BIT	#0x0400, &0x04F4
9520:  25CE            JZ	0x98BE
9522:  93E2 06B3       CMP.B	#2, &0x06B3
9526:  29CF            JNC	0x98C6
9528:  12B0 C686       CALL	#0xC686
952C:  B0B2 0080 04F0  BIT	#0x0080, &0x04F0
9532:  21C7            JNZ	0x98C2
9534:  90F9 0010 0002  CMP.B	#0x0010, 2(R9)
953A:  2412            JZ	0x9560
953C:  93C9 0003       TST.B	3(R9)
9540:  2409            JZ	0x9554
9542:  93D9 0003       CMP.B	#1, 3(R9)
9546:  21BB            JNZ	0x98BE
9548:  D0B2 0800 04F4  BIS	#0x0800, &0x04F4
954E:  D3E2 04E0       BIS.B	#2, &0x04E0
9552:  3C1B            JMP	0x958A
9554:  C0B2 0800 04F4  BIC	#0x0800, &0x04F4
955A:  C3E2 04E0       BIC.B	#2, &0x04E0
955E:  3C15            JMP	0x958A
9560:  93C9 0003       TST.B	3(R9)
9564:  2405            JZ	0x9570
9566:  93D9 0003       CMP.B	#1, 3(R9)
956A:  2409            JZ	0x957E
956C:  4030 B842       BR	#0xB842
9570:  C0B2 4000 066C  BIC	#0x4000, &0x066C
9576:  C0F2 0040 04E0  BIC.B	#0x0040, &0x04E0
957C:  3C06            JMP	0x958A
957E:  D0B2 4000 066C  BIS	#0x4000, &0x066C
9584:  D0F2 0040 04E0  BIS.B	#0x0040, &0x04E0
958A:  12B0 C6B0       CALL	#0xC6B0
958E:  B0F2 000C 04AC  BIT.B	#0x000C, &0x04AC
9594:  2196            JNZ	0x98C2
9596:  3D8F            JMP	0x98B6
9598:  9038 000B       CMP	#0x000B, R8
959C:  218E            JNZ	0x98BA
959E:  B0B2 0400 04F4  BIT	#0x0400, &0x04F4
95A4:  258C            JZ	0x98BE
95A6:  93E2 06B3       CMP.B	#2, &0x06B3
95AA:  298D            JNC	0x98C6
95AC:  93D9 0003       CMP.B	#1, 3(R9)
95B0:  2986            JNC	0x98BE
95B2:  90F9 0023 0003  CMP.B	#0x0023, 3(R9)
95B8:  2D82            JC	0x98BE
95BA:  93D9 0004       CMP.B	#1, 4(R9)
95BE:  297F            JNC	0x98BE
95C0:  92F9 0004       CMP.B	#8, 4(R9)
95C4:  2D7C            JC	0x98BE
95C6:  93D9 0005       CMP.B	#1, 5(R9)
95CA:  2979            JNC	0x98BE
95CC:  90F9 0013 0005  CMP.B	#0x0013, 5(R9)
95D2:  2D75            JC	0x98BE
95D4:  93E9 0006       CMP.B	#2, 6(R9)
95D8:  2972            JNC	0x98BE
95DA:  90F9 0024 0006  CMP.B	#0x0024, 6(R9)
95E0:  2D6E            JC	0x98BE
95E2:  93D9 0007       CMP.B	#1, 7(R9)
95E6:  296B            JNC	0x98BE
95E8:  92F9 0007       CMP.B	#8, 7(R9)
95EC:  2D68            JC	0x98BE
95EE:  93D9 0008       CMP.B	#1, 8(R9)
95F2:  2965            JNC	0x98BE
95F4:  90F9 0013 0008  CMP.B	#0x0013, 8(R9)
95FA:  2D61            JC	0x98BE
95FC:  40B2 0091 04A8  MOV	#0x0091, &0x04A8
9602:  40F2 0006 04AB  MOV.B	#0x0006, &0x04AB
9608:  4292 06B6 04AE  MOV	&0x06B6, &0x04AE
960E:  12B0 CBF4       CALL	#0xCBF4
9612:  B0F2 000C 04AC  BIT.B	#0x000C, &0x04AC
9618:  2154            JNZ	0x98C2
961A:  D0F2 0010 050C  BIS.B	#0x0010, &0x050C
9620:  3D4A            JMP	0x98B6
9622:  9038 0009       CMP	#0x0009, R8
9626:  2149            JNZ	0x98BA
9628:  93E2 06B3       CMP.B	#2, &0x06B3
962C:  294C            JNC	0x98C6
962E:  40B2 009D 04A8  MOV	#0x009D, &0x04A8
9634:  42E2 04AB       MOV.B	#4, &0x04AB
9638:  4292 06B6 04AE  MOV	&0x06B6, &0x04AE
963E:  12B0 CBF4       CALL	#0xCBF4
9642:  B0F2 000C 04AC  BIT.B	#0x000C, &0x04AC
9648:  213C            JNZ	0x98C2
964A:  3D35            JMP	0x98B6
964C:  9038 0005       CMP	#0x0005, R8
9650:  2134            JNZ	0x98BA
9652:  92E2 06B3       CMP.B	#4, &0x06B3
9656:  2937            JNC	0x98C6
9658:  403F 02B0       MOV	#0x02B0, R15
965C:  403E 04D0       MOV	#0x04D0, R14
9660:  C232            DINT
9662:  4303            CLR	CG
9664:  438F 0000       CLR	0(R15)
9668:  438F 0002       CLR	2(R15)
966C:  438E 0000       CLR	0(R14)
9670:  438E 0002       CLR	2(R14)
9674:  D232            EINT
9676:  522E            ADD	#4, R14
9678:  522F            ADD	#4, R15
967A:  903F 02C0       CMP	#0x02C0, R15
967E:  2BF0            JNC	0x9660
9680:  422F            MOV	#4, R15
9682:  4382 04A8       CLR	&0x04A8
9686:  40F2 0010 04AB  MOV.B	#0x0010, &0x04AB
968C:  40B2 04D0 04AE  MOV	#0x04D0, &0x04AE
9692:  12B0 CBF4       CALL	#0xCBF4
9696:  B0F2 000C 04AC  BIT.B	#0x000C, &0x04AC
969C:  2112            JNZ	0x98C2
969E:  80B2 00EF 04A8  SUB	#0x00EF, &0x04A8
96A4:  831F            DEC	R15
96A6:  23EF            JNZ	0x9686
96A8:  B0B2 0400 04F4  BIT	#0x0400, &0x04F4
96AE:  244E            JZ	0x974C
96B0:  403D 0061       MOV	#0x0061, R13
96B4:  40B2 0200 04A8  MOV	#0x0200, &0x04A8
96BA:  E0F2 0020 0031  XOR.B	#0x0020, &P5OUT
96C0:  40F2 0010 04AB  MOV.B	#0x0010, &0x04AB
96C6:  40B2 0800 04AE  MOV	#0x0800, &0x04AE
96CC:  12B0 C2E2       CALL	#0xC2E2
96D0:  B0F2 000C 04AC  BIT.B	#0x000C, &0x04AC
96D6:  20F5            JNZ	0x98C2
96D8:  50B2 0011 04A8  ADD	#0x0011, &0x04A8
96DE:  831D            DEC	R13
96E0:  23EC            JNZ	0x96BA
96E2:  403F 05E0       MOV	#0x05E0, R15
96E6:  C232            DINT
96E8:  4303            CLR	CG
96EA:  438F 0000       CLR	0(R15)
96EE:  438F 0002       CLR	2(R15)
96F2:  D232            EINT
96F4:  522F            ADD	#4, R15
96F6:  903F 0600       CMP	#0x0600, R15
96FA:  2BF5            JNC	0x96E6
96FC:  403F 0660       MOV	#0x0660, R15
9700:  C232            DINT
9702:  4303            CLR	CG
9704:  438F 0000       CLR	0(R15)
9708:  438F 0002       CLR	2(R15)
970C:  438F 0010       CLR	16(R15)
9710:  438F 0012       CLR	18(R15)
9714:  D232            EINT
9716:  522F            ADD	#4, R15
9718:  903F 066C       CMP	#0x066C, R15
971C:  2BF1            JNC	0x9700
971E:  422D            MOV	#4, R13
9720:  40B2 092A 04A8  MOV	#0x092A, &0x04A8
9726:  40F2 000C 04AB  MOV.B	#0x000C, &0x04AB
972C:  40B2 0670 04AE  MOV	#0x0670, &0x04AE
9732:  12B0 C2E2       CALL	#0xC2E2
9736:  B0F2 000C 04AC  BIT.B	#0x000C, &0x04AC
973C:  20C2            JNZ	0x98C2
973E:  50B2 000D 04A8  ADD	#0x000D, &0x04A8
9744:  831D            DEC	R13
9746:  23EF            JNZ	0x9726
9748:  D2A2 0548       BIS	#4, &0x0548
974C:  3CB4            JMP	0x98B6
974E:  9038 0005       CMP	#0x0005, R8
9752:  20B3            JNZ	0x98BA
9754:  93E2 06B3       CMP.B	#2, &0x06B3
9758:  28B6            JNC	0x98C6
975A:  B092 EEE2 04F4  BIT	0x8640, &0x04F4
9760:  24AE            JZ	0x98BE
9762:  40B2 0101 04E0  MOV	#0x0101, &0x04E0
9768:  40B2 0101 04E2  MOV	#0x0101, &0x04E2
976E:  40B2 0101 04E4  MOV	#0x0101, &0x04E4
9774:  40B2 0101 04E6  MOV	#0x0101, &0x04E6
977A:  40B2 0088 04A8  MOV	#0x0088, &0x04A8
9780:  42F2 04AB       MOV.B	#8, &0x04AB
9784:  40B2 04E0 04AE  MOV	#0x04E0, &0x04AE
978A:  12B0 CBF4       CALL	#0xCBF4
978E:  B0F2 000C 04AC  BIT.B	#0x000C, &0x04AC
9794:  2002            JNZ	0x979A
9796:  12B0 D5B4       CALL	#0xD5B4
979A:  12B0 C8D4       CALL	#0xC8D4
979E:  D2A2 0548       BIS	#4, &0x0548
97A2:  3C89            JMP	0x98B6
97A4:  9038 0009       CMP	#0x0009, R8
97A8:  2088            JNZ	0x98BA
97AA:  93E2 06B3       CMP.B	#2, &0x06B3
97AE:  288B            JNC	0x98C6
97B0:  40B2 0098 04A8  MOV	#0x0098, &0x04A8
97B6:  42E2 04AB       MOV.B	#4, &0x04AB
97BA:  4292 06B6 04AE  MOV	&0x06B6, &0x04AE
97C0:  12B0 C2E2       CALL	#0xC2E2
97C4:  B0F2 000C 04AC  BIT.B	#0x000C, &0x04AC
97CA:  207B            JNZ	0x98C2
97CC:  3C74            JMP	0x98B6
97CE:  9038 000E       CMP	#0x000E, R8
97D2:  2073            JNZ	0x98BA
97D4:  B0B2 2000 04F4  BIT	#0x2000, &0x04F4
97DA:  2471            JZ	0x98BE
97DC:  93E2 06B3       CMP.B	#2, &0x06B3
97E0:  2872            JNC	0x98C6
97E2:  495F 0003       MOV.B	3(R9), R15
97E6:  930F            TST	R15
97E8:  246A            JZ	0x98BE
97EA:  903F 0013       CMP	#0x0013, R15
97EE:  2C67            JC	0x98BE
97F0:  F03F 000F       AND	#0x000F, R15
97F4:  903F 000A       CMP	#0x000A, R15
97F8:  2C62            JC	0x98BE
97FA:  422D            MOV	#4, R13
97FC:  490E            MOV	R9, R14
97FE:  4E5F 0004       MOV.B	4(R14), R15
9802:  903F 0060       CMP	#0x0060, R15
9806:  2C5B            JC	0x98BE
9808:  F03F 000F       AND	#0x000F, R15
980C:  903F 000A       CMP	#0x000A, R15
9810:  2C56            JC	0x98BE
9812:  4E5F 0005       MOV.B	5(R14), R15
9816:  903F 0024       CMP	#0x0024, R15
981A:  2C51            JC	0x98BE
981C:  F03F 000F       AND	#0x000F, R15
9820:  903F 000A       CMP	#0x000A, R15
9824:  2C4C            JC	0x98BE
9826:  532E            INCD	R14
9828:  831D            DEC	R13
982A:  23E9            JNZ	0x97FE
982C:  495F 0003       MOV.B	3(R9), R15
9830:  12B0 4CBC       CALL	#0x4CBC
9834:  40B2 0F85 04A8  MOV	#0x0F85, &0x04A8
983A:  50B2 0009 04A8  ADD	#0x0009, &0x04A8
9840:  831F            DEC	R15
9842:  23FB            JNZ	0x983A
9844:  42F2 04AB       MOV.B	#8, &0x04AB
9848:  4982 04AE       MOV	R9, &0x04AE
984C:  52A2 04AE       ADD	#4, &0x04AE
9850:  12B0 C2E2       CALL	#0xC2E2
9854:  B0F2 000C 04AC  BIT.B	#0x000C, &0x04AC
985A:  2033            JNZ	0x98C2
985C:  B0B2 0020 0546  BIT	#0x0020, &0x0546
9862:  2C06            JC	0x9870
9864:  D0B2 0800 0548  BIS	#0x0800, &0x0548
986A:  D0B2 0020 0546  BIS	#0x0020, &0x0546
9870:  3C22            JMP	0x98B6
9872:  9038 0005       CMP	#0x0005, R8
9876:  2021            JNZ	0x98BA
9878:  B0B2 2000 04F4  BIT	#0x2000, &0x04F4
987E:  241F            JZ	0x98BE
9880:  93E2 06B3       CMP.B	#2, &0x06B3
9884:  2820            JNC	0x98C6
9886:  403F 095E       MOV	#0x095E, R15
988A:  4F82 04A8       MOV	R15, &0x04A8
988E:  40F2 0010 04AB  MOV.B	#0x0010, &0x04AB
9894:  40B2 0800 04AE  MOV	#0x0800, &0x04AE
989A:  12B0 C2E2       CALL	#0xC2E2
989E:  B0F2 000C 04AC  BIT.B	#0x000C, &0x04AC
98A4:  200E            JNZ	0x98C2
98A6:  503F 0011       ADD	#0x0011, R15
98AA:  903F 0A2A       CMP	#0x0A2A, R15
98AE:  2BED            JNC	0x988A
98B0:  D0B2 1000 0548  BIS	#0x1000, &0x0548
98B6:  4030 849C       BR	#0x849C
98BA:  4030 B8D0       BR	#0xB8D0
98BE:  4030 B842       BR	#0xB842
98C2:  4030 B848       BR	#0xB848
98C6:  4030 B84E       BR	#0xB84E
98CA:  9038 0006       CMP	#0x0006, R8
98CE:  23F5            JNZ	0x98BA
98D0:  93E2 06B3       CMP.B	#2, &0x06B3
98D4:  2BF8            JNC	0x98C6
98D6:  93D9 0003       CMP.B	#1, 3(R9)
98DA:  280C            JNC	0x98F4
98DC:  2401            JZ	0x98E0
98DE:  3FEF            JMP	0x98BE
98E0:  D0B2 0200 04F4  BIS	#0x0200, &0x04F4
98E6:  421E 0434       MOV	&0x0434, R14
98EA:  421D 0436       MOV	&0x0436, R13
98EE:  421C 043A       MOV	&0x043A, R12
98F2:  3C09            JMP	0x9906
98F4:  C0B2 0200 04F4  BIC	#0x0200, &0x04F4
98FA:  421E 0430       MOV	&0x0430, R14
98FE:  421D 0432       MOV	&0x0432, R13
9902:  421C 0438       MOV	&0x0438, R12
9906:  403F 02F0       MOV	#0x02F0, R15
990A:  4E8F 0000       MOV	R14, 0(R15)
990E:  4D8F 0002       MOV	R13, 2(R15)
9912:  522F            ADD	#4, R15
9914:  903F 0300       CMP	#0x0300, R15
9918:  2BF8            JNC	0x990A
991A:  403F 03D8       MOV	#0x03D8, R15
991E:  4C8F 0000       MOV	R12, 0(R15)
9922:  532F            INCD	R15
9924:  903F 03E0       CMP	#0x03E0, R15
9928:  2BFA            JNC	0x991E
992A:  403F 05D0       MOV	#0x05D0, R15
992E:  4E8F 0000       MOV	R14, 0(R15)
9932:  4D8F 0002       MOV	R13, 2(R15)
9936:  522F            ADD	#4, R15
9938:  903F 05E0       CMP	#0x05E0, R15
993C:  2BF8            JNC	0x992E
993E:  403F 0608       MOV	#0x0608, R15
9942:  4C8F 0000       MOV	R12, 0(R15)
9946:  532F            INCD	R15
9948:  903F 0610       CMP	#0x0610, R15
994C:  2BFA            JNC	0x9942
994E:  403F 0654       MOV	#0x0654, R15
9952:  4E8F 0000       MOV	R14, 0(R15)
9956:  4D8F 0002       MOV	R13, 2(R15)
995A:  522F            ADD	#4, R15
995C:  903F 0660       CMP	#0x0660, R15
9960:  2BF8            JNC	0x9952
9962:  4C82 066E       MOV	R12, &0x066E
9966:  4C82 067C       MOV	R12, &0x067C
996A:  4C82 067E       MOV	R12, &0x067E
996E:  12B0 C686       CALL	#0xC686
9972:  B0B2 0080 04F0  BIT	#0x0080, &0x04F0
9978:  23A4            JNZ	0x98C2
997A:  B0B2 0200 04F4  BIT	#0x0200, &0x04F4
9980:  2C03            JC	0x9988
9982:  C3D2 04E0       BIC.B	#1, &0x04E0
9986:  3C02            JMP	0x998C
9988:  D3D2 04E0       BIS.B	#1, &0x04E0
998C:  12B0 C6B0       CALL	#0xC6B0
9990:  B0F2 000C 04AC  BIT.B	#0x000C, &0x04AC
9996:  2395            JNZ	0x98C2
9998:  3F8E            JMP	0x98B6
999A:  9038 0007       CMP	#0x0007, R8
999E:  238D            JNZ	0x98BA
99A0:  92E2 06B3       CMP.B	#4, &0x06B3
99A4:  2B90            JNC	0x98C6
99A6:  93C9 0003       TST.B	3(R9)
99AA:  2789            JZ	0x98BE
99AC:  92E9 0003       CMP.B	#4, 3(R9)
99B0:  2F86            JC	0x98BE
99B2:  403D 0100       MOV	#0x0100, R13
99B6:  90F9 0028 0002  CMP.B	#0x0028, 2(R9)
99BC:  2402            JZ	0x99C2
99BE:  403D 0080       MOV	#0x0080, R13
99C2:  495F 0003       MOV.B	3(R9), R15
99C6:  403E 026C       MOV	#0x026C, R14
99CA:  503E 0010       ADD	#0x0010, R14
99CE:  831F            DEC	R15
99D0:  23FC            JNZ	0x99CA
99D2:  93C9 0004       TST.B	4(R9)
99D6:  2403            JZ	0x99DE
99D8:  DD8E 0000       BIS	R13, 0(R14)
99DC:  3F6C            JMP	0x98B6
99DE:  CD8E 0000       BIC	R13, 0(R14)
99E2:  3F69            JMP	0x98B6
99E4:  9038 0006       CMP	#0x0006, R8
99E8:  2368            JNZ	0x98BA
99EA:  93E2 06B3       CMP.B	#2, &0x06B3
99EE:  2B6B            JNC	0x98C6
99F0:  93C9 0003       TST.B	3(R9)
99F4:  2410            JZ	0x9A16
99F6:  93D9 0003       CMP.B	#1, 3(R9)
99FA:  2401            JZ	0x99FE
99FC:  3F60            JMP	0x98BE
99FE:  D3D2 04FC       BIS.B	#1, &0x04FC
9A02:  403F 04C8       MOV	#0x04C8, R15
9A06:  F0FF 0021 0000  AND.B	#0x0021, 0(R15)
9A0C:  531F            INC	R15
9A0E:  903F 04D0       CMP	#0x04D0, R15
9A12:  2BF9            JNC	0x9A06
9A14:  3C11            JMP	0x9A38
9A16:  C3D2 04FC       BIC.B	#1, &0x04FC
9A1A:  12B0 C858       CALL	#0xC858
9A1E:  B0B2 0400 04F4  BIT	#0x0400, &0x04F4
9A24:  2C09            JC	0x9A38
9A26:  403F 04C8       MOV	#0x04C8, R15
9A2A:  F0FF 001F 0000  AND.B	#0x001F, 0(R15)
9A30:  531F            INC	R15
9A32:  903F 04D0       CMP	#0x04D0, R15
9A36:  2BF9            JNC	0x9A2A
9A38:  12B0 C65C       CALL	#0xC65C
9A3C:  B0B2 8000 04F2  BIT	#0x8000, &0x04F2
9A42:  233F            JNZ	0x98C2
9A44:  B3D2 04FC       BIT.B	#1, &0x04FC
9A48:  2C03            JC	0x9A50
9A4A:  C3D2 04E0       BIC.B	#1, &0x04E0
9A4E:  3C02            JMP	0x9A54
9A50:  D3D2 04E0       BIS.B	#1, &0x04E0
9A54:  40B2 0056 04A8  MOV	#0x0056, &0x04A8
9A5A:  43D2 04AB       MOV.B	#1, &0x04AB
9A5E:  40B2 04E0 04AE  MOV	#0x04E0, &0x04AE
9A64:  12B0 CBF4       CALL	#0xCBF4
9A68:  B0F2 000C 04AC  BIT.B	#0x000C, &0x04AC
9A6E:  2329            JNZ	0x98C2
9A70:  425F 04FC       MOV.B	&0x04FC, R15
9A74:  F03F 0006       AND	#0x0006, R15
9A78:  930F            TST	R15
9A7A:  240D            JZ	0x9A96
9A7C:  B3D2 04FC       BIT.B	#1, &0x04FC
9A80:  240A            JZ	0x9A96
9A82:  B0F2 0020 04AC  BIT.B	#0x0020, &0x04AC
9A88:  271C            JZ	0x98C2
9A8A:  F0F2 008F 04FC  AND.B	#0x008F, &0x04FC
9A90:  D0F2 0080 04FC  BIS.B	#0x0080, &0x04FC
9A96:  B0B2 0400 04F4  BIT	#0x0400, &0x04F4
9A9C:  240A            JZ	0x9AB2
9A9E:  B392 0546       BIT	#1, &0x0546
9AA2:  2C07            JC	0x9AB2
9AA4:  D0B2 0010 087A  BIS	#0x0010, &0x087A
9AAA:  D392 0548       BIS	#1, &0x0548
9AAE:  D392 0546       BIS	#1, &0x0546
9AB2:  3F01            JMP	0x98B6
9AB4:  9038 0006       CMP	#0x0006, R8
9AB8:  2300            JNZ	0x98BA
9ABA:  B0B2 0400 04F4  BIT	#0x0400, &0x04F4
9AC0:  2EFE            JC	0x98BE
9AC2:  93E2 06B3       CMP.B	#2, &0x06B3
9AC6:  2AFF            JNC	0x98C6
9AC8:  92E9 0003       CMP.B	#4, 3(R9)
9ACC:  2EF8            JC	0x98BE
9ACE:  B3D2 04FC       BIT.B	#1, &0x04FC
9AD2:  2EF5            JC	0x98BE
9AD4:  495E 0003       MOV.B	3(R9), R14
9AD8:  F03E 0007       AND	#0x0007, R14
9ADC:  5E0E            RLA	R14
9ADE:  425F 04FC       MOV.B	&0x04FC, R15
9AE2:  F03F 0006       AND	#0x0006, R15
9AE6:  9F0E            CMP	R15, R14
9AE8:  240F            JZ	0x9B08
9AEA:  F0F2 008F 04FC  AND.B	#0x008F, &0x04FC
9AF0:  5E0E            RLA	R14
9AF2:  5E0E            RLA	R14
9AF4:  5E0E            RLA	R14
9AF6:  5EC2 04FC       ADD.B	R14, &0x04FC
9AFA:  B0F2 0020 04AC  BIT.B	#0x0020, &0x04AC
9B00:  2568            JZ	0x9DD2
9B02:  D0F2 0080 04FC  BIS.B	#0x0080, &0x04FC
9B08:  3D60            JMP	0x9DCA
9B0A:  9238            CMP	#8, R8
9B0C:  2160            JNZ	0x9DCE
9B0E:  93E2 06B3       CMP.B	#2, &0x06B3
9B12:  2963            JNC	0x9DDA
9B14:  49D2 0003 049D  MOV.B	3(R9), &0x049D
9B1A:  49D2 0004 049E  MOV.B	4(R9), &0x049E
9B20:  1092 049E       SWPB	&0x049E
9B24:  49D2 0005 049E  MOV.B	5(R9), &0x049E
9B2A:  40B2 006A 04A8  MOV	#0x006A, &0x04A8
9B30:  40F2 0003 04AB  MOV.B	#0x0003, &0x04AB
9B36:  40B2 049D 04AE  MOV	#0x049D, &0x04AE
9B3C:  12B0 CBF4       CALL	#0xCBF4
9B40:  B0F2 000C 04AC  BIT.B	#0x000C, &0x04AC
9B46:  2147            JNZ	0x9DD6
9B48:  B392 04F8       BIT	#1, &0x04F8
9B4C:  240B            JZ	0x9B64
9B4E:  B3A2 04F8       BIT	#2, &0x04F8
9B52:  2408            JZ	0x9B64
9B54:  B2B2 04F8       BIT	#8, &0x04F8
9B58:  2C05            JC	0x9B64
9B5A:  C3E2 001D       BIC.B	#2, &P4OUT
9B5E:  C0B2 0200 04F8  BIC	#0x0200, &0x04F8
9B64:  B2A2 0546       BIT	#4, &0x0546
9B68:  2C05            JC	0x9B74
9B6A:  D0B2 0100 0548  BIS	#0x0100, &0x0548
9B70:  D2A2 0546       BIS	#4, &0x0546
9B74:  3D2A            JMP	0x9DCA
9B76:  9038 0006       CMP	#0x0006, R8
9B7A:  2129            JNZ	0x9DCE
9B7C:  93E2 06B3       CMP.B	#2, &0x06B3
9B80:  292C            JNC	0x9DDA
9B82:  93C9 0003       TST.B	3(R9)
9B86:  2404            JZ	0x9B90
9B88:  93D9 0003       CMP.B	#1, 3(R9)
9B8C:  2404            JZ	0x9B96
9B8E:  3D21            JMP	0x9DD2
9B90:  C3A2 04F8       BIC	#2, &0x04F8
9B94:  3C02            JMP	0x9B9A
9B96:  D3A2 04F8       BIS	#2, &0x04F8
9B9A:  12B0 C776       CALL	#0xC776
9B9E:  B392 04F0       BIT	#1, &0x04F0
9BA2:  2119            JNZ	0x9DD6
9BA4:  B2A2 0546       BIT	#4, &0x0546
9BA8:  2C05            JC	0x9BB4
9BAA:  D0B2 0100 0548  BIS	#0x0100, &0x0548
9BB0:  D2A2 0546       BIS	#4, &0x0546
9BB4:  3D0A            JMP	0x9DCA
9BB6:  9038 000A       CMP	#0x000A, R8
9BBA:  2109            JNZ	0x9DCE
9BBC:  93E2 06B3       CMP.B	#2, &0x06B3
9BC0:  290C            JNC	0x9DDA
9BC2:  93C9 0004       TST.B	4(R9)
9BC6:  200B            JNZ	0x9BDE
9BC8:  93C9 0005       TST.B	5(R9)
9BCC:  2008            JNZ	0x9BDE
9BCE:  93C9 0006       TST.B	6(R9)
9BD2:  2005            JNZ	0x9BDE
9BD4:  90F9 0014 0007  CMP.B	#0x0014, 7(R9)
9BDA:  2C01            JC	0x9BDE
9BDC:  3CFA            JMP	0x9DD2
9BDE:  93C9 0003       TST.B	3(R9)
9BE2:  24F7            JZ	0x9DD2
9BE4:  90F9 0005 0003  CMP.B	#0x0005, 3(R9)
9BEA:  2CF3            JC	0x9DD2
9BEC:  495F 0004       MOV.B	4(R9), R15
9BF0:  108F            SWPB	R15
9BF2:  495D 0005       MOV.B	5(R9), R13
9BF6:  5D0F            ADD	R13, R15
9BF8:  495E 0006       MOV.B	6(R9), R14
9BFC:  108E            SWPB	R14
9BFE:  495D 0007       MOV.B	7(R9), R13
9C02:  5D0E            ADD	R13, R14
9C04:  93D2 04FD       CMP.B	#1, &0x04FD
9C08:  2003            JNZ	0x9C10
9C0A:  403D 000A       MOV	#0x000A, R13
9C0E:  3C07            JMP	0x9C1E
9C10:  90F2 0003 04FD  CMP.B	#0x0003, &0x04FD
9C16:  2402            JZ	0x9C1C
9C18:  432D            MOV	#2, R13
9C1A:  3C01            JMP	0x9C1E
9C1C:  431D            MOV	#1, R13
9C1E:  C232            DINT
9C20:  4303            CLR	CG
9C22:  4F82 0130       MOV	R15, &MPY
9C26:  4D82 0138       MOV	R13, &OP2
9C2A:  4292 013A 013C  MOV	&RESLO, &RESHI
9C30:  4382 013A       CLR	&RESLO
9C34:  4E82 0134       MOV	R14, &MAC
9C38:  4D82 0138       MOV	R13, &OP2
9C3C:  421F 013C       MOV	&RESHI, R15
9C40:  421E 013A       MOV	&RESLO, R14
9C44:  D232            EINT
9C46:  4EC7 0007       MOV.B	R14, 7(R7)
9C4A:  108E            SWPB	R14
9C4C:  4EC7 0006       MOV.B	R14, 6(R7)
9C50:  4FC7 0005       MOV.B	R15, 5(R7)
9C54:  108F            SWPB	R15
9C56:  4FC7 0004       MOV.B	R15, 4(R7)
9C5A:  425F 03BE       MOV.B	&0x03BE, R15
9C5E:  49D2 0003 03BE  MOV.B	3(R9), &0x03BE
9C64:  12B0 C1A0       CALL	#0xC1A0
9C68:  4FC2 03BE       MOV.B	R15, &0x03BE
9C6C:  403F 04E0       MOV	#0x04E0, R15
9C70:  470E            MOV	R7, R14
9C72:  522E            ADD	#4, R14
9C74:  5EDF 0003 0002  ADD.B	3(R14), 2(R15)
9C7A:  6EDF 0002 0003  ADDC.B	2(R14), 3(R15)
9C80:  6EDF 0001 0000  ADDC.B	1(R14), 0(R15)
9C86:  6EEF 0001       ADDC.B	@R14, 1(R15)
9C8A:  929F 0376 0000  CMP	&0x0376, 0(R15)
9C90:  280B            JNC	0x9CA8
9C92:  2004            JNZ	0x9C9C
9C94:  929F 0378 0002  CMP	&0x0378, 2(R15)
9C9A:  2806            JNC	0x9CA8
9C9C:  829F 0378 0002  SUB	&0x0378, 2(R15)
9CA2:  729F 0376 0000  SUBC	&0x0376, 0(R15)
9CA8:  495F 0003       MOV.B	3(R9), R15
9CAC:  831F            DEC	R15
9CAE:  5F0F            RLA	R15
9CB0:  425E 04FC       MOV.B	&0x04FC, R14
9CB4:  F03E 0006       AND	#0x0006, R14
9CB8:  9E0F            CMP	R14, R15
9CBA:  2014            JNZ	0x9CE4
9CBC:  4292 04E0 047C  MOV	&0x04E0, &0x047C
9CC2:  4292 04E2 047E  MOV	&0x04E2, &0x047E
9CC8:  B392 04F8       BIT	#1, &0x04F8
9CCC:  240B            JZ	0x9CE4
9CCE:  B2A2 04F8       BIT	#4, &0x04F8
9CD2:  2408            JZ	0x9CE4
9CD4:  B2B2 04F8       BIT	#8, &0x04F8
9CD8:  2C05            JC	0x9CE4
9CDA:  C3E2 001D       BIC.B	#2, &P4OUT
9CDE:  C0B2 0200 04F8  BIC	#0x0200, &0x04F8
9CE4:  5F00            ADD	R15, PC
9CE6:  3C03            JMP	0x9CEE
9CE8:  3C09            JMP	0x9CFC
9CEA:  3C0F            JMP	0x9D0A
9CEC:  3C15            JMP	0x9D18
9CEE:  40B2 006E 04A8  MOV	#0x006E, &0x04A8
9CF4:  C0B2 0010 04F8  BIC	#0x0010, &0x04F8
9CFA:  3C15            JMP	0x9D26
9CFC:  40B2 0073 04A8  MOV	#0x0073, &0x04A8
9D02:  C0B2 0020 04F8  BIC	#0x0020, &0x04F8
9D08:  3C0E            JMP	0x9D26
9D0A:  40B2 0078 04A8  MOV	#0x0078, &0x04A8
9D10:  C0B2 0040 04F8  BIC	#0x0040, &0x04F8
9D16:  3C07            JMP	0x9D26
9D18:  40B2 007D 04A8  MOV	#0x007D, &0x04A8
9D1E:  C0B2 0080 04F8  BIC	#0x0080, &0x04F8
9D24:  3C00            JMP	0x9D26
9D26:  40B2 04E0 04AE  MOV	#0x04E0, &0x04AE
9D2C:  42E2 04AB       MOV.B	#4, &0x04AB
9D30:  12B0 CBF4       CALL	#0xCBF4
9D34:  B0F2 000C 04AC  BIT.B	#0x000C, &0x04AC
9D3A:  204D            JNZ	0x9DD6
9D3C:  12B0 C776       CALL	#0xC776
9D40:  B2B2 0546       BIT	#8, &0x0546
9D44:  2C05            JC	0x9D50
9D46:  D0B2 0200 0548  BIS	#0x0200, &0x0548
9D4C:  D2B2 0546       BIS	#8, &0x0546
9D50:  3C3C            JMP	0x9DCA
9D52:  9038 0006       CMP	#0x0006, R8
9D56:  203B            JNZ	0x9DCE
9D58:  93E2 06B3       CMP.B	#2, &0x06B3
9D5C:  283E            JNC	0x9DDA
9D5E:  93C9 0003       TST.B	3(R9)
9D62:  2404            JZ	0x9D6C
9D64:  93D9 0003       CMP.B	#1, 3(R9)
9D68:  2404            JZ	0x9D72
9D6A:  3C33            JMP	0x9DD2
9D6C:  C2A2 04F8       BIC	#4, &0x04F8
9D70:  3C1F            JMP	0x9DB0
9D72:  D2A2 04F8       BIS	#4, &0x04F8
9D76:  B392 04F8       BIT	#1, &0x04F8
9D7A:  241A            JZ	0x9DB0
9D7C:  B2B2 04F8       BIT	#8, &0x04F8
9D80:  2C17            JC	0x9DB0
9D82:  425F 04FC       MOV.B	&0x04FC, R15
9D86:  F03F 0006       AND	#0x0006, R15
9D8A:  532F            INCD	R15
9D8C:  423E            MOV	#8, R14
9D8E:  5E0E            RLA	R14
9D90:  832F            DECD	R15
9D92:  23FD            JNZ	0x9D8E
9D94:  BE82 04F8       BIT	R14, &0x04F8
9D98:  2C06            JC	0x9DA6
9D9A:  C3E2 001D       BIC.B	#2, &P4OUT
9D9E:  C0B2 0200 04F8  BIC	#0x0200, &0x04F8
9DA4:  3C05            JMP	0x9DB0
9DA6:  D3E2 001D       BIS.B	#2, &P4OUT
9DAA:  D0B2 0200 04F8  BIS	#0x0200, &0x04F8
9DB0:  12B0 C776       CALL	#0xC776
9DB4:  B392 04F0       BIT	#1, &0x04F0
9DB8:  200E            JNZ	0x9DD6
9DBA:  B2B2 0546       BIT	#8, &0x0546
9DBE:  2C05            JC	0x9DCA
9DC0:  D0B2 0200 0548  BIS	#0x0200, &0x0548
9DC6:  D2B2 0546       BIS	#8, &0x0546
9DCA:  4030 849C       BR	#0x849C
9DCE:  4030 B8D0       BR	#0xB8D0
9DD2:  4030 B842       BR	#0xB842
9DD6:  4030 B848       BR	#0xB848
9DDA:  4030 B84E       BR	#0xB84E
9DDE:  9038 0006       CMP	#0x0006, R8
9DE2:  23F5            JNZ	0x9DCE
9DE4:  93E2 06B3       CMP.B	#2, &0x06B3
9DE8:  2BF8            JNC	0x9DDA
9DEA:  93C9 0003       TST.B	3(R9)
9DEE:  2404            JZ	0x9DF8
9DF0:  93D9 0003       CMP.B	#1, 3(R9)
9DF4:  2404            JZ	0x9DFE
9DF6:  3FED            JMP	0x9DD2
9DF8:  C392 04F8       BIC	#1, &0x04F8
9DFC:  3C1F            JMP	0x9E3C
9DFE:  D392 04F8       BIS	#1, &0x04F8
9E02:  B2B2 04F8       BIT	#8, &0x04F8
9E06:  2C15            JC	0x9E32
9E08:  B2A2 04F8       BIT	#4, &0x04F8
9E0C:  2417            JZ	0x9E3C
9E0E:  425F 04FC       MOV.B	&0x04FC, R15
9E12:  F03F 0006       AND	#0x0006, R15
9E16:  532F            INCD	R15
9E18:  423E            MOV	#8, R14
9E1A:  5E0E            RLA	R14
9E1C:  832F            DECD	R15
9E1E:  23FD            JNZ	0x9E1A
9E20:  BE82 04F8       BIT	R14, &0x04F8
9E24:  2C06            JC	0x9E32
9E26:  C3E2 001D       BIC.B	#2, &P4OUT
9E2A:  C0B2 0200 04F8  BIC	#0x0200, &0x04F8
9E30:  3C05            JMP	0x9E3C
9E32:  D3E2 001D       BIS.B	#2, &P4OUT
9E36:  D0B2 0200 04F8  BIS	#0x0200, &0x04F8
9E3C:  12B0 C776       CALL	#0xC776
9E40:  B392 04F0       BIT	#1, &0x04F0
9E44:  23C8            JNZ	0x9DD6
9E46:  3FC1            JMP	0x9DCA
9E48:  9038 0006       CMP	#0x0006, R8
9E4C:  23C0            JNZ	0x9DCE
9E4E:  93E2 06B3       CMP.B	#2, &0x06B3
9E52:  2BC3            JNC	0x9DDA
9E54:  B392 04F8       BIT	#1, &0x04F8
9E58:  27BC            JZ	0x9DD2
9E5A:  C0B2 0006 04F8  BIC	#0x0006, &0x04F8
9E60:  93C9 0003       TST.B	3(R9)
9E64:  2404            JZ	0x9E6E
9E66:  93D9 0003       CMP.B	#1, 3(R9)
9E6A:  2407            JZ	0x9E7A
9E6C:  3FB2            JMP	0x9DD2
9E6E:  C0B2 0208 04F8  BIC	#0x0208, &0x04F8
9E74:  C3E2 001D       BIC.B	#2, &P4OUT
9E78:  3C05            JMP	0x9E84
9E7A:  D0B2 0208 04F8  BIS	#0x0208, &0x04F8
9E80:  D3E2 001D       BIS.B	#2, &P4OUT
9E84:  12B0 C776       CALL	#0xC776
9E88:  B392 04F0       BIT	#1, &0x04F0
9E8C:  23A4            JNZ	0x9DD6
9E8E:  3F9D            JMP	0x9DCA
9E90:  93C9 0003       TST.B	3(R9)
9E94:  279E            JZ	0x9DD2
9E96:  40B2 0082 04A8  MOV	#0x0082, &0x04A8
9E9C:  43D2 04AB       MOV.B	#1, &0x04AB
9EA0:  4292 06B6 04AE  MOV	&0x06B6, &0x04AE
9EA6:  12B0 CBF4       CALL	#0xCBF4
9EAA:  B0F2 000C 04AC  BIT.B	#0x000C, &0x04AC
9EB0:  2392            JNZ	0x9DD6
9EB2:  49D2 0003 02A8  MOV.B	3(R9), &0x02A8
9EB8:  3F88            JMP	0x9DCA
9EBA:  9038 0007       CMP	#0x0007, R8
9EBE:  2387            JNZ	0x9DCE
9EC0:  B0B2 0400 04F4  BIT	#0x0400, &0x04F4
9EC6:  2785            JZ	0x9DD2
9EC8:  93E2 06B3       CMP.B	#2, &0x06B3
9ECC:  2B86            JNC	0x9DDA
9ECE:  B0F9 0080 0004  BIT.B	#0x0080, 4(R9)
9ED4:  2404            JZ	0x9EDE
9ED6:  B0B2 8000 04F6  BIT	#0x8000, &0x04F6
9EDC:  277A            JZ	0x9DD2
9EDE:  49D2 0003 04E1  MOV.B	3(R9), &0x04E1
9EE4:  49D2 0004 04E0  MOV.B	4(R9), &0x04E0
9EEA:  40B2 00F0 04A8  MOV	#0x00F0, &0x04A8
9EF0:  43E2 04AB       MOV.B	#2, &0x04AB
9EF4:  40B2 04E0 04AE  MOV	#0x04E0, &0x04AE
9EFA:  12B0 CBF4       CALL	#0xCBF4
9EFE:  B0F2 000C 04AC  BIT.B	#0x000C, &0x04AC
9F04:  2368            JNZ	0x9DD6
9F06:  4292 04E0 0580  MOV	&0x04E0, &0x0580
9F0C:  B0B2 0010 0546  BIT	#0x0010, &0x0546
9F12:  2C06            JC	0x9F20
9F14:  D0B2 0400 0548  BIS	#0x0400, &0x0548
9F1A:  D0B2 0010 0546  BIS	#0x0010, &0x0546
9F20:  3F54            JMP	0x9DCA
9F22:  9038 0011       CMP	#0x0011, R8
9F26:  2353            JNZ	0x9DCE
9F28:  B0B2 0400 04F4  BIT	#0x0400, &0x04F4
9F2E:  2751            JZ	0x9DD2
9F30:  93E2 06B3       CMP.B	#2, &0x06B3
9F34:  2B52            JNC	0x9DDA
9F36:  421E 06B6       MOV	&0x06B6, R14
9F3A:  403F 04E0       MOV	#0x04E0, R15
9F3E:  4EDF 0001 0000  MOV.B	1(R14), 0(R15)
9F44:  4EEF 0001       MOV.B	@R14, 1(R15)
9F48:  532E            INCD	R14
9F4A:  532F            INCD	R15
9F4C:  903F 04EC       CMP	#0x04EC, R15
9F50:  2BF6            JNC	0x9F3E
9F52:  40B2 1CC0 04A8  MOV	#0x1CC0, &0x04A8
9F58:  40F2 000C 04AB  MOV.B	#0x000C, &0x04AB
9F5E:  40B2 04E0 04AE  MOV	#0x04E0, &0x04AE
9F64:  12B0 C2E2       CALL	#0xC2E2
9F68:  B0F2 000C 04AC  BIT.B	#0x000C, &0x04AC
9F6E:  2333            JNZ	0x9DD6
9F70:  D2A2 04F6       BIS	#4, &0x04F6
9F74:  B0B2 0010 0546  BIT	#0x0010, &0x0546
9F7A:  2C06            JC	0x9F88
9F7C:  D0B2 0400 0548  BIS	#0x0400, &0x0548
9F82:  D0B2 0010 0546  BIS	#0x0010, &0x0546
9F88:  3F20            JMP	0x9DCA
9F8A:  9038 0006       CMP	#0x0006, R8
9F8E:  231F            JNZ	0x9DCE
9F90:  93E2 06B3       CMP.B	#2, &0x06B3
9F94:  2B22            JNC	0x9DDA
9F96:  92E9 0003       CMP.B	#4, 3(R9)
9F9A:  2F1B            JC	0x9DD2
9F9C:  12B0 C686       CALL	#0xC686
9FA0:  B0B2 0080 04F0  BIT	#0x0080, &0x04F0
9FA6:  2317            JNZ	0x9DD6
9FA8:  C0F2 0030 04E0  BIC.B	#0x0030, &0x04E0
9FAE:  B0B2 4000 04F4  BIT	#0x4000, &0x04F4
9FB4:  2C06            JC	0x9FC2
9FB6:  B3D9 0003       BIT.B	#1, 3(R9)
9FBA:  2403            JZ	0x9FC2
9FBC:  D0F2 0010 04E0  BIS.B	#0x0010, &0x04E0
9FC2:  B0B2 8000 04F4  BIT	#0x8000, &0x04F4
9FC8:  2C06            JC	0x9FD6
9FCA:  B3E9 0003       BIT.B	#2, 3(R9)
9FCE:  2403            JZ	0x9FD6
9FD0:  D0F2 0020 04E0  BIS.B	#0x0020, &0x04E0
9FD6:  12B0 C6B0       CALL	#0xC6B0
9FDA:  B0F2 000C 04AC  BIT.B	#0x000C, &0x04AC
9FE0:  22FA            JNZ	0x9DD6
9FE2:  42D2 04E0 0839  MOV.B	&0x04E0, &0x0839
9FE8:  F0F2 0030 0839  AND.B	#0x0030, &0x0839
9FEE:  3EED            JMP	0x9DCA
9FF0:  9038 0015       CMP	#0x0015, R8
9FF4:  22EC            JNZ	0x9DCE
9FF6:  B0B2 0040 04F6  BIT	#0x0040, &0x04F6
9FFC:  26EA            JZ	0x9DD2
9FFE:  93E2 06B3       CMP.B	#2, &0x06B3
A002:  2AEB            JNC	0x9DDA
A004:  421E 06B6       MOV	&0x06B6, R14
A008:  403F 07C0       MOV	#0x07C0, R15
A00C:  4EDF 0001 0000  MOV.B	1(R14), 0(R15)
A012:  4EEF 0001       MOV.B	@R14, 1(R15)
A016:  532E            INCD	R14
A018:  532F            INCD	R15
A01A:  903F 07D0       CMP	#0x07D0, R15
A01E:  2BF6            JNC	0xA00C
A020:  40B2 2000 04A8  MOV	#0x2000, &0x04A8
A026:  40F2 0010 04AB  MOV.B	#0x0010, &0x04AB
A02C:  40B2 07C0 04AE  MOV	#0x07C0, &0x04AE
A032:  12B0 C2E2       CALL	#0xC2E2
A036:  B0F2 000C 04AC  BIT.B	#0x000C, &0x04AC
A03C:  22CC            JNZ	0x9DD6
A03E:  3EC5            JMP	0x9DCA
A040:  9038 0007       CMP	#0x0007, R8
A044:  22C4            JNZ	0x9DCE
A046:  B0B2 0040 04F6  BIT	#0x0040, &0x04F6
A04C:  26C2            JZ	0x9DD2
A04E:  93E2 06B3       CMP.B	#2, &0x06B3
A052:  2AC3            JNC	0x9DDA
A054:  90F9 003D 0003  CMP.B	#0x003D, 3(R9)
A05A:  2EBB            JC	0x9DD2
A05C:  90F9 0015 0004  CMP.B	#0x0015, 4(R9)
A062:  2EB7            JC	0x9DD2
A064:  12B0 CB1A       CALL	#0xCB1A
A068:  B0F2 000C 04AC  BIT.B	#0x000C, &0x04AC
A06E:  22B3            JNZ	0x9DD6
A070:  49D2 0003 04E1  MOV.B	3(R9), &0x04E1
A076:  495F 0003       MOV.B	3(R9), R15
A07A:  C232            DINT
A07C:  4303            CLR	CG
A07E:  4F82 0130       MOV	R15, &MPY
A082:  40B2 5555 0138  MOV	#0x5555, &OP2
A088:  B0B2 8000 013A  BIT	#0x8000, &RESLO
A08E:  2402            JZ	0xA094
A090:  5392 013C       INC	&RESHI
A094:  421F 013C       MOV	&RESHI, R15
A098:  D232            EINT
A09A:  4FC2 04E3       MOV.B	R15, &0x04E3
A09E:  4392 0300       MOV	#1, &0x0300
A0A2:  4382 0302       CLR	&0x0302
A0A6:  4F82 0306       MOV	R15, &0x0306
A0AA:  12B0 4B0C       CALL	#0x4B0C
A0AE:  110F            RRA	R15
A0B0:  9F82 030E       CMP	R15, &0x030E
A0B4:  2802            JNC	0xA0BA
A0B6:  5392 030A       INC	&0x030A
A0BA:  4292 030A 04E4  MOV	&0x030A, &0x04E4
A0C0:  49D2 0004 04E2  MOV.B	4(R9), &0x04E2
A0C6:  495F 0004       MOV.B	4(R9), R15
A0CA:  4392 0300       MOV	#1, &0x0300
A0CE:  4382 0302       CLR	&0x0302
A0D2:  4F82 0306       MOV	R15, &0x0306
A0D6:  12B0 4B0C       CALL	#0x4B0C
A0DA:  110F            RRA	R15
A0DC:  9F82 030E       CMP	R15, &0x030E
A0E0:  2802            JNC	0xA0E6
A0E2:  5392 030A       INC	&0x030A
A0E6:  4292 030A 04E6  MOV	&0x030A, &0x04E6
A0EC:  12B0 CB3C       CALL	#0xCB3C
A0F0:  B0F2 000C 04AC  BIT.B	#0x000C, &0x04AC
A0F6:  226F            JNZ	0x9DD6
A0F8:  12B0 F68E       CALL	#0xF68E
A0FC:  3E66            JMP	0x9DCA
A0FE:  93C9 0002       TST.B	2(R9)
A102:  2004            JNZ	0xA10C
A104:  9038 0005       CMP	#0x0005, R8
A108:  2405            JZ	0xA114
A10A:  3C21            JMP	0xA14E
A10C:  9038 0006       CMP	#0x0006, R8
A110:  2401            JZ	0xA114
A112:  3C1D            JMP	0xA14E
A114:  B0B2 0400 04F4  BIT	#0x0400, &0x04F4
A11A:  265B            JZ	0x9DD2
A11C:  93D2 06B3       CMP.B	#1, &0x06B3
A120:  2C02            JC	0xA126
A122:  4030 B85C       BR	#0xB85C
A126:  93C9 0002       TST.B	2(R9)
A12A:  2413            JZ	0xA152
A12C:  B0B2 0040 04F6  BIT	#0x0040, &0x04F6
A132:  2C05            JC	0xA13E
A134:  90F9 0017 0002  CMP.B	#0x0017, 2(R9)
A13A:  2811            JNC	0xA15E
A13C:  3C04            JMP	0xA146
A13E:  90F9 001B 0002  CMP.B	#0x001B, 2(R9)
A144:  280C            JNC	0xA15E
A146:  90F9 0020 0002  CMP.B	#0x0020, 2(R9)
A14C:  2CB8            JC	0xA2BE
A14E:  4030 B8D0       BR	#0xB8D0
A152:  403E 0500       MOV	#0x0500, R14
A156:  423D            MOV	#8, R13
A158:  12B0 BD54       CALL	#0xBD54
A15C:  3CAE            JMP	0xA2BA
A15E:  495F 0002       MOV.B	2(R9), R15
A162:  831F            DEC	R15
A164:  5F0F            RLA	R15
A166:  495B 0003       MOV.B	3(R9), R11
A16A:  903B 00FE       CMP	#0x00FE, R11
A16E:  2004            JNZ	0xA178
A170:  D224            BIS	#4, R4
A172:  4036 000A       MOV	#0x000A, R6
A176:  430B            CLR	R11
A178:  9306            TST	R6
A17A:  2406            JZ	0xA188
A17C:  8316            DEC	R6
A17E:  403E 000A       MOV	#0x000A, R14
A182:  860E            SUB	R6, R14
A184:  4EC5 0003       MOV.B	R14, 3(R5)
A188:  903B 000A       CMP	#0x000A, R11
A18C:  2804            JNC	0xA196
A18E:  903B 00FF       CMP	#0x00FF, R11
A192:  2420            JZ	0xA1D4
A194:  3FDC            JMP	0xA14E
A196:  4F92 BE7A 04A8  MOV	-16774(R15), &0x04A8
A19C:  4B0F            MOV	R11, R15
A19E:  930F            TST	R15
A1A0:  2457            JZ	0xA250
A1A2:  831F            DEC	R15
A1A4:  90F9 0007 0002  CMP.B	#0x0007, 2(R9)
A1AA:  2810            JNC	0xA1CC
A1AC:  90F9 0017 0002  CMP.B	#0x0017, 2(R9)
A1B2:  2C0C            JC	0xA1CC
A1B4:  90F9 0015 0002  CMP.B	#0x0015, 2(R9)
A1BA:  2C04            JC	0xA1C4
A1BC:  90F9 0012 0002  CMP.B	#0x0012, 2(R9)
A1C2:  2C04            JC	0xA1CC
A1C4:  50B2 0007 04A8  ADD	#0x0007, &0x04A8
A1CA:  3FE9            JMP	0xA19E
A1CC:  50B2 000D 04A8  ADD	#0x000D, &0x04A8
A1D2:  3FE5            JMP	0xA19E
A1D4:  4F92 BE46 04A8  MOV	-16826(R15), &0x04A8
A1DA:  C3A2 04F2       BIC	#2, &0x04F2
A1DE:  C3A2 04FA       BIC	#2, &0x04FA
A1E2:  D0F2 0003 04AC  BIS.B	#0x0003, &0x04AC
A1E8:  43E2 04AB       MOV.B	#2, &0x04AB
A1EC:  40B2 04E0 04AE  MOV	#0x04E0, &0x04AE
A1F2:  12B0 C3A2       CALL	#0xC3A2
A1F6:  B3A2 04F2       BIT	#2, &0x04F2
A1FA:  2C57            JC	0xA2AA
A1FC:  9F92 BE7A 04E0  CMP	-16774(R15), &0x04E0
A202:  2C05            JC	0xA20E
A204:  4F92 BE7A 04A8  MOV	-16774(R15), &0x04A8
A20A:  430A            CLR	R10
A20C:  3C21            JMP	0xA250
A20E:  4292 04E0 04A8  MOV	&0x04E0, &0x04A8
A214:  430A            CLR	R10
A216:  9F92 BE7A 04E0  CMP	-16774(R15), &0x04E0
A21C:  2419            JZ	0xA250
A21E:  531A            INC	R10
A220:  90F9 0007 0002  CMP.B	#0x0007, 2(R9)
A226:  2810            JNC	0xA248
A228:  90F9 0017 0002  CMP.B	#0x0017, 2(R9)
A22E:  2C0C            JC	0xA248
A230:  90F9 0015 0002  CMP.B	#0x0015, 2(R9)
A236:  2C04            JC	0xA240
A238:  90F9 0012 0002  CMP.B	#0x0012, 2(R9)
A23E:  2C04            JC	0xA248
A240:  80B2 0007 04E0  SUB	#0x0007, &0x04E0
A246:  3FE7            JMP	0xA216
A248:  80B2 000D 04E0  SUB	#0x000D, &0x04E0
A24E:  3FE3            JMP	0xA216
A250:  C3A2 04F2       BIC	#2, &0x04F2
A254:  C2A2 04FA       BIC	#4, &0x04FA
A258:  D0F2 0003 04AC  BIS.B	#0x0003, &0x04AC
A25E:  90F9 0007 0002  CMP.B	#0x0007, 2(R9)
A264:  2813            JNC	0xA28C
A266:  90F9 0017 0002  CMP.B	#0x0017, 2(R9)
A26C:  2C0F            JC	0xA28C
A26E:  90F9 0015 0002  CMP.B	#0x0015, 2(R9)
A274:  2C04            JC	0xA27E
A276:  90F9 0012 0002  CMP.B	#0x0012, 2(R9)
A27C:  2C07            JC	0xA28C
A27E:  40F2 0006 04AB  MOV.B	#0x0006, &0x04AB
A284:  470F            MOV	R7, R15
A286:  503F 0007       ADD	#0x0007, R15
A28A:  3C06            JMP	0xA298
A28C:  40F2 000C 04AB  MOV.B	#0x000C, &0x04AB
A292:  470F            MOV	R7, R15
A294:  503F 000D       ADD	#0x000D, R15
A298:  4782 04AE       MOV	R7, &0x04AE
A29C:  5392 04AE       INC	&0x04AE
A2A0:  12B0 C3A2       CALL	#0xC3A2
A2A4:  B3A2 04F2       BIT	#2, &0x04F2
A2A8:  2402            JZ	0xA2AE
A2AA:  4030 B848       BR	#0xB848
A2AE:  903B 00FF       CMP	#0x00FF, R11
A2B2:  2003            JNZ	0xA2BA
A2B4:  4ACF 0000       MOV.B	R10, 0(R15)
A2B8:  531F            INC	R15
A2BA:  4030 B992       BR	#0xB992
A2BE:  90F9 0030 0002  CMP.B	#0x0030, 2(R9)
A2C4:  2F44            JC	0xA14E
A2C6:  B0B2 0040 04F6  BIT	#0x0040, &0x04F6
A2CC:  2500            JZ	0xA4CE
A2CE:  495F 0002       MOV.B	2(R9), R15
A2D2:  803F 0020       SUB	#0x0020, R15
A2D6:  5F0F            RLA	R15
A2D8:  495B 0003       MOV.B	3(R9), R11
A2DC:  4B0E            MOV	R11, R14
A2DE:  E37E            INV.B	R14
A2E0:  240B            JZ	0xA2F8
A2E2:  903E 0006       CMP	#0x0006, R14
A2E6:  2C08            JC	0xA2F8
A2E8:  4ED5 BEEA 0003  MOV.B	-16662(R14), 3(R5)
A2EE:  D224            BIS	#4, R4
A2F0:  4036 0014       MOV	#0x0014, R6
A2F4:  455B 0003       MOV.B	3(R5), R11
A2F8:  9306            TST	R6
A2FA:  2403            JZ	0xA302
A2FC:  8316            DEC	R6
A2FE:  53D5 0003       INC.B	3(R5)
A302:  4F1D F988       MOV	-1656(R15), R13
A306:  803D 0514       SUB	#0x0514, R13
A30A:  4D82 04A8       MOV	R13, &0x04A8
A30E:  903B 0064       CMP	#0x0064, R11
A312:  2804            JNC	0xA31C
A314:  903B 00FF       CMP	#0x00FF, R11
A318:  2409            JZ	0xA32C
A31A:  3F19            JMP	0xA14E
A31C:  4B0F            MOV	R11, R15
A31E:  930F            TST	R15
A320:  242C            JZ	0xA37A
A322:  831F            DEC	R15
A324:  50B2 000D 04A8  ADD	#0x000D, &0x04A8
A32A:  3FF9            JMP	0xA31E
A32C:  4F92 F968 04A8  MOV	-1688(R15), &0x04A8
A332:  C3A2 04F2       BIC	#2, &0x04F2
A336:  C0B2 0100 04FA  BIC	#0x0100, &0x04FA
A33C:  D0F2 0003 04AC  BIS.B	#0x0003, &0x04AC
A342:  43E2 04AB       MOV.B	#2, &0x04AB
A346:  40B2 04E0 04AE  MOV	#0x04E0, &0x04AE
A34C:  12B0 C3A2       CALL	#0xC3A2
A350:  B3A2 04F2       BIT	#2, &0x04F2
A354:  2FAA            JC	0xA2AA
A356:  430A            CLR	R10
A358:  9D82 04E0       CMP	R13, &0x04E0
A35C:  2C03            JC	0xA364
A35E:  4D82 04A8       MOV	R13, &0x04A8
A362:  3C0B            JMP	0xA37A
A364:  4292 04E0 04A8  MOV	&0x04E0, &0x04A8
A36A:  921D 04E0       CMP	&0x04E0, R13
A36E:  2C05            JC	0xA37A
A370:  531A            INC	R10
A372:  80B2 000D 04E0  SUB	#0x000D, &0x04E0
A378:  3FF8            JMP	0xA36A
A37A:  C3A2 04F2       BIC	#2, &0x04F2
A37E:  C0B2 0200 04FA  BIC	#0x0200, &0x04FA
A384:  D0F2 0003 04AC  BIS.B	#0x0003, &0x04AC
A38A:  40F2 000C 04AB  MOV.B	#0x000C, &0x04AB
A390:  470F            MOV	R7, R15
A392:  503F 000D       ADD	#0x000D, R15
A396:  4782 04AE       MOV	R7, &0x04AE
A39A:  5392 04AE       INC	&0x04AE
A39E:  12B0 C3A2       CALL	#0xC3A2
A3A2:  B3A2 04F2       BIT	#2, &0x04F2
A3A6:  2F81            JC	0xA2AA
A3A8:  903B 00FF       CMP	#0x00FF, R11
A3AC:  2003            JNZ	0xA3B4
A3AE:  4ACF 0000       MOV.B	R10, 0(R15)
A3B2:  531F            INC	R15
A3B4:  3F82            JMP	0xA2BA
A3B6:  9038 0006       CMP	#0x0006, R8
A3BA:  2401            JZ	0xA3BE
A3BC:  3EC8            JMP	0xA14E
A3BE:  4958 0002       MOV.B	2(R9), R8
A3C2:  495C 0003       MOV.B	3(R9), R12
A3C6:  903C 0006       CMP	#0x0006, R12
A3CA:  2004            JNZ	0xA3D4
A3CC:  D224            BIS	#4, R4
A3CE:  4036 0006       MOV	#0x0006, R6
A3D2:  431C            MOV	#1, R12
A3D4:  9306            TST	R6
A3D6:  2404            JZ	0xA3E0
A3D8:  8316            DEC	R6
A3DA:  46D5 BED8 0003  MOV.B	-16680(R6), 3(R5)
A3E0:  903C 0006       CMP	#0x0006, R12
A3E4:  2EB4            JC	0xA14E
A3E6:  495F 0002       MOV.B	2(R9), R15
A3EA:  F03F 0070       AND	#0x0070, R15
A3EE:  903F 0030       CMP	#0x0030, R15
A3F2:  2009            JNZ	0xA406
A3F4:  495E 0002       MOV.B	2(R9), R14
A3F8:  F03E 000F       AND	#0x000F, R14
A3FC:  930E            TST	R14
A3FE:  26A7            JZ	0xA14E
A400:  903E 000D       CMP	#0x000D, R14
A404:  2EA4            JC	0xA14E
A406:  B038 0080       BIT	#0x0080, R8
A40A:  2C04            JC	0xA414
A40C:  903F 0061       CMP	#0x0061, R15
A410:  2E9E            JC	0xA14E
A412:  3C05            JMP	0xA41E
A414:  930F            TST	R15
A416:  269B            JZ	0xA14E
A418:  903F 0051       CMP	#0x0051, R15
A41C:  2E98            JC	0xA14E
A41E:  93D2 06B3       CMP.B	#1, &0x06B3
A422:  2C02            JC	0xA428
A424:  4030 B85C       BR	#0xB85C
A428:  425D 03BE       MOV.B	&0x03BE, R13
A42C:  110F            RRA	R15
A42E:  110F            RRA	R15
A430:  5F00            ADD	R15, PC
A432:  4030 A44E       BR	#0xA44E
A436:  4030 A456       BR	#0xA456
A43A:  4030 A460       BR	#0xA460
A43E:  4030 A46A       BR	#0xA46A
A442:  4030 A4B2       BR	#0xA4B2
A446:  4030 A4BC       BR	#0xA4BC
A44A:  4030 A4C6       BR	#0xA4C6
A44E:  430B            CLR	R11
A450:  403A 0860       MOV	#0x0860, R10
A454:  3CA8            JMP	0xA5A6
A456:  403B 0200       MOV	#0x0200, R11
A45A:  403A 0750       MOV	#0x0750, R10
A45E:  3C9F            JMP	0xA59E
A460:  403B 0200       MOV	#0x0200, R11
A464:  403A 0750       MOV	#0x0750, R10
A468:  3CD5            JMP	0xA614
A46A:  4E0F            MOV	R14, R15
A46C:  403B 02AA       MOV	#0x02AA, R11
A470:  403A 0772       MOV	#0x0772, R10
A474:  503B 0055       ADD	#0x0055, R11
A478:  503A 0011       ADD	#0x0011, R10
A47C:  903B 06A6       CMP	#0x06A6, R11
A480:  2004            JNZ	0xA48A
A482:  403B 02AA       MOV	#0x02AA, R11
A486:  403A 0772       MOV	#0x0772, R10
A48A:  831F            DEC	R15
A48C:  23F3            JNZ	0xA474
A48E:  425F 0505       MOV.B	&0x0505, R15
A492:  12B0 4CBC       CALL	#0x4CBC
A496:  9E0F            CMP	R14, R15
A498:  20BD            JNZ	0xA614
A49A:  803B 0055       SUB	#0x0055, R11
A49E:  803A 0011       SUB	#0x0011, R10
A4A2:  903B 0255       CMP	#0x0255, R11
A4A6:  207B            JNZ	0xA59E
A4A8:  403B 0651       MOV	#0x0651, R11
A4AC:  403A 082D       MOV	#0x082D, R10
A4B0:  3C76            JMP	0xA59E
A4B2:  403B 06A6       MOV	#0x06A6, R11
A4B6:  403A 083E       MOV	#0x083E, R10
A4BA:  3C71            JMP	0xA59E
A4BC:  403B 06A6       MOV	#0x06A6, R11
A4C0:  403A 083E       MOV	#0x083E, R10
A4C4:  3CA7            JMP	0xA614
A4C6:  B0B2 0080 04F6  BIT	#0x0080, &0x04F6
A4CC:  2C02            JC	0xA4D2
A4CE:  4030 B842       BR	#0xB842
A4D2:  903C 0005       CMP	#0x0005, R12
A4D6:  27FB            JZ	0xA4CE
A4D8:  495A 0002       MOV.B	2(R9), R10
A4DC:  F03A 00F0       AND	#0x00F0, R10
A4E0:  470F            MOV	R7, R15
A4E2:  430B            CLR	R11
A4E4:  43CF 0001       CLR.B	1(R15)
A4E8:  531F            INC	R15
A4EA:  531B            INC	R11
A4EC:  903B 000C       CMP	#0x000C, R11
A4F0:  2BF9            JNC	0xA4E4
A4F2:  930C            TST	R12
A4F4:  2403            JZ	0xA4FC
A4F6:  4CC2 03BE       MOV.B	R12, &0x03BE
A4FA:  3C05            JMP	0xA506
A4FC:  9316            CMP	#1, R6
A4FE:  2001            JNZ	0xA502
A500:  8316            DEC	R6
A502:  42E2 03BE       MOV.B	#4, &0x03BE
A506:  425B 03BE       MOV.B	&0x03BE, R11
A50A:  425F 04FC       MOV.B	&0x04FC, R15
A50E:  F03F 0006       AND	#0x0006, R15
A512:  110F            RRA	R15
A514:  531F            INC	R15
A516:  9FC2 03BE       CMP.B	R15, &0x03BE
A51A:  201B            JNZ	0xA552
A51C:  403F 0660       MOV	#0x0660, R15
A520:  B0F2 0080 04FC  BIT.B	#0x0080, &0x04FC
A526:  2405            JZ	0xA532
A528:  B392 04F4       BIT	#1, &0x04F4
A52C:  2C02            JC	0xA532
A52E:  403F 0670       MOV	#0x0670, R15
A532:  C232            DINT
A534:  4303            CLR	CG
A536:  4FB2 04E0       MOV	@R15+, &0x04E0
A53A:  4FB2 04E2       MOV	@R15+, &0x04E2
A53E:  4FB2 04E4       MOV	@R15+, &0x04E4
A542:  4FB2 04E6       MOV	@R15+, &0x04E6
A546:  4FB2 04E8       MOV	@R15+, &0x04E8
A54A:  4FB2 04EA       MOV	@R15+, &0x04EA
A54E:  D232            EINT
A550:  3C1C            JMP	0xA58A
A552:  40B2 092A 04A8  MOV	#0x092A, &0x04A8
A558:  831B            DEC	R11
A55A:  2404            JZ	0xA564
A55C:  50B2 000D 04A8  ADD	#0x000D, &0x04A8
A562:  3FFA            JMP	0xA558
A564:  C3A2 04F2       BIC	#2, &0x04F2
A568:  C0B2 0040 04FA  BIC	#0x0040, &0x04FA
A56E:  D0F2 0003 04AC  BIS.B	#0x0003, &0x04AC
A574:  40F2 000C 04AB  MOV.B	#0x000C, &0x04AB
A57A:  40B2 04E0 04AE  MOV	#0x04E0, &0x04AE
A580:  12B0 C3A2       CALL	#0xC3A2
A584:  B3A2 04F2       BIT	#2, &0x04F2
A588:  2118            JNZ	0xA7BA
A58A:  4038 0003       MOV	#0x0003, R8
A58E:  12B0 BD64       CALL	#0xBD64
A592:  930C            TST	R12
A594:  20F7            JNZ	0xA784
A596:  83D2 03BE       DEC.B	&0x03BE
A59A:  23B5            JNZ	0xA506
A59C:  3CF3            JMP	0xA784
A59E:  B0B2 0400 04F4  BIT	#0x0400, &0x04F4
A5A4:  2794            JZ	0xA4CE
A5A6:  903C 0005       CMP	#0x0005, R12
A5AA:  2004            JNZ	0xA5B4
A5AC:  B0B2 0400 04F4  BIT	#0x0400, &0x04F4
A5B2:  278D            JZ	0xA4CE
A5B4:  930C            TST	R12
A5B6:  240F            JZ	0xA5D6
A5B8:  4CC2 03BE       MOV.B	R12, &0x03BE
A5BC:  12B0 C1A0       CALL	#0xC1A0
A5C0:  403E 04E0       MOV	#0x04E0, R14
A5C4:  470F            MOV	R7, R15
A5C6:  531F            INC	R15
A5C8:  4EFF 0000       MOV.B	@R14+, 0(R15)
A5CC:  531F            INC	R15
A5CE:  903E 04F0       CMP	#0x04F0, R14
A5D2:  23FA            JNZ	0xA5C8
A5D4:  3C1C            JMP	0xA60E
A5D6:  B0B2 0400 04F4  BIT	#0x0400, &0x04F4
A5DC:  2C03            JC	0xA5E4
A5DE:  9316            CMP	#1, R6
A5E0:  2001            JNZ	0xA5E4
A5E2:  8316            DEC	R6
A5E4:  470F            MOV	R7, R15
A5E6:  430E            CLR	R14
A5E8:  43CF 0001       CLR.B	1(R15)
A5EC:  531F            INC	R15
A5EE:  531E            INC	R14
A5F0:  903E 0010       CMP	#0x0010, R14
A5F4:  2BF9            JNC	0xA5E8
A5F6:  42E2 03BE       MOV.B	#4, &0x03BE
A5FA:  12B0 C1A0       CALL	#0xC1A0
A5FE:  1208            PUSH	R8
A600:  4228            MOV	#4, R8
A602:  12B0 BD64       CALL	#0xBD64
A606:  4138            POP	R8
A608:  83D2 03BE       DEC.B	&0x03BE
A60C:  23F6            JNZ	0xA5FA
A60E:  930B            TST	R11
A610:  24B9            JZ	0xA784
A612:  3C42            JMP	0xA698
A614:  B0B2 0400 04F4  BIT	#0x0400, &0x04F4
A61A:  2759            JZ	0xA4CE
A61C:  4C0F            MOV	R12, R15
A61E:  903F 0005       CMP	#0x0005, R15
A622:  2003            JNZ	0xA62A
A624:  4A82 04A8       MOV	R10, &0x04A8
A628:  3C08            JMP	0xA63A
A62A:  930F            TST	R15
A62C:  2404            JZ	0xA636
A62E:  831F            DEC	R15
A630:  503B 0011       ADD	#0x0011, R11
A634:  3FFA            JMP	0xA62A
A636:  4B82 04A8       MOV	R11, &0x04A8
A63A:  C3A2 04F2       BIC	#2, &0x04F2
A63E:  C0B2 4000 04F0  BIC	#0x4000, &0x04F0
A644:  D0F2 0003 04AC  BIS.B	#0x0003, &0x04AC
A64A:  40F2 0010 04AB  MOV.B	#0x0010, &0x04AB
A650:  4782 04AE       MOV	R7, &0x04AE
A654:  5392 04AE       INC	&0x04AE
A658:  12B0 C3A2       CALL	#0xC3A2
A65C:  B3A2 04F2       BIT	#2, &0x04F2
A660:  20A6            JNZ	0xA7AE
A662:  903B 02AA       CMP	#0x02AA, R11
A666:  280F            JNC	0xA686
A668:  903B 06A6       CMP	#0x06A6, R11
A66C:  2C0C            JC	0xA686
A66E:  803B 0055       SUB	#0x0055, R11
A672:  803A 0011       SUB	#0x0011, R10
A676:  903B 02AA       CMP	#0x02AA, R11
A67A:  2C09            JC	0xA68E
A67C:  503B 03FC       ADD	#0x03FC, R11
A680:  503A 00CC       ADD	#0x00CC, R10
A684:  3C04            JMP	0xA68E
A686:  503B 0055       ADD	#0x0055, R11
A68A:  503A 0011       ADD	#0x0011, R10
A68E:  903C 0005       CMP	#0x0005, R12
A692:  200E            JNZ	0xA6B0
A694:  4A0B            MOV	R10, R11
A696:  3C0C            JMP	0xA6B0
A698:  4C0F            MOV	R12, R15
A69A:  903F 0005       CMP	#0x0005, R15
A69E:  2002            JNZ	0xA6A4
A6A0:  4A0B            MOV	R10, R11
A6A2:  3C06            JMP	0xA6B0
A6A4:  930F            TST	R15
A6A6:  2404            JZ	0xA6B0
A6A8:  831F            DEC	R15
A6AA:  503B 0011       ADD	#0x0011, R11
A6AE:  3FFA            JMP	0xA6A4
A6B0:  C3A2 04F2       BIC	#2, &0x04F2
A6B4:  C0B2 4000 04F0  BIC	#0x4000, &0x04F0
A6BA:  D0F2 0003 04AC  BIS.B	#0x0003, &0x04AC
A6C0:  4B82 04A8       MOV	R11, &0x04A8
A6C4:  40F2 0010 04AB  MOV.B	#0x0010, &0x04AB
A6CA:  40B2 04E0 04AE  MOV	#0x04E0, &0x04AE
A6D0:  12B0 C3A2       CALL	#0xC3A2
A6D4:  B3A2 04F2       BIT	#2, &0x04F2
A6D8:  206A            JNZ	0xA7AE
A6DA:  403E 04E0       MOV	#0x04E0, R14
A6DE:  470F            MOV	R7, R15
A6E0:  531F            INC	R15
A6E2:  B038 0080       BIT	#0x0080, R8
A6E6:  2C3D            JC	0xA762
A6E8:  8EDF 0002 0002  SUB.B	2(R14), 2(R15)
A6EE:  7EDF 0003 0003  SUBC.B	3(R14), 3(R15)
A6F4:  7EEF 0000       SUBC.B	@R14, 0(R15)
A6F8:  7EDF 0001 0001  SUBC.B	1(R14), 1(R15)
A6FE:  B0FF 0080 0001  BIT.B	#0x0080, 1(R15)
A704:  2439            JZ	0xA778
A706:  403B 0376       MOV	#0x0376, R11
A70A:  E3FF 0002       INV.B	2(R15)
A70E:  E3FF 0003       INV.B	3(R15)
A712:  E3FF 0000       INV.B	0(R15)
A716:  E3FF 0001       INV.B	1(R15)
A71A:  53DF 0002       INC.B	2(R15)
A71E:  63CF 0003       ADC.B	3(R15)
A722:  63CF 0000       ADC.B	0(R15)
A726:  63CF 0001       ADC.B	1(R15)
A72A:  8BDF 0002 0002  SUB.B	2(R11), 2(R15)
A730:  7BDF 0003 0003  SUBC.B	3(R11), 3(R15)
A736:  7BEF 0000       SUBC.B	@R11, 0(R15)
A73A:  7BDF 0001 0001  SUBC.B	1(R11), 1(R15)
A740:  E3FF 0002       INV.B	2(R15)
A744:  E3FF 0003       INV.B	3(R15)
A748:  E3FF 0000       INV.B	0(R15)
A74C:  E3FF 0001       INV.B	1(R15)
A750:  53DF 0002       INC.B	2(R15)
A754:  63CF 0003       ADC.B	3(R15)
A758:  63CF 0000       ADC.B	0(R15)
A75C:  63CF 0001       ADC.B	1(R15)
A760:  3C0B            JMP	0xA778
A762:  4EDF 0002 0002  MOV.B	2(R14), 2(R15)
A768:  4EDF 0003 0003  MOV.B	3(R14), 3(R15)
A76E:  4EEF 0000       MOV.B	@R14, 0(R15)
A772:  4EDF 0001 0001  MOV.B	1(R14), 1(R15)
A778:  522E            ADD	#4, R14
A77A:  522F            ADD	#4, R15
A77C:  903E 04F0       CMP	#0x04F0, R14
A780:  2BB0            JNC	0xA6E2
A782:  3C00            JMP	0xA784
A784:  470F            MOV	R7, R15
A786:  531F            INC	R15
A788:  430C            CLR	R12
A78A:  12B0 BCC8       CALL	#0xBCC8
A78E:  522F            ADD	#4, R15
A790:  531C            INC	R12
A792:  922C            CMP	#4, R12
A794:  2BFA            JNC	0xA78A
A796:  903A 0060       CMP	#0x0060, R10
A79A:  2004            JNZ	0xA7A4
A79C:  470F            MOV	R7, R15
A79E:  503F 000D       ADD	#0x000D, R15
A7A2:  3C02            JMP	0xA7A8
A7A4:  12B0 BD14       CALL	#0xBD14
A7A8:  4DC2 03BE       MOV.B	R13, &0x03BE
A7AC:  3C76            JMP	0xA89A
A7AE:  D0B2 4000 04F0  BIS	#0x4000, &0x04F0
A7B4:  4DC2 03BE       MOV.B	R13, &0x03BE
A7B8:  3CC0            JMP	0xA93A
A7BA:  D0B2 0040 04FA  BIS	#0x0040, &0x04FA
A7C0:  4DC2 03BE       MOV.B	R13, &0x03BE
A7C4:  3CBA            JMP	0xA93A
A7C6:  9238            CMP	#8, R8
A7C8:  2402            JZ	0xA7CE
A7CA:  4030 B8D0       BR	#0xB8D0
A7CE:  93C9 0005       TST.B	5(R9)
A7D2:  27FB            JZ	0xA7CA
A7D4:  495B 0005       MOV.B	5(R9), R11
A7D8:  903B 0011       CMP	#0x0011, R11
A7DC:  2803            JNC	0xA7E4
A7DE:  D224            BIS	#4, R4
A7E0:  4956 0005       MOV.B	5(R9), R6
A7E4:  9306            TST	R6
A7E6:  2427            JZ	0xA836
A7E8:  93E9 0002       CMP.B	#2, 2(R9)
A7EC:  2409            JZ	0xA800
A7EE:  90F9 0003 0002  CMP.B	#0x0003, 2(R9)
A7F4:  240A            JZ	0xA80A
A7F6:  90F9 0083 0002  CMP.B	#0x0083, 2(R9)
A7FC:  2406            JZ	0xA80A
A7FE:  3FE5            JMP	0xA7CA
A800:  403B 0010       MOV	#0x0010, R11
A804:  403F 0011       MOV	#0x0011, R15
A808:  3C04            JMP	0xA812
A80A:  403B 000F       MOV	#0x000F, R11
A80E:  403F 0010       MOV	#0x0010, R15
A812:  9B06            CMP	R11, R6
A814:  2C04            JC	0xA81E
A816:  4306            CLR	R6
A818:  495B 0005       MOV.B	5(R9), R11
A81C:  3C0C            JMP	0xA836
A81E:  5FC5 0004       ADD.B	R15, 4(R5)
A822:  63C5 0003       ADC.B	3(R5)
A826:  8B06            SUB	R11, R6
A828:  9B06            CMP	R11, R6
A82A:  2C03            JC	0xA832
A82C:  46C5 0005       MOV.B	R6, 5(R5)
A830:  3C02            JMP	0xA836
A832:  4BC5 0005       MOV.B	R11, 5(R5)
A836:  495F 0002       MOV.B	2(R9), R15
A83A:  F03F 000F       AND	#0x000F, R15
A83E:  903F 0005       CMP	#0x0005, R15
A842:  2FC3            JC	0xA7CA
A844:  5F0F            RLA	R15
A846:  5F0F            RLA	R15
A848:  5F00            ADD	R15, PC
A84A:  4030 B842       BR	#0xB842
A84E:  4030 A85E       BR	#0xA85E
A852:  4030 A89E       BR	#0xA89E
A856:  4030 A93E       BR	#0xA93E
A85A:  4030 AAB6       BR	#0xAAB6
A85E:  93E2 06B3       CMP.B	#2, &0x06B3
A862:  2C02            JC	0xA868
A864:  4030 B84E       BR	#0xB84E
A868:  423D            MOV	#8, R13
A86A:  9DD9 BEE0 0003  CMP.B	-16672(R13), 3(R9)
A870:  2404            JZ	0xA87A
A872:  831D            DEC	R13
A874:  23FA            JNZ	0xA86A
A876:  4030 B842       BR	#0xB842
A87A:  831D            DEC	R13
A87C:  5D0D            RLA	R13
A87E:  4D1E BEAE       MOV	-16722(R13), R14
A882:  495D 0004       MOV.B	4(R9), R13
A886:  F03D 000F       AND	#0x000F, R13
A88A:  5D0E            ADD	R13, R14
A88C:  470F            MOV	R7, R15
A88E:  531F            INC	R15
A890:  4EFF 0000       MOV.B	@R14+, 0(R15)
A894:  531F            INC	R15
A896:  831B            DEC	R11
A898:  23FB            JNZ	0xA890
A89A:  4030 B992       BR	#0xB992
A89E:  93E9 0003       CMP.B	#2, 3(R9)
A8A2:  2C10            JC	0xA8C4
A8A4:  90F9 00A2 0004  CMP.B	#0x00A2, 4(R9)
A8AA:  2C0C            JC	0xA8C4
A8AC:  90F9 0044 0004  CMP.B	#0x0044, 4(R9)
A8B2:  2C04            JC	0xA8BC
A8B4:  92E2 06B3       CMP.B	#4, &0x06B3
A8B8:  2C0F            JC	0xA8D8
A8BA:  3FD4            JMP	0xA864
A8BC:  93E2 06B3       CMP.B	#2, &0x06B3
A8C0:  2C0B            JC	0xA8D8
A8C2:  3FD0            JMP	0xA864
A8C4:  B0B2 0400 04F4  BIT	#0x0400, &0x04F4
A8CA:  2C01            JC	0xA8CE
A8CC:  3FD4            JMP	0xA876
A8CE:  93D2 06B3       CMP.B	#1, &0x06B3
A8D2:  2C02            JC	0xA8D8
A8D4:  4030 B85C       BR	#0xB85C
A8D8:  D3E2 04AC       BIS.B	#2, &0x04AC
A8DC:  4382 04A8       CLR	&0x04A8
A8E0:  49D2 0003 04A8  MOV.B	3(R9), &0x04A8
A8E6:  1092 04A8       SWPB	&0x04A8
A8EA:  49D2 0004 04A8  MOV.B	4(R9), &0x04A8
A8F0:  4BC2 04AB       MOV.B	R11, &0x04AB
A8F4:  4782 04AE       MOV	R7, &0x04AE
A8F8:  5392 04AE       INC	&0x04AE
A8FC:  931B            CMP	#1, R11
A8FE:  2004            JNZ	0xA908
A900:  43C7 0001       CLR.B	1(R7)
A904:  5392 04AE       INC	&0x04AE
A908:  425F 04AB       MOV.B	&0x04AB, R15
A90C:  521F 04AE       ADD	&0x04AE, R15
A910:  C3A2 04F2       BIC	#2, &0x04F2
A914:  12B0 C3A2       CALL	#0xC3A2
A918:  92E2 06B3       CMP.B	#4, &0x06B3
A91C:  2C0D            JC	0xA938
A91E:  B3A2 04F2       BIT	#2, &0x04F2
A922:  2C0B            JC	0xA93A
A924:  90B2 0200 04A8  CMP	#0x0200, &0x04A8
A92A:  2806            JNC	0xA938
A92C:  90B2 0871 04A8  CMP	#0x0871, &0x04A8
A932:  2C02            JC	0xA938
A934:  12B0 BD14       CALL	#0xBD14
A938:  3FB0            JMP	0xA89A
A93A:  4030 B848       BR	#0xB848
A93E:  B0B2 0400 04F4  BIT	#0x0400, &0x04F4
A944:  2798            JZ	0xA876
A946:  93D2 06B3       CMP.B	#1, &0x06B3
A94A:  2BC4            JNC	0xA8D4
A94C:  B0B2 2000 04F4  BIT	#0x2000, &0x04F4
A952:  2791            JZ	0xA876
A954:  495F 0002       MOV.B	2(R9), R15
A958:  F03F 0070       AND	#0x0070, R15
A95C:  903F 0050       CMP	#0x0050, R15
A960:  2F8A            JC	0xA876
A962:  C0F2 0010 0515  BIC.B	#0x0010, &0x0515
A968:  B0F9 0080 0002  BIT.B	#0x0080, 2(R9)
A96E:  2407            JZ	0xA97E
A970:  B0B2 8000 04F6  BIT	#0x8000, &0x04F6
A976:  277F            JZ	0xA876
A978:  D0F2 0010 0515  BIS.B	#0x0010, &0x0515
A97E:  930F            TST	R15
A980:  2401            JZ	0xA984
A982:  3C41            JMP	0xAA06
A984:  D3E2 0515       BIS.B	#2, &0x0515
A988:  4382 0516       CLR	&0x0516
A98C:  49D2 0003 0516  MOV.B	3(R9), &0x0516
A992:  1092 0516       SWPB	&0x0516
A996:  49D2 0004 0516  MOV.B	4(R9), &0x0516
A99C:  4BC2 051B       MOV.B	R11, &0x051B
A9A0:  4782 0518       MOV	R7, &0x0518
A9A4:  5392 0518       INC	&0x0518
A9A8:  931B            CMP	#1, R11
A9AA:  2004            JNZ	0xA9B4
A9AC:  43C7 0001       CLR.B	1(R7)
A9B0:  5392 0518       INC	&0x0518
A9B4:  425F 051B       MOV.B	&0x051B, R15
A9B8:  521F 0518       ADD	&0x0518, R15
A9BC:  C0B2 0040 04F2  BIC	#0x0040, &0x04F2
A9C2:  12B0 E3EC       CALL	#0xE3EC
A9C6:  92E2 06B3       CMP.B	#4, &0x06B3
A9CA:  2C1C            JC	0xAA04
A9CC:  B0B2 0040 04F2  BIT	#0x0040, &0x04F2
A9D2:  2FB3            JC	0xA93A
A9D4:  B0B2 4000 04F4  BIT	#0x4000, &0x04F4
A9DA:  2408            JZ	0xA9EC
A9DC:  43F7 000C       MOV.B	#-1, 12(R7)
A9E0:  43F7 000D       MOV.B	#-1, 13(R7)
A9E4:  43F7 000E       MOV.B	#-1, 14(R7)
A9E8:  43F7 000F       MOV.B	#-1, 15(R7)
A9EC:  B0B2 8000 04F4  BIT	#0x8000, &0x04F4
A9F2:  2408            JZ	0xAA04
A9F4:  43F7 000A       MOV.B	#-1, 10(R7)
A9F8:  43F7 000B       MOV.B	#-1, 11(R7)
A9FC:  43F7 000E       MOV.B	#-1, 14(R7)
AA00:  43F7 000F       MOV.B	#-1, 15(R7)
AA04:  3F4A            JMP	0xA89A
AA06:  903F 0010       CMP	#0x0010, R15
AA0A:  2415            JZ	0xAA36
AA0C:  B0B2 4000 04F4  BIT	#0x4000, &0x04F4
AA12:  2406            JZ	0xAA20
AA14:  903F 0030       CMP	#0x0030, R15
AA18:  272E            JZ	0xA876
AA1A:  903F 0040       CMP	#0x0040, R15
AA1E:  272B            JZ	0xA876
AA20:  B0B2 8000 04F4  BIT	#0x8000, &0x04F4
AA26:  2407            JZ	0xAA36
AA28:  903F 0020       CMP	#0x0020, R15
AA2C:  2724            JZ	0xA876
AA2E:  903F 0040       CMP	#0x0040, R15
AA32:  2721            JZ	0xA876
AA34:  3C00            JMP	0xAA36
AA36:  4F0E            MOV	R15, R14
AA38:  110E            RRA	R14
AA3A:  110E            RRA	R14
AA3C:  110E            RRA	R14
AA3E:  503E 0005       ADD	#0x0005, R14
AA42:  4382 0516       CLR	&0x0516
AA46:  49D2 0003 0516  MOV.B	3(R9), &0x0516
AA4C:  1092 0516       SWPB	&0x0516
AA50:  49D2 0004 0516  MOV.B	4(R9), &0x0516
AA56:  F0B2 FFF0 0516  AND	#0xFFF0, &0x0516
AA5C:  470F            MOV	R7, R15
AA5E:  531F            INC	R15
AA60:  931B            CMP	#1, R11
AA62:  2003            JNZ	0xAA6A
AA64:  43C7 0001       CLR.B	1(R7)
AA68:  531F            INC	R15
AA6A:  4B0D            MOV	R11, R13
AA6C:  5F0D            ADD	R15, R13
AA6E:  421C 0516       MOV	&0x0516, R12
AA72:  D3E2 0515       BIS.B	#2, &0x0515
AA76:  4C82 0516       MOV	R12, &0x0516
AA7A:  40B2 0530 0518  MOV	#0x0530, &0x0518
AA80:  40F2 000F 051B  MOV.B	#0x000F, &0x051B
AA86:  C0B2 0040 04F2  BIC	#0x0040, &0x04F2
AA8C:  12B0 E3EC       CALL	#0xE3EC
AA90:  B0B2 0040 04F2  BIT	#0x0040, &0x04F2
AA96:  2F51            JC	0xA93A
AA98:  4EDF 0530 0000  MOV.B	1328(R14), 0(R15)
AA9E:  531F            INC	R15
AAA0:  9D0F            CMP	R13, R15
AAA2:  26FB            JZ	0xA89A
AAA4:  4EDF 0531 0000  MOV.B	1329(R14), 0(R15)
AAAA:  531F            INC	R15
AAAC:  9D0F            CMP	R13, R15
AAAE:  26F5            JZ	0xA89A
AAB0:  503C 0010       ADD	#0x0010, R12
AAB4:  3FDE            JMP	0xAA72
AAB6:  93E2 06B3       CMP.B	#2, &0x06B3
AABA:  2AD4            JNC	0xA864
AABC:  430E            CLR	R14
AABE:  495E 0003       MOV.B	3(R9), R14
AAC2:  108E            SWPB	R14
AAC4:  430D            CLR	R13
AAC6:  495D 0004       MOV.B	4(R9), R13
AACA:  5D0E            ADD	R13, R14
AACC:  903E 0A00       CMP	#0x0A00, R14
AAD0:  2ED2            JC	0xA876
AAD2:  470F            MOV	R7, R15
AAD4:  531F            INC	R15
AAD6:  931B            CMP	#1, R11
AAD8:  2003            JNZ	0xAAE0
AADA:  43C7 0001       CLR.B	1(R7)
AADE:  531F            INC	R15
AAE0:  4EFF 0000       MOV.B	@R14+, 0(R15)
AAE4:  531F            INC	R15
AAE6:  831B            DEC	R11
AAE8:  23FB            JNZ	0xAAE0
AAEA:  3ED7            JMP	0xA89A
AAEC:  495F 0005       MOV.B	5(R9), R15
AAF0:  523F            ADD	#8, R15
AAF2:  9F08            CMP	R15, R8
AAF4:  2402            JZ	0xAAFA
AAF6:  4030 B8D0       BR	#0xB8D0
AAFA:  93C9 0000       TST.B	0(R9)
AAFE:  2004            JNZ	0xAB08
AB00:  92D9 04FE 0000  CMP.B	&0x04FE, 0(R9)
AB06:  23F7            JNZ	0xAAF6
AB08:  90F9 0003 0002  CMP.B	#0x0003, 2(R9)
AB0E:  2FF3            JC	0xAAF6
AB10:  93C9 0005       TST.B	5(R9)
AB14:  2002            JNZ	0xAB1A
AB16:  4030 B842       BR	#0xB842
AB1A:  90F9 0011 0005  CMP.B	#0x0011, 5(R9)
AB20:  2FFA            JC	0xAB16
AB22:  430F            CLR	R15
AB24:  495F 0002       MOV.B	2(R9), R15
AB28:  5F0F            RLA	R15
AB2A:  5F0F            RLA	R15
AB2C:  5F00            ADD	R15, PC
AB2E:  4030 B842       BR	#0xB842
AB32:  4030 AB3A       BR	#0xAB3A
AB36:  4030 ACD2       BR	#0xACD2
AB3A:  B0B2 0100 08B8  BIT	#0x0100, &0x08B8
AB40:  27EA            JZ	0xAB16
AB42:  495B 0005       MOV.B	5(R9), R11
AB46:  B31B            BIT	#1, R11
AB48:  2FE6            JC	0xAB16
AB4A:  403D 0006       MOV	#0x0006, R13
AB4E:  9DD9 BEE0 0003  CMP.B	-16672(R13), 3(R9)
AB54:  240B            JZ	0xAB6C
AB56:  831D            DEC	R13
AB58:  23FA            JNZ	0xAB4E
AB5A:  90F9 00EC 0003  CMP.B	#0x00EC, 3(R9)
AB60:  243F            JZ	0xABE0
AB62:  90F9 00EE 0003  CMP.B	#0x00EE, 3(R9)
AB68:  243B            JZ	0xABE0
AB6A:  3FD5            JMP	0xAB16
AB6C:  831D            DEC	R13
AB6E:  5D0D            RLA	R13
AB70:  4D1E BEAE       MOV	-16722(R13), R14
AB74:  495D 0004       MOV.B	4(R9), R13
AB78:  F03D 000F       AND	#0x000F, R13
AB7C:  5D0E            ADD	R13, R14
AB7E:  490D            MOV	R9, R13
AB80:  503D 0006       ADD	#0x0006, R13
AB84:  4DBE 0000       MOV	@R13+, 0(R14)
AB88:  10AE            SWPB	@R14
AB8A:  532E            INCD	R14
AB8C:  832B            DECD	R11
AB8E:  23FA            JNZ	0xAB84
AB90:  92F9 0004       CMP.B	#8, 4(R9)
AB94:  2405            JZ	0xABA0
AB96:  90F9 000A 0004  CMP.B	#0x000A, 4(R9)
AB9C:  2409            JZ	0xABB0
AB9E:  3C1C            JMP	0xABD8
ABA0:  90F9 00E6 0003  CMP.B	#0x00E6, 3(R9)
ABA6:  2409            JZ	0xABBA
ABA8:  90F9 00E8 0003  CMP.B	#0x00E8, 3(R9)
ABAE:  2408            JZ	0xABC0
ABB0:  90F9 00EA 0003  CMP.B	#0x00EA, 3(R9)
ABB6:  2407            JZ	0xABC6
ABB8:  3C0F            JMP	0xABD8
ABBA:  D392 04F6       BIS	#1, &0x04F6
ABBE:  3C0C            JMP	0xABD8
ABC0:  D3A2 04F6       BIS	#2, &0x04F6
ABC4:  3C09            JMP	0xABD8
ABC6:  C232            DINT
ABC8:  4303            CLR	CG
ABCA:  42D2 0468 050D  MOV.B	&0x0468, &0x050D
ABD0:  4292 046A 050E  MOV	&0x046A, &0x050E
ABD6:  D232            EINT
ABD8:  12B0 BD8C       CALL	#0xBD8C
ABDC:  4030 849C       BR	#0x849C
ABE0:  9039 04B0       CMP	#0x04B0, R9
ABE4:  2005            JNZ	0xABF0
ABE6:  4035 06C0       MOV	#0x06C0, R5
ABEA:  4036 06D0       MOV	#0x06D0, R6
ABEE:  3C04            JMP	0xABF8
ABF0:  4035 0840       MOV	#0x0840, R5
ABF4:  4036 0850       MOV	#0x0850, R6
ABF8:  403F 1080       MOV	#0x1080, R15
ABFC:  422D            MOV	#4, R13
ABFE:  450C            MOV	R5, R12
AC00:  12B0 81FC       CALL	#0x81FC
AC04:  403F 1090       MOV	#0x1090, R15
AC08:  422D            MOV	#4, R13
AC0A:  460C            MOV	R6, R12
AC0C:  12B0 81FC       CALL	#0x81FC
AC10:  450E            MOV	R5, R14
AC12:  90F9 00EC 0003  CMP.B	#0x00EC, 3(R9)
AC18:  2401            JZ	0xAC1C
AC1A:  460E            MOV	R6, R14
AC1C:  495F 0004       MOV.B	4(R9), R15
AC20:  F03F 000F       AND	#0x000F, R15
AC24:  5F0E            ADD	R15, R14
AC26:  490D            MOV	R9, R13
AC28:  503D 0006       ADD	#0x0006, R13
AC2C:  4DBE 0000       MOV	@R13+, 0(R14)
AC30:  532E            INCD	R14
AC32:  832B            DECD	R11
AC34:  23FB            JNZ	0xAC2C
AC36:  40B2 1080 04A2  MOV	#0x1080, &0x04A2
AC3C:  12B0 8080       CALL	#0x8080
AC40:  403D F0F0       MOV	#0xF0F0, R13
AC44:  450F            MOV	R5, R15
AC46:  422C            MOV	#4, R12
AC48:  430B            CLR	R11
AC4A:  4FB2 04A0       MOV	@R15+, &0x04A0
AC4E:  93B2 04A0       CMP	#-1, &0x04A0
AC52:  2001            JNZ	0xAC56
AC54:  531B            INC	R11
AC56:  E21D 04A0       XOR	&0x04A0, R13
AC5A:  12B0 80EE       CALL	#0x80EE
AC5E:  53A2 04A2       INCD	&0x04A2
AC62:  831C            DEC	R12
AC64:  23F2            JNZ	0xAC4A
AC66:  922B            CMP	#4, R11
AC68:  2001            JNZ	0xAC6C
AC6A:  433D            MOV	#-1, R13
AC6C:  4D82 04A0       MOV	R13, &0x04A0
AC70:  12B0 80EE       CALL	#0x80EE
AC74:  40B2 1090 04A2  MOV	#0x1090, &0x04A2
AC7A:  403D F0F0       MOV	#0xF0F0, R13
AC7E:  460F            MOV	R6, R15
AC80:  422C            MOV	#4, R12
AC82:  4FB2 04A0       MOV	@R15+, &0x04A0
AC86:  E21D 04A0       XOR	&0x04A0, R13
AC8A:  12B0 80EE       CALL	#0x80EE
AC8E:  53A2 04A2       INCD	&0x04A2
AC92:  831C            DEC	R12
AC94:  23F6            JNZ	0xAC82
AC96:  4D82 04A0       MOV	R13, &0x04A0
AC9A:  12B0 80EE       CALL	#0x80EE
AC9E:  90F9 00EE 0003  CMP.B	#0x00EE, 3(R9)
ACA4:  2015            JNZ	0xACD0
ACA6:  B0F9 0040 0008  BIT.B	#0x0040, 8(R9)
ACAC:  2C09            JC	0xACC0
ACAE:  C0B2 0400 04F4  BIC	#0x0400, &0x04F4
ACB4:  D032 0020       BIS	#0x0020, SR
ACB8:  C0B2 0010 0180  BIC	#0x0010, &TBCTL
ACBE:  3C08            JMP	0xACD0
ACC0:  D0B2 0400 04F4  BIS	#0x0400, &0x04F4
ACC6:  C032 0020       BIC	#0x0020, SR
ACCA:  D0B2 0010 0180  BIS	#0x0010, &TBCTL
ACD0:  3F85            JMP	0xABDC
ACD2:  93E9 0003       CMP.B	#2, 3(R9)
ACD6:  2C05            JC	0xACE2
ACD8:  90F9 0044 0004  CMP.B	#0x0044, 4(R9)
ACDE:  2C05            JC	0xACEA
ACE0:  3F1A            JMP	0xAB16
ACE2:  B0B2 0400 04F4  BIT	#0x0400, &0x04F4
ACE8:  2716            JZ	0xAB16
ACEA:  90F9 0010 0003  CMP.B	#0x0010, 3(R9)
ACF0:  2C05            JC	0xACFC
ACF2:  92E2 06B3       CMP.B	#4, &0x06B3
ACF6:  2C10            JC	0xAD18
ACF8:  4030 B84E       BR	#0xB84E
ACFC:  90F9 001D 0003  CMP.B	#0x001D, 3(R9)
AD02:  2402            JZ	0xAD08
AD04:  2FF6            JC	0xACF2
AD06:  3C04            JMP	0xAD10
AD08:  90F9 003C 0004  CMP.B	#0x003C, 4(R9)
AD0E:  2FF1            JC	0xACF2
AD10:  93E2 06B3       CMP.B	#2, &0x06B3
AD14:  2C01            JC	0xAD18
AD16:  3FF0            JMP	0xACF8
AD18:  4382 04A8       CLR	&0x04A8
AD1C:  49D2 0003 04A8  MOV.B	3(R9), &0x04A8
AD22:  1092 04A8       SWPB	&0x04A8
AD26:  59D2 0004 04A8  ADD.B	4(R9), &0x04A8
AD2C:  49D2 0005 04AB  MOV.B	5(R9), &0x04AB
AD32:  4982 04AE       MOV	R9, &0x04AE
AD36:  50B2 0006 04AE  ADD	#0x0006, &0x04AE
AD3C:  12B0 C2E2       CALL	#0xC2E2
AD40:  B0F2 000C 04AC  BIT.B	#0x000C, &0x04AC
AD46:  2026            JNZ	0xAD94
AD48:  90B2 1000 04A8  CMP	#0x1000, &0x04A8
AD4E:  2821            JNC	0xAD92
AD50:  90B2 1D3C 04A8  CMP	#0x1D3C, &0x04A8
AD56:  2C1D            JC	0xAD92
AD58:  90B2 1CC0 04A8  CMP	#0x1CC0, &0x04A8
AD5E:  2C0B            JC	0xAD76
AD60:  B392 0546       BIT	#1, &0x0546
AD64:  2C16            JC	0xAD92
AD66:  D0B2 0010 087A  BIS	#0x0010, &0x087A
AD6C:  D392 0548       BIS	#1, &0x0548
AD70:  D392 0546       BIS	#1, &0x0546
AD74:  3C0E            JMP	0xAD92
AD76:  90B2 1D00 04A8  CMP	#0x1D00, &0x04A8
AD7C:  280A            JNC	0xAD92
AD7E:  B3A2 0546       BIT	#2, &0x0546
AD82:  2C07            JC	0xAD92
AD84:  D0B2 0010 087A  BIS	#0x0010, &0x087A
AD8A:  D3A2 0548       BIS	#2, &0x0548
AD8E:  D3A2 0546       BIS	#2, &0x0546
AD92:  3F24            JMP	0xABDC
AD94:  4030 B848       BR	#0xB848
AD98:  93D9 0002       CMP.B	#1, 2(R9)
AD9C:  2404            JZ	0xADA6
AD9E:  90F9 0012 0002  CMP.B	#0x0012, 2(R9)
ADA4:  2004            JNZ	0xADAE
ADA6:  9038 0005       CMP	#0x0005, R8
ADAA:  2426            JZ	0xADF8
ADAC:  3C21            JMP	0xADF0
ADAE:  90F9 000C 0002  CMP.B	#0x000C, 2(R9)
ADB4:  241D            JZ	0xADF0
ADB6:  90F9 000D 0002  CMP.B	#0x000D, 2(R9)
ADBC:  2419            JZ	0xADF0
ADBE:  90F9 0011 0002  CMP.B	#0x0011, 2(R9)
ADC4:  2415            JZ	0xADF0
ADC6:  90F9 0014 0002  CMP.B	#0x0014, 2(R9)
ADCC:  2411            JZ	0xADF0
ADCE:  90F9 0016 0002  CMP.B	#0x0016, 2(R9)
ADD4:  240D            JZ	0xADF0
ADD6:  90F9 001A 0002  CMP.B	#0x001A, 2(R9)
ADDC:  2409            JZ	0xADF0
ADDE:  90F9 0027 0002  CMP.B	#0x0027, 2(R9)
ADE4:  2405            JZ	0xADF0
ADE6:  9038 0005       CMP	#0x0005, R8
ADEA:  2406            JZ	0xADF8
ADEC:  4030 B8D0       BR	#0xB8D0
ADF0:  9038 0006       CMP	#0x0006, R8
ADF4:  2401            JZ	0xADF8
ADF6:  3FFA            JMP	0xADEC
ADF8:  90F9 0030 0002  CMP.B	#0x0030, 2(R9)
ADFE:  2801            JNC	0xAE02
AE00:  3FF5            JMP	0xADEC
AE02:  93D2 06B3       CMP.B	#1, &0x06B3
AE06:  2C02            JC	0xAE0C
AE08:  4030 B85C       BR	#0xB85C
AE0C:  430F            CLR	R15
AE0E:  495F 0002       MOV.B	2(R9), R15
AE12:  5F0F            RLA	R15
AE14:  5F0F            RLA	R15
AE16:  5F00            ADD	R15, PC
AE18:  4030 AEC0       BR	#0xAEC0
AE1C:  4030 AEF4       BR	#0xAEF4
AE20:  4030 AF2C       BR	#0xAF2C
AE24:  4030 AF46       BR	#0xAF46
AE28:  4030 AF60       BR	#0xAF60
AE2C:  4030 AF60       BR	#0xAF60
AE30:  4030 B842       BR	#0xB842
AE34:  4030 AF96       BR	#0xAF96
AE38:  4030 B842       BR	#0xB842
AE3C:  4030 AFC2       BR	#0xAFC2
AE40:  4030 AFF4       BR	#0xAFF4
AE44:  4030 B018       BR	#0xB018
AE48:  4030 B032       BR	#0xB032
AE4C:  4030 B08A       BR	#0xB08A
AE50:  4030 B842       BR	#0xB842
AE54:  4030 B842       BR	#0xB842
AE58:  4030 B842       BR	#0xB842
AE5C:  4030 B0E4       BR	#0xB0E4
AE60:  4030 B3C6       BR	#0xB3C6
AE64:  4030 B43E       BR	#0xB43E
AE68:  4030 B49C       BR	#0xB49C
AE6C:  4030 B842       BR	#0xB842
AE70:  4030 B0E4       BR	#0xB0E4
AE74:  4030 B608       BR	#0xB608
AE78:  4030 B61A       BR	#0xB61A
AE7C:  4030 B630       BR	#0xB630
AE80:  4030 B648       BR	#0xB648
AE84:  4030 B704       BR	#0xB704
AE88:  4030 B710       BR	#0xB710
AE8C:  4030 B71C       BR	#0xB71C
AE90:  4030 B72E       BR	#0xB72E
AE94:  4030 B74C       BR	#0xB74C
AE98:  4030 B78A       BR	#0xB78A
AE9C:  4030 B7AA       BR	#0xB7AA
AEA0:  4030 B842       BR	#0xB842
AEA4:  4030 B842       BR	#0xB842
AEA8:  4030 B842       BR	#0xB842
AEAC:  4030 B842       BR	#0xB842
AEB0:  4030 B7D0       BR	#0xB7D0
AEB4:  4030 B7E4       BR	#0xB7E4
AEB8:  4030 B842       BR	#0xB842
AEBC:  4030 B814       BR	#0xB814
AEC0:  403F 1080       MOV	#0x1080, R15
AEC4:  422D            MOV	#4, R13
AEC6:  490C            MOV	R9, R12
AEC8:  503C 0010       ADD	#0x0010, R12
AECC:  430A            CLR	R10
AECE:  C0B2 1000 04F2  BIC	#0x1000, &0x04F2
AED4:  12B0 81FC       CALL	#0x81FC
AED8:  930A            TST	R10
AEDA:  2404            JZ	0xAEE4
AEDC:  D0B2 1000 04F2  BIS	#0x1000, &0x04F2
AEE2:  3C65            JMP	0xAFAE
AEE4:  490E            MOV	R9, R14
AEE6:  503E 0010       ADD	#0x0010, R14
AEEA:  403D 0007       MOV	#0x0007, R13
AEEE:  12B0 BD54       CALL	#0xBD54
AEF2:  3C65            JMP	0xAFBE
AEF4:  9038 0005       CMP	#0x0005, R8
AEF8:  2413            JZ	0xAF20
AEFA:  93C9 0003       TST.B	3(R9)
AEFE:  2376            JNZ	0xADEC
AF00:  4036 0003       MOV	#0x0003, R6
AF04:  9039 04B0       CMP	#0x04B0, R9
AF08:  2004            JNZ	0xAF12
AF0A:  40F2 0005 05AA  MOV.B	#0x0005, &0x05AA
AF10:  3C08            JMP	0xAF22
AF12:  9039 0810       CMP	#0x0810, R9
AF16:  2004            JNZ	0xAF20
AF18:  40F2 0005 0834  MOV.B	#0x0005, &0x0834
AF1E:  3C01            JMP	0xAF22
AF20:  4326            MOV	#2, R6
AF22:  D224            BIS	#4, R4
AF24:  40F5 0003 0002  MOV.B	#0x0003, 2(R5)
AF2A:  3FCA            JMP	0xAEC0
AF2C:  12B0 CA00       CALL	#0xCA00
AF30:  B0B2 2000 04F0  BIT	#0x2000, &0x04F0
AF36:  2401            JZ	0xAF3A
AF38:  3C3A            JMP	0xAFAE
AF3A:  403E 04E0       MOV	#0x04E0, R14
AF3E:  422D            MOV	#4, R13
AF40:  12B0 BD54       CALL	#0xBD54
AF44:  3C3C            JMP	0xAFBE
AF46:  9306            TST	R6
AF48:  2404            JZ	0xAF52
AF4A:  8316            DEC	R6
AF4C:  40F5 0012 0002  MOV.B	#0x0012, 2(R5)
AF52:  403E FA84       MOV	#0xFA84, R14
AF56:  403D 0003       MOV	#0x0003, R13
AF5A:  12B0 BD54       CALL	#0xBD54
AF5E:  3C2F            JMP	0xAFBE
AF60:  12B0 C628       CALL	#0xC628
AF64:  B0B2 0800 04F2  BIT	#0x0800, &0x04F2
AF6A:  2401            JZ	0xAF6E
AF6C:  3C20            JMP	0xAFAE
AF6E:  43C7 0001       CLR.B	1(R7)
AF72:  90F9 0005 0002  CMP.B	#0x0005, 2(R9)
AF78:  2407            JZ	0xAF88
AF7A:  B392 083A       BIT	#1, &0x083A
AF7E:  240F            JZ	0xAF9E
AF80:  42D7 04E1 0002  MOV.B	&0x04E1, 2(R7)
AF86:  3C03            JMP	0xAF8E
AF88:  42D7 04FE 0002  MOV.B	&0x04FE, 2(R7)
AF8E:  470F            MOV	R7, R15
AF90:  503F 0003       ADD	#0x0003, R15
AF94:  3C14            JMP	0xAFBE
AF96:  B0B2 0400 04F4  BIT	#0x0400, &0x04F4
AF9C:  2C02            JC	0xAFA2
AF9E:  4030 B842       BR	#0xB842
AFA2:  12B0 C998       CALL	#0xC998
AFA6:  B0B2 0800 04F0  BIT	#0x0800, &0x04F0
AFAC:  2402            JZ	0xAFB2
AFAE:  4030 B848       BR	#0xB848
AFB2:  403E 04E0       MOV	#0x04E0, R14
AFB6:  403D 0006       MOV	#0x0006, R13
AFBA:  12B0 BD54       CALL	#0xBD54
AFBE:  4030 B992       BR	#0xB992
AFC2:  42D7 04F4 0001  MOV.B	&0x04F4, 1(R7)
AFC8:  42D7 04F5 0002  MOV.B	&0x04F5, 2(R7)
AFCE:  C0F7 0030 0002  BIC.B	#0x0030, 2(R7)
AFD4:  52D7 0839 0002  ADD.B	&0x0839, 2(R7)
AFDA:  B0B2 4000 066C  BIT	#0x4000, &0x066C
AFE0:  2C03            JC	0xAFE8
AFE2:  C2E7 0002       BIC.B	#4, 2(R7)
AFE6:  3C02            JMP	0xAFEC
AFE8:  D2E7 0002       BIS.B	#4, 2(R7)
AFEC:  470F            MOV	R7, R15
AFEE:  503F 0003       ADD	#0x0003, R15
AFF2:  3FE5            JMP	0xAFBE
AFF4:  42D7 04FA 0001  MOV.B	&0x04FA, 1(R7)
AFFA:  42D7 04FB 0002  MOV.B	&0x04FB, 2(R7)
B000:  403E 04F0       MOV	#0x04F0, R14
B004:  470F            MOV	R7, R15
B006:  503F 0003       ADD	#0x0003, R15
B00A:  4EFF 0000       MOV.B	@R14+, 0(R15)
B00E:  531F            INC	R15
B010:  903E 04F4       CMP	#0x04F4, R14
B014:  2BFA            JNC	0xB00A
B016:  3FD3            JMP	0xAFBE
B018:  12B0 C9CC       CALL	#0xC9CC
B01C:  B0B2 1000 04F0  BIT	#0x1000, &0x04F0
B022:  2401            JZ	0xB026
B024:  3FC4            JMP	0xAFAE
B026:  403E 04E0       MOV	#0x04E0, R14
B02A:  422D            MOV	#4, R13
B02C:  12B0 BD54       CALL	#0xBD54
B030:  3FC6            JMP	0xAFBE
B032:  B0B2 2000 04F4  BIT	#0x2000, &0x04F4
B038:  27B2            JZ	0xAF9E
B03A:  495F 0003       MOV.B	3(R9), R15
B03E:  903F 00FE       CMP	#0x00FE, R15
B042:  2004            JNZ	0xB04C
B044:  D224            BIS	#4, R4
B046:  4036 000C       MOV	#0x000C, R6
B04A:  431F            MOV	#1, R15
B04C:  930F            TST	R15
B04E:  27A7            JZ	0xAF9E
B050:  903F 0013       CMP	#0x0013, R15
B054:  2FA4            JC	0xAF9E
B056:  4F0E            MOV	R15, R14
B058:  F03E 000F       AND	#0x000F, R14
B05C:  903E 000A       CMP	#0x000A, R14
B060:  2F9E            JC	0xAF9E
B062:  9306            TST	R6
B064:  2406            JZ	0xB072
B066:  8316            DEC	R6
B068:  4F0E            MOV	R15, R14
B06A:  C312            CLRC
B06C:  A31E            DADD	#1, R14
B06E:  4EC5 0003       MOV.B	R14, 3(R5)
B072:  12B0 CB54       CALL	#0xCB54
B076:  B3A2 04F2       BIT	#2, &0x04F2
B07A:  2401            JZ	0xB07E
B07C:  3F98            JMP	0xAFAE
B07E:  403E 07F0       MOV	#0x07F0, R14
B082:  423D            MOV	#8, R13
B084:  12B0 BD54       CALL	#0xBD54
B088:  3F9A            JMP	0xAFBE
B08A:  B0B2 2000 04F4  BIT	#0x2000, &0x04F4
B090:  2786            JZ	0xAF9E
B092:  495F 0003       MOV.B	3(R9), R15
B096:  903F 00FE       CMP	#0x00FE, R15
B09A:  2004            JNZ	0xB0A4
B09C:  D224            BIS	#4, R4
B09E:  4036 000C       MOV	#0x000C, R6
B0A2:  431F            MOV	#1, R15
B0A4:  930F            TST	R15
B0A6:  277B            JZ	0xAF9E
B0A8:  903F 0013       CMP	#0x0013, R15
B0AC:  2F78            JC	0xAF9E
B0AE:  4F0E            MOV	R15, R14
B0B0:  F03E 000F       AND	#0x000F, R14
B0B4:  903E 000A       CMP	#0x000A, R14
B0B8:  2F72            JC	0xAF9E
B0BA:  9306            TST	R6
B0BC:  2406            JZ	0xB0CA
B0BE:  8316            DEC	R6
B0C0:  4F0E            MOV	R15, R14
B0C2:  C312            CLRC
B0C4:  A31E            DADD	#1, R14
B0C6:  4EC5 0003       MOV.B	R14, 3(R5)
B0CA:  12B0 CB84       CALL	#0xCB84
B0CE:  B3A2 04F2       BIT	#2, &0x04F2
B0D2:  2401            JZ	0xB0D6
B0D4:  3F6C            JMP	0xAFAE
B0D6:  403E 04E0       MOV	#0x04E0, R14
B0DA:  403D 0010       MOV	#0x0010, R13
B0DE:  12B0 BD54       CALL	#0xBD54
B0E2:  3F6D            JMP	0xAFBE
B0E4:  495A 0003       MOV.B	3(R9), R10
B0E8:  903A 00A0       CMP	#0x00A0, R10
B0EC:  2007            JNZ	0xB0FC
B0EE:  90F9 0011 0002  CMP.B	#0x0011, 2(R9)
B0F4:  2754            JZ	0xAF9E
B0F6:  D224            BIS	#4, R4
B0F8:  4236            MOV	#8, R6
B0FA:  430A            CLR	R10
B0FC:  9306            TST	R6
B0FE:  2405            JZ	0xB10A
B100:  8316            DEC	R6
B102:  460E            MOV	R6, R14
B104:  4ED5 BECA 0003  MOV.B	-16694(R14), 3(R5)
B10A:  4A0F            MOV	R10, R15
B10C:  F03F 00F0       AND	#0x00F0, R15
B110:  930F            TST	R15
B112:  2410            JZ	0xB134
B114:  903F 0010       CMP	#0x0010, R15
B118:  2474            JZ	0xB202
B11A:  903F 0020       CMP	#0x0020, R15
B11E:  24D0            JZ	0xB2C0
B120:  903F 0030       CMP	#0x0030, R15
B124:  24FE            JZ	0xB322
B126:  903F 0040       CMP	#0x0040, R15
B12A:  2541            JZ	0xB3AE
B12C:  903F 0050       CMP	#0x0050, R15
B130:  246B            JZ	0xB208
B132:  3F35            JMP	0xAF9E
B134:  4A0F            MOV	R10, R15
B136:  F03F 000C       AND	#0x000C, R15
B13A:  930F            TST	R15
B13C:  2405            JZ	0xB148
B13E:  922F            CMP	#4, R15
B140:  2406            JZ	0xB14E
B142:  923F            CMP	#8, R15
B144:  2407            JZ	0xB154
B146:  3F2B            JMP	0xAF9E
B148:  403E 0390       MOV	#0x0390, R14
B14C:  3C05            JMP	0xB158
B14E:  403E 0394       MOV	#0x0394, R14
B152:  3C02            JMP	0xB158
B154:  403E 0398       MOV	#0x0398, R14
B158:  4A0F            MOV	R10, R15
B15A:  F03F 0003       AND	#0x0003, R15
B15E:  470C            MOV	R7, R12
B160:  531C            INC	R12
B162:  495B 0002       MOV.B	2(R9), R11
B166:  4F0D            MOV	R15, R13
B168:  903B 0016       CMP	#0x0016, R11
B16C:  2001            JNZ	0xB170
B16E:  430F            CLR	R15
B170:  5F0F            RLA	R15
B172:  5F0F            RLA	R15
B174:  5F0F            RLA	R15
B176:  5F0F            RLA	R15
B178:  5F0E            ADD	R15, R14
B17A:  4EFC 0000       MOV.B	@R14+, 0(R12)
B17E:  4E0F            MOV	R14, R15
B180:  531E            INC	R14
B182:  4EFC 0001       MOV.B	@R14+, 1(R12)
B186:  4EEC 0002       MOV.B	@R14, 2(R12)
B18A:  B0FF 0080 0000  BIT.B	#0x0080, 0(R15)
B190:  240C            JZ	0xB1AA
B192:  E3FC 0001       INV.B	1(R12)
B196:  E3FC 0002       INV.B	2(R12)
B19A:  E3FC 0000       INV.B	0(R12)
B19E:  53DC 0001       INC.B	1(R12)
B1A2:  63CC 0002       ADC.B	2(R12)
B1A6:  63CC 0000       ADC.B	0(R12)
B1AA:  F03F 0FF1       AND	#0x0FF1, R15
B1AE:  B0FF 0080 0000  BIT.B	#0x0080, 0(R15)
B1B4:  2404            JZ	0xB1BE
B1B6:  D0FC 0080 0000  BIS.B	#0x0080, 0(R12)
B1BC:  3C03            JMP	0xB1C4
B1BE:  C0FC 0080 0000  BIC.B	#0x0080, 0(R12)
B1C4:  522F            ADD	#4, R15
B1C6:  B0FF 0080 0000  BIT.B	#0x0080, 0(R15)
B1CC:  2404            JZ	0xB1D6
B1CE:  D0FC 0040 0000  BIS.B	#0x0040, 0(R12)
B1D4:  3C03            JMP	0xB1DC
B1D6:  C0FC 0040 0000  BIC.B	#0x0040, 0(R12)
B1DC:  503C 0003       ADD	#0x0003, R12
B1E0:  903B 0016       CMP	#0x0016, R11
B1E4:  200C            JNZ	0xB1FE
B1E6:  803E 0003       SUB	#0x0003, R14
B1EA:  4D0F            MOV	R13, R15
B1EC:  5F0F            RLA	R15
B1EE:  5F0F            RLA	R15
B1F0:  5F0F            RLA	R15
B1F2:  5F0F            RLA	R15
B1F4:  8F0E            SUB	R15, R14
B1F6:  531D            INC	R13
B1F8:  4D0F            MOV	R13, R15
B1FA:  922D            CMP	#4, R13
B1FC:  2BB9            JNC	0xB170
B1FE:  4C0F            MOV	R12, R15
B200:  3CE0            JMP	0xB3C2
B202:  403E 0360       MOV	#0x0360, R14
B206:  3C02            JMP	0xB20C
B208:  403E 036A       MOV	#0x036A, R14
B20C:  4A0F            MOV	R10, R15
B20E:  F03F 0003       AND	#0x0003, R15
B212:  930F            TST	R15
B214:  2001            JNZ	0xB218
B216:  3EC3            JMP	0xAF9E
B218:  470C            MOV	R7, R12
B21A:  531C            INC	R12
B21C:  495B 0002       MOV.B	2(R9), R11
B220:  4F0D            MOV	R15, R13
B222:  903B 0016       CMP	#0x0016, R11
B226:  2001            JNZ	0xB22A
B228:  431F            MOV	#1, R15
B22A:  831F            DEC	R15
B22C:  5F0F            RLA	R15
B22E:  5F0F            RLA	R15
B230:  5F0F            RLA	R15
B232:  5F0F            RLA	R15
B234:  5F0E            ADD	R15, R14
B236:  43CC 0000       CLR.B	0(R12)
B23A:  4EFC 0001       MOV.B	@R14+, 1(R12)
B23E:  4EEC 0002       MOV.B	@R14, 2(R12)
B242:  4A0F            MOV	R10, R15
B244:  F03F 00F0       AND	#0x00F0, R15
B248:  903F 0050       CMP	#0x0050, R15
B24C:  2026            JNZ	0xB29A
B24E:  932D            CMP	#2, R13
B250:  240C            JZ	0xB26A
B252:  903D 0003       CMP	#0x0003, R13
B256:  2412            JZ	0xB27C
B258:  B0B2 0020 027C  BIT	#0x0020, &0x027C
B25E:  2C17            JC	0xB28E
B260:  B0B2 0020 028C  BIT	#0x0020, &0x028C
B266:  2C13            JC	0xB28E
B268:  3C18            JMP	0xB29A
B26A:  B0B2 0020 027C  BIT	#0x0020, &0x027C
B270:  2C0E            JC	0xB28E
B272:  B0B2 0020 029C  BIT	#0x0020, &0x029C
B278:  2C0A            JC	0xB28E
B27A:  3C0F            JMP	0xB29A
B27C:  B0B2 0020 028C  BIT	#0x0020, &0x028C
B282:  2C05            JC	0xB28E
B284:  B0B2 0020 029C  BIT	#0x0020, &0x029C
B28A:  2C01            JC	0xB28E
B28C:  3C06            JMP	0xB29A
B28E:  43FC 0000       MOV.B	#-1, 0(R12)
B292:  43FC 0001       MOV.B	#-1, 1(R12)
B296:  43FC 0002       MOV.B	#-1, 2(R12)
B29A:  503C 0003       ADD	#0x0003, R12
B29E:  903B 0016       CMP	#0x0016, R11
B2A2:  200C            JNZ	0xB2BC
B2A4:  831E            DEC	R14
B2A6:  4D0F            MOV	R13, R15
B2A8:  831F            DEC	R15
B2AA:  5F0F            RLA	R15
B2AC:  5F0F            RLA	R15
B2AE:  5F0F            RLA	R15
B2B0:  5F0F            RLA	R15
B2B2:  8F0E            SUB	R15, R14
B2B4:  531D            INC	R13
B2B6:  4D0F            MOV	R13, R15
B2B8:  922D            CMP	#4, R13
B2BA:  2BB7            JNC	0xB22A
B2BC:  4C0F            MOV	R12, R15
B2BE:  3C81            JMP	0xB3C2
B2C0:  403E 0362       MOV	#0x0362, R14
B2C4:  4A0F            MOV	R10, R15
B2C6:  F03F 0003       AND	#0x0003, R15
B2CA:  930F            TST	R15
B2CC:  2668            JZ	0xAF9E
B2CE:  470C            MOV	R7, R12
B2D0:  531C            INC	R12
B2D2:  495B 0002       MOV.B	2(R9), R11
B2D6:  4F0D            MOV	R15, R13
B2D8:  903B 0016       CMP	#0x0016, R11
B2DC:  2001            JNZ	0xB2E0
B2DE:  431F            MOV	#1, R15
B2E0:  831F            DEC	R15
B2E2:  5F0F            RLA	R15
B2E4:  5F0F            RLA	R15
B2E6:  5F0F            RLA	R15
B2E8:  5F0F            RLA	R15
B2EA:  5F0E            ADD	R15, R14
B2EC:  4EFC 0000       MOV.B	@R14+, 0(R12)
B2F0:  531E            INC	R14
B2F2:  4EFC 0001       MOV.B	@R14+, 1(R12)
B2F6:  4EEC 0002       MOV.B	@R14, 2(R12)
B2FA:  503C 0003       ADD	#0x0003, R12
B2FE:  903B 0016       CMP	#0x0016, R11
B302:  200D            JNZ	0xB31E
B304:  803E 0003       SUB	#0x0003, R14
B308:  4D0F            MOV	R13, R15
B30A:  831F            DEC	R15
B30C:  5F0F            RLA	R15
B30E:  5F0F            RLA	R15
B310:  5F0F            RLA	R15
B312:  5F0F            RLA	R15
B314:  8F0E            SUB	R15, R14
B316:  531D            INC	R13
B318:  4D0F            MOV	R13, R15
B31A:  922D            CMP	#4, R13
B31C:  2BE1            JNC	0xB2E0
B31E:  4C0F            MOV	R12, R15
B320:  3C50            JMP	0xB3C2
B322:  403E 0390       MOV	#0x0390, R14
B326:  4A0F            MOV	R10, R15
B328:  F03F 0003       AND	#0x0003, R15
B32C:  470C            MOV	R7, R12
B32E:  531C            INC	R12
B330:  495B 0002       MOV.B	2(R9), R11
B334:  4F0D            MOV	R15, R13
B336:  903B 0016       CMP	#0x0016, R11
B33A:  2001            JNZ	0xB33E
B33C:  430F            CLR	R15
B33E:  5F0F            RLA	R15
B340:  5F0F            RLA	R15
B342:  5F0F            RLA	R15
B344:  5F0F            RLA	R15
B346:  5F0E            ADD	R15, R14
B348:  4E0F            MOV	R14, R15
B34A:  12B0 58B4       CALL	#0x58B4
B34E:  421F 0308       MOV	&0x0308, R15
B352:  4FCC 0000       MOV.B	R15, 0(R12)
B356:  421F 030A       MOV	&0x030A, R15
B35A:  4FCC 0001       MOV.B	R15, 1(R12)
B35E:  108F            SWPB	R15
B360:  4FCC 0002       MOV.B	R15, 2(R12)
B364:  4E0F            MOV	R14, R15
B366:  B0BF 8000 0000  BIT	#0x8000, 0(R15)
B36C:  2404            JZ	0xB376
B36E:  D0FC 0080 0000  BIS.B	#0x0080, 0(R12)
B374:  3C03            JMP	0xB37C
B376:  C0FC 0080 0000  BIC.B	#0x0080, 0(R12)
B37C:  522F            ADD	#4, R15
B37E:  B0BF 8000 0000  BIT	#0x8000, 0(R15)
B384:  2404            JZ	0xB38E
B386:  D0FC 0040 0000  BIS.B	#0x0040, 0(R12)
B38C:  3C03            JMP	0xB394
B38E:  C0FC 0040 0000  BIC.B	#0x0040, 0(R12)
B394:  503C 0003       ADD	#0x0003, R12
B398:  903B 0016       CMP	#0x0016, R11
B39C:  2006            JNZ	0xB3AA
B39E:  531D            INC	R13
B3A0:  4D0F            MOV	R13, R15
B3A2:  403E 0390       MOV	#0x0390, R14
B3A6:  922D            CMP	#4, R13
B3A8:  2BCA            JNC	0xB33E
B3AA:  4C0F            MOV	R12, R15
B3AC:  3C0A            JMP	0xB3C2
B3AE:  43C7 0001       CLR.B	1(R7)
B3B2:  42D7 0368 0002  MOV.B	&0x0368, 2(R7)
B3B8:  42D7 0369 0003  MOV.B	&0x0369, 3(R7)
B3BE:  470F            MOV	R7, R15
B3C0:  522F            ADD	#4, R15
B3C2:  4030 B992       BR	#0xB992
B3C6:  495B 0003       MOV.B	3(R9), R11
B3CA:  403F 1090       MOV	#0x1090, R15
B3CE:  422D            MOV	#4, R13
B3D0:  490C            MOV	R9, R12
B3D2:  503C 0010       ADD	#0x0010, R12
B3D6:  430A            CLR	R10
B3D8:  C0B2 4000 04F2  BIC	#0x4000, &0x04F2
B3DE:  12B0 81FC       CALL	#0x81FC
B3E2:  930A            TST	R10
B3E4:  2405            JZ	0xB3F0
B3E6:  D0B2 4000 04F2  BIS	#0x4000, &0x04F2
B3EC:  4030 B848       BR	#0xB848
B3F0:  490E            MOV	R9, R14
B3F2:  503E 0010       ADD	#0x0010, R14
B3F6:  403D 0006       MOV	#0x0006, R13
B3FA:  12B0 BD54       CALL	#0xBD54
B3FE:  9326            CMP	#2, R6
B400:  2409            JZ	0xB414
B402:  9038 0005       CMP	#0x0005, R8
B406:  2419            JZ	0xB43A
B408:  934B            TST.B	R11
B40A:  2402            JZ	0xB410
B40C:  4030 B8D0       BR	#0xB8D0
B410:  832F            DECD	R15
B412:  3C06            JMP	0xB420
B414:  42DF 08BB 0000  MOV.B	&0x08BB, 0(R15)
B41A:  42DF 08BA 0001  MOV.B	&0x08BA, 1(R15)
B420:  43CF 0002       CLR.B	2(R15)
B424:  43EF 0003       MOV.B	#2, 3(R15)
B428:  43CF 0004       CLR.B	4(R15)
B42C:  43CF 0005       CLR.B	5(R15)
B430:  43CF 0006       CLR.B	6(R15)
B434:  43CF 0007       CLR.B	7(R15)
B438:  523F            ADD	#8, R15
B43A:  4306            CLR	R6
B43C:  3FC2            JMP	0xB3C2
B43E:  B0B2 0400 04F4  BIT	#0x0400, &0x04F4
B444:  2C02            JC	0xB44A
B446:  4030 B842       BR	#0xB842
B44A:  B0B2 2000 04F4  BIT	#0x2000, &0x04F4
B450:  27FA            JZ	0xB446
B452:  D3E2 0515       BIS.B	#2, &0x0515
B456:  4292 0510 0516  MOV	&0x0510, &0x0516
B45C:  1092 0516       SWPB	&0x0516
B460:  42D7 0516 0001  MOV.B	&0x0516, 1(R7)
B466:  1092 0516       SWPB	&0x0516
B46A:  42D7 0516 0002  MOV.B	&0x0516, 2(R7)
B470:  4782 0518       MOV	R7, &0x0518
B474:  50B2 0003 0518  ADD	#0x0003, &0x0518
B47A:  40F2 000F 051B  MOV.B	#0x000F, &0x051B
B480:  C0B2 0040 04F2  BIC	#0x0040, &0x04F2
B486:  12B0 E3EC       CALL	#0xE3EC
B48A:  B0B2 0040 04F2  BIT	#0x0040, &0x04F2
B490:  2401            JZ	0xB494
B492:  3FAC            JMP	0xB3EC
B494:  470F            MOV	R7, R15
B496:  503F 000A       ADD	#0x000A, R15
B49A:  3F93            JMP	0xB3C2
B49C:  B0B2 0400 04F4  BIT	#0x0400, &0x04F4
B4A2:  27D1            JZ	0xB446
B4A4:  495F 0003       MOV.B	3(R9), R15
B4A8:  470D            MOV	R7, R13
B4AA:  4F0A            MOV	R15, R10
B4AC:  F03F 00F0       AND	#0x00F0, R15
B4B0:  110F            RRA	R15
B4B2:  110F            RRA	R15
B4B4:  110F            RRA	R15
B4B6:  5F00            ADD	R15, PC
B4B8:  3C0F            JMP	0xB4D8
B4BA:  3C1F            JMP	0xB4FA
B4BC:  3C1E            JMP	0xB4FA
B4BE:  3C1D            JMP	0xB4FA
B4C0:  3C1C            JMP	0xB4FA
B4C2:  3C1B            JMP	0xB4FA
B4C4:  3FC0            JMP	0xB446
B4C6:  3FBF            JMP	0xB446
B4C8:  3FBE            JMP	0xB446
B4CA:  3FBD            JMP	0xB446
B4CC:  3C20            JMP	0xB50E
B4CE:  3FBB            JMP	0xB446
B4D0:  3FBA            JMP	0xB446
B4D2:  3FB9            JMP	0xB446
B4D4:  3C12            JMP	0xB4FA
B4D6:  3C21            JMP	0xB51A
B4D8:  40F2 0010 04AB  MOV.B	#0x0010, &0x04AB
B4DE:  503D 0011       ADD	#0x0011, R13
B4E2:  495F 0003       MOV.B	3(R9), R15
B4E6:  F03F 000C       AND	#0x000C, R15
B4EA:  903F 000C       CMP	#0x000C, R15
B4EE:  27AB            JZ	0xB446
B4F0:  110F            RRA	R15
B4F2:  4F92 BE2A 04A8  MOV	-16854(R15), &0x04A8
B4F8:  3C1F            JMP	0xB538
B4FA:  4F92 BEF0 04A8  MOV	-16656(R15), &0x04A8
B500:  5F1D BF20       ADD	-16608(R15), R13
B504:  110F            RRA	R15
B506:  4FD2 BF10 04AB  MOV.B	-16624(R15), &0x04AB
B50C:  3C15            JMP	0xB538
B50E:  D224            BIS	#4, R4
B510:  4036 000E       MOV	#0x000E, R6
B514:  403F 00E0       MOV	#0x00E0, R15
B518:  3FC8            JMP	0xB4AA
B51A:  4A0F            MOV	R10, R15
B51C:  F03F 000F       AND	#0x000F, R15
B520:  903F 0005       CMP	#0x0005, R15
B524:  2F90            JC	0xB446
B526:  5F0F            RLA	R15
B528:  4F92 BDF6 04A8  MOV	-16906(R15), &0x04A8
B52E:  40F2 0010 04AB  MOV.B	#0x0010, &0x04AB
B534:  503D 0011       ADD	#0x0011, R13
B538:  9306            TST	R6
B53A:  2405            JZ	0xB546
B53C:  8316            DEC	R6
B53E:  460F            MOV	R6, R15
B540:  4FD5 BECA 0003  MOV.B	-16694(R15), 3(R5)
B546:  C3A2 04F2       BIC	#2, &0x04F2
B54A:  D0F2 0003 04AC  BIS.B	#0x0003, &0x04AC
B550:  4782 04AE       MOV	R7, &0x04AE
B554:  5392 04AE       INC	&0x04AE
B558:  12B0 C3A2       CALL	#0xC3A2
B55C:  B3A2 04F2       BIT	#2, &0x04F2
B560:  2C52            JC	0xB606
B562:  4A0F            MOV	R10, R15
B564:  F03F 00F0       AND	#0x00F0, R15
B568:  903F 0010       CMP	#0x0010, R15
B56C:  240A            JZ	0xB582
B56E:  903F 0040       CMP	#0x0040, R15
B572:  2421            JZ	0xB5B6
B574:  903F 0050       CMP	#0x0050, R15
B578:  2404            JZ	0xB582
B57A:  903F 00F0       CMP	#0x00F0, R15
B57E:  2425            JZ	0xB5CA
B580:  3C2F            JMP	0xB5E0
B582:  470E            MOV	R7, R14
B584:  531E            INC	R14
B586:  4EDE 0005 0008  MOV.B	5(R14), 8(R14)
B58C:  4EDE 0004 0007  MOV.B	4(R14), 7(R14)
B592:  43CE 0006       CLR.B	6(R14)
B596:  4EDE 0003 0005  MOV.B	3(R14), 5(R14)
B59C:  4EDE 0002 0004  MOV.B	2(R14), 4(R14)
B5A2:  43CE 0003       CLR.B	3(R14)
B5A6:  4EDE 0001 0002  MOV.B	1(R14), 2(R14)
B5AC:  4EEE 0001       MOV.B	@R14, 1(R14)
B5B0:  43CE 0000       CLR.B	0(R14)
B5B4:  3C15            JMP	0xB5E0
B5B6:  470E            MOV	R7, R14
B5B8:  531E            INC	R14
B5BA:  4EDE 0001 0002  MOV.B	1(R14), 2(R14)
B5C0:  4EEE 0001       MOV.B	@R14, 1(R14)
B5C4:  43CE 0000       CLR.B	0(R14)
B5C8:  3C0B            JMP	0xB5E0
B5CA:  470F            MOV	R7, R15
B5CC:  531F            INC	R15
B5CE:  430C            CLR	R12
B5D0:  12B0 BCC8       CALL	#0xBCC8
B5D4:  522F            ADD	#4, R15
B5D6:  531C            INC	R12
B5D8:  922C            CMP	#4, R12
B5DA:  2BFA            JNC	0xB5D0
B5DC:  12B0 BD14       CALL	#0xBD14
B5E0:  C0B2 0080 04FA  BIC	#0x0080, &0x04FA
B5E6:  12B0 C686       CALL	#0xC686
B5EA:  B0B2 0080 04F0  BIT	#0x0080, &0x04F0
B5F0:  2C0A            JC	0xB606
B5F2:  C2B2 04E0       BIC	#8, &0x04E0
B5F6:  12B0 C6B0       CALL	#0xC6B0
B5FA:  B0F2 000C 04AC  BIT.B	#0x000C, &0x04AC
B600:  2002            JNZ	0xB606
B602:  4D0F            MOV	R13, R15
B604:  3DC6            JMP	0xB992
B606:  3D20            JMP	0xB848
B608:  43C7 0001       CLR.B	1(R7)
B60C:  42D7 04FC 0002  MOV.B	&0x04FC, 2(R7)
B612:  470F            MOV	R7, R15
B614:  503F 0003       ADD	#0x0003, R15
B618:  3DBC            JMP	0xB992
B61A:  421F 04F8       MOV	&0x04F8, R15
B61E:  4FC7 0001       MOV.B	R15, 1(R7)
B622:  108F            SWPB	R15
B624:  4FC7 0002       MOV.B	R15, 2(R7)
B628:  470F            MOV	R7, R15
B62A:  503F 0003       ADD	#0x0003, R15
B62E:  3DB1            JMP	0xB992
B630:  42D7 049D 0001  MOV.B	&0x049D, 1(R7)
B636:  42D7 049E 0002  MOV.B	&0x049E, 2(R7)
B63C:  42D7 049F 0003  MOV.B	&0x049F, 3(R7)
B642:  470F            MOV	R7, R15
B644:  522F            ADD	#4, R15
B646:  3DA5            JMP	0xB992
B648:  93C9 0003       TST.B	3(R9)
B64C:  26FC            JZ	0xB446
B64E:  90F9 0005 0003  CMP.B	#0x0005, 3(R9)
B654:  2EF8            JC	0xB446
B656:  495F 0003       MOV.B	3(R9), R15
B65A:  423E            MOV	#8, R14
B65C:  5E0E            RLA	R14
B65E:  831F            DEC	R15
B660:  23FD            JNZ	0xB65C
B662:  BE82 04F8       BIT	R14, &0x04F8
B666:  2405            JZ	0xB672
B668:  4382 04E0       CLR	&0x04E0
B66C:  4382 04E2       CLR	&0x04E2
B670:  3C3B            JMP	0xB6E8
B672:  425F 03BE       MOV.B	&0x03BE, R15
B676:  49D2 0003 03BE  MOV.B	3(R9), &0x03BE
B67C:  12B0 C1A0       CALL	#0xC1A0
B680:  4FC2 03BE       MOV.B	R15, &0x03BE
B684:  40B2 006E 04A8  MOV	#0x006E, &0x04A8
B68A:  495F 0003       MOV.B	3(R9), R15
B68E:  831F            DEC	R15
B690:  2404            JZ	0xB69A
B692:  50B2 0005 04A8  ADD	#0x0005, &0x04A8
B698:  3FFA            JMP	0xB68E
B69A:  D3E2 04AC       BIS.B	#2, &0x04AC
B69E:  4982 04AE       MOV	R9, &0x04AE
B6A2:  50B2 0010 04AE  ADD	#0x0010, &0x04AE
B6A8:  42E2 04AB       MOV.B	#4, &0x04AB
B6AC:  12B0 CC18       CALL	#0xCC18
B6B0:  B0F2 000C 04AC  BIT.B	#0x000C, &0x04AC
B6B6:  2025            JNZ	0xB702
B6B8:  8992 0012 04E2  SUB	18(R9), &0x04E2
B6BE:  7992 0010 04E0  SUBC	16(R9), &0x04E0
B6C4:  B0B2 8000 04E0  BIT	#0x8000, &0x04E0
B6CA:  2C06            JC	0xB6D8
B6CC:  8292 0378 04E2  SUB	&0x0378, &0x04E2
B6D2:  7292 0376 04E0  SUBC	&0x0376, &0x04E0
B6D8:  E3B2 04E0       INV	&0x04E0
B6DC:  E3B2 04E2       INV	&0x04E2
B6E0:  5392 04E2       INC	&0x04E2
B6E4:  6382 04E0       ADC	&0x04E0
B6E8:  403E 04E0       MOV	#0x04E0, R14
B6EC:  422D            MOV	#4, R13
B6EE:  12B0 BD54       CALL	#0xBD54
B6F2:  822E            SUB	#4, R14
B6F4:  822F            SUB	#4, R15
B6F6:  12B0 BCC8       CALL	#0xBCC8
B6FA:  470F            MOV	R7, R15
B6FC:  503F 0005       ADD	#0x0005, R15
B700:  3D48            JMP	0xB992
B702:  3CA2            JMP	0xB848
B704:  403E 04C8       MOV	#0x04C8, R14
B708:  423D            MOV	#8, R13
B70A:  12B0 BD54       CALL	#0xBD54
B70E:  3D41            JMP	0xB992
B710:  403E 0420       MOV	#0x0420, R14
B714:  422D            MOV	#4, R13
B716:  12B0 BD54       CALL	#0xBD54
B71A:  3D3B            JMP	0xB992
B71C:  43C7 0001       CLR.B	1(R7)
B720:  42D7 02A8 0002  MOV.B	&0x02A8, 2(R7)
B726:  470F            MOV	R7, R15
B728:  503F 0003       ADD	#0x0003, R15
B72C:  3D32            JMP	0xB992
B72E:  B0B2 0400 04F4  BIT	#0x0400, &0x04F4
B734:  2486            JZ	0xB842
B736:  421F 0580       MOV	&0x0580, R15
B73A:  4FC7 0001       MOV.B	R15, 1(R7)
B73E:  108F            SWPB	R15
B740:  4FC7 0002       MOV.B	R15, 2(R7)
B744:  470F            MOV	R7, R15
B746:  503F 0003       ADD	#0x0003, R15
B74A:  3D23            JMP	0xB992
B74C:  B0B2 0400 04F4  BIT	#0x0400, &0x04F4
B752:  2477            JZ	0xB842
B754:  C3A2 04F2       BIC	#2, &0x04F2
B758:  C0B2 0010 04FA  BIC	#0x0010, &0x04FA
B75E:  D0F2 0003 04AC  BIS.B	#0x0003, &0x04AC
B764:  40B2 1CC0 04A8  MOV	#0x1CC0, &0x04A8
B76A:  40F2 000C 04AB  MOV.B	#0x000C, &0x04AB
B770:  4782 04AE       MOV	R7, &0x04AE
B774:  5392 04AE       INC	&0x04AE
B778:  12B0 C3A2       CALL	#0xC3A2
B77C:  B3A2 04F2       BIT	#2, &0x04F2
B780:  2C63            JC	0xB848
B782:  470F            MOV	R7, R15
B784:  503F 000D       ADD	#0x000D, R15
B788:  3D04            JMP	0xB992
B78A:  B0B2 0040 04F6  BIT	#0x0040, &0x04F6
B790:  2458            JZ	0xB842
B792:  12B0 CAF8       CALL	#0xCAF8
B796:  B3A2 04F2       BIT	#2, &0x04F2
B79A:  2C56            JC	0xB848
B79C:  403E 07C0       MOV	#0x07C0, R14
B7A0:  403D 0010       MOV	#0x0010, R13
B7A4:  12B0 BD54       CALL	#0xBD54
B7A8:  3CF4            JMP	0xB992
B7AA:  B0B2 0040 04F6  BIT	#0x0040, &0x04F6
B7B0:  2448            JZ	0xB842
B7B2:  12B0 CB1A       CALL	#0xCB1A
B7B6:  B3A2 04F2       BIT	#2, &0x04F2
B7BA:  2C46            JC	0xB848
B7BC:  42D7 04E1 0001  MOV.B	&0x04E1, 1(R7)
B7C2:  42D7 04E2 0002  MOV.B	&0x04E2, 2(R7)
B7C8:  470F            MOV	R7, R15
B7CA:  503F 0003       ADD	#0x0003, R15
B7CE:  3CE1            JMP	0xB992
B7D0:  403E 08BA       MOV	#0x08BA, R14
B7D4:  470F            MOV	R7, R15
B7D6:  531F            INC	R15
B7D8:  4EFF 0001       MOV.B	@R14+, 1(R15)
B7DC:  4EFF 0000       MOV.B	@R14+, 0(R15)
B7E0:  532F            INCD	R15
B7E2:  3CD7            JMP	0xB992
B7E4:  B0B2 4000 04F6  BIT	#0x4000, &0x04F6
B7EA:  242B            JZ	0xB842
B7EC:  93D9 0003       CMP.B	#1, 3(R9)
B7F0:  2028            JNZ	0xB842
B7F2:  403E 08A0       MOV	#0x08A0, R14
B7F6:  470F            MOV	R7, R15
B7F8:  531F            INC	R15
B7FA:  C232            DINT
B7FC:  4303            CLR	CG
B7FE:  4EEF 0000       MOV.B	@R14, 0(R15)
B802:  43CE 0000       CLR.B	0(R14)
B806:  531E            INC	R14
B808:  531F            INC	R15
B80A:  903E 08A8       CMP	#0x08A8, R14
B80E:  23F7            JNZ	0xB7FE
B810:  D232            EINT
B812:  3CBF            JMP	0xB992
B814:  470F            MOV	R7, R15
B816:  531F            INC	R15
B818:  42DF 03E8 0001  MOV.B	&0x03E8, 1(R15)
B81E:  42DF 03E9 0000  MOV.B	&0x03E9, 0(R15)
B824:  42DF 03F8 0003  MOV.B	&0x03F8, 3(R15)
B82A:  42DF 03F9 0002  MOV.B	&0x03F9, 2(R15)
B830:  42DF 0408 0005  MOV.B	&0x0408, 5(R15)
B836:  42DF 0409 0004  MOV.B	&0x0409, 4(R15)
B83C:  503F 0006       ADD	#0x0006, R15
B840:  3CA8            JMP	0xB992

loc_B842:			; переходы из 0x8908
B842:  43D7 0001       MOV.B	#1, 1(R7)
B846:  3C0D            JMP	0xB862

loc_B848:			; переходы из 0x8B98
B848:  43E7 0001       MOV.B	#2, 1(R7)
B84C:  3C0A            JMP	0xB862
B84E:  40F7 0003 0001  MOV.B	#0x0003, 1(R7)
B854:  3C06            JMP	0xB862
B856:  42E7 0001       MOV.B	#4, 1(R7)
B85A:  3C03            JMP	0xB862
B85C:  40F7 0005 0001  MOV.B	#0x0005, 1(R7)

loc_B862:			; переходы из 0x84F0, 0xB846, 0xB84C
B862:  90F7 00FE 0000  CMP.B	#0x00FE, 0(R7)
B868:  2002            JNZ	0xB86E
B86A:  4030 B8D0       BR	#0xB8D0

loc_B86E:			; переходы из 0xB868
B86E:  90B2 0680 06B4  CMP	#0x0680, &0x06B4
B874:  25AD            JZ	0xBBD0
B876:  9039 04B0       CMP	#0x04B0, R9
B87A:  2005            JNZ	0xB886
B87C:  B0F2 0040 04A7  BIT.B	#0x0040, &0x04A7
B882:  2408            JZ	0xB894
B884:  3C04            JMP	0xB88E

loc_B886:			; переходы из 0xB87A
B886:  B0F2 0040 082B  BIT.B	#0x0040, &0x082B
B88C:  2403            JZ	0xB894

loc_B88E:			; переходы из 0xB884
B88E:  D0F7 0080 0001  BIS.B	#0x0080, 1(R7)

loc_B894:			; переходы из 0xB882, 0xB88C
B894:  470F            MOV	R7, R15
B896:  532F            INCD	R15
B898:  12B0 BBF6       CALL	#0xBBF6
B89C:  108D            SWPB	R13
B89E:  4DCF 0000       MOV.B	R13, 0(R15)
B8A2:  531F            INC	R15
B8A4:  108D            SWPB	R13
B8A6:  4DCF 0000       MOV.B	R13, 0(R15)
B8AA:  470F            MOV	R7, R15
B8AC:  522F            ADD	#4, R15
B8AE:  890F            SUB	R9, R15
B8B0:  C224            BIC	#4, R4
B8B2:  9039 04B0       CMP	#0x04B0, R9
B8B6:  2006            JNZ	0xB8C4
B8B8:  C0F2 00A0 04A7  BIC.B	#0x00A0, &0x04A7
B8BE:  43C2 05A7       CLR.B	&0x05A7
B8C2:  3C87            JMP	0xB9D2

loc_B8C4:			; переходы из 0xB8B6
B8C4:  C0F2 00A0 082B  BIC.B	#0x00A0, &0x082B
B8CA:  43C2 0833       CLR.B	&0x0833
B8CE:  3D1C            JMP	0xBB08

loc_B8D0:			; переходы из 0x85C0, 0x8B90, 0xB86A
B8D0:  90B2 0680 06B4  CMP	#0x0680, &0x06B4
B8D6:  2454            JZ	0xB980
B8D8:  90B2 04B0 06B4  CMP	#0x04B0, &0x06B4
B8DE:  2035            JNZ	0xB94A
B8E0:  40B2 04B0 04A4  MOV	#0x04B0, &0x04A4
B8E6:  42D2 06B3 04FF  MOV.B	&0x06B3, &0x04FF
B8EC:  C0F2 007C 00D5  BIC.B	#0x007C, &UCA1STAT
B8F2:  C0F2 00AB 04A7  BIC.B	#0x00AB, &0x04A7
B8F8:  C2E2 0029       BIC.B	#4, &P2OUT
B8FC:  40F2 00E1 00D1  MOV.B	#0x00E1, &UCA1CTL1
B902:  C3D2 00D1       BIC.B	#1, &UCA1CTL1
B906:  C3D2 0007       BIC.B	#1, &UC1IFG
B90A:  D3D2 0006       BIS.B	#1, &UC1IE
B90E:  C3E2 0006       BIC.B	#2, &UC1IE
B912:  C0F2 0080 0026  BIC.B	#0x0080, &P1SEL
B918:  40B2 8104 0166  MOV	#0x8104, &TACCTL2
B91E:  B2E2 05A0       BIT.B	#4, &0x05A0
B922:  2C03            JC	0xB92A
B924:  D0B2 0010 0166  BIS	#0x0010, &TACCTL2

loc_B92A:			; переходы из 0xB922
B92A:  D0F2 0010 002E  BIS.B	#0x0010, &P2SEL
B930:  4382 0162       CLR	&TACCTL0
B934:  C3D2 05A0       BIC.B	#1, &0x05A0
B938:  B3E2 05A0       BIT.B	#2, &0x05A0
B93C:  254F            JZ	0xBBDC
B93E:  C3E2 05A0       BIC.B	#2, &0x05A0
B942:  D0B2 0010 04F6  BIS	#0x0010, &0x04F6
B948:  3D49            JMP	0xBBDC

loc_B94A:			; переходы из 0xB8DE
B94A:  40B2 0810 0828  MOV	#0x0810, &0x0828
B950:  42D2 06B3 0835  MOV.B	&0x06B3, &0x0835
B956:  C0F2 007C 0065  BIC.B	#0x007C, &UCA0STAT
B95C:  C0F2 00AB 082B  BIC.B	#0x00AB, &0x082B
B962:  C0F2 0040 0031  BIC.B	#0x0040, &P5OUT
B968:  40F2 00E1 0061  MOV.B	#0x00E1, &UCA0CTL1
B96E:  C3D2 0061       BIC.B	#1, &UCA0CTL1
B972:  C3D2 0003       BIC.B	#1, &IFG2
B976:  D3D2 0001       BIS.B	#1, &IE2
B97A:  C3E2 0001       BIC.B	#2, &IE2
B97E:  3D2E            JMP	0xBBDC

loc_B980:			; переходы из 0x831A, 0xB8D6
B980:  40B2 0680 06B0  MOV	#0x0680, &0x06B0
B986:  42D2 06B3 06B2  MOV.B	&0x06B3, &0x06B2
B98C:  43F2 0681       MOV.B	#-1, &0x0681
B990:  3D25            JMP	0xBBDC
B992:  90B2 0680 06B4  CMP	#0x0680, &0x06B4
B998:  27F3            JZ	0xB980
B99A:  90B2 04B0 06B4  CMP	#0x04B0, &0x06B4
B9A0:  209B            JNZ	0xBAD8
B9A2:  B0F2 0080 04A7  BIT.B	#0x0080, &0x04A7
B9A8:  2401            JZ	0xB9AC
B9AA:  5319            INC	R9
B9AC:  12B0 BBF6       CALL	#0xBBF6
B9B0:  108D            SWPB	R13
B9B2:  4DCF 0000       MOV.B	R13, 0(R15)
B9B6:  531F            INC	R15
B9B8:  108D            SWPB	R13
B9BA:  4D82 05A4       MOV	R13, &0x05A4
B9BE:  4DCF 0000       MOV.B	R13, 0(R15)
B9C2:  890F            SUB	R9, R15
B9C4:  531F            INC	R15
B9C6:  B224            BIT	#4, R4
B9C8:  2C0A            JC	0xB9DE
B9CA:  B0F2 0080 04A7  BIT.B	#0x0080, &0x04A7
B9D0:  2C1A            JC	0xBA06

loc_B9D2:			; переходы из 0xB8C2
B9D2:  40B2 04B0 04A4  MOV	#0x04B0, &0x04A4
B9D8:  4FC2 04A6       MOV.B	R15, &0x04A6
B9DC:  3C49            JMP	0xBA70
B9DE:  40B2 06C0 05AC  MOV	#0x06C0, &0x05AC
B9E4:  4292 05AC 04A4  MOV	&0x05AC, &0x04A4
B9EA:  421D 05AC       MOV	&0x05AC, R13
B9EE:  49FD 0000       MOV.B	@R9+, 0(R13)
B9F2:  531D            INC	R13
B9F4:  9907            CMP	R9, R7
B9F6:  2FFB            JC	0xB9EE
B9F8:  470D            MOV	R7, R13
B9FA:  821D 06B4       SUB	&0x06B4, R13
B9FE:  531D            INC	R13
BA00:  4DC2 04A6       MOV.B	R13, &0x04A6
BA04:  8D0F            SUB	R13, R15
BA06:  832F            DECD	R15
BA08:  4FC2 05A6       MOV.B	R15, &0x05A6
BA0C:  D0F2 0020 04A7  BIS.B	#0x0020, &0x04A7
BA12:  E0B2 0010 05AC  XOR	#0x0010, &0x05AC
BA18:  421D 05AC       MOV	&0x05AC, R13
BA1C:  49FD 0000       MOV.B	@R9+, 0(R13)
BA20:  531D            INC	R13
BA22:  831F            DEC	R15
BA24:  23FB            JNZ	0xBA1C
BA26:  4219 06B4       MOV	&0x06B4, R9
BA2A:  46C2 05A7       MOV.B	R6, &0x05A7
BA2E:  93C2 05A7       TST.B	&0x05A7
BA32:  2013            JNZ	0xBA5A
BA34:  40B2 04B1 05AC  MOV	#0x04B1, &0x05AC
BA3A:  425F 05A6       MOV.B	&0x05A6, R15
BA3E:  521F 05AC       ADD	&0x05AC, R15
BA42:  421D 05A4       MOV	&0x05A4, R13
BA46:  108D            SWPB	R13
BA48:  4DCF 0000       MOV.B	R13, 0(R15)
BA4C:  531F            INC	R15
BA4E:  108D            SWPB	R13
BA50:  4DCF 0000       MOV.B	R13, 0(R15)
BA54:  53E2 05A6       INCD.B	&0x05A6
BA58:  3C0B            JMP	0xBA70
BA5A:  45A9 0000       MOV	@R5, 0(R9)
BA5E:  4599 0002 0002  MOV	2(R5), 2(R9)
BA64:  4599 0004 0004  MOV	4(R5), 4(R9)
BA6A:  4599 0006 0006  MOV	6(R5), 6(R9)

loc_BA70:			; переходы из 0xB9DC
BA70:  C0F2 0010 04A7  BIC.B	#0x0010, &0x04A7
BA76:  42D2 06B3 04FF  MOV.B	&0x06B3, &0x04FF
BA7C:  B0F2 0080 04A7  BIT.B	#0x0080, &0x04A7
BA82:  2CAC            JC	0xBBDC
BA84:  B224            BIT	#4, R4
BA86:  2403            JZ	0xBA8E
BA88:  D0F2 0080 04A7  BIS.B	#0x0080, &0x04A7

loc_BA8E:			; переходы из 0xBA86
BA8E:  B3E2 05A0       BIT.B	#2, &0x05A0
BA92:  2C05            JC	0xBA9E
BA94:  D2E2 0029       BIS.B	#4, &P2OUT
BA98:  D3E2 0006       BIS.B	#2, &UC1IE
BA9C:  3C9F            JMP	0xBBDC

loc_BA9E:			; переходы из 0xBA92
BA9E:  C0F2 0010 002E  BIC.B	#0x0010, &P2SEL
BAA4:  4382 0166       CLR	&TACCTL2
BAA8:  D0F2 0080 0026  BIS.B	#0x0080, &P1SEL
BAAE:  C232            DINT
BAB0:  4303            CLR	CG
BAB2:  4292 0174 0172  MOV	&TACCR1, &TACCR0
BAB8:  4292 0172 0176  MOV	&TACCR0, &TACCR2
BABE:  50B2 0177 0172  ADD	#0x0177, &TACCR0
BAC4:  50B2 015E 0176  ADD	#0x015E, &TACCR2
BACA:  D3D2 05A0       BIS.B	#1, &0x05A0
BACE:  40B2 0010 0162  MOV	#0x0010, &TACCTL0
BAD4:  D232            EINT
BAD6:  3C82            JMP	0xBBDC
BAD8:  B0F2 0080 082B  BIT.B	#0x0080, &0x082B
BADE:  2401            JZ	0xBAE2
BAE0:  5319            INC	R9
BAE2:  12B0 BBF6       CALL	#0xBBF6
BAE6:  108D            SWPB	R13
BAE8:  4DCF 0000       MOV.B	R13, 0(R15)
BAEC:  531F            INC	R15
BAEE:  108D            SWPB	R13
BAF0:  4D82 0830       MOV	R13, &0x0830
BAF4:  4DCF 0000       MOV.B	R13, 0(R15)
BAF8:  890F            SUB	R9, R15
BAFA:  531F            INC	R15
BAFC:  B224            BIT	#4, R4
BAFE:  2C0A            JC	0xBB14
BB00:  B0F2 0080 082B  BIT.B	#0x0080, &0x082B
BB06:  2C1A            JC	0xBB3C

loc_BB08:			; переходы из 0xB8CE
BB08:  40B2 0810 0828  MOV	#0x0810, &0x0828
BB0E:  4FC2 082A       MOV.B	R15, &0x082A
BB12:  3C49            JMP	0xBBA6
BB14:  40B2 0840 0836  MOV	#0x0840, &0x0836
BB1A:  4292 0836 0828  MOV	&0x0836, &0x0828
BB20:  421D 0836       MOV	&0x0836, R13
BB24:  49FD 0000       MOV.B	@R9+, 0(R13)
BB28:  531D            INC	R13
BB2A:  9907            CMP	R9, R7
BB2C:  2FFB            JC	0xBB24
BB2E:  470D            MOV	R7, R13
BB30:  821D 06B4       SUB	&0x06B4, R13
BB34:  531D            INC	R13
BB36:  4DC2 082A       MOV.B	R13, &0x082A
BB3A:  8D0F            SUB	R13, R15
BB3C:  832F            DECD	R15
BB3E:  4FC2 0832       MOV.B	R15, &0x0832
BB42:  D0F2 0020 082B  BIS.B	#0x0020, &0x082B
BB48:  E0B2 0010 0836  XOR	#0x0010, &0x0836
BB4E:  421D 0836       MOV	&0x0836, R13
BB52:  49FD 0000       MOV.B	@R9+, 0(R13)
BB56:  531D            INC	R13
BB58:  831F            DEC	R15
BB5A:  23FB            JNZ	0xBB52
BB5C:  4219 06B4       MOV	&0x06B4, R9
BB60:  46C2 0833       MOV.B	R6, &0x0833
BB64:  93C2 0833       TST.B	&0x0833
BB68:  2013            JNZ	0xBB90
BB6A:  40B2 0811 0836  MOV	#0x0811, &0x0836
BB70:  425F 0832       MOV.B	&0x0832, R15
BB74:  521F 0836       ADD	&0x0836, R15
BB78:  421D 0830       MOV	&0x0830, R13
BB7C:  108D            SWPB	R13
BB7E:  4DCF 0000       MOV.B	R13, 0(R15)
BB82:  531F            INC	R15
BB84:  108D            SWPB	R13
BB86:  4DCF 0000       MOV.B	R13, 0(R15)
BB8A:  53E2 0832       INCD.B	&0x0832
BB8E:  3C0B            JMP	0xBBA6
BB90:  45A9 0000       MOV	@R5, 0(R9)
BB94:  4599 0002 0002  MOV	2(R5), 2(R9)
BB9A:  4599 0004 0004  MOV	4(R5), 4(R9)
BBA0:  4599 0006 0006  MOV	6(R5), 6(R9)

loc_BBA6:			; переходы из 0xBB12
BBA6:  C0F2 0010 082B  BIC.B	#0x0010, &0x082B
BBAC:  42D2 06B3 0835  MOV.B	&0x06B3, &0x0835
BBB2:  B0F2 0080 082B  BIT.B	#0x0080, &0x082B
BBB8:  2C11            JC	0xBBDC
BBBA:  B224            BIT	#4, R4
BBBC:  2403            JZ	0xBBC4
BBBE:  D0F2 0080 082B  BIS.B	#0x0080, &0x082B

loc_BBC4:			; переходы из 0xBBBC
BBC4:  D0F2 0040 0031  BIS.B	#0x0040, &P5OUT
BBCA:  D3E2 0001       BIS.B	#2, &IE2
BBCE:  3C06            JMP	0xBBDC

loc_BBD0:			; переходы из 0xB874
BBD0:  40B2 0680 06B0  MOV	#0x0680, &0x06B0
BBD6:  42D2 06B3 06B2  MOV.B	&0x06B3, &0x06B2

loc_BBDC:			; переходы из 0xB93C, 0xB948, 0xB97E, 0xB990, 0xBA82, 0xBA9C, 0xBAD6, 0xBBB8
BBDC:  4134            POP	R4
BBDE:  4135            POP	R5
BBE0:  4136            POP	R6
BBE2:  4137            POP	R7
BBE4:  4138            POP	R8
BBE6:  4139            POP	R9
BBE8:  413A            POP	R10
BBEA:  413B            POP	R11
BBEC:  413C            POP	R12
BBEE:  413D            POP	R13
BBF0:  413E            POP	R14
BBF2:  413F            POP	R15
BBF4:  4130            RET

; ============================================================
; Функция sub_BBF6 @ 0xBBF6   (вызовов: 3)
;   вызывается из: 0x839E, 0x83CA, 0xB898
; ============================================================
BBF6:  433D            MOV	#-1, R13
BBF8:  90B2 04B0 06B4  CMP	#0x04B0, &0x06B4
BBFE:  2007            JNZ	0xBC0E
BC00:  B0F2 0080 04A7  BIT.B	#0x0080, &0x04A7
BC06:  2409            JZ	0xBC1A
BC08:  421D 05A4       MOV	&0x05A4, R13
BC0C:  3C06            JMP	0xBC1A

loc_BC0E:			; переходы из 0xBBFE
BC0E:  B0F2 0080 082B  BIT.B	#0x0080, &0x082B
BC14:  2402            JZ	0xBC1A
BC16:  421D 0830       MOV	&0x0830, R13

loc_BC1A:			; переходы из 0xBC06, 0xBC0C, 0xBC14
BC1A:  490E            MOV	R9, R14
BC1C:  12B0 BC22       CALL	#0xBC22
BC20:  4130            RET

; ============================================================
; Функция sub_BC22 @ 0xBC22   (вызовов: 4)
;   вызывается из: 0x1490, 0x149A, 0x14A0, 0xBC1C
; ============================================================
BC22:  430C            CLR	R12
BC24:  4E7C            MOV.B	@R14+, R12
BC26:  4D0B            MOV	R13, R11
BC28:  108B            SWPB	R11
BC2A:  EB4C            XOR.B	R11, R12
BC2C:  4D4B            MOV.B	R13, R11
BC2E:  EC5B FB3C       XOR.B	-1220(R12), R11
BC32:  108B            SWPB	R11
BC34:  4B0D            MOV	R11, R13
BC36:  4C5A FC3C       MOV.B	-964(R12), R10
BC3A:  5A0D            ADD	R10, R13
BC3C:  9F0E            CMP	R15, R14
BC3E:  2BF1            JNC	0xBC22
BC40:  4130            RET

; ============================================================
; Функция sub_BC42 @ 0xBC42   (вызовов: 8)
;   вызывается из: 0x6FE8, 0xE948, 0xECC2, 0xEDB6, 0xEDE6, 0xEE16, 0xEE46, 0xF0B8
; ============================================================
BC42:  120F            PUSH	R15
BC44:  425F 04FD       MOV.B	&0x04FD, R15
BC48:  831F            DEC	R15
BC4A:  5F0F            RLA	R15
BC4C:  521F 0306       ADD	&0x0306, R15
BC50:  4F92 BC90 0306  MOV	-17264(R15), &0x0306
BC56:  12B0 4B0C       CALL	#0x4B0C
BC5A:  903F 0018       CMP	#0x0018, R15
BC5E:  2C16            JC	0xBC8C
BC60:  9F92 BCB0 030E  CMP	-17232(R15), &0x030E
BC66:  2804            JNC	0xBC70
BC68:  5392 030A       INC	&0x030A
BC6C:  6382 0308       ADC	&0x0308

loc_BC70:			; переходы из 0xBC66
BC70:  903F 0010       CMP	#0x0010, R15
BC74:  280B            JNC	0xBC8C
BC76:  4292 0308 0300  MOV	&0x0308, &0x0300
BC7C:  4292 030A 0302  MOV	&0x030A, &0x0302
BC82:  40B2 0064 0306  MOV	#0x0064, &0x0306
BC88:  12B0 4B0C       CALL	#0x4B0C

loc_BC8C:			; переходы из 0xBC5E, 0xBC74
BC8C:  413F            POP	R15
BC8E:  4130            RET
BC90:  .word 000A 0002 0001 0002                      |........|
BC98:  2710            JZ	0xBABA
BC9A:  .word 07D0 03E8 07D0 0064 0014 000A 0014 000A  |......d.........|
BCAA:  .word 0002 0001 0002 0005 0001 0001 0001 1388  |................|
BCBA:  .word 03E8 01F4 03E8 0032 000A 0005 000A       |......2.......|
BCC8:  4F5E 0001       MOV.B	1(R15), R14
BCCC:  4E82 0300       MOV	R14, &0x0300
BCD0:  1092 0300       SWPB	&0x0300
BCD4:  4F6E            MOV.B	@R15, R14
BCD6:  5E82 0300       ADD	R14, &0x0300
BCDA:  4F5E 0003       MOV.B	3(R15), R14
BCDE:  4E82 0302       MOV	R14, &0x0302
BCE2:  1092 0302       SWPB	&0x0302
BCE6:  4F5E 0002       MOV.B	2(R15), R14
BCEA:  5E82 0302       ADD	R14, &0x0302
BCEE:  4382 0306       CLR	&0x0306
BCF2:  12B0 BC42       CALL	#0xBC42
BCF6:  421E 0308       MOV	&0x0308, R14
BCFA:  4ECF 0000       MOV.B	R14, 0(R15)
BCFE:  108E            SWPB	R14
BD00:  4ECF 0001       MOV.B	R14, 1(R15)
BD04:  421E 030A       MOV	&0x030A, R14
BD08:  4ECF 0002       MOV.B	R14, 2(R15)
BD0C:  108E            SWPB	R14
BD0E:  4ECF 0003       MOV.B	R14, 3(R15)
BD12:  4130            RET
BD14:  B0B2 4000 04F4  BIT	#0x4000, &0x04F4
BD1A:  2407            JZ	0xBD2A
BD1C:  470E            MOV	R7, R14
BD1E:  423C            MOV	#8, R12
BD20:  43FE 0009       MOV.B	#-1, 9(R14)
BD24:  531E            INC	R14
BD26:  831C            DEC	R12
BD28:  23FB            JNZ	0xBD20
BD2A:  B0B2 8000 04F4  BIT	#0x8000, &0x04F4
BD30:  2410            JZ	0xBD52
BD32:  43F7 0005       MOV.B	#-1, 5(R7)
BD36:  43F7 0006       MOV.B	#-1, 6(R7)
BD3A:  43F7 0007       MOV.B	#-1, 7(R7)
BD3E:  43F7 0008       MOV.B	#-1, 8(R7)
BD42:  43F7 000D       MOV.B	#-1, 13(R7)
BD46:  43F7 000E       MOV.B	#-1, 14(R7)
BD4A:  43F7 000F       MOV.B	#-1, 15(R7)
BD4E:  43F7 0010       MOV.B	#-1, 16(R7)
BD52:  4130            RET
BD54:  470F            MOV	R7, R15
BD56:  531F            INC	R15
BD58:  4EFF 0000       MOV.B	@R14+, 0(R15)
BD5C:  531F            INC	R15
BD5E:  831D            DEC	R13
BD60:  23FB            JNZ	0xBD58
BD62:  4130            RET

; ============================================================
; Функция sub_BD64 @ 0xBD64   (вызовов: 1)
;   вызывается из: 0x8B12
; ============================================================
BD64:  403E 04E0       MOV	#0x04E0, R14
BD68:  470F            MOV	R7, R15
BD6A:  531F            INC	R15

loc_BD6C:			; переходы из 0xBD88
BD6C:  5EDF 0002 0002  ADD.B	2(R14), 2(R15)
BD72:  6EDF 0003 0003  ADDC.B	3(R14), 3(R15)
BD78:  6EEF 0000       ADDC.B	@R14, 0(R15)
BD7C:  6EDF 0001 0001  ADDC.B	1(R14), 1(R15)
BD82:  522E            ADD	#4, R14
BD84:  522F            ADD	#4, R15
BD86:  8318            DEC	R8
BD88:  23F1            JNZ	0xBD6C
BD8A:  4130            RET

; ============================================================
; Функция sub_BD8C @ 0xBD8C   (вызовов: 1)
;   вызывается из: 0x6D90
; ============================================================
BD8C:  120F            PUSH	R15
BD8E:  120E            PUSH	R14
BD90:  120D            PUSH	R13
BD92:  120C            PUSH	R12
BD94:  B0B2 0100 08B8  BIT	#0x0100, &0x08B8
BD9A:  2428            JZ	0xBDEC
BD9C:  40B2 1000 04A2  MOV	#0x1000, &0x04A2
BDA2:  12B0 8080       CALL	#0x8080
BDA6:  40B2 1040 04A2  MOV	#0x1040, &0x04A2
BDAC:  12B0 8080       CALL	#0x8080
BDB0:  40B2 1000 04A2  MOV	#0x1000, &0x04A2
BDB6:  430E            CLR	R14

loc_BDB8:			; переходы из 0xBDEA
BDB8:  4E1F BEAE       MOV	-16722(R14), R15
BDBC:  4E1C BEBE       MOV	-16706(R14), R12
BDC0:  403D F0F0       MOV	#0xF0F0, R13

loc_BDC4:			; переходы из 0xBDD6
BDC4:  4FB2 04A0       MOV	@R15+, &0x04A0
BDC8:  E21D 04A0       XOR	&0x04A0, R13
BDCC:  12B0 80EE       CALL	#0x80EE
BDD0:  53A2 04A2       INCD	&0x04A2
BDD4:  831C            DEC	R12
BDD6:  23F6            JNZ	0xBDC4
BDD8:  4D82 04A0       MOV	R13, &0x04A0
BDDC:  12B0 80EE       CALL	#0x80EE
BDE0:  532E            INCD	R14
BDE2:  52A2 04A2       ADD	#4, &0x04A2
BDE6:  903E 000C       CMP	#0x000C, R14
BDEA:  2BE6            JNC	0xBDB8

loc_BDEC:			; переходы из 0xBD9A
BDEC:  413C            POP	R12
BDEE:  413D            POP	R13
BDF0:  413E            POP	R14
BDF2:  413F            POP	R15
BDF4:  4130            RET
BDF6:  .word 08D5 08E6 08F7 0908 0919 0390 0394 0398  |................|
BE06:  .word 0360 0362 0368 036A 0002 0002 0002 0001  |`.b.h.j.........|
BE16:  .word 0002 0001 0001 0004 0004 0004 0003 0003  |................|
BE26:  .word 0001 0003 0871 0882 0893 08A4 08AB 08C2  |....q...........|
BE36:  .word 08C5 0010 0010 0010 0006 0009 0002 0006  |................|
BE46:  .word 00AF 00B2 00B5 00B8 00BB 00BE 00C1 00C4  |................|
BE56:  .word 00C7 00CA 00CD 00D0 00D3 00D6 00D9 00DC  |................|
BE66:  .word 00F3 00F6 00F9 00FC 0FFA 0FFD            |............|
BE72:  7919 791C       SUBC	31004(R9), R9
BE76:  791F 7AAE       SUBC	31406(R9), R15
BE7A:  .word 0C00 0C82 0D04 0D86 0E08 0E8A 1D43 1D89  |............C...|
BE8A:  .word 1DCF 1E15 1E5B 1EA1 1EE7 1F2D 1F73 1FB9  |....[.....-.s...|
BE9A:  .word 0B2E 0F0C 0A2A 0AAC 0B74 0BBA            |....*...t...|
BEA6:  7928            SUBC	@R9, R8
BEA8:  79AA 7A2C       SUBC	@R9, 31276(R10)
BEAC:  7AB3 0330       SUBC	@R10+, 816(CG)
BEB0:  .word 0340 0350 0440 0450 0460                 |@.P.@.P.`.|
BEBA:  1080            SWPB	PC
BEBC:  1090 0008       SWPB	0xBEC8
BEC0:  .word 0008 0008 0005 0005 0006                 |..........|
BECA:  4000            BR	PC
BECC:  2130            JNZ	0xC12E
BECE:  1151 0408       RRA.B	1032(SP)
BED2:  F000            AND	PC, PC
BED4:  F3F4 F1F2       AND.B	#-1, -3598(R4)
BED8:  .word 0500 0400 0203 0000                      |........|
BEE0:  E000            XOR	PC, PC
BEE2:  E4E2 E8E6       XOR.B	@R4, &0xE8E6
BEE6:  ECEA 00EE       XOR.B	@R12, 238(R10)
BEEA:  .word 0000                                     |..|
BEEC:  2814            JNC	0xBF16
BEEE:  503C 0000       ADD	#0x0000, R12
BEF2:  .word 08A4 08AB 08B5 08C2 08C5 0000 0000 0000  |................|
BF02:  .word 0000 0000 0000 0000 0000 08CC 0000 0600  |................|
BF12:  .word 0C09 0602 0000 0000 0000 0000 0008 0000  |................|
BF22:  .word 000A 000A 000D 0004 000A 0000 0000 0000  |................|
BF32:  .word 0000 0000 0000 0000 0000 0009 0000       |..............|

; ============================================================
; Функция sub_BF40 @ 0xBF40   (вызовов: 2)
;   вызывается из: 0x21E2, 0x2C06
; ============================================================
BF40:  120F            PUSH	R15
BF42:  120E            PUSH	R14
BF44:  B0F2 0020 04AC  BIT.B	#0x0020, &0x04AC
BF4A:  2420            JZ	0xBF8C
BF4C:  425F 04FC       MOV.B	&0x04FC, R15
BF50:  F03F 0006       AND	#0x0006, R15
BF54:  4382 04A8       CLR	&0x04A8

loc_BF58:			; переходы из 0xBF64
BF58:  930F            TST	R15
BF5A:  2405            JZ	0xBF66
BF5C:  832F            DECD	R15
BF5E:  50B2 0011 04A8  ADD	#0x0011, &0x04A8
BF64:  3FF9            JMP	0xBF58

loc_BF66:			; переходы из 0xBF5A
BF66:  12B0 CD36       CALL	#0xCD36
BF6A:  40F2 0010 04AB  MOV.B	#0x0010, &0x04AB
BF70:  40B2 04D0 04AE  MOV	#0x04D0, &0x04AE
BF76:  12B0 CBF4       CALL	#0xCBF4
BF7A:  B0F2 000C 04AC  BIT.B	#0x000C, &0x04AC
BF80:  2001            JNZ	0xBF84
BF82:  3C04            JMP	0xBF8C

loc_BF84:			; переходы из 0xBF80, 0xBFD2, 0xBFF4, 0xC0A4
BF84:  C0F2 0020 04AC  BIC.B	#0x0020, &0x04AC
BF8A:  3C8D            JMP	0xC0A6

loc_BF8C:			; переходы из 0xBF4A, 0xBF82
BF8C:  B0B2 0400 04F4  BIT	#0x0400, &0x04F4
BF92:  2431            JZ	0xBFF6
BF94:  B0B2 0080 04F6  BIT	#0x0080, &0x04F6
BF9A:  241C            JZ	0xBFD4
BF9C:  425F 04FC       MOV.B	&0x04FC, R15
BFA0:  F03F 0006       AND	#0x0006, R15
BFA4:  40B2 092A 04A8  MOV	#0x092A, &0x04A8

loc_BFAA:			; переходы из 0xBFB6
BFAA:  930F            TST	R15
BFAC:  2405            JZ	0xBFB8
BFAE:  832F            DECD	R15
BFB0:  50B2 000D 04A8  ADD	#0x000D, &0x04A8
BFB6:  3FF9            JMP	0xBFAA

loc_BFB8:			; переходы из 0xBFAC
BFB8:  12B0 CD36       CALL	#0xCD36
BFBC:  40F2 000C 04AB  MOV.B	#0x000C, &0x04AB
BFC2:  40B2 0670 04AE  MOV	#0x0670, &0x04AE
BFC8:  12B0 C2E2       CALL	#0xC2E2
BFCC:  B0F2 000C 04AC  BIT.B	#0x000C, &0x04AC
BFD2:  23D8            JNZ	0xBF84

loc_BFD4:			; переходы из 0xBF9A
BFD4:  40B2 0860 04A8  MOV	#0x0860, &0x04A8
BFDA:  12B0 CD36       CALL	#0xCD36
BFDE:  40F2 0010 04AB  MOV.B	#0x0010, &0x04AB
BFE4:  40B2 05F0 04AE  MOV	#0x05F0, &0x04AE
BFEA:  12B0 C2E2       CALL	#0xC2E2
BFEE:  B0F2 000C 04AC  BIT.B	#0x000C, &0x04AC
BFF4:  23C7            JNZ	0xBF84

loc_BFF6:			; переходы из 0xBF92
BFF6:  C0B2 0040 04F4  BIC	#0x0040, &0x04F4
BFFC:  B0F2 0080 04FC  BIT.B	#0x0080, &0x04FC
C002:  2451            JZ	0xC0A6
C004:  B392 04F4       BIT	#1, &0x04F4
C008:  2C4E            JC	0xC0A6
C00A:  D0B2 0080 04F4  BIS	#0x0080, &0x04F4
C010:  425F 04FC       MOV.B	&0x04FC, R15
C014:  425E 04FC       MOV.B	&0x04FC, R14
C018:  F07F 00F1       AND.B	#0x00F1, R15
C01C:  F07E 0070       AND.B	#0x0070, R14
C020:  C312            CLRC
C022:  100E            RRC	R14
C024:  100E            RRC	R14
C026:  100E            RRC	R14
C028:  5E4F            ADD.B	R14, R15
C02A:  4FC2 04FC       MOV.B	R15, &0x04FC
C02E:  100E            RRC	R14
C030:  D2E2 039F       BIS.B	#4, &0x039F
C034:  4EC2 03BE       MOV.B	R14, &0x03BE
C038:  B392 04F8       BIT	#1, &0x04F8
C03C:  241B            JZ	0xC074
C03E:  B2A2 04F8       BIT	#4, &0x04F8
C042:  2418            JZ	0xC074
C044:  B2B2 04F8       BIT	#8, &0x04F8
C048:  2C15            JC	0xC074
C04A:  425F 03BE       MOV.B	&0x03BE, R15
C04E:  531F            INC	R15
C050:  423E            MOV	#8, R14

loc_C052:			; переходы из 0xC056
C052:  5E0E            RLA	R14
C054:  831F            DEC	R15
C056:  23FD            JNZ	0xC052
C058:  BE82 04F8       BIT	R14, &0x04F8
C05C:  2C06            JC	0xC06A
C05E:  C3E2 001D       BIC.B	#2, &P4OUT
C062:  C0B2 0200 04F8  BIC	#0x0200, &0x04F8
C068:  3C05            JMP	0xC074

loc_C06A:			; переходы из 0xC05C
C06A:  D3E2 001D       BIS.B	#2, &P4OUT
C06E:  D0B2 0200 04F8  BIS	#0x0200, &0x04F8

loc_C074:			; переходы из 0xC03C, 0xC042, 0xC048, 0xC068
C074:  12B0 C65C       CALL	#0xC65C
C078:  425F 04FC       MOV.B	&0x04FC, R15
C07C:  F03F 000F       AND	#0x000F, R15
C080:  F0F2 00F0 04E0  AND.B	#0x00F0, &0x04E0
C086:  5FC2 04E0       ADD.B	R15, &0x04E0
C08A:  40B2 0056 04A8  MOV	#0x0056, &0x04A8
C090:  43D2 04AB       MOV.B	#1, &0x04AB
C094:  40B2 04E0 04AE  MOV	#0x04E0, &0x04AE
C09A:  12B0 CBF4       CALL	#0xCBF4
C09E:  B0F2 000C 04AC  BIT.B	#0x000C, &0x04AC
C0A4:  236F            JNZ	0xBF84

loc_C0A6:			; переходы из 0xBF8A, 0xC002, 0xC008
C0A6:  413E            POP	R14
C0A8:  413F            POP	R15
C0AA:  4130            RET

; ============================================================
; Функция sub_C0AC @ 0xC0AC   (вызовов: 2)
;   вызывается из: 0x1B40, 0x2214
; ============================================================
C0AC:  120F            PUSH	R15
C0AE:  C0F2 00C0 04AC  BIC.B	#0x00C0, &0x04AC
C0B4:  C0B2 0400 04F2  BIC	#0x0400, &0x04F2
C0BA:  D0F2 0003 04AC  BIS.B	#0x0003, &0x04AC
C0C0:  425F 04FC       MOV.B	&0x04FC, R15
C0C4:  F03F 0006       AND	#0x0006, R15
C0C8:  4382 04A8       CLR	&0x04A8

loc_C0CC:			; переходы из 0xC0D8
C0CC:  930F            TST	R15
C0CE:  2405            JZ	0xC0DA
C0D0:  832F            DECD	R15
C0D2:  50B2 0011 04A8  ADD	#0x0011, &0x04A8
C0D8:  3FF9            JMP	0xC0CC

loc_C0DA:			; переходы из 0xC0CE
C0DA:  40F2 0010 04AB  MOV.B	#0x0010, &0x04AB
C0E0:  40B2 04D0 04AE  MOV	#0x04D0, &0x04AE
C0E6:  12B0 C3A2       CALL	#0xC3A2
C0EA:  B2E2 04AC       BIT.B	#4, &0x04AC
C0EE:  2003            JNZ	0xC0F6
C0F0:  B2F2 04AC       BIT.B	#8, &0x04AC
C0F4:  241A            JZ	0xC12A

loc_C0F6:			; переходы из 0xC0EE
C0F6:  D0F2 0040 04AC  BIS.B	#0x0040, &0x04AC
C0FC:  50B2 0100 04A8  ADD	#0x0100, &0x04A8
C102:  40F2 0010 04AB  MOV.B	#0x0010, &0x04AB
C108:  40B2 04D0 04AE  MOV	#0x04D0, &0x04AE
C10E:  12B0 C3A2       CALL	#0xC3A2
C112:  B2E2 04AC       BIT.B	#4, &0x04AC
C116:  2003            JNZ	0xC11E
C118:  B2F2 04AC       BIT.B	#8, &0x04AC
C11C:  2406            JZ	0xC12A

loc_C11E:			; переходы из 0xC116
C11E:  D0F2 0080 04AC  BIS.B	#0x0080, &0x04AC
C124:  D0B2 0400 04F2  BIS	#0x0400, &0x04F2

loc_C12A:			; переходы из 0xC0F4, 0xC11C
C12A:  B0B2 0400 04F4  BIT	#0x0400, &0x04F4
C130:  2427            JZ	0xC180
C132:  B0B2 0080 04F6  BIT	#0x0080, &0x04F6
C138:  2423            JZ	0xC180
C13A:  C0B2 0040 04FA  BIC	#0x0040, &0x04FA
C140:  D0F2 0003 04AC  BIS.B	#0x0003, &0x04AC
C146:  425F 04FC       MOV.B	&0x04FC, R15
C14A:  F03F 0006       AND	#0x0006, R15
C14E:  40B2 092A 04A8  MOV	#0x092A, &0x04A8

loc_C154:			; переходы из 0xC160
C154:  930F            TST	R15
C156:  2405            JZ	0xC162
C158:  832F            DECD	R15
C15A:  50B2 000D 04A8  ADD	#0x000D, &0x04A8
C160:  3FF9            JMP	0xC154

loc_C162:			; переходы из 0xC156
C162:  40F2 000C 04AB  MOV.B	#0x000C, &0x04AB
C168:  40B2 0670 04AE  MOV	#0x0670, &0x04AE
C16E:  12B0 C3A2       CALL	#0xC3A2
C172:  B0F2 000C 04AC  BIT.B	#0x000C, &0x04AC
C178:  2403            JZ	0xC180
C17A:  D0B2 0040 04FA  BIS	#0x0040, &0x04FA

loc_C180:			; переходы из 0xC130, 0xC138, 0xC178
C180:  C0B2 0080 04F4  BIC	#0x0080, &0x04F4
C186:  B0F2 0080 04FC  BIT.B	#0x0080, &0x04FC
C18C:  2407            JZ	0xC19C
C18E:  B392 04F4       BIT	#1, &0x04F4
C192:  2C04            JC	0xC19C
C194:  12B0 C80A       CALL	#0xC80A
C198:  D3A2 04F4       BIS	#2, &0x04F4

loc_C19C:			; переходы из 0xC18C, 0xC192
C19C:  413F            POP	R15
C19E:  4130            RET

; ============================================================
; Функция sub_C1A0 @ 0xC1A0   (вызовов: 8)
;   вызывается из: 0x792E, 0x7992, 0x8B04, 0xD388, 0xE866, 0xEC9E, 0xED74, 0xEEEE
; ============================================================
C1A0:  120F            PUSH	R15
C1A2:  120E            PUSH	R14
C1A4:  90F2 0005 03BE  CMP.B	#0x0005, &0x03BE
C1AA:  201C            JNZ	0xC1E4
C1AC:  C232            DINT
C1AE:  4303            CLR	CG
C1B0:  4292 05E0 04E0  MOV	&0x05E0, &0x04E0
C1B6:  4292 05E2 04E2  MOV	&0x05E2, &0x04E2
C1BC:  4292 05E4 04E4  MOV	&0x05E4, &0x04E4
C1C2:  4292 05E6 04E6  MOV	&0x05E6, &0x04E6
C1C8:  4292 05E8 04E8  MOV	&0x05E8, &0x04E8
C1CE:  4292 05EA 04EA  MOV	&0x05EA, &0x04EA
C1D4:  4292 05EC 04EC  MOV	&0x05EC, &0x04EC
C1DA:  4292 05EE 04EE  MOV	&0x05EE, &0x04EE
C1E0:  D232            EINT
C1E2:  3C5C            JMP	0xC29C

loc_C1E4:			; переходы из 0xC1AA
C1E4:  425F 04FC       MOV.B	&0x04FC, R15
C1E8:  F03F 0006       AND	#0x0006, R15
C1EC:  110F            RRA	R15
C1EE:  531F            INC	R15
C1F0:  9FC2 03BE       CMP.B	R15, &0x03BE
C1F4:  2019            JNZ	0xC228
C1F6:  403F 04E0       MOV	#0x04E0, R15
C1FA:  403E 02B0       MOV	#0x02B0, R14
C1FE:  B0F2 0080 04FC  BIT.B	#0x0080, &0x04FC
C204:  2405            JZ	0xC210
C206:  B392 04F4       BIT	#1, &0x04F4
C20A:  2C02            JC	0xC210
C20C:  403E 04D0       MOV	#0x04D0, R14

loc_C210:			; переходы из 0xC204, 0xC20A, 0xC224
C210:  C232            DINT
C212:  4303            CLR	CG
C214:  4EBF 0000       MOV	@R14+, 0(R15)
C218:  4EBF 0002       MOV	@R14+, 2(R15)
C21C:  D232            EINT
C21E:  522F            ADD	#4, R15
C220:  903F 04F0       CMP	#0x04F0, R15
C224:  2BF5            JNC	0xC210
C226:  3C3A            JMP	0xC29C

loc_C228:			; переходы из 0xC1F4
C228:  C0F2 00C0 04AC  BIC.B	#0x00C0, &0x04AC
C22E:  D0F2 0003 04AC  BIS.B	#0x0003, &0x04AC
C234:  425F 03BE       MOV.B	&0x03BE, R15
C238:  831F            DEC	R15
C23A:  4382 04A8       CLR	&0x04A8

loc_C23E:			; переходы из 0xC24A
C23E:  930F            TST	R15
C240:  2405            JZ	0xC24C
C242:  831F            DEC	R15
C244:  50B2 0011 04A8  ADD	#0x0011, &0x04A8
C24A:  3FF9            JMP	0xC23E

loc_C24C:			; переходы из 0xC240
C24C:  40F2 0010 04AB  MOV.B	#0x0010, &0x04AB
C252:  40B2 04E0 04AE  MOV	#0x04E0, &0x04AE
C258:  12B0 C3A2       CALL	#0xC3A2
C25C:  B0F2 000C 04AC  BIT.B	#0x000C, &0x04AC
C262:  2001            JNZ	0xC266
C264:  3C1B            JMP	0xC29C

loc_C266:			; переходы из 0xC262
C266:  D0F2 0040 04AC  BIS.B	#0x0040, &0x04AC
C26C:  50B2 0100 04A8  ADD	#0x0100, &0x04A8
C272:  40F2 0010 04AB  MOV.B	#0x0010, &0x04AB
C278:  40B2 04E0 04AE  MOV	#0x04E0, &0x04AE
C27E:  12B0 C3A2       CALL	#0xC3A2
C282:  B2E2 04AC       BIT.B	#4, &0x04AC
C286:  2003            JNZ	0xC28E
C288:  B2F2 04AC       BIT.B	#8, &0x04AC
C28C:  2407            JZ	0xC29C

loc_C28E:			; переходы из 0xC286
C28E:  D0F2 0080 04AC  BIS.B	#0x0080, &0x04AC
C294:  D0B2 0400 04F2  BIS	#0x0400, &0x04F2
C29A:  3C00            JMP	0xC29C

loc_C29C:			; переходы из 0xC1E2, 0xC226, 0xC264, 0xC28C, 0xC29A
C29C:  413E            POP	R14
C29E:  413F            POP	R15
C2A0:  4130            RET
C2A2:  120A            PUSH	R10
C2A4:  C0B2 0400 04F2  BIC	#0x0400, &0x04F2
C2AA:  422A            MOV	#4, R10
C2AC:  4382 04A8       CLR	&0x04A8
C2B0:  40F2 0010 04AB  MOV.B	#0x0010, &0x04AB
C2B6:  40B2 04E0 04AE  MOV	#0x04E0, &0x04AE
C2BC:  12B0 CC58       CALL	#0xCC58
C2C0:  B0F2 00C0 04AC  BIT.B	#0x00C0, &0x04AC
C2C6:  2001            JNZ	0xC2CA
C2C8:  3C04            JMP	0xC2D2
C2CA:  D0B2 0400 04F2  BIS	#0x0400, &0x04F2
C2D0:  3C06            JMP	0xC2DE
C2D2:  831A            DEC	R10
C2D4:  2404            JZ	0xC2DE
C2D6:  50B2 0011 04A8  ADD	#0x0011, &0x04A8
C2DC:  3FE9            JMP	0xC2B0
C2DE:  413A            POP	R10
C2E0:  4130            RET

; ============================================================
; Функция sub_C2E2 @ 0xC2E2   (вызовов: 35)
;   вызывается из: 0x1C26, 0x2C1A, 0x2C3C, 0x2C88, 0x8A30, 0x8A9E, 0x8AD8, 0x8B26, 0x8B4E, 0xBFC8, 0xBFEA, 0xCB4E
; ============================================================
C2E2:  120F            PUSH	R15
C2E4:  120E            PUSH	R14
C2E6:  120D            PUSH	R13
C2E8:  120C            PUSH	R12
C2EA:  D3D2 04AC       BIS.B	#1, &0x04AC
C2EE:  C3E2 04AC       BIC.B	#2, &0x04AC
C2F2:  B0B2 0400 04F4  BIT	#0x0400, &0x04F4
C2F8:  2C02            JC	0xC2FE
C2FA:  430F            CLR	R15
C2FC:  3C02            JMP	0xC302

loc_C2FE:			; переходы из 0xC2F8
C2FE:  403F 0080       MOV	#0x0080, R15

loc_C302:			; переходы из 0xC2FC
C302:  90B2 0100 04A8  CMP	#0x0100, &0x04A8
C308:  2C01            JC	0xC30C
C30A:  D23F            BIS	#8, R15

loc_C30C:			; переходы из 0xC308
C30C:  425C 04AB       MOV.B	&0x04AB, R12
C310:  403D 0007       MOV	#0x0007, R13

loc_C314:			; переходы из 0xC326
C314:  12B0 C5A8       CALL	#0xC5A8
C318:  12B0 C5E2       CALL	#0xC5E2
C31C:  F03E 008C       AND	#0x008C, R14
C320:  9E0F            CMP	R14, R15
C322:  2406            JZ	0xC330
C324:  831D            DEC	R13
C326:  23F6            JNZ	0xC314
C328:  D0F2 0010 04AC  BIS.B	#0x0010, &0x04AC
C32E:  3C32            JMP	0xC394

loc_C330:			; переходы из 0xC322
C330:  403D 0007       MOV	#0x0007, R13

loc_C334:			; переходы из 0xC358
C334:  4CC2 04AB       MOV.B	R12, &0x04AB
C338:  C0F2 000C 04AC  BIC.B	#0x000C, &0x04AC
C33E:  12B0 C436       CALL	#0xC436
C342:  4CC2 04AB       MOV.B	R12, &0x04AB
C346:  12B0 C4F0       CALL	#0xC4F0
C34A:  B2E2 04AC       BIT.B	#4, &0x04AC
C34E:  2003            JNZ	0xC356
C350:  B2F2 04AC       BIT.B	#8, &0x04AC
C354:  2402            JZ	0xC35A

loc_C356:			; переходы из 0xC34E
C356:  831D            DEC	R13
C358:  23ED            JNZ	0xC334

loc_C35A:			; переходы из 0xC354
C35A:  403D 0007       MOV	#0x0007, R13

loc_C35E:			; переходы из 0xC380
C35E:  403F 000C       MOV	#0x000C, R15
C362:  B0B2 0400 04F4  BIT	#0x0400, &0x04F4
C368:  2402            JZ	0xC36E
C36A:  D03F 0080       BIS	#0x0080, R15

loc_C36E:			; переходы из 0xC368
C36E:  12B0 C5A8       CALL	#0xC5A8
C372:  12B0 C5E2       CALL	#0xC5E2
C376:  F03E 008C       AND	#0x008C, R14
C37A:  9E0F            CMP	R14, R15
C37C:  2405            JZ	0xC388
C37E:  831D            DEC	R13
C380:  23EE            JNZ	0xC35E
C382:  D0F2 0010 04AC  BIS.B	#0x0010, &0x04AC

loc_C388:			; переходы из 0xC37C
C388:  B2E2 04AC       BIT.B	#4, &0x04AC
C38C:  2003            JNZ	0xC394
C38E:  B2F2 04AC       BIT.B	#8, &0x04AC
C392:  2402            JZ	0xC398

loc_C394:			; переходы из 0xC32E, 0xC38C
C394:  D3A2 04F2       BIS	#2, &0x04F2

loc_C398:			; переходы из 0xC392
C398:  413C            POP	R12
C39A:  413D            POP	R13
C39C:  413E            POP	R14
C39E:  413F            POP	R15
C3A0:  4130            RET

; ============================================================
; Функция sub_C3A2 @ 0xC3A2   (вызовов: 34)
;   вызывается из: 0x18DC, 0x1BA4, 0x1BFE, 0x1C66, 0x1E40, 0x1E6E, 0x5EFE, 0xC0E6, 0xC10E, 0xC16E, 0xC258, 0xC27E
; ============================================================
C3A2:  120D            PUSH	R13
C3A4:  120C            PUSH	R12
C3A6:  425C 04AB       MOV.B	&0x04AB, R12
C3AA:  403D 0007       MOV	#0x0007, R13

loc_C3AE:			; переходы из 0xC3CA
C3AE:  4CC2 04AB       MOV.B	R12, &0x04AB
C3B2:  C0F2 000C 04AC  BIC.B	#0x000C, &0x04AC
C3B8:  12B0 C4F0       CALL	#0xC4F0
C3BC:  B2E2 04AC       BIT.B	#4, &0x04AC
C3C0:  2003            JNZ	0xC3C8
C3C2:  B2F2 04AC       BIT.B	#8, &0x04AC
C3C6:  2407            JZ	0xC3D6

loc_C3C8:			; переходы из 0xC3C0
C3C8:  831D            DEC	R13
C3CA:  23F1            JNZ	0xC3AE
C3CC:  B2F2 04AC       BIT.B	#8, &0x04AC
C3D0:  2402            JZ	0xC3D6
C3D2:  D3A2 04F2       BIS	#2, &0x04F2

loc_C3D6:			; переходы из 0xC3C6, 0xC3D0
C3D6:  413C            POP	R12
C3D8:  413D            POP	R13
C3DA:  4130            RET

; ============================================================
; Функция sub_C3DC @ 0xC3DC   (вызовов: 14)
;   вызывается из: 0xC458, 0xC484, 0xC49A, 0xC4A8, 0xC4BA, 0xC4CE, 0xC526, 0xC53C, 0xC54A, 0xC5B8, 0xC5CA, 0xC5D2
; ============================================================
C3DC:  120F            PUSH	R15
C3DE:  423F            MOV	#8, R15
C3E0:  B0B2 0010 018E  BIT	#0x0010, &TBCCTL6
C3E6:  2402            JZ	0xC3EC
C3E8:  C232            DINT
C3EA:  4303            CLR	CG

loc_C3EC:			; переходы из 0xC3E6, 0xC408
C3EC:  52D2 04AA 04AA  ADD.B	&0x04AA, &0x04AA
C3F2:  2C03            JC	0xC3FA
C3F4:  C3E2 0019       BIC.B	#2, &P3OUT
C3F8:  3C02            JMP	0xC3FE

loc_C3FA:			; переходы из 0xC3F2
C3FA:  D3E2 0019       BIS.B	#2, &P3OUT

loc_C3FE:			; переходы из 0xC3F8
C3FE:  D2F2 0019       BIS.B	#8, &P3OUT
C402:  C2F2 0019       BIC.B	#8, &P3OUT
C406:  831F            DEC	R15
C408:  23F1            JNZ	0xC3EC
C40A:  B0B2 0010 018E  BIT	#0x0010, &TBCCTL6
C410:  2401            JZ	0xC414
C412:  D232            EINT

loc_C414:			; переходы из 0xC410
C414:  413F            POP	R15
C416:  4130            RET

; ============================================================
; Функция sub_C418 @ 0xC418   (вызовов: 3)
;   вызывается из: 0xC54E, 0xC586, 0xC5F0
; ============================================================
C418:  120F            PUSH	R15
C41A:  423F            MOV	#8, R15

loc_C41C:			; переходы из 0xC430
C41C:  B2E2 0018       BIT.B	#4, &P3IN
C420:  62D2 04AA 04AA  ADDC.B	&0x04AA, &0x04AA
C426:  D2F2 0019       BIS.B	#8, &P3OUT
C42A:  C2F2 0019       BIC.B	#8, &P3OUT
C42E:  831F            DEC	R15
C430:  23F5            JNZ	0xC41C
C432:  413F            POP	R15
C434:  4130            RET

; ============================================================
; Функция sub_C436 @ 0xC436   (вызовов: 1)
;   вызывается из: 0xC33E
; ============================================================
C436:  120F            PUSH	R15
C438:  120E            PUSH	R14
C43A:  421F 04AE       MOV	&0x04AE, R15
C43E:  407E 00F0       MOV.B	#0x00F0, R14
C442:  C0B2 0010 018E  BIC	#0x0010, &TBCCTL6
C448:  D0F2 0080 0029  BIS.B	#0x0080, &P2OUT
C44E:  C3D2 0019       BIC.B	#1, &P3OUT
C452:  40F2 0006 04AA  MOV.B	#0x0006, &0x04AA
C458:  12B0 C3DC       CALL	#0xC3DC
C45C:  D3D2 0019       BIS.B	#1, &P3OUT
C460:  4303            CLR	CG
C462:  C3D2 0019       BIC.B	#1, &P3OUT
C466:  43C2 04AA       CLR.B	&0x04AA
C46A:  B0B2 0400 04F4  BIT	#0x0400, &0x04F4
C470:  2C07            JC	0xC480
C472:  B0B2 0100 04A8  BIT	#0x0100, &0x04A8
C478:  2C01            JC	0xC47C
C47A:  3C02            JMP	0xC480

loc_C47C:			; переходы из 0xC478
C47C:  D2F2 04AA       BIS.B	#8, &0x04AA

loc_C480:			; переходы из 0xC470, 0xC47A
C480:  D3E2 04AA       BIS.B	#2, &0x04AA
C484:  12B0 C3DC       CALL	#0xC3DC
C488:  B0B2 0400 04F4  BIT	#0x0400, &0x04F4
C48E:  2409            JZ	0xC4A2
C490:  1092 04A8       SWPB	&0x04A8
C494:  42D2 04A8 04AA  MOV.B	&0x04A8, &0x04AA
C49A:  12B0 C3DC       CALL	#0xC3DC
C49E:  1092 04A8       SWPB	&0x04A8

loc_C4A2:			; переходы из 0xC48E
C4A2:  42D2 04A8 04AA  MOV.B	&0x04A8, &0x04AA
C4A8:  12B0 C3DC       CALL	#0xC3DC

loc_C4AC:			; переходы из 0xC4C2
C4AC:  4FF2 04AA       MOV.B	@R15+, &0x04AA
C4B0:  B3D2 04AC       BIT.B	#1, &0x04AC
C4B4:  2402            JZ	0xC4BA
C4B6:  E25E 04AA       XOR.B	&0x04AA, R14

loc_C4BA:			; переходы из 0xC4B4
C4BA:  12B0 C3DC       CALL	#0xC3DC
C4BE:  83D2 04AB       DEC.B	&0x04AB
C4C2:  23F4            JNZ	0xC4AC
C4C4:  B3D2 04AC       BIT.B	#1, &0x04AC
C4C8:  2404            JZ	0xC4D2
C4CA:  4EC2 04AA       MOV.B	R14, &0x04AA
C4CE:  12B0 C3DC       CALL	#0xC3DC

loc_C4D2:			; переходы из 0xC4C8
C4D2:  D3D2 0019       BIS.B	#1, &P3OUT
C4D6:  C0F2 0080 0029  BIC.B	#0x0080, &P2OUT
C4DC:  B0B2 8000 018E  BIT	#0x8000, &TBCCTL6
C4E2:  2403            JZ	0xC4EA
C4E4:  D0B2 0010 018E  BIS	#0x0010, &TBCCTL6

loc_C4EA:			; переходы из 0xC4E2
C4EA:  413E            POP	R14
C4EC:  413F            POP	R15
C4EE:  4130            RET

; ============================================================
; Функция sub_C4F0 @ 0xC4F0   (вызовов: 2)
;   вызывается из: 0xC346, 0xC3B8
; ============================================================
C4F0:  120F            PUSH	R15
C4F2:  120E            PUSH	R14
C4F4:  120D            PUSH	R13
C4F6:  C3D2 0019       BIC.B	#1, &P3OUT
C4FA:  421F 04AE       MOV	&0x04AE, R15
C4FE:  407E 00F0       MOV.B	#0x00F0, R14
C502:  407D 00F0       MOV.B	#0x00F0, R13
C506:  43C2 04AA       CLR.B	&0x04AA
C50A:  B0B2 0400 04F4  BIT	#0x0400, &0x04F4
C510:  2C07            JC	0xC520
C512:  B0B2 0100 04A8  BIT	#0x0100, &0x04A8
C518:  2C01            JC	0xC51C
C51A:  3C02            JMP	0xC520

loc_C51C:			; переходы из 0xC518
C51C:  D2F2 04AA       BIS.B	#8, &0x04AA

loc_C520:			; переходы из 0xC510, 0xC51A
C520:  D0F2 0003 04AA  BIS.B	#0x0003, &0x04AA
C526:  12B0 C3DC       CALL	#0xC3DC
C52A:  B0B2 0400 04F4  BIT	#0x0400, &0x04F4
C530:  2409            JZ	0xC544
C532:  1092 04A8       SWPB	&0x04A8
C536:  42D2 04A8 04AA  MOV.B	&0x04A8, &0x04AA
C53C:  12B0 C3DC       CALL	#0xC3DC
C540:  1092 04A8       SWPB	&0x04A8

loc_C544:			; переходы из 0xC530
C544:  42D2 04A8 04AA  MOV.B	&0x04A8, &0x04AA
C54A:  12B0 C3DC       CALL	#0xC3DC

loc_C54E:			; переходы из 0xC57E
C54E:  12B0 C418       CALL	#0xC418
C552:  B3E2 04AC       BIT.B	#2, &0x04AC
C556:  2404            JZ	0xC560
C558:  42DF 04AA 0000  MOV.B	&0x04AA, 0(R15)
C55E:  3C06            JMP	0xC56C

loc_C560:			; переходы из 0xC556
C560:  92DF 04AA 0000  CMP.B	&0x04AA, 0(R15)
C566:  2402            JZ	0xC56C
C568:  D2E2 04AC       BIS.B	#4, &0x04AC

loc_C56C:			; переходы из 0xC55E, 0xC566
C56C:  B3D2 04AC       BIT.B	#1, &0x04AC
C570:  2403            JZ	0xC578
C572:  E25D 04AA       XOR.B	&0x04AA, R13
C576:  EF6E            XOR.B	@R15, R14

loc_C578:			; переходы из 0xC570
C578:  531F            INC	R15
C57A:  83D2 04AB       DEC.B	&0x04AB
C57E:  23E7            JNZ	0xC54E
C580:  B3D2 04AC       BIT.B	#1, &0x04AC
C584:  240B            JZ	0xC59C
C586:  12B0 C418       CALL	#0xC418
C58A:  925D 04AA       CMP.B	&0x04AA, R13
C58E:  2402            JZ	0xC594
C590:  D2F2 04AC       BIS.B	#8, &0x04AC

loc_C594:			; переходы из 0xC58E
C594:  9D4E            CMP.B	R13, R14
C596:  2402            JZ	0xC59C
C598:  D2E2 04AC       BIS.B	#4, &0x04AC

loc_C59C:			; переходы из 0xC584, 0xC596
C59C:  D3D2 0019       BIS.B	#1, &P3OUT
C5A0:  413D            POP	R13
C5A2:  413E            POP	R14
C5A4:  413F            POP	R15
C5A6:  4130            RET

; ============================================================
; Функция sub_C5A8 @ 0xC5A8   (вызовов: 2)
;   вызывается из: 0xC314, 0xC36E
; ============================================================
C5A8:  D0F2 0080 0029  BIS.B	#0x0080, &P2OUT
C5AE:  C3D2 0019       BIC.B	#1, &P3OUT
C5B2:  40F2 0006 04AA  MOV.B	#0x0006, &0x04AA
C5B8:  12B0 C3DC       CALL	#0xC3DC
C5BC:  D3D2 0019       BIS.B	#1, &P3OUT
C5C0:  4303            CLR	CG
C5C2:  C3D2 0019       BIC.B	#1, &P3OUT
C5C6:  43D2 04AA       MOV.B	#1, &0x04AA
C5CA:  12B0 C3DC       CALL	#0xC3DC
C5CE:  4FC2 04AA       MOV.B	R15, &0x04AA
C5D2:  12B0 C3DC       CALL	#0xC3DC
C5D6:  D3D2 0019       BIS.B	#1, &P3OUT
C5DA:  C0F2 0080 0029  BIC.B	#0x0080, &P2OUT
C5E0:  4130            RET

; ============================================================
; Функция sub_C5E2 @ 0xC5E2   (вызовов: 3)
;   вызывается из: 0xC318, 0xC372, 0xC618
; ============================================================
C5E2:  40F2 0005 04AA  MOV.B	#0x0005, &0x04AA
C5E8:  C3D2 0019       BIC.B	#1, &P3OUT
C5EC:  12B0 C3DC       CALL	#0xC3DC
C5F0:  12B0 C418       CALL	#0xC418
C5F4:  425E 04AA       MOV.B	&0x04AA, R14
C5F8:  D3D2 0019       BIS.B	#1, &P3OUT
C5FC:  4130            RET

; ============================================================
; Функция sub_C5FE @ 0xC5FE   (вызовов: 2)
;   вызывается из: 0x11CE, 0x2CF6
; ============================================================
C5FE:  40F2 00B9 04AA  MOV.B	#0x00B9, &0x04AA
C604:  C3D2 0019       BIC.B	#1, &P3OUT
C608:  12B0 C3DC       CALL	#0xC3DC
C60C:  D3D2 0019       BIS.B	#1, &P3OUT
C610:  4130            RET

; ============================================================
; Функция sub_C612 @ 0xC612   (вызовов: 2)
;   вызывается из: 0x11C6, 0x11CA
; ============================================================
C612:  120E            PUSH	R14
C614:  403E 000C       MOV	#0x000C, R14
C618:  12B0 C5E2       CALL	#0xC5E2
C61C:  403E 0258       MOV	#0x0258, R14

loc_C620:			; переходы из 0xC622
C620:  831E            DEC	R14
C622:  23FE            JNZ	0xC620
C624:  413E            POP	R14
C626:  4130            RET

; ============================================================
; Функция sub_C628 @ 0xC628   (вызовов: 2)
;   вызывается из: 0x18F8, 0x48D4
; ============================================================
C628:  C0B2 0800 04F2  BIC	#0x0800, &0x04F2
C62E:  40B2 0044 04A8  MOV	#0x0044, &0x04A8
C634:  40F2 0003 04AB  MOV.B	#0x0003, &0x04AB
C63A:  40B2 04E0 04AE  MOV	#0x04E0, &0x04AE
C640:  12B0 CC58       CALL	#0xCC58
C644:  B0F2 00C0 04AC  BIT.B	#0x00C0, &0x04AC
C64A:  2404            JZ	0xC654
C64C:  D0B2 0800 04F2  BIS	#0x0800, &0x04F2
C652:  3C03            JMP	0xC65A

loc_C654:			; переходы из 0xC64A
C654:  42D2 04E2 04FE  MOV.B	&0x04E2, &0x04FE

loc_C65A:			; переходы из 0xC652
C65A:  4130            RET

; ============================================================
; Функция sub_C65C @ 0xC65C   (вызовов: 2)
;   вызывается из: 0x18FC, 0xC074
; ============================================================
C65C:  C0B2 8000 04F2  BIC	#0x8000, &0x04F2
C662:  40B2 0056 04A8  MOV	#0x0056, &0x04A8
C668:  43D2 04AB       MOV.B	#1, &0x04AB
C66C:  40B2 04E0 04AE  MOV	#0x04E0, &0x04AE
C672:  12B0 CC58       CALL	#0xCC58
C676:  B0F2 00C0 04AC  BIT.B	#0x00C0, &0x04AC
C67C:  2403            JZ	0xC684
C67E:  D0B2 8000 04F2  BIS	#0x8000, &0x04F2

loc_C684:			; переходы из 0xC67C
C684:  4130            RET

; ============================================================
; Функция sub_C686 @ 0xC686   (вызовов: 3)
;   вызывается из: 0x1700, 0x8B74, 0xD0AE
; ============================================================
C686:  C0B2 0080 04F0  BIC	#0x0080, &0x04F0
C68C:  40B2 0084 04A8  MOV	#0x0084, &0x04A8
C692:  43D2 04AB       MOV.B	#1, &0x04AB
C696:  40B2 04E0 04AE  MOV	#0x04E0, &0x04AE
C69C:  12B0 CC58       CALL	#0xCC58
C6A0:  B0F2 00C0 04AC  BIT.B	#0x00C0, &0x04AC
C6A6:  2403            JZ	0xC6AE
C6A8:  D0B2 0080 04F0  BIS	#0x0080, &0x04F0

loc_C6AE:			; переходы из 0xC6A6
C6AE:  4130            RET

; ============================================================
; Функция sub_C6B0 @ 0xC6B0   (вызовов: 2)
;   вызывается из: 0x176A, 0x8B84
; ============================================================
C6B0:  40B2 0084 04A8  MOV	#0x0084, &0x04A8
C6B6:  43D2 04AB       MOV.B	#1, &0x04AB
C6BA:  40B2 04E0 04AE  MOV	#0x04E0, &0x04AE
C6C0:  C0B2 0080 04F0  BIC	#0x0080, &0x04F0
C6C6:  12B0 CBF4       CALL	#0xCBF4
C6CA:  B0F2 000C 04AC  BIT.B	#0x000C, &0x04AC
C6D0:  2464            JZ	0xC79A
C6D2:  D0B2 0080 04F0  BIS	#0x0080, &0x04F0
C6D8:  4130            RET

; ============================================================
; Функция sub_C6DA @ 0xC6DA   (вызовов: 1)
;   вызывается из: 0x1988
; ============================================================
C6DA:  C0B2 2000 04F2  BIC	#0x2000, &0x04F2
C6E0:  40B2 0048 04A8  MOV	#0x0048, &0x04A8
C6E6:  40F2 0006 04AB  MOV.B	#0x0006, &0x04AB
C6EC:  40B2 04E0 04AE  MOV	#0x04E0, &0x04AE
C6F2:  12B0 CC58       CALL	#0xCC58
C6F6:  B0F2 00C0 04AC  BIT.B	#0x00C0, &0x04AC
C6FC:  2010            JNZ	0xC71E
C6FE:  40B2 004F 04A8  MOV	#0x004F, &0x04A8
C704:  40F2 0006 04AB  MOV.B	#0x0006, &0x04AB
C70A:  40B2 04E0 04AE  MOV	#0x04E0, &0x04AE
C710:  12B0 CC58       CALL	#0xCC58
C714:  B0F2 00C0 04AC  BIT.B	#0x00C0, &0x04AC
C71A:  2001            JNZ	0xC71E
C71C:  3C03            JMP	0xC724

loc_C71E:			; переходы из 0xC6FC, 0xC71A
C71E:  D0B2 2000 04F2  BIS	#0x2000, &0x04F2

loc_C724:			; переходы из 0xC71C
C724:  4130            RET

; ============================================================
; Функция sub_C726 @ 0xC726   (вызовов: 1)
;   вызывается из: 0x4816
; ============================================================
C726:  C2B2 04F0       BIC	#8, &0x04F0
C72A:  40B2 005A 04A8  MOV	#0x005A, &0x04A8
C730:  43D2 04AB       MOV.B	#1, &0x04AB
C734:  40B2 04E0 04AE  MOV	#0x04E0, &0x04AE
C73A:  12B0 CC58       CALL	#0xCC58
C73E:  B0F2 00C0 04AC  BIT.B	#0x00C0, &0x04AC
C744:  2402            JZ	0xC74A
C746:  D2B2 04F0       BIS	#8, &0x04F0

loc_C74A:			; переходы из 0xC744
C74A:  4130            RET

; ============================================================
; Функция sub_C74C @ 0xC74C   (вызовов: 1)
;   вызывается из: 0x4894
; ============================================================
C74C:  C0B2 0040 04F0  BIC	#0x0040, &0x04F0
C752:  40B2 0082 04A8  MOV	#0x0082, &0x04A8
C758:  43D2 04AB       MOV.B	#1, &0x04AB
C75C:  40B2 04E0 04AE  MOV	#0x04E0, &0x04AE
C762:  12B0 CC58       CALL	#0xCC58
C766:  B0F2 00C0 04AC  BIT.B	#0x00C0, &0x04AC
C76C:  2403            JZ	0xC774
C76E:  D0B2 0040 04F0  BIS	#0x0040, &0x04F0

loc_C774:			; переходы из 0xC76C
C774:  4130            RET

; ============================================================
; Функция sub_C776 @ 0xC776   (вызовов: 2)
;   вызывается из: 0x2202, 0xE99C
; ============================================================
C776:  40B2 0058 04A8  MOV	#0x0058, &0x04A8
C77C:  43D2 04AB       MOV.B	#1, &0x04AB
C780:  40B2 04F8 04AE  MOV	#0x04F8, &0x04AE
C786:  C392 04F0       BIC	#1, &0x04F0
C78A:  12B0 CBF4       CALL	#0xCBF4
C78E:  B0F2 000C 04AC  BIT.B	#0x000C, &0x04AC
C794:  2402            JZ	0xC79A
C796:  D392 04F0       BIS	#1, &0x04F0

loc_C79A:			; переходы из 0xC6D0, 0xC794
C79A:  4130            RET

; ============================================================
; Функция sub_C79C @ 0xC79C   (вызовов: 1)
;   вызывается из: 0x198C
; ============================================================
C79C:  C392 04F0       BIC	#1, &0x04F0
C7A0:  40B2 0058 04A8  MOV	#0x0058, &0x04A8
C7A6:  43D2 04AB       MOV.B	#1, &0x04AB
C7AA:  40B2 04E0 04AE  MOV	#0x04E0, &0x04AE
C7B0:  12B0 CC58       CALL	#0xCC58
C7B4:  B0F2 00C0 04AC  BIT.B	#0x00C0, &0x04AC
C7BA:  2403            JZ	0xC7C2
C7BC:  D392 04F0       BIS	#1, &0x04F0
C7C0:  3C03            JMP	0xC7C8

loc_C7C2:			; переходы из 0xC7BA
C7C2:  42D2 04E0 04F8  MOV.B	&0x04E0, &0x04F8

loc_C7C8:			; переходы из 0xC7C0
C7C8:  4130            RET

; ============================================================
; Функция sub_C7CA @ 0xC7CA   (вызовов: 1)
;   вызывается из: 0x19DA
; ============================================================
C7CA:  C3A2 04F0       BIC	#2, &0x04F0
C7CE:  40B2 006A 04A8  MOV	#0x006A, &0x04A8
C7D4:  40F2 0003 04AB  MOV.B	#0x0003, &0x04AB
C7DA:  40B2 04E0 04AE  MOV	#0x04E0, &0x04AE
C7E0:  12B0 CC58       CALL	#0xCC58
C7E4:  B0F2 00C0 04AC  BIT.B	#0x00C0, &0x04AC
C7EA:  2403            JZ	0xC7F2
C7EC:  D3A2 04F0       BIS	#2, &0x04F0
C7F0:  3C0B            JMP	0xC808

loc_C7F2:			; переходы из 0xC7EA
C7F2:  42D2 04E0 049D  MOV.B	&0x04E0, &0x049D
C7F8:  42D2 04E2 049E  MOV.B	&0x04E2, &0x049E
C7FE:  1092 049E       SWPB	&0x049E
C802:  42D2 04E1 049E  MOV.B	&0x04E1, &0x049E

loc_C808:			; переходы из 0xC7F0
C808:  4130            RET

; ============================================================
; Функция sub_C80A @ 0xC80A   (вызовов: 2)
;   вызывается из: 0x19DE, 0xC194
; ============================================================
C80A:  120F            PUSH	R15
C80C:  C2A2 04F0       BIC	#4, &0x04F0
C810:  425F 04FC       MOV.B	&0x04FC, R15
C814:  F03F 0006       AND	#0x0006, R15
C818:  40B2 006E 04A8  MOV	#0x006E, &0x04A8

loc_C81E:			; переходы из 0xC82A
C81E:  930F            TST	R15
C820:  2405            JZ	0xC82C
C822:  832F            DECD	R15
C824:  50B2 0005 04A8  ADD	#0x0005, &0x04A8
C82A:  3FF9            JMP	0xC81E

loc_C82C:			; переходы из 0xC820
C82C:  42E2 04AB       MOV.B	#4, &0x04AB
C830:  40B2 04E0 04AE  MOV	#0x04E0, &0x04AE
C836:  12B0 CC58       CALL	#0xCC58
C83A:  B0F2 00C0 04AC  BIT.B	#0x00C0, &0x04AC
C840:  2007            JNZ	0xC850
C842:  4292 04E0 048C  MOV	&0x04E0, &0x048C
C848:  4292 04E2 048E  MOV	&0x04E2, &0x048E
C84E:  3C02            JMP	0xC854

loc_C850:			; переходы из 0xC840
C850:  D2A2 04F0       BIS	#4, &0x04F0

loc_C854:			; переходы из 0xC84E
C854:  413F            POP	R15
C856:  4130            RET

; ============================================================
; Функция sub_C858 @ 0xC858   (вызовов: 1)
;   вызывается из: 0x19EE
; ============================================================
C858:  C0B2 0010 04F0  BIC	#0x0010, &0x04F0
C85E:  40B2 005C 04A8  MOV	#0x005C, &0x04A8
C864:  42F2 04AB       MOV.B	#8, &0x04AB
C868:  40B2 04E0 04AE  MOV	#0x04E0, &0x04AE
C86E:  12B0 CC58       CALL	#0xCC58
C872:  B0F2 00C0 04AC  BIT.B	#0x00C0, &0x04AC
C878:  2404            JZ	0xC882
C87A:  D0B2 0010 04F0  BIS	#0x0010, &0x04F0
C880:  3C0C            JMP	0xC89A

loc_C882:			; переходы из 0xC878
C882:  4292 04E0 04C8  MOV	&0x04E0, &0x04C8
C888:  4292 04E2 04CA  MOV	&0x04E2, &0x04CA
C88E:  4292 04E4 04CC  MOV	&0x04E4, &0x04CC
C894:  4292 04E6 04CE  MOV	&0x04E6, &0x04CE

loc_C89A:			; переходы из 0xC880
C89A:  4130            RET

; ============================================================
; Функция sub_C89C @ 0xC89C   (вызовов: 1)
;   вызывается из: 0x1A12
; ============================================================
C89C:  C0B2 0020 04F0  BIC	#0x0020, &0x04F0
C8A2:  40B2 0065 04A8  MOV	#0x0065, &0x04A8
C8A8:  42E2 04AB       MOV.B	#4, &0x04AB
C8AC:  40B2 04E0 04AE  MOV	#0x04E0, &0x04AE
C8B2:  12B0 CC58       CALL	#0xCC58
C8B6:  B0F2 00C0 04AC  BIT.B	#0x00C0, &0x04AC
C8BC:  2404            JZ	0xC8C6
C8BE:  D0B2 0020 04F0  BIS	#0x0020, &0x04F0
C8C4:  3C06            JMP	0xC8D2

loc_C8C6:			; переходы из 0xC8BC
C8C6:  4292 04E0 0420  MOV	&0x04E0, &0x0420
C8CC:  4292 04E2 0422  MOV	&0x04E2, &0x0422

loc_C8D2:			; переходы из 0xC8C4
C8D2:  4130            RET

; ============================================================
; Функция sub_C8D4 @ 0xC8D4   (вызовов: 2)
;   вызывается из: 0x2274, 0x2C50
; ============================================================
C8D4:  93E2 0506       CMP.B	#2, &0x0506
C8D8:  242D            JZ	0xC934
C8DA:  B0B2 0010 018E  BIT	#0x0010, &TBCCTL6
C8E0:  2402            JZ	0xC8E6
C8E2:  C232            DINT
C8E4:  4303            CLR	CG

loc_C8E6:			; переходы из 0xC8E0
C8E6:  4292 0500 04E0  MOV	&0x0500, &0x04E0
C8EC:  4292 0502 04E2  MOV	&0x0502, &0x04E2
C8F2:  4292 0504 04E4  MOV	&0x0504, &0x04E4
C8F8:  4292 0506 04E6  MOV	&0x0506, &0x04E6
C8FE:  4292 0508 04E8  MOV	&0x0508, &0x04E8
C904:  B0B2 0010 018E  BIT	#0x0010, &TBCCTL6
C90A:  2401            JZ	0xC90E
C90C:  D232            EINT

loc_C90E:			; переходы из 0xC90A
C90E:  40B2 F0F0 050A  MOV	#0xF0F0, &0x050A
C914:  E292 04E0 050A  XOR	&0x04E0, &0x050A
C91A:  E292 04E2 050A  XOR	&0x04E2, &0x050A
C920:  E292 04E4 050A  XOR	&0x04E4, &0x050A
C926:  E292 04E6 050A  XOR	&0x04E6, &0x050A
C92C:  9292 04E8 050A  CMP	&0x04E8, &0x050A
C932:  2404            JZ	0xC93C

loc_C934:			; переходы из 0xC8D8
C934:  D0B2 0020 04F2  BIS	#0x0020, &0x04F2
C93A:  3C14            JMP	0xC964

loc_C93C:			; переходы из 0xC932
C93C:  40B2 0088 04A8  MOV	#0x0088, &0x04A8
C942:  42F2 04AB       MOV.B	#8, &0x04AB
C946:  40B2 04E0 04AE  MOV	#0x04E0, &0x04AE
C94C:  C0B2 0400 04F0  BIC	#0x0400, &0x04F0
C952:  12B0 CBF4       CALL	#0xCBF4
C956:  B0F2 000C 04AC  BIT.B	#0x000C, &0x04AC
C95C:  2403            JZ	0xC964
C95E:  D0B2 0400 04F0  BIS	#0x0400, &0x04F0

loc_C964:			; переходы из 0xC93A, 0xC95C
C964:  4130            RET

; ============================================================
; Функция sub_C966 @ 0xC966   (вызовов: 3)
;   вызывается из: 0x1D2A, 0xD054, 0xD5C4
; ============================================================
C966:  B0B2 0400 04F4  BIT	#0x0400, &0x04F4
C96C:  2414            JZ	0xC996
C96E:  C0B2 0400 04F0  BIC	#0x0400, &0x04F0
C974:  40B2 0088 04A8  MOV	#0x0088, &0x04A8
C97A:  42F2 04AB       MOV.B	#8, &0x04AB
C97E:  40B2 04E0 04AE  MOV	#0x04E0, &0x04AE
C984:  12B0 CC58       CALL	#0xCC58
C988:  B0F2 00C0 04AC  BIT.B	#0x00C0, &0x04AC
C98E:  2403            JZ	0xC996
C990:  D0B2 0400 04F0  BIS	#0x0400, &0x04F0

loc_C996:			; переходы из 0xC96C, 0xC98E
C996:  4130            RET

; ============================================================
; Функция sub_C998 @ 0xC998   (вызовов: 1)
;   вызывается из: 0xD102
; ============================================================
C998:  B0B2 0400 04F4  BIT	#0x0400, &0x04F4
C99E:  2415            JZ	0xC9CA
C9A0:  C0B2 0800 04F0  BIC	#0x0800, &0x04F0
C9A6:  40B2 0091 04A8  MOV	#0x0091, &0x04A8
C9AC:  40F2 0006 04AB  MOV.B	#0x0006, &0x04AB
C9B2:  40B2 04E0 04AE  MOV	#0x04E0, &0x04AE
C9B8:  12B0 CC58       CALL	#0xCC58
C9BC:  B0F2 00C0 04AC  BIT.B	#0x00C0, &0x04AC
C9C2:  2403            JZ	0xC9CA
C9C4:  D0B2 0800 04F0  BIS	#0x0800, &0x04F0

loc_C9CA:			; переходы из 0xC99E, 0xC9C2
C9CA:  4130            RET
C9CC:  C0B2 1000 04F0  BIC	#0x1000, &0x04F0
C9D2:  C3A2 04F2       BIC	#2, &0x04F2
C9D6:  D0F2 0003 04AC  BIS.B	#0x0003, &0x04AC
C9DC:  40B2 0098 04A8  MOV	#0x0098, &0x04A8
C9E2:  42E2 04AB       MOV.B	#4, &0x04AB
C9E6:  40B2 04E0 04AE  MOV	#0x04E0, &0x04AE
C9EC:  12B0 C3A2       CALL	#0xC3A2
C9F0:  B0F2 000C 04AC  BIT.B	#0x000C, &0x04AC
C9F6:  2403            JZ	0xC9FE
C9F8:  D0B2 1000 04F0  BIS	#0x1000, &0x04F0
C9FE:  4130            RET
CA00:  C0B2 2000 04F0  BIC	#0x2000, &0x04F0
CA06:  40B2 009D 04A8  MOV	#0x009D, &0x04A8
CA0C:  42E2 04AB       MOV.B	#4, &0x04AB
CA10:  40B2 04E0 04AE  MOV	#0x04E0, &0x04AE
CA16:  12B0 CC58       CALL	#0xCC58
CA1A:  B0F2 00C0 04AC  BIT.B	#0x00C0, &0x04AC
CA20:  2403            JZ	0xCA28
CA22:  D0B2 2000 04F0  BIS	#0x2000, &0x04F0
CA28:  4130            RET

; ============================================================
; Функция sub_CA2A @ 0xCA2A   (вызовов: 1)
;   вызывается из: 0x1C86
; ============================================================
CA2A:  C0B2 8000 04F0  BIC	#0x8000, &0x04F0
CA30:  40B2 00A2 04A8  MOV	#0x00A2, &0x04A8
CA36:  40F2 0009 04AB  MOV.B	#0x0009, &0x04AB
CA3C:  40B2 04E0 04AE  MOV	#0x04E0, &0x04AE
CA42:  12B0 CC58       CALL	#0xCC58
CA46:  90F2 0024 04E3  CMP.B	#0x0024, &0x04E3
CA4C:  2C14            JC	0xCA76
CA4E:  90F2 0060 04E4  CMP.B	#0x0060, &0x04E4
CA54:  2C10            JC	0xCA76
CA56:  90F2 0032 04E5  CMP.B	#0x0032, &0x04E5
CA5C:  2C0C            JC	0xCA76
CA5E:  90F2 0013 04E6  CMP.B	#0x0013, &0x04E6
CA64:  2C08            JC	0xCA76
CA66:  90F2 002E 04E8  CMP.B	#0x002E, &0x04E8
CA6C:  2C04            JC	0xCA76
CA6E:  B0F2 00C0 04AC  BIT.B	#0x00C0, &0x04AC
CA74:  2403            JZ	0xCA7C

loc_CA76:			; переходы из 0xCA4C, 0xCA54, 0xCA5C, 0xCA64, 0xCA6C
CA76:  D0B2 8000 04F0  BIS	#0x8000, &0x04F0

loc_CA7C:			; переходы из 0xCA74
CA7C:  4130            RET

; ============================================================
; Функция sub_CA7E @ 0xCA7E   (вызовов: 2)
;   вызывается из: 0x21EE, 0x2C74
; ============================================================
CA7E:  40B2 00DF 04A8  MOV	#0x00DF, &0x04A8
CA84:  42F2 04AB       MOV.B	#8, &0x04AB
CA88:  40B2 0528 04AE  MOV	#0x0528, &0x04AE
CA8E:  C392 04FA       BIC	#1, &0x04FA
CA92:  12B0 CBF4       CALL	#0xCBF4
CA96:  B0F2 000C 04AC  BIT.B	#0x000C, &0x04AC
CA9C:  2402            JZ	0xCAA2
CA9E:  D392 04FA       BIS	#1, &0x04FA

loc_CAA2:			; переходы из 0xCA9C
CAA2:  4130            RET

; ============================================================
; Функция sub_CAA4 @ 0xCAA4   (вызовов: 1)
;   вызывается из: 0x1C32
; ============================================================
CAA4:  C392 04FA       BIC	#1, &0x04FA
CAA8:  40B2 00DF 04A8  MOV	#0x00DF, &0x04A8
CAAE:  42F2 04AB       MOV.B	#8, &0x04AB
CAB2:  40B2 04E0 04AE  MOV	#0x04E0, &0x04AE
CAB8:  12B0 CC58       CALL	#0xCC58
CABC:  B0F2 00C0 04AC  BIT.B	#0x00C0, &0x04AC
CAC2:  2402            JZ	0xCAC8
CAC4:  D392 04FA       BIS	#1, &0x04FA

loc_CAC8:			; переходы из 0xCAC2
CAC8:  4130            RET

; ============================================================
; Функция sub_CACA @ 0xCACA   (вызовов: 1)
;   вызывается из: 0x18F4
; ============================================================
CACA:  C2B2 04FA       BIC	#8, &0x04FA
CACE:  40B2 00F0 04A8  MOV	#0x00F0, &0x04A8
CAD4:  43E2 04AB       MOV.B	#2, &0x04AB
CAD8:  40B2 04E0 04AE  MOV	#0x04E0, &0x04AE
CADE:  12B0 CC58       CALL	#0xCC58
CAE2:  B0F2 00C0 04AC  BIT.B	#0x00C0, &0x04AC
CAE8:  2403            JZ	0xCAF0
CAEA:  D2B2 04FA       BIS	#8, &0x04FA
CAEE:  3C03            JMP	0xCAF6

loc_CAF0:			; переходы из 0xCAE8
CAF0:  4292 04E0 0580  MOV	&0x04E0, &0x0580

loc_CAF6:			; переходы из 0xCAEE
CAF6:  4130            RET

; ============================================================
; Функция sub_CAF8 @ 0xCAF8   (вызовов: 1)
;   вызывается из: 0x1832
; ============================================================
CAF8:  C3A2 04F2       BIC	#2, &0x04F2
CAFC:  D0F2 0003 04AC  BIS.B	#0x0003, &0x04AC
CB02:  40B2 2000 04A8  MOV	#0x2000, &0x04A8
CB08:  40F2 0010 04AB  MOV.B	#0x0010, &0x04AB
CB0E:  40B2 07C0 04AE  MOV	#0x07C0, &0x04AE
CB14:  12B0 C3A2       CALL	#0xC3A2
CB18:  4130            RET

; ============================================================
; Функция sub_CB1A @ 0xCB1A   (вызовов: 3)
;   вызывается из: 0x188E, 0xF654, 0xF8FA
; ============================================================
CB1A:  C3A2 04F2       BIC	#2, &0x04F2
CB1E:  D0F2 0003 04AC  BIS.B	#0x0003, &0x04AC
CB24:  40B2 2011 04A8  MOV	#0x2011, &0x04A8
CB2A:  40F2 0009 04AB  MOV.B	#0x0009, &0x04AB
CB30:  40B2 04E1 04AE  MOV	#0x04E1, &0x04AE
CB36:  12B0 C3A2       CALL	#0xC3A2
CB3A:  4130            RET

; ============================================================
; Функция sub_CB3C @ 0xCB3C   (вызовов: 2)
;   вызывается из: 0xF666, 0xF92C
; ============================================================
CB3C:  40B2 2011 04A8  MOV	#0x2011, &0x04A8
CB42:  40F2 0009 04AB  MOV.B	#0x0009, &0x04AB
CB48:  40B2 04E1 04AE  MOV	#0x04E1, &0x04AE
CB4E:  12B0 C2E2       CALL	#0xC2E2
CB52:  4130            RET

; ============================================================
; Функция sub_CB54 @ 0xCB54   (вызовов: 1)
;   вызывается из: 0xF9C2
; ============================================================
CB54:  40B2 0F8E 04A8  MOV	#0x0F8E, &0x04A8
CB5A:  12B0 4CBC       CALL	#0x4CBC

loc_CB5E:			; переходы из 0xCB68
CB5E:  831F            DEC	R15
CB60:  2404            JZ	0xCB6A
CB62:  50B2 0009 04A8  ADD	#0x0009, &0x04A8
CB68:  3FFA            JMP	0xCB5E

loc_CB6A:			; переходы из 0xCB60
CB6A:  C3A2 04F2       BIC	#2, &0x04F2
CB6E:  D0F2 0003 04AC  BIS.B	#0x0003, &0x04AC
CB74:  42F2 04AB       MOV.B	#8, &0x04AB
CB78:  40B2 07F0 04AE  MOV	#0x07F0, &0x04AE
CB7E:  12B0 C3A2       CALL	#0xC3A2
CB82:  4130            RET

; ============================================================
; Функция sub_CB84 @ 0xCB84   (вызовов: 2)
;   вызывается из: 0x78C2, 0xFA2E
; ============================================================
CB84:  40B2 095E 04A8  MOV	#0x095E, &0x04A8
CB8A:  12B0 4CBC       CALL	#0x4CBC

loc_CB8E:			; переходы из 0xCB98
CB8E:  831F            DEC	R15
CB90:  2404            JZ	0xCB9A
CB92:  50B2 0011 04A8  ADD	#0x0011, &0x04A8
CB98:  3FFA            JMP	0xCB8E

loc_CB9A:			; переходы из 0xCB90
CB9A:  C3A2 04F2       BIC	#2, &0x04F2
CB9E:  D0F2 0003 04AC  BIS.B	#0x0003, &0x04AC
CBA4:  40F2 0010 04AB  MOV.B	#0x0010, &0x04AB
CBAA:  40B2 04E0 04AE  MOV	#0x04E0, &0x04AE
CBB0:  12B0 C3A2       CALL	#0xC3A2
CBB4:  4130            RET

; ============================================================
; Функция sub_CBB6 @ 0xCBB6   (вызовов: 3)
;   вызывается из: 0xD45E, 0xD77E, 0xFA76
; ============================================================
CBB6:  40B2 095E 04A8  MOV	#0x095E, &0x04A8
CBBC:  12B0 4CBC       CALL	#0x4CBC

loc_CBC0:			; переходы из 0xCBCA
CBC0:  831F            DEC	R15
CBC2:  2404            JZ	0xCBCC
CBC4:  50B2 0011 04A8  ADD	#0x0011, &0x04A8
CBCA:  3FFA            JMP	0xCBC0

loc_CBCC:			; переходы из 0xCBC2
CBCC:  40F2 0010 04AB  MOV.B	#0x0010, &0x04AB
CBD2:  12B0 C2E2       CALL	#0xC2E2
CBD6:  4130            RET

; ============================================================
; Функция sub_CBD8 @ 0xCBD8   (вызовов: 3)
;   вызывается из: 0x2CF2, 0xDF26, 0xE01A
; ============================================================
CBD8:  4292 0544 04E0  MOV	&0x0544, &0x04E0
CBDE:  40B2 00E8 04A8  MOV	#0x00E8, &0x04A8
CBE4:  43E2 04AB       MOV.B	#2, &0x04AB
CBE8:  40B2 04E0 04AE  MOV	#0x04E0, &0x04AE
CBEE:  12B0 CBF4       CALL	#0xCBF4
CBF2:  4130            RET

; ============================================================
; Функция sub_CBF4 @ 0xCBF4   (вызовов: 15)
;   вызывается из: 0x1A92, 0x1BDC, 0x1DD6, 0x2CAE, 0x2CE4, 0xBF76, 0xC09A, 0xC6C6, 0xC78A, 0xC952, 0xCA92, 0xCBEE
; ============================================================
CBF4:  120D            PUSH	R13
CBF6:  425D 04AB       MOV.B	&0x04AB, R13
CBFA:  12B0 C2E2       CALL	#0xC2E2
CBFE:  B0F2 000C 04AC  BIT.B	#0x000C, &0x04AC
CC04:  2007            JNZ	0xCC14
CC06:  50B2 0100 04A8  ADD	#0x0100, &0x04A8
CC0C:  4DC2 04AB       MOV.B	R13, &0x04AB
CC10:  12B0 C2E2       CALL	#0xC2E2

loc_CC14:			; переходы из 0xCC04
CC14:  413D            POP	R13
CC16:  4130            RET
CC18:  120D            PUSH	R13
CC1A:  C0F2 00C0 04AC  BIC.B	#0x00C0, &0x04AC
CC20:  D3D2 04AC       BIS.B	#1, &0x04AC
CC24:  425D 04AB       MOV.B	&0x04AB, R13
CC28:  12B0 C3A2       CALL	#0xC3A2
CC2C:  B2F2 04AC       BIT.B	#8, &0x04AC
CC30:  2001            JNZ	0xCC34
CC32:  3C10            JMP	0xCC54
CC34:  D0F2 0040 04AC  BIS.B	#0x0040, &0x04AC
CC3A:  50B2 0100 04A8  ADD	#0x0100, &0x04A8
CC40:  4DC2 04AB       MOV.B	R13, &0x04AB
CC44:  12B0 C3A2       CALL	#0xC3A2
CC48:  B2F2 04AC       BIT.B	#8, &0x04AC
CC4C:  2403            JZ	0xCC54
CC4E:  D0F2 0080 04AC  BIS.B	#0x0080, &0x04AC
CC54:  413D            POP	R13
CC56:  4130            RET

; ============================================================
; Функция sub_CC58 @ 0xCC58   (вызовов: 20)
;   вызывается из: 0x1A52, 0x1AA6, 0x1CCC, 0xC640, 0xC672, 0xC69C, 0xC6F2, 0xC710, 0xC73A, 0xC762, 0xC7B0, 0xC7E0
; ============================================================
CC58:  120D            PUSH	R13
CC5A:  120C            PUSH	R12
CC5C:  120B            PUSH	R11
CC5E:  120A            PUSH	R10
CC60:  C0F2 00C0 04AC  BIC.B	#0x00C0, &0x04AC
CC66:  D0F2 0003 04AC  BIS.B	#0x0003, &0x04AC
CC6C:  421B 04F2       MOV	&0x04F2, R11
CC70:  F32B            AND	#2, R11
CC72:  421A 04A8       MOV	&0x04A8, R10
CC76:  425D 04AB       MOV.B	&0x04AB, R13
CC7A:  421C 04AE       MOV	&0x04AE, R12
CC7E:  12B0 C3A2       CALL	#0xC3A2
CC82:  B0F2 000C 04AC  BIT.B	#0x000C, &0x04AC
CC88:  2001            JNZ	0xCC8C
CC8A:  3C03            JMP	0xCC92

loc_CC8C:			; переходы из 0xCC88
CC8C:  D0F2 0040 04AC  BIS.B	#0x0040, &0x04AC

loc_CC92:			; переходы из 0xCC8A
CC92:  4A82 04A8       MOV	R10, &0x04A8
CC96:  50B2 0100 04A8  ADD	#0x0100, &0x04A8
CC9C:  4DC2 04AB       MOV.B	R13, &0x04AB
CCA0:  4C82 04AE       MOV	R12, &0x04AE
CCA4:  12B0 C3A2       CALL	#0xC3A2
CCA8:  B0F2 000C 04AC  BIT.B	#0x000C, &0x04AC
CCAE:  2011            JNZ	0xCCD2
CCB0:  B0F2 0040 04AC  BIT.B	#0x0040, &0x04AC
CCB6:  2433            JZ	0xCD1E
CCB8:  4A82 04A8       MOV	R10, &0x04A8
CCBC:  4DC2 04AB       MOV.B	R13, &0x04AB
CCC0:  4C82 04AE       MOV	R12, &0x04AE
CCC4:  12B0 C2E2       CALL	#0xC2E2
CCC8:  B0F2 000C 04AC  BIT.B	#0x000C, &0x04AC
CCCE:  2024            JNZ	0xCD18
CCD0:  3C26            JMP	0xCD1E

loc_CCD2:			; переходы из 0xCCAE
CCD2:  D0F2 0080 04AC  BIS.B	#0x0080, &0x04AC
CCD8:  B0F2 0040 04AC  BIT.B	#0x0040, &0x04AC
CCDE:  2C1C            JC	0xCD18
CCE0:  4A82 04A8       MOV	R10, &0x04A8
CCE4:  4DC2 04AB       MOV.B	R13, &0x04AB
CCE8:  4C82 04AE       MOV	R12, &0x04AE
CCEC:  12B0 C3A2       CALL	#0xC3A2
CCF0:  B0F2 000C 04AC  BIT.B	#0x000C, &0x04AC
CCF6:  2010            JNZ	0xCD18
CCF8:  4A82 04A8       MOV	R10, &0x04A8
CCFC:  50B2 0100 04A8  ADD	#0x0100, &0x04A8
CD02:  4DC2 04AB       MOV.B	R13, &0x04AB
CD06:  4C82 04AE       MOV	R12, &0x04AE
CD0A:  12B0 C2E2       CALL	#0xC2E2
CD0E:  B0F2 000C 04AC  BIT.B	#0x000C, &0x04AC
CD14:  2001            JNZ	0xCD18
CD16:  3C03            JMP	0xCD1E

loc_CD18:			; переходы из 0xCCCE, 0xCCDE, 0xCCF6, 0xCD14
CD18:  D3A2 04F2       BIS	#2, &0x04F2
CD1C:  3C05            JMP	0xCD28

loc_CD1E:			; переходы из 0xCCB6, 0xCCD0, 0xCD16
CD1E:  C0F2 00C0 04AC  BIC.B	#0x00C0, &0x04AC
CD24:  C3A2 04F2       BIC	#2, &0x04F2

loc_CD28:			; переходы из 0xCD1C
CD28:  4A82 04A8       MOV	R10, &0x04A8
CD2C:  413A            POP	R10
CD2E:  413B            POP	R11
CD30:  413C            POP	R12
CD32:  413D            POP	R13
CD34:  4130            RET

; ============================================================
; Функция sub_CD36 @ 0xCD36   (вызовов: 3)
;   вызывается из: 0xBF66, 0xBFB8, 0xBFDA
; ============================================================
CD36:  120F            PUSH	R15
CD38:  120E            PUSH	R14
CD3A:  120D            PUSH	R13
CD3C:  120C            PUSH	R12
CD3E:  120B            PUSH	R11
CD40:  120A            PUSH	R10
CD42:  1209            PUSH	R9
CD44:  421D 04A8       MOV	&0x04A8, R13
CD48:  903D 0200       CMP	#0x0200, R13
CD4C:  280D            JNC	0xCD68
CD4E:  903D 0860       CMP	#0x0860, R13
CD52:  240F            JZ	0xCD72
CD54:  40F2 000C 04AB  MOV.B	#0x000C, &0x04AB
CD5A:  407C 000C       MOV.B	#0x000C, R12
CD5E:  4039 0660       MOV	#0x0660, R9
CD62:  403B 0670       MOV	#0x0670, R11
CD66:  3C0E            JMP	0xCD84

loc_CD68:			; переходы из 0xCD4C
CD68:  4039 02B0       MOV	#0x02B0, R9
CD6C:  403B 04D0       MOV	#0x04D0, R11
CD70:  3C04            JMP	0xCD7A

loc_CD72:			; переходы из 0xCD52
CD72:  4039 05E0       MOV	#0x05E0, R9
CD76:  403B 05F0       MOV	#0x05F0, R11

loc_CD7A:			; переходы из 0xCD70
CD7A:  40F2 0010 04AB  MOV.B	#0x0010, &0x04AB
CD80:  407C 0010       MOV.B	#0x0010, R12

loc_CD84:			; переходы из 0xCD66
CD84:  D0F2 0003 04AC  BIS.B	#0x0003, &0x04AC
CD8A:  40B2 04E0 04AE  MOV	#0x04E0, &0x04AE
CD90:  12B0 C3A2       CALL	#0xC3A2
CD94:  B2E2 04AC       BIT.B	#4, &0x04AC
CD98:  2003            JNZ	0xCDA0
CD9A:  B2F2 04AC       BIT.B	#8, &0x04AC
CD9E:  2414            JZ	0xCDC8

loc_CDA0:			; переходы из 0xCD98
CDA0:  903D 0200       CMP	#0x0200, R13
CDA4:  2C3F            JC	0xCE24
CDA6:  50B2 0100 04A8  ADD	#0x0100, &0x04A8
CDAC:  40F2 0010 04AB  MOV.B	#0x0010, &0x04AB
CDB2:  40B2 04E0 04AE  MOV	#0x04E0, &0x04AE
CDB8:  12B0 C3A2       CALL	#0xC3A2
CDBC:  B2E2 04AC       BIT.B	#4, &0x04AC
CDC0:  2031            JNZ	0xCE24
CDC2:  B2F2 04AC       BIT.B	#8, &0x04AC
CDC6:  202E            JNZ	0xCE24

loc_CDC8:			; переходы из 0xCD9E
CDC8:  430A            CLR	R10

loc_CDCA:			; переходы из 0xCE22
CDCA:  4B2E            MOV	@R11, R14
CDCC:  4B1F 0002       MOV	2(R11), R15
CDD0:  9E8A 04E0       CMP	R14, 1248(R10)
CDD4:  2809            JNC	0xCDE8
CDD6:  2004            JNZ	0xCDE0
CDD8:  9F8A 04E2       CMP	R15, 1250(R10)
CDDC:  2805            JNC	0xCDE8
CDDE:  241C            JZ	0xCE18

loc_CDE0:			; переходы из 0xCDD6
CDE0:  521F 0378       ADD	&0x0378, R15
CDE4:  621E 0376       ADDC	&0x0376, R14

loc_CDE8:			; переходы из 0xCDD4, 0xCDDC
CDE8:  8A1F 04E2       SUB	1250(R10), R15
CDEC:  7A1E 04E0       SUBC	1248(R10), R14
CDF0:  930E            TST	R14
CDF2:  2003            JNZ	0xCDFA
CDF4:  903F 2710       CMP	#0x2710, R15
CDF8:  280F            JNC	0xCE18

loc_CDFA:			; переходы из 0xCDF2
CDFA:  4A9B 04E0 0000  MOV	1248(R10), 0(R11)
CE00:  4A9B 04E2 0002  MOV	1250(R10), 2(R11)
CE06:  C232            DINT
CE08:  4303            CLR	CG
CE0A:  4A99 04E0 0000  MOV	1248(R10), 0(R9)
CE10:  4A99 04E2 0002  MOV	1250(R10), 2(R9)
CE16:  D232            EINT

loc_CE18:			; переходы из 0xCDDE, 0xCDF8
CE18:  822C            SUB	#4, R12
CE1A:  2404            JZ	0xCE24
CE1C:  522B            ADD	#4, R11
CE1E:  522A            ADD	#4, R10
CE20:  5229            ADD	#4, R9
CE22:  3FD3            JMP	0xCDCA

loc_CE24:			; переходы из 0xCDA4, 0xCDC0, 0xCDC6, 0xCE1A
CE24:  4D82 04A8       MOV	R13, &0x04A8
CE28:  4139            POP	R9
CE2A:  413A            POP	R10
CE2C:  413B            POP	R11
CE2E:  413C            POP	R12
CE30:  413D            POP	R13
CE32:  413E            POP	R14
CE34:  413F            POP	R15
CE36:  4130            RET

; ============================================================
; Функция sub_CE38 @ 0xCE38   (вызовов: 2)
;   вызывается из: 0x193E, 0x2336
; ============================================================
CE38:  120F            PUSH	R15
CE3A:  120E            PUSH	R14
CE3C:  120D            PUSH	R13
CE3E:  120C            PUSH	R12
CE40:  120B            PUSH	R11
CE42:  B0B2 0020 04F2  BIT	#0x0020, &0x04F2
CE48:  2CFD            JC	0xD044
CE4A:  93E2 0506       CMP.B	#2, &0x0506
CE4E:  242D            JZ	0xCEAA
CE50:  C232            DINT
CE52:  4303            CLR	CG
CE54:  40B2 F0F0 050A  MOV	#0xF0F0, &0x050A
CE5A:  E292 0500 050A  XOR	&0x0500, &0x050A
CE60:  E292 0502 050A  XOR	&0x0502, &0x050A
CE66:  E292 0504 050A  XOR	&0x0504, &0x050A
CE6C:  E292 0506 050A  XOR	&0x0506, &0x050A
CE72:  421F 0508       MOV	&0x0508, R15
CE76:  D232            EINT
CE78:  9F82 050A       CMP	R15, &0x050A
CE7C:  2016            JNZ	0xCEAA
CE7E:  93C2 0505       TST.B	&0x0505
CE82:  2413            JZ	0xCEAA
CE84:  90F2 0013 0505  CMP.B	#0x0013, &0x0505
CE8A:  2C0F            JC	0xCEAA
CE8C:  93C2 0503       TST.B	&0x0503
CE90:  240C            JZ	0xCEAA
CE92:  92F2 0503       CMP.B	#8, &0x0503
CE96:  2C09            JC	0xCEAA
CE98:  90F2 0024 0502  CMP.B	#0x0024, &0x0502
CE9E:  2C05            JC	0xCEAA
CEA0:  90F2 0060 0501  CMP.B	#0x0060, &0x0501
CEA6:  2C01            JC	0xCEAA
CEA8:  3C04            JMP	0xCEB2

loc_CEAA:			; переходы из 0xCE4E, 0xCE7C, 0xCE82, 0xCE8A, 0xCE90, 0xCE96, 0xCE9E, 0xCEA6
CEAA:  D0B2 0020 04F2  BIS	#0x0020, &0x04F2
CEB0:  3CC9            JMP	0xD044

loc_CEB2:			; переходы из 0xCEA8
CEB2:  425F 0505       MOV.B	&0x0505, R15
CEB6:  12B0 4CBC       CALL	#0x4CBC
CEBA:  40B2 1CFB 04A8  MOV	#0x1CFB, &0x04A8

loc_CEC0:			; переходы из 0xCEC8
CEC0:  50B2 0005 04A8  ADD	#0x0005, &0x04A8
CEC6:  831F            DEC	R15
CEC8:  23FB            JNZ	0xCEC0
CECA:  C0B2 0100 04F0  BIC	#0x0100, &0x04F0
CED0:  D0F2 0003 04AC  BIS.B	#0x0003, &0x04AC
CED6:  42E2 04AB       MOV.B	#4, &0x04AB
CEDA:  40B2 04E0 04AE  MOV	#0x04E0, &0x04AE
CEE0:  12B0 C3A2       CALL	#0xC3A2
CEE4:  B2F2 04AC       BIT.B	#8, &0x04AC
CEE8:  20A6            JNZ	0xD036
CEEA:  421F 0504       MOV	&0x0504, R15
CEEE:  12B0 4CBC       CALL	#0x4CBC
CEF2:  431E            MOV	#1, R14
CEF4:  403D 04E0       MOV	#0x04E0, R13

loc_CEF8:			; переходы из 0xCF02
CEF8:  903F 0009       CMP	#0x0009, R15
CEFC:  2803            JNC	0xCF04
CEFE:  823F            SUB	#8, R15
CF00:  531D            INC	R13
CF02:  3FFA            JMP	0xCEF8

loc_CF04:			; переходы из 0xCEFC, 0xCF0A
CF04:  831F            DEC	R15
CF06:  2402            JZ	0xCF0C
CF08:  5E0E            RLA	R14
CF0A:  3FFC            JMP	0xCF04

loc_CF0C:			; переходы из 0xCF06
CF0C:  FD6E            AND.B	@R13, R14
CF0E:  2403            JZ	0xCF16
CF10:  D2B2 04F4       BIS	#8, &0x04F4
CF14:  3C02            JMP	0xCF1A

loc_CF16:			; переходы из 0xCF0E
CF16:  C2B2 04F4       BIC	#8, &0x04F4

loc_CF1A:			; переходы из 0xCF14
CF1A:  425F 0505       MOV.B	&0x0505, R15
CF1E:  12B0 4CBC       CALL	#0x4CBC
CF22:  40B2 0EF0 04A8  MOV	#0x0EF0, &0x04A8

loc_CF28:			; переходы из 0xCF30
CF28:  50B2 0110 04A8  ADD	#0x0110, &0x04A8
CF2E:  831F            DEC	R15
CF30:  23FB            JNZ	0xCF28
CF32:  B2B2 04F4       BIT	#8, &0x04F4
CF36:  2404            JZ	0xCF40
CF38:  50B2 00EE 04A8  ADD	#0x00EE, &0x04A8
CF3E:  3C08            JMP	0xCF50

loc_CF40:			; переходы из 0xCF36
CF40:  425F 0503       MOV.B	&0x0503, R15

loc_CF44:			; переходы из 0xCF4E
CF44:  831F            DEC	R15
CF46:  2404            JZ	0xCF50
CF48:  50B2 0022 04A8  ADD	#0x0022, &0x04A8
CF4E:  3FFA            JMP	0xCF44

loc_CF50:			; переходы из 0xCF3E, 0xCF46
CF50:  D0B2 0010 04F4  BIS	#0x0010, &0x04F4

loc_CF56:			; переходы из 0xD028
CF56:  C0B2 0200 04F0  BIC	#0x0200, &0x04F0
CF5C:  D0F2 0003 04AC  BIS.B	#0x0003, &0x04AC
CF62:  40F2 0010 04AB  MOV.B	#0x0010, &0x04AB
CF68:  40B2 04E0 04AE  MOV	#0x04E0, &0x04AE
CF6E:  12B0 C3A2       CALL	#0xC3A2
CF72:  B2F2 04AC       BIT.B	#8, &0x04AC
CF76:  2063            JNZ	0xD03E
CF78:  403D 04E0       MOV	#0x04E0, R13

loc_CF7C:			; переходы из 0xD012, 0xD034
CF7C:  4D2F            MOV	@R13, R15
CF7E:  108F            SWPB	R15
CF80:  F03F 001F       AND	#0x001F, R15
CF84:  423B            MOV	#8, R11
CF86:  430C            CLR	R12

loc_CF88:			; переходы из 0xCF8E
CF88:  5F4F            RLA.B	R15
CF8A:  AC0C            DADD	R12, R12
CF8C:  831B            DEC	R11
CF8E:  23FC            JNZ	0xCF88
CF90:  4C0F            MOV	R12, R15
CF92:  925F 0502       CMP.B	&0x0502, R15
CF96:  2404            JZ	0xCFA0
CF98:  925F 0502       CMP.B	&0x0502, R15
CF9C:  2833            JNC	0xD004
CF9E:  3C0B            JMP	0xCFB6

loc_CFA0:			; переходы из 0xCF96
CFA0:  4D6F            MOV.B	@R13, R15
CFA2:  423B            MOV	#8, R11
CFA4:  430C            CLR	R12

loc_CFA6:			; переходы из 0xCFAC
CFA6:  5F4F            RLA.B	R15
CFA8:  AC0C            DADD	R12, R12
CFAA:  831B            DEC	R11
CFAC:  23FC            JNZ	0xCFA6
CFAE:  4C0F            MOV	R12, R15
CFB0:  9FC2 0501       CMP.B	R15, &0x0501
CFB4:  2C27            JC	0xD004

loc_CFB6:			; переходы из 0xCF9E
CFB6:  903E 00A0       CMP	#0x00A0, R14
CFBA:  2802            JNC	0xCFC0
CFBC:  403E 0020       MOV	#0x0020, R14

loc_CFC0:			; переходы из 0xCFBA
CFC0:  B3D2 04FC       BIT.B	#1, &0x04FC
CFC4:  2401            JZ	0xCFC8
CFC6:  3C3E            JMP	0xD044

loc_CFC8:			; переходы из 0xCFC4
CFC8:  4E0D            MOV	R14, R13
CFCA:  422F            MOV	#4, R15

loc_CFCC:			; переходы из 0xCFD2
CFCC:  C312            CLRC
CFCE:  100D            RRC	R13
CFD0:  831F            DEC	R15
CFD2:  23FC            JNZ	0xCFCC
CFD4:  832D            DECD	R13
CFD6:  425F 04FC       MOV.B	&0x04FC, R15
CFDA:  F03F 000E       AND	#0x000E, R15
CFDE:  9F0D            CMP	R15, R13
CFE0:  2431            JZ	0xD044
CFE2:  F0F2 008F 04FC  AND.B	#0x008F, &0x04FC
CFE8:  C312            CLRC
CFEA:  100E            RRC	R14
CFEC:  803E 0010       SUB	#0x0010, R14
CFF0:  5EC2 04FC       ADD.B	R14, &0x04FC
CFF4:  B0F2 0020 04AC  BIT.B	#0x0020, &0x04AC
CFFA:  2424            JZ	0xD044
CFFC:  D0F2 0080 04FC  BIS.B	#0x0080, &0x04FC
D002:  3C20            JMP	0xD044

loc_D004:			; переходы из 0xCF9C, 0xCFB4
D004:  4D2E            MOV	@R13, R14
D006:  108E            SWPB	R14
D008:  F03E 00E0       AND	#0x00E0, R14
D00C:  532D            INCD	R13
D00E:  903D 04F0       CMP	#0x04F0, R13
D012:  2BB4            JNC	0xCF7C
D014:  B0B2 0010 04F4  BIT	#0x0010, &0x04F4
D01A:  2407            JZ	0xD02A
D01C:  C0B2 0010 04F4  BIC	#0x0010, &0x04F4
D022:  50B2 0011 04A8  ADD	#0x0011, &0x04A8
D028:  3F96            JMP	0xCF56

loc_D02A:			; переходы из 0xD01A
D02A:  403D 04EE       MOV	#0x04EE, R13
D02E:  40BD 1800 0000  MOV	#0x1800, 0(R13)
D034:  3FA3            JMP	0xCF7C

loc_D036:			; переходы из 0xCEE8
D036:  D0B2 0100 04F0  BIS	#0x0100, &0x04F0
D03C:  3C03            JMP	0xD044

loc_D03E:			; переходы из 0xCF76
D03E:  D0B2 0200 04F0  BIS	#0x0200, &0x04F0

loc_D044:			; переходы из 0xCE48, 0xCEB0, 0xCFC6, 0xCFE0, 0xCFFA, 0xD002, 0xD03C
D044:  C2F2 050C       BIC.B	#8, &0x050C
D048:  413B            POP	R11
D04A:  413C            POP	R12
D04C:  413D            POP	R13
D04E:  413E            POP	R14
D050:  413F            POP	R15
D052:  4130            RET

; ============================================================
; Функция sub_D054 @ 0xD054   (вызовов: 2)
;   вызывается из: 0x194A, 0x234A
; ============================================================
D054:  12B0 C966       CALL	#0xC966
D058:  B0B2 0400 04F0  BIT	#0x0400, &0x04F0
D05E:  2401            JZ	0xD062
D060:  3C21            JMP	0xD0A4

loc_D062:			; переходы из 0xD05E
D062:  C232            DINT
D064:  4303            CLR	CG
D066:  4292 04E0 0500  MOV	&0x04E0, &0x0500
D06C:  4292 04E2 0502  MOV	&0x04E2, &0x0502
D072:  4292 04E4 0504  MOV	&0x04E4, &0x0504
D078:  4292 04E6 0506  MOV	&0x04E6, &0x0506
D07E:  40B2 F0F0 0508  MOV	#0xF0F0, &0x0508
D084:  E292 0500 0508  XOR	&0x0500, &0x0508
D08A:  E292 0502 0508  XOR	&0x0502, &0x0508
D090:  E292 0504 0508  XOR	&0x0504, &0x0508
D096:  E292 0506 0508  XOR	&0x0506, &0x0508
D09C:  D232            EINT
D09E:  C0B2 0020 04F2  BIC	#0x0020, &0x04F2

loc_D0A4:			; переходы из 0xD060
D0A4:  4130            RET

; ============================================================
; Функция sub_D0A6 @ 0xD0A6   (вызовов: 2)
;   вызывается из: 0x194E, 0x236C
; ============================================================
D0A6:  120F            PUSH	R15
D0A8:  120E            PUSH	R14
D0AA:  120D            PUSH	R13
D0AC:  120C            PUSH	R12
D0AE:  12B0 C686       CALL	#0xC686
D0B2:  B0B2 0080 04F0  BIT	#0x0080, &0x04F0
D0B8:  2C03            JC	0xD0C0
D0BA:  B3A2 04E0       BIT	#2, &0x04E0
D0BE:  2C04            JC	0xD0C8

loc_D0C0:			; переходы из 0xD0B8
D0C0:  C0B2 0800 04F4  BIC	#0x0800, &0x04F4
D0C6:  3C04            JMP	0xD0D0

loc_D0C8:			; переходы из 0xD0BE
D0C8:  D0B2 0800 04F4  BIS	#0x0800, &0x04F4
D0CE:  3CC2            JMP	0xD254

loc_D0D0:			; переходы из 0xD0C6
D0D0:  425F 0505       MOV.B	&0x0505, R15
D0D4:  12B0 4CBC       CALL	#0x4CBC
D0D8:  4F0E            MOV	R15, R14
D0DA:  936E            CMP.B	#2, R14
D0DC:  2011            JNZ	0xD100
D0DE:  B0F2 0010 0506  BIT.B	#0x0010, &0x0506
D0E4:  2C05            JC	0xD0F0
D0E6:  B0F2 0003 0506  BIT.B	#0x0003, &0x0506
D0EC:  2009            JNZ	0xD100
D0EE:  3C06            JMP	0xD0FC

loc_D0F0:			; переходы из 0xD0E4
D0F0:  B3E2 0506       BIT.B	#2, &0x0506
D0F4:  2405            JZ	0xD100
D0F6:  B3D2 0506       BIT.B	#1, &0x0506
D0FA:  2C02            JC	0xD100

loc_D0FC:			; переходы из 0xD0EE
D0FC:  403E 000D       MOV	#0x000D, R14

loc_D100:			; переходы из 0xD0DC, 0xD0EC, 0xD0F4, 0xD0FA
D100:  831E            DEC	R14
D102:  12B0 C998       CALL	#0xC998
D106:  B0B2 0800 04F0  BIT	#0x0800, &0x04F0
D10C:  2401            JZ	0xD110
D10E:  3CA2            JMP	0xD254

loc_D110:			; переходы из 0xD10C
D110:  92D2 04E2 0505  CMP.B	&0x04E2, &0x0505
D116:  2407            JZ	0xD126
D118:  2875            JNC	0xD204

loc_D11A:			; переходы из 0xD14A, 0xD164, 0xD17A
D11A:  92D2 04E5 0505  CMP.B	&0x04E5, &0x0505
D120:  242D            JZ	0xD17C
D122:  285F            JNC	0xD1E2
D124:  3C6F            JMP	0xD204

loc_D126:			; переходы из 0xD116
D126:  92D2 04E1 0503  CMP.B	&0x04E1, &0x0503
D12C:  240F            JZ	0xD14C
D12E:  281B            JNC	0xD166
D130:  425F 0503       MOV.B	&0x0503, R15
D134:  825F 04E1       SUB.B	&0x04E1, R15
D138:  403D 0007       MOV	#0x0007, R13
D13C:  8F0D            SUB	R15, R13
D13E:  C312            CLRC
D140:  A25D 0504       DADD.B	&0x0504, R13
D144:  9DCE D264       CMP.B	R13, -11676(R14)
D148:  2C5D            JC	0xD204
D14A:  3FE7            JMP	0xD11A

loc_D14C:			; переходы из 0xD12C
D14C:  425F 0504       MOV.B	&0x0504, R15
D150:  C312            CLRC
D152:  A07F 0007       DADD.B	#0x0007, R15
D156:  9FCE D264       CMP.B	R15, -11676(R14)
D15A:  2C54            JC	0xD204
D15C:  92D2 04E0 0502  CMP.B	&0x04E0, &0x0502
D162:  2850            JNC	0xD204
D164:  3FDA            JMP	0xD11A

loc_D166:			; переходы из 0xD12E
D166:  425F 04E1       MOV.B	&0x04E1, R15
D16A:  825F 0503       SUB.B	&0x0503, R15
D16E:  C312            CLRC
D170:  A25F 0504       DADD.B	&0x0504, R15
D174:  9FCE D264       CMP.B	R15, -11676(R14)
D178:  2C45            JC	0xD204
D17A:  3FCF            JMP	0xD11A

loc_D17C:			; переходы из 0xD120
D17C:  92D2 04E4 0503  CMP.B	&0x04E4, &0x0503
D182:  240F            JZ	0xD1A2
D184:  2823            JNC	0xD1CC
D186:  425F 0503       MOV.B	&0x0503, R15
D18A:  825F 04E4       SUB.B	&0x04E4, R15
D18E:  403D 0007       MOV	#0x0007, R13
D192:  8F0D            SUB	R15, R13
D194:  C312            CLRC
D196:  A25D 0504       DADD.B	&0x0504, R13
D19A:  9DCE D264       CMP.B	R13, -11676(R14)
D19E:  2C21            JC	0xD1E2
D1A0:  3C31            JMP	0xD204

loc_D1A2:			; переходы из 0xD182
D1A2:  425F 0504       MOV.B	&0x0504, R15
D1A6:  C312            CLRC
D1A8:  A07F 0007       DADD.B	#0x0007, R15
D1AC:  9FCE D264       CMP.B	R15, -11676(R14)
D1B0:  2C18            JC	0xD1E2
D1B2:  92D2 04E3 0502  CMP.B	&0x04E3, &0x0502
D1B8:  2804            JNC	0xD1C2
D1BA:  D0F2 0020 050C  BIS.B	#0x0020, &0x050C
D1C0:  3C21            JMP	0xD204

loc_D1C2:			; переходы из 0xD1B8
D1C2:  B0F2 0020 050C  BIT.B	#0x0020, &0x050C
D1C8:  2C45            JC	0xD254
D1CA:  3C0B            JMP	0xD1E2

loc_D1CC:			; переходы из 0xD184
D1CC:  425F 04E4       MOV.B	&0x04E4, R15
D1D0:  825F 0503       SUB.B	&0x0503, R15
D1D4:  C312            CLRC
D1D6:  A25F 0504       DADD.B	&0x0504, R15
D1DA:  9FCE D264       CMP.B	R15, -11676(R14)
D1DE:  2C01            JC	0xD1E2
D1E0:  3C11            JMP	0xD204

loc_D1E2:			; переходы из 0xD122, 0xD19E, 0xD1B0, 0xD1CA, 0xD1DE
D1E2:  93C2 0507       TST.B	&0x0507
D1E6:  2436            JZ	0xD254
D1E8:  43C2 0507       CLR.B	&0x0507
D1EC:  90F2 0023 0502  CMP.B	#0x0023, &0x0502
D1F2:  2C30            JC	0xD254
D1F4:  D312            SETC
D1F6:  A3C2 0502       DADC.B	&0x0502
D1FA:  D2F2 050C       BIS.B	#8, &0x050C
D1FE:  C2F2 0514       BIC.B	#8, &0x0514
D202:  3C16            JMP	0xD230

loc_D204:			; переходы из 0xD118, 0xD124, 0xD148, 0xD15A, 0xD162, 0xD178, 0xD1A0, 0xD1C0
D204:  93D2 0507       CMP.B	#1, &0x0507
D208:  2425            JZ	0xD254
D20A:  43D2 0507       MOV.B	#1, &0x0507
D20E:  93D2 0502       CMP.B	#1, &0x0502
D212:  2820            JNC	0xD254
D214:  B0F2 000F 0502  BIT.B	#0x000F, &0x0502
D21A:  2004            JNZ	0xD224
D21C:  80F2 0007 0502  SUB.B	#0x0007, &0x0502
D222:  3C02            JMP	0xD228

loc_D224:			; переходы из 0xD21A
D224:  83D2 0502       DEC.B	&0x0502

loc_D228:			; переходы из 0xD222
D228:  D2F2 050C       BIS.B	#8, &0x050C
D22C:  D2F2 0514       BIS.B	#8, &0x0514

loc_D230:			; переходы из 0xD202
D230:  C232            DINT
D232:  4303            CLR	CG
D234:  40B2 F0F0 0508  MOV	#0xF0F0, &0x0508
D23A:  E292 0500 0508  XOR	&0x0500, &0x0508
D240:  E292 0502 0508  XOR	&0x0502, &0x0508
D246:  E292 0504 0508  XOR	&0x0504, &0x0508
D24C:  E292 0506 0508  XOR	&0x0506, &0x0508
D252:  D232            EINT

loc_D254:			; переходы из 0xD0CE, 0xD10E, 0xD1C8, 0xD1E6, 0xD1F2, 0xD208, 0xD212
D254:  C0F2 0010 050C  BIC.B	#0x0010, &0x050C
D25A:  413C            POP	R12
D25C:  413D            POP	R13
D25E:  413E            POP	R14
D260:  413F            POP	R15
D262:  4130            RET
D264:  2831            JNC	0xD2C8
D266:  3031            JN	0xD2CA
D268:  3031            JN	0xD2CC
D26A:  3131            JN	0xD4CE
D26C:  3130            JN	0xD4CE
D26E:  3130            JN	0xD4D0
D270:  3129            JN	0xD4C4

; ============================================================
; Функция sub_D272 @ 0xD272   (вызовов: 10)
;   вызывается из: 0xD314, 0xD324, 0xD33A, 0xD34A, 0xD6E0, 0xD6F0, 0xD78A, 0xD796, 0xD7A8, 0xD7B8
; ============================================================
D272:  120F            PUSH	R15
D274:  120E            PUSH	R14
D276:  120D            PUSH	R13
D278:  120C            PUSH	R12
D27A:  120B            PUSH	R11
D27C:  E0F2 0020 0031  XOR.B	#0x0020, &P5OUT
D282:  421C 04A8       MOV	&0x04A8, R12
D286:  421B 04AE       MOV	&0x04AE, R11
D28A:  903C 0750       CMP	#0x0750, R12
D28E:  2802            JNC	0xD294
D290:  431D            MOV	#1, R13
D292:  3C02            JMP	0xD298

loc_D294:			; переходы из 0xD28E
D294:  403D 0005       MOV	#0x0005, R13

loc_D298:			; переходы из 0xD292, 0xD2E8
D298:  C3A2 04F2       BIC	#2, &0x04F2
D29C:  C0B2 4000 04F0  BIC	#0x4000, &0x04F0
D2A2:  D0F2 0003 04AC  BIS.B	#0x0003, &0x04AC
D2A8:  40F2 0010 04AB  MOV.B	#0x0010, &0x04AB
D2AE:  40B2 04E0 04AE  MOV	#0x04E0, &0x04AE
D2B4:  12B0 C3A2       CALL	#0xC3A2
D2B8:  B3A2 04F2       BIT	#2, &0x04F2
D2BC:  2016            JNZ	0xD2EA
D2BE:  4B82 04A8       MOV	R11, &0x04A8
D2C2:  40F2 0010 04AB  MOV.B	#0x0010, &0x04AB
D2C8:  40B2 04E0 04AE  MOV	#0x04E0, &0x04AE
D2CE:  12B0 C2E2       CALL	#0xC2E2
D2D2:  B3A2 04F2       BIT	#2, &0x04F2
D2D6:  2009            JNZ	0xD2EA
D2D8:  831D            DEC	R13
D2DA:  240A            JZ	0xD2F0
D2DC:  503B 0011       ADD	#0x0011, R11
D2E0:  503C 0011       ADD	#0x0011, R12
D2E4:  4C82 04A8       MOV	R12, &0x04A8
D2E8:  3FD7            JMP	0xD298

loc_D2EA:			; переходы из 0xD2BC, 0xD2D6
D2EA:  D0B2 4000 04F0  BIS	#0x4000, &0x04F0

loc_D2F0:			; переходы из 0xD2DA
D2F0:  413B            POP	R11
D2F2:  413C            POP	R12
D2F4:  413D            POP	R13
D2F6:  413E            POP	R14
D2F8:  413F            POP	R15
D2FA:  4130            RET

; ============================================================
; Функция sub_D2FC @ 0xD2FC   (вызовов: 4)
;   вызывается из: 0x228E, 0xD5EE, 0xD626, 0xD6B8
; ============================================================
D2FC:  120F            PUSH	R15
D2FE:  120E            PUSH	R14
D300:  120D            PUSH	R13
D302:  120C            PUSH	R12
D304:  120B            PUSH	R11
D306:  120A            PUSH	R10
D308:  40B2 06A6 04A8  MOV	#0x06A6, &0x04A8
D30E:  40B2 06FB 04AE  MOV	#0x06FB, &0x04AE
D314:  12B0 D272       CALL	#0xD272
D318:  40B2 083E 04A8  MOV	#0x083E, &0x04A8
D31E:  40B2 084F 04AE  MOV	#0x084F, &0x04AE
D324:  12B0 D272       CALL	#0xD272
D328:  B2E2 054F       BIT.B	#4, &0x054F
D32C:  2410            JZ	0xD34E
D32E:  40B2 0200 04A8  MOV	#0x0200, &0x04A8
D334:  40B2 0255 04AE  MOV	#0x0255, &0x04AE
D33A:  12B0 D272       CALL	#0xD272
D33E:  40B2 0750 04A8  MOV	#0x0750, &0x04A8
D344:  40B2 0761 04AE  MOV	#0x0761, &0x04AE
D34A:  12B0 D272       CALL	#0xD272

loc_D34E:			; переходы из 0xD32C
D34E:  403E 0410       MOV	#0x0410, R14
D352:  423F            MOV	#8, R15

loc_D354:			; переходы из 0xD35C
D354:  438E 0000       CLR	0(R14)
D358:  532E            INCD	R14
D35A:  831F            DEC	R15
D35C:  23FB            JNZ	0xD354
D35E:  425D 03BE       MOV.B	&0x03BE, R13
D362:  42E2 03BE       MOV.B	#4, &0x03BE
D366:  C3A2 04F2       BIC	#2, &0x04F2
D36A:  C0B2 4000 04F0  BIC	#0x4000, &0x04F0
D370:  D0F2 0003 04AC  BIS.B	#0x0003, &0x04AC

loc_D376:			; переходы из 0xD4A2
D376:  425C 054F       MOV.B	&0x054F, R12
D37A:  403B 06A6       MOV	#0x06A6, R11
D37E:  403A 083E       MOV	#0x083E, R10
D382:  93C2 03BE       TST.B	&0x03BE
D386:  241D            JZ	0xD3C2
D388:  12B0 C1A0       CALL	#0xC1A0
D38C:  B3A2 04F2       BIT	#2, &0x04F2
D390:  208A            JNZ	0xD4A6
D392:  5292 04E2 0412  ADD	&0x04E2, &0x0412
D398:  6292 04E0 0410  ADDC	&0x04E0, &0x0410
D39E:  5292 04E6 0416  ADD	&0x04E6, &0x0416
D3A4:  6292 04E4 0414  ADDC	&0x04E4, &0x0414
D3AA:  5292 04EA 041A  ADD	&0x04EA, &0x041A
D3B0:  6292 04E8 0418  ADDC	&0x04E8, &0x0418
D3B6:  5292 04EE 041E  ADD	&0x04EE, &0x041E
D3BC:  6292 04EC 041C  ADDC	&0x04EC, &0x041C

loc_D3C2:			; переходы из 0xD386, 0xD48C, 0xD49C
D3C2:  4B82 04A8       MOV	R11, &0x04A8
D3C6:  425F 03BE       MOV.B	&0x03BE, R15

loc_D3CA:			; переходы из 0xD3D6
D3CA:  930F            TST	R15
D3CC:  2405            JZ	0xD3D8
D3CE:  831F            DEC	R15
D3D0:  50B2 0011 04A8  ADD	#0x0011, &0x04A8
D3D6:  3FF9            JMP	0xD3CA

loc_D3D8:			; переходы из 0xD3CC
D3D8:  40F2 0010 04AB  MOV.B	#0x0010, &0x04AB
D3DE:  93C2 03BE       TST.B	&0x03BE
D3E2:  2404            JZ	0xD3EC
D3E4:  40B2 04E0 04AE  MOV	#0x04E0, &0x04AE
D3EA:  3C2D            JMP	0xD446

loc_D3EC:			; переходы из 0xD3E2
D3EC:  C232            DINT
D3EE:  4303            CLR	CG
D3F0:  4292 05E0 04E0  MOV	&0x05E0, &0x04E0
D3F6:  4292 05E2 04E2  MOV	&0x05E2, &0x04E2
D3FC:  4292 05E4 04E4  MOV	&0x05E4, &0x04E4
D402:  4292 05E6 04E6  MOV	&0x05E6, &0x04E6
D408:  4292 05E8 04E8  MOV	&0x05E8, &0x04E8
D40E:  4292 05EA 04EA  MOV	&0x05EA, &0x04EA
D414:  4292 05EC 04EC  MOV	&0x05EC, &0x04EC
D41A:  4292 05EE 04EE  MOV	&0x05EE, &0x04EE
D420:  D232            EINT
D422:  4A82 04A8       MOV	R10, &0x04A8
D426:  40B2 04E0 04AE  MOV	#0x04E0, &0x04AE
D42C:  12B0 C2E2       CALL	#0xC2E2
D430:  B3A2 04F2       BIT	#2, &0x04F2
D434:  2038            JNZ	0xD4A6
D436:  4B82 04A8       MOV	R11, &0x04A8
D43A:  40F2 0010 04AB  MOV.B	#0x0010, &0x04AB
D440:  40B2 0410 04AE  MOV	#0x0410, &0x04AE

loc_D446:			; переходы из 0xD3EA
D446:  12B0 C2E2       CALL	#0xC2E2
D44A:  B3A2 04F2       BIT	#2, &0x04F2
D44E:  202B            JNZ	0xD4A6
D450:  B36C            BIT.B	#2, R12
D452:  241D            JZ	0xD48E
D454:  425F 0505       MOV.B	&0x0505, R15
D458:  40B2 0800 04AE  MOV	#0x0800, &0x04AE
D45E:  12B0 CBB6       CALL	#0xCBB6
D462:  403B 02AA       MOV	#0x02AA, R11
D466:  403A 0772       MOV	#0x0772, R10
D46A:  425F 0505       MOV.B	&0x0505, R15
D46E:  12B0 4CBC       CALL	#0x4CBC
D472:  930F            TST	R15
D474:  240C            JZ	0xD48E
D476:  903F 000D       CMP	#0x000D, R15
D47A:  2C09            JC	0xD48E

loc_D47C:			; переходы из 0xD488
D47C:  831F            DEC	R15
D47E:  2405            JZ	0xD48A
D480:  503B 0055       ADD	#0x0055, R11
D484:  503A 0011       ADD	#0x0011, R10
D488:  3FF9            JMP	0xD47C

loc_D48A:			; переходы из 0xD47E
D48A:  C36C            BIC.B	#2, R12
D48C:  3F9A            JMP	0xD3C2

loc_D48E:			; переходы из 0xD452, 0xD474, 0xD47A
D48E:  B26C            BIT.B	#4, R12
D490:  2406            JZ	0xD49E
D492:  403B 0200       MOV	#0x0200, R11
D496:  403A 0750       MOV	#0x0750, R10
D49A:  C26C            BIC.B	#4, R12
D49C:  3F92            JMP	0xD3C2

loc_D49E:			; переходы из 0xD490
D49E:  83D2 03BE       DEC.B	&0x03BE
D4A2:  3769            JGE	0xD376
D4A4:  3C03            JMP	0xD4AC

loc_D4A6:			; переходы из 0xD390, 0xD434, 0xD44E
D4A6:  D0B2 4000 04F0  BIS	#0x4000, &0x04F0

loc_D4AC:			; переходы из 0xD4A4
D4AC:  4DC2 03BE       MOV.B	R13, &0x03BE
D4B0:  C0F2 0006 054F  BIC.B	#0x0006, &0x054F
D4B6:  413A            POP	R10
D4B8:  413B            POP	R11
D4BA:  413C            POP	R12
D4BC:  413D            POP	R13
D4BE:  413E            POP	R14
D4C0:  413F            POP	R15
D4C2:  4130            RET

; ============================================================
; Функция sub_D4C4 @ 0xD4C4   (вызовов: 4)
;   вызывается из: 0x7946, 0x79AC, 0x79BE, 0x79D6
; ============================================================
D4C4:  120F            PUSH	R15
D4C6:  120E            PUSH	R14
D4C8:  120D            PUSH	R13
D4CA:  90F2 0005 03BC  CMP.B	#0x0005, &0x03BC
D4D0:  240D            JZ	0xD4EC
D4D2:  90F2 0006 03BC  CMP.B	#0x0006, &0x03BC
D4D8:  240E            JZ	0xD4F6
D4DA:  90F2 0013 03BC  CMP.B	#0x0013, &0x03BC
D4E0:  2434            JZ	0xD54A
D4E2:  90F2 0014 03BC  CMP.B	#0x0014, &0x03BC
D4E8:  2435            JZ	0xD554
D4EA:  3C0A            JMP	0xD500

loc_D4EC:			; переходы из 0xD4D0
D4EC:  403E 06A6       MOV	#0x06A6, R14
D4F0:  403D 083E       MOV	#0x083E, R13
D4F4:  3C33            JMP	0xD55C

loc_D4F6:			; переходы из 0xD4D8
D4F6:  403E 06FB       MOV	#0x06FB, R14
D4FA:  403D 084F       MOV	#0x084F, R13
D4FE:  3C2E            JMP	0xD55C

loc_D500:			; переходы из 0xD4EA
D500:  403E 02AA       MOV	#0x02AA, R14
D504:  403D 0772       MOV	#0x0772, R13
D508:  425F 0505       MOV.B	&0x0505, R15
D50C:  12B0 4CBC       CALL	#0x4CBC

loc_D510:			; переходы из 0xD51C
D510:  831F            DEC	R15
D512:  2405            JZ	0xD51E
D514:  503E 0055       ADD	#0x0055, R14
D518:  503D 0011       ADD	#0x0011, R13
D51C:  3FF9            JMP	0xD510

loc_D51E:			; переходы из 0xD512
D51E:  90F2 0007 03BC  CMP.B	#0x0007, &0x03BC
D524:  241B            JZ	0xD55C
D526:  425F 03BC       MOV.B	&0x03BC, R15
D52A:  803F 0007       SUB	#0x0007, R15

loc_D52E:			; переходы из 0xD546
D52E:  903E 02AA       CMP	#0x02AA, R14
D532:  2004            JNZ	0xD53C
D534:  403E 06A6       MOV	#0x06A6, R14
D538:  403D 083E       MOV	#0x083E, R13

loc_D53C:			; переходы из 0xD532
D53C:  803E 0055       SUB	#0x0055, R14
D540:  803D 0011       SUB	#0x0011, R13
D544:  831F            DEC	R15
D546:  23F3            JNZ	0xD52E
D548:  3C09            JMP	0xD55C

loc_D54A:			; переходы из 0xD4E0
D54A:  403E 0200       MOV	#0x0200, R14
D54E:  403D 0750       MOV	#0x0750, R13
D552:  3C04            JMP	0xD55C

loc_D554:			; переходы из 0xD4E8
D554:  403E 0255       MOV	#0x0255, R14
D558:  403D 0761       MOV	#0x0761, R13

loc_D55C:			; переходы из 0xD4F4, 0xD4FE, 0xD524, 0xD548, 0xD552
D55C:  90F2 0005 03BE  CMP.B	#0x0005, &0x03BE
D562:  2408            JZ	0xD574
D564:  425F 03BE       MOV.B	&0x03BE, R15

loc_D568:			; переходы из 0xD572
D568:  930F            TST	R15
D56A:  2407            JZ	0xD57A
D56C:  831F            DEC	R15
D56E:  503E 0011       ADD	#0x0011, R14
D572:  3FFA            JMP	0xD568

loc_D574:			; переходы из 0xD562
D574:  4D82 04A8       MOV	R13, &0x04A8
D578:  3C02            JMP	0xD57E

loc_D57A:			; переходы из 0xD56A
D57A:  4E82 04A8       MOV	R14, &0x04A8

loc_D57E:			; переходы из 0xD578
D57E:  C3A2 04F2       BIC	#2, &0x04F2
D582:  C0B2 4000 04F0  BIC	#0x4000, &0x04F0
D588:  D0F2 0003 04AC  BIS.B	#0x0003, &0x04AC
D58E:  40F2 0010 04AB  MOV.B	#0x0010, &0x04AB
D594:  40B2 04E0 04AE  MOV	#0x04E0, &0x04AE
D59A:  12B0 C3A2       CALL	#0xC3A2
D59E:  B3A2 04F2       BIT	#2, &0x04F2
D5A2:  2001            JNZ	0xD5A6
D5A4:  3C03            JMP	0xD5AC

loc_D5A6:			; переходы из 0xD5A2
D5A6:  D0B2 4000 04F0  BIS	#0x4000, &0x04F0

loc_D5AC:			; переходы из 0xD5A4
D5AC:  413D            POP	R13
D5AE:  413E            POP	R14
D5B0:  413F            POP	R15
D5B2:  4130            RET

; ============================================================
; Функция sub_D5B4 @ 0xD5B4   (вызовов: 1)
;   вызывается из: 0x1C0E
; ============================================================
D5B4:  120F            PUSH	R15
D5B6:  120E            PUSH	R14
D5B8:  120D            PUSH	R13
D5BA:  120C            PUSH	R12
D5BC:  120B            PUSH	R11
D5BE:  120A            PUSH	R10
D5C0:  1209            PUSH	R9
D5C2:  1208            PUSH	R8
D5C4:  12B0 C966       CALL	#0xC966
D5C8:  B0B2 0400 04F0  BIT	#0x0400, &0x04F0
D5CE:  2CF6            JC	0xD7BC
D5D0:  425F 04E6       MOV.B	&0x04E6, R15
D5D4:  425E 04E5       MOV.B	&0x04E5, R14
D5D8:  425D 04E4       MOV.B	&0x04E4, R13
D5DC:  421C 04E4       MOV	&0x04E4, R12
D5E0:  9FC2 0506       CMP.B	R15, &0x0506
D5E4:  2419            JZ	0xD618
D5E6:  28EA            JNC	0xD7BC
D5E8:  D0F2 0007 054F  BIS.B	#0x0007, &0x054F
D5EE:  12B0 D2FC       CALL	#0xD2FC
D5F2:  D0B2 0200 066C  BIS	#0x0200, &0x066C
D5F8:  C3D2 054F       BIC.B	#1, &0x054F
D5FC:  D312            SETC
D5FE:  A30F            DADC	R15
D600:  925F 0506       CMP.B	&0x0506, R15
D604:  2403            JZ	0xD60C
D606:  425E 0505       MOV.B	&0x0505, R14
D60A:  3C64            JMP	0xD6D4

loc_D60C:			; переходы из 0xD604
D60C:  9EC2 0505       CMP.B	R14, &0x0505
D610:  2871            JNC	0xD6F4
D612:  425E 0505       MOV.B	&0x0505, R14
D616:  3C6E            JMP	0xD6F4

loc_D618:			; переходы из 0xD5E4
D618:  9EC2 0505       CMP.B	R14, &0x0505
D61C:  2447            JZ	0xD6AC
D61E:  28CE            JNC	0xD7BC
D620:  D0F2 0003 054F  BIS.B	#0x0003, &0x054F
D626:  12B0 D2FC       CALL	#0xD2FC
D62A:  D0B2 0200 066C  BIS	#0x0200, &0x066C
D630:  C3D2 054F       BIC.B	#1, &0x054F
D634:  4E0F            MOV	R14, R15
D636:  D312            SETC
D638:  A30F            DADC	R15
D63A:  925F 0505       CMP.B	&0x0505, R15
D63E:  2401            JZ	0xD642
D640:  3C59            JMP	0xD6F4

loc_D642:			; переходы из 0xD63E, 0xD774
D642:  4C0E            MOV	R12, R14
D644:  108E            SWPB	R14
D646:  F03E 00FF       AND	#0x00FF, R14
D64A:  4C0D            MOV	R12, R13
D64C:  F03D 00FF       AND	#0x00FF, R13
D650:  4E0F            MOV	R14, R15
D652:  D312            SETC
D654:  A30F            DADC	R15
D656:  903F 0013       CMP	#0x0013, R15
D65A:  2001            JNZ	0xD65E
D65C:  431F            MOV	#1, R15

loc_D65E:			; переходы из 0xD65A
D65E:  925F 0505       CMP.B	&0x0505, R15
D662:  209C            JNZ	0xD79C
D664:  93D2 0504       CMP.B	#1, &0x0504
D668:  2099            JNZ	0xD79C
D66A:  936E            CMP.B	#2, R14
D66C:  2017            JNZ	0xD69C
D66E:  B0F2 0010 0506  BIT.B	#0x0010, &0x0506
D674:  2C05            JC	0xD680
D676:  B0F2 0003 0506  BIT.B	#0x0003, &0x0506
D67C:  200B            JNZ	0xD694
D67E:  3C06            JMP	0xD68C

loc_D680:			; переходы из 0xD674
D680:  B3E2 0506       BIT.B	#2, &0x0506
D684:  2407            JZ	0xD694
D686:  B3D2 0506       BIT.B	#1, &0x0506
D68A:  2C04            JC	0xD694

loc_D68C:			; переходы из 0xD67E
D68C:  907D 0029       CMP.B	#0x0029, R13
D690:  2085            JNZ	0xD79C
D692:  3C94            JMP	0xD7BC

loc_D694:			; переходы из 0xD67C, 0xD684, 0xD68A
D694:  907D 0028       CMP.B	#0x0028, R13
D698:  2081            JNZ	0xD79C
D69A:  3C90            JMP	0xD7BC

loc_D69C:			; переходы из 0xD66C
D69C:  4E4F            MOV.B	R14, R15
D69E:  4F5F 4AAD       MOV.B	19117(R15), R15
D6A2:  D312            SETC
D6A4:  A30D            DADC	R13
D6A6:  9F4D            CMP.B	R15, R13
D6A8:  2079            JNZ	0xD79C
D6AA:  3C88            JMP	0xD7BC

loc_D6AC:			; переходы из 0xD61C
D6AC:  9DC2 0504       CMP.B	R13, &0x0504
D6B0:  2485            JZ	0xD7BC
D6B2:  2884            JNC	0xD7BC
D6B4:  D3D2 054F       BIS.B	#1, &0x054F
D6B8:  12B0 D2FC       CALL	#0xD2FC
D6BC:  D0B2 0200 066C  BIS	#0x0200, &0x066C
D6C2:  C3D2 054F       BIC.B	#1, &0x054F
D6C6:  4D0F            MOV	R13, R15
D6C8:  D312            SETC
D6CA:  A30F            DADC	R15
D6CC:  925F 0504       CMP.B	&0x0504, R15
D6D0:  2475            JZ	0xD7BC
D6D2:  3C64            JMP	0xD79C

loc_D6D4:			; переходы из 0xD60A
D6D4:  40B2 0200 04A8  MOV	#0x0200, &0x04A8
D6DA:  40B2 0255 04AE  MOV	#0x0255, &0x04AE
D6E0:  12B0 D272       CALL	#0xD272
D6E4:  40B2 0750 04A8  MOV	#0x0750, &0x04A8
D6EA:  40B2 0761 04AE  MOV	#0x0761, &0x04AE
D6F0:  12B0 D272       CALL	#0xD272

loc_D6F4:			; переходы из 0xD610, 0xD616, 0xD640
D6F4:  403D 02AA       MOV	#0x02AA, R13
D6F8:  403A 0772       MOV	#0x0772, R10
D6FC:  425F 0505       MOV.B	&0x0505, R15
D700:  12B0 4CBC       CALL	#0x4CBC
D704:  930F            TST	R15
D706:  245A            JZ	0xD7BC
D708:  903F 000D       CMP	#0x000D, R15
D70C:  2C57            JC	0xD7BC

loc_D70E:			; переходы из 0xD71A
D70E:  831F            DEC	R15
D710:  2405            JZ	0xD71C
D712:  503D 0055       ADD	#0x0055, R13
D716:  503A 0011       ADD	#0x0011, R10
D71A:  3FF9            JMP	0xD70E

loc_D71C:			; переходы из 0xD710
D71C:  4E0F            MOV	R14, R15
D71E:  12B0 4CBC       CALL	#0x4CBC
D722:  930F            TST	R15
D724:  244B            JZ	0xD7BC
D726:  903F 000D       CMP	#0x000D, R15
D72A:  2C48            JC	0xD7BC
D72C:  403E 02AA       MOV	#0x02AA, R14

loc_D730:			; переходы из 0xD738
D730:  831F            DEC	R15
D732:  2403            JZ	0xD73A
D734:  503E 0055       ADD	#0x0055, R14
D738:  3FFB            JMP	0xD730

loc_D73A:			; переходы из 0xD732
D73A:  4D0B            MOV	R13, R11
D73C:  4A09            MOV	R10, R9
D73E:  4258 0505       MOV.B	&0x0505, R8

loc_D742:			; переходы из 0xD79A
D742:  E0F2 0020 0031  XOR.B	#0x0020, &P5OUT
D748:  9038 0010       CMP	#0x0010, R8
D74C:  2002            JNZ	0xD752
D74E:  8038 0006       SUB	#0x0006, R8

loc_D752:			; переходы из 0xD74C
D752:  8318            DEC	R8
D754:  9308            TST	R8
D756:  2002            JNZ	0xD75C
D758:  4038 0012       MOV	#0x0012, R8

loc_D75C:			; переходы из 0xD756
D75C:  803B 0055       SUB	#0x0055, R11
D760:  8039 0011       SUB	#0x0011, R9
D764:  903B 0255       CMP	#0x0255, R11
D768:  2004            JNZ	0xD772
D76A:  403B 0651       MOV	#0x0651, R11
D76E:  4039 082D       MOV	#0x082D, R9

loc_D772:			; переходы из 0xD768
D772:  9E0B            CMP	R14, R11
D774:  2766            JZ	0xD642
D776:  480F            MOV	R8, R15
D778:  40B2 0800 04AE  MOV	#0x0800, &0x04AE
D77E:  12B0 CBB6       CALL	#0xCBB6
D782:  4D82 04A8       MOV	R13, &0x04A8
D786:  4B82 04AE       MOV	R11, &0x04AE
D78A:  12B0 D272       CALL	#0xD272
D78E:  4A82 04A8       MOV	R10, &0x04A8
D792:  4982 04AE       MOV	R9, &0x04AE
D796:  12B0 D272       CALL	#0xD272
D79A:  3FD3            JMP	0xD742

loc_D79C:			; переходы из 0xD662, 0xD668, 0xD690, 0xD698, 0xD6A8, 0xD6D2
D79C:  40B2 06A6 04A8  MOV	#0x06A6, &0x04A8
D7A2:  40B2 06FB 04AE  MOV	#0x06FB, &0x04AE
D7A8:  12B0 D272       CALL	#0xD272
D7AC:  40B2 083E 04A8  MOV	#0x083E, &0x04A8
D7B2:  40B2 084F 04AE  MOV	#0x084F, &0x04AE
D7B8:  12B0 D272       CALL	#0xD272

loc_D7BC:			; переходы из 0xD5CE, 0xD5E6, 0xD61E, 0xD692, 0xD69A, 0xD6AA, 0xD6B0, 0xD6B2
D7BC:  4138            POP	R8
D7BE:  4139            POP	R9
D7C0:  413A            POP	R10
D7C2:  413B            POP	R11
D7C4:  413C            POP	R12
D7C6:  413D            POP	R13
D7C8:  413E            POP	R14
D7CA:  413F            POP	R15
D7CC:  4130            RET

; ============================================================
; Функция sub_D7CE @ 0xD7CE   (вызовов: 2)
;   вызывается из: 0x24E0, 0x24F6
; ============================================================
D7CE:  4292 0510 0516  MOV	&0x0510, &0x0516
D7D4:  40B2 0530 0518  MOV	#0x0530, &0x0518
D7DA:  42D2 0514 0530  MOV.B	&0x0514, &0x0530
D7E0:  42D2 0502 0531  MOV.B	&0x0502, &0x0531
D7E6:  42D2 0501 0532  MOV.B	&0x0501, &0x0532
D7EC:  42D2 0504 0533  MOV.B	&0x0504, &0x0533
D7F2:  42D2 0505 0534  MOV.B	&0x0505, &0x0534
D7F8:  42D2 0506 0535  MOV.B	&0x0506, &0x0535
D7FE:  42D2 0512 0536  MOV.B	&0x0512, &0x0536
D804:  B0B2 0080 0580  BIT	#0x0080, &0x0580
D80A:  2404            JZ	0xD814
D80C:  B0F2 0010 0515  BIT.B	#0x0010, &0x0515
D812:  2C5A            JC	0xD8C8

loc_D814:			; переходы из 0xD80A
D814:  4292 0516 04E0  MOV	&0x0516, &0x04E0
D81A:  42D2 0530 04E2  MOV.B	&0x0530, &0x04E2
D820:  40B2 00EB 04A8  MOV	#0x00EB, &0x04A8
D826:  40F2 0003 04AB  MOV.B	#0x0003, &0x04AB
D82C:  40B2 04E0 04AE  MOV	#0x04E0, &0x04AE
D832:  12B0 CBF4       CALL	#0xCBF4
D836:  B0F2 0080 0515  BIT.B	#0x0080, &0x0515
D83C:  2404            JZ	0xD846
D83E:  C0F2 0080 0515  BIC.B	#0x0080, &0x0515
D844:  3C25            JMP	0xD890

loc_D846:			; переходы из 0xD83C
D846:  4292 0510 04E0  MOV	&0x0510, &0x04E0
D84C:  4292 0530 04E2  MOV	&0x0530, &0x04E2
D852:  4292 0532 04E4  MOV	&0x0532, &0x04E4
D858:  4292 0534 04E6  MOV	&0x0534, &0x04E6
D85E:  42D2 0536 04E8  MOV.B	&0x0536, &0x04E8
D864:  40B2 00A2 04A8  MOV	#0x00A2, &0x04A8
D86A:  40F2 0009 04AB  MOV.B	#0x0009, &0x04AB
D870:  40B2 04E0 04AE  MOV	#0x04E0, &0x04AE
D876:  C0B2 8000 04F0  BIC	#0x8000, &0x04F0
D87C:  12B0 CBF4       CALL	#0xCBF4
D880:  B0F2 000C 04AC  BIT.B	#0x000C, &0x04AC
D886:  2001            JNZ	0xD88A
D888:  3C03            JMP	0xD890

loc_D88A:			; переходы из 0xD886
D88A:  D0B2 8000 04F0  BIS	#0x8000, &0x04F0

loc_D890:			; переходы из 0xD844, 0xD888
D890:  C232            DINT
D892:  4303            CLR	CG
D894:  42D2 0528 0537  MOV.B	&0x0528, &0x0537
D89A:  42D2 0529 0538  MOV.B	&0x0529, &0x0538
D8A0:  42D2 052A 0539  MOV.B	&0x052A, &0x0539
D8A6:  42D2 052B 053A  MOV.B	&0x052B, &0x053A
D8AC:  42D2 052C 053B  MOV.B	&0x052C, &0x053B
D8B2:  42D2 052D 053C  MOV.B	&0x052D, &0x053C
D8B8:  42D2 052E 053D  MOV.B	&0x052E, &0x053D
D8BE:  42D2 052F 053E  MOV.B	&0x052F, &0x053E
D8C4:  D232            EINT
D8C6:  3C1E            JMP	0xD904

loc_D8C8:			; переходы из 0xD812
D8C8:  D0F2 0010 0530  BIS.B	#0x0010, &0x0530
D8CE:  C232            DINT
D8D0:  4303            CLR	CG
D8D2:  42D2 0618 0537  MOV.B	&0x0618, &0x0537
D8D8:  42D2 0619 0538  MOV.B	&0x0619, &0x0538
D8DE:  42D2 061A 0539  MOV.B	&0x061A, &0x0539
D8E4:  42D2 061B 053A  MOV.B	&0x061B, &0x053A
D8EA:  42D2 061C 053B  MOV.B	&0x061C, &0x053B
D8F0:  42D2 061D 053C  MOV.B	&0x061D, &0x053C
D8F6:  42D2 061E 053D  MOV.B	&0x061E, &0x053D
D8FC:  42D2 061F 053E  MOV.B	&0x061F, &0x053E
D902:  D232            EINT

loc_D904:			; переходы из 0xD8C6
D904:  4130            RET

; ============================================================
; Функция sub_D906 @ 0xD906   (вызовов: 5)
;   вызывается из: 0x1D5A, 0x1DA0, 0x24E4, 0x24FA, 0xD948
; ============================================================
D906:  12B0 F9A8       CALL	#0xF9A8
D90A:  D3D2 0515       BIS.B	#1, &0x0515
D90E:  C3E2 0515       BIC.B	#2, &0x0515
D912:  40F2 000F 051B  MOV.B	#0x000F, &0x051B
D918:  C0B2 0040 04F2  BIC	#0x0040, &0x04F2
D91E:  12B0 E3A2       CALL	#0xE3A2
D922:  4130            RET

; ============================================================
; Функция sub_D924 @ 0xD924   (вызовов: 1)
;   вызывается из: 0x2510
; ============================================================
D924:  120F            PUSH	R15
D926:  4292 051E 0516  MOV	&0x051E, &0x0516
D92C:  40B2 0800 0518  MOV	#0x0800, &0x0518
D932:  B0F2 0010 0514  BIT.B	#0x0010, &0x0514
D938:  2C04            JC	0xD942
D93A:  C0F2 0010 0515  BIC.B	#0x0010, &0x0515
D940:  3C03            JMP	0xD948

loc_D942:			; переходы из 0xD938
D942:  D0F2 0010 0515  BIS.B	#0x0010, &0x0515

loc_D948:			; переходы из 0xD940
D948:  12B0 D906       CALL	#0xD906
D94C:  B0B2 0040 04F2  BIT	#0x0040, &0x04F2
D952:  2C15            JC	0xD97E
D954:  50B2 0010 051E  ADD	#0x0010, &0x051E
D95A:  2807            JNC	0xD96A
D95C:  B0B2 8000 04F6  BIT	#0x8000, &0x04F6
D962:  2403            JZ	0xD96A
D964:  E0F2 0010 0514  XOR.B	#0x0010, &0x0514

loc_D96A:			; переходы из 0xD95A, 0xD962
D96A:  421F 051E       MOV	&0x051E, R15
D96E:  F03F FFF0       AND	#0xFFF0, R15
D972:  930F            TST	R15
D974:  2017            JNZ	0xD9A4
D976:  B0F2 0010 0514  BIT.B	#0x0010, &0x0514
D97C:  2C13            JC	0xD9A4

loc_D97E:			; переходы из 0xD952
D97E:  C2E2 0514       BIC.B	#4, &0x0514
D982:  4292 0510 04E0  MOV	&0x0510, &0x04E0
D988:  42D2 0514 04E2  MOV.B	&0x0514, &0x04E2
D98E:  40B2 00EB 04A8  MOV	#0x00EB, &0x04A8
D994:  40F2 0003 04AB  MOV.B	#0x0003, &0x04AB
D99A:  40B2 04E0 04AE  MOV	#0x04E0, &0x04AE
D9A0:  12B0 CBF4       CALL	#0xCBF4

loc_D9A4:			; переходы из 0xD974, 0xD97C
D9A4:  413F            POP	R15
D9A6:  4130            RET

; ============================================================
; Функция sub_D9A8 @ 0xD9A8   (вызовов: 1)
;   вызывается из: 0x1C98
; ============================================================
D9A8:  120F            PUSH	R15
D9AA:  120E            PUSH	R14
D9AC:  120D            PUSH	R13
D9AE:  120C            PUSH	R12
D9B0:  120B            PUSH	R11
D9B2:  120A            PUSH	R10
D9B4:  4382 04EE       CLR	&0x04EE
D9B8:  92D2 0506 04E7  CMP.B	&0x0506, &0x04E7
D9BE:  2815            JNC	0xD9EA
D9C0:  20CB            JNZ	0xDB58
D9C2:  92D2 0505 04E6  CMP.B	&0x0505, &0x04E6
D9C8:  2810            JNC	0xD9EA
D9CA:  20C6            JNZ	0xDB58
D9CC:  92D2 0504 04E5  CMP.B	&0x0504, &0x04E5
D9D2:  280B            JNC	0xD9EA
D9D4:  20C1            JNZ	0xDB58
D9D6:  92D2 0502 04E3  CMP.B	&0x0502, &0x04E3
D9DC:  2806            JNC	0xD9EA
D9DE:  20BC            JNZ	0xDB58
D9E0:  92D2 0501 04E4  CMP.B	&0x0501, &0x04E4
D9E6:  2801            JNC	0xD9EA
D9E8:  20B7            JNZ	0xDB58

loc_D9EA:			; переходы из 0xD9BE, 0xD9C8, 0xD9D2, 0xD9DC, 0xD9E6
D9EA:  430E            CLR	R14
D9EC:  430D            CLR	R13
D9EE:  425C 04E7       MOV.B	&0x04E7, R12
D9F2:  425B 04E6       MOV.B	&0x04E6, R11

loc_D9F6:			; переходы из 0xDA1A
D9F6:  925C 0506       CMP.B	&0x0506, R12
D9FA:  2405            JZ	0xDA06
D9FC:  2801            JNC	0xDA00
D9FE:  3CAC            JMP	0xDB58

loc_DA00:			; переходы из 0xD9FC
DA00:  403F 0013       MOV	#0x0013, R15
DA04:  3C02            JMP	0xDA0A

loc_DA06:			; переходы из 0xD9FA
DA06:  425F 0505       MOV.B	&0x0505, R15

loc_DA0A:			; переходы из 0xDA04, 0xDA54
DA0A:  9F0B            CMP	R15, R11
DA0C:  2807            JNC	0xDA1C
DA0E:  907B 0013       CMP.B	#0x0013, R11
DA12:  2021            JNZ	0xDA56
DA14:  435B            MOV.B	#1, R11
DA16:  D312            SETC
DA18:  A30C            DADC	R12
DA1A:  3FED            JMP	0xD9F6

loc_DA1C:			; переходы из 0xDA0C
DA1C:  936B            CMP.B	#2, R11
DA1E:  200F            JNZ	0xDA3E
DA20:  B07C 0010       BIT.B	#0x0010, R12
DA24:  2C04            JC	0xDA2E
DA26:  B07C 0003       BIT.B	#0x0003, R12
DA2A:  2009            JNZ	0xDA3E
DA2C:  3C04            JMP	0xDA36

loc_DA2E:			; переходы из 0xDA24
DA2E:  B36C            BIT.B	#2, R12
DA30:  2406            JZ	0xDA3E
DA32:  B35C            BIT.B	#1, R12
DA34:  2C04            JC	0xDA3E

loc_DA36:			; переходы из 0xDA2C
DA36:  503D A320       ADD	#0xA320, R13
DA3A:  630E            ADC	R14
DA3C:  3C09            JMP	0xDA50

loc_DA3E:			; переходы из 0xDA1E, 0xDA2A, 0xDA30, 0xDA34
DA3E:  4F0A            MOV	R15, R10
DA40:  4B0F            MOV	R11, R15
DA42:  12B0 4CBC       CALL	#0x4CBC
DA46:  5F0F            RLA	R15
DA48:  5F1D DB6A       ADD	-9366(R15), R13
DA4C:  630E            ADC	R14
DA4E:  4A0F            MOV	R10, R15

loc_DA50:			; переходы из 0xDA3C
DA50:  D312            SETC
DA52:  A34B            DADC.B	R11
DA54:  3FDA            JMP	0xDA0A

loc_DA56:			; переходы из 0xDA12
DA56:  431F            MOV	#1, R15

loc_DA58:			; переходы из 0xDA68
DA58:  925F 0504       CMP.B	&0x0504, R15
DA5C:  2C06            JC	0xDA6A
DA5E:  D312            SETC
DA60:  A34F            DADC.B	R15
DA62:  503D 05A0       ADD	#0x05A0, R13
DA66:  630E            ADC	R14
DA68:  3FF7            JMP	0xDA58

loc_DA6A:			; переходы из 0xDA5C
DA6A:  430F            CLR	R15

loc_DA6C:			; переходы из 0xDA7C
DA6C:  925F 0502       CMP.B	&0x0502, R15
DA70:  2C06            JC	0xDA7E
DA72:  D312            SETC
DA74:  A34F            DADC.B	R15
DA76:  503D 003C       ADD	#0x003C, R13
DA7A:  630E            ADC	R14
DA7C:  3FF7            JMP	0xDA6C

loc_DA7E:			; переходы из 0xDA70
DA7E:  425F 0501       MOV.B	&0x0501, R15
DA82:  12B0 4CBC       CALL	#0x4CBC
DA86:  5F0D            ADD	R15, R13
DA88:  630E            ADC	R14
DA8A:  431F            MOV	#1, R15

loc_DA8C:			; переходы из 0xDA9C
DA8C:  925F 04E5       CMP.B	&0x04E5, R15
DA90:  2C06            JC	0xDA9E
DA92:  D312            SETC
DA94:  A34F            DADC.B	R15
DA96:  803D 05A0       SUB	#0x05A0, R13
DA9A:  730E            SBC	R14
DA9C:  3FF7            JMP	0xDA8C

loc_DA9E:			; переходы из 0xDA90
DA9E:  430F            CLR	R15

loc_DAA0:			; переходы из 0xDAB0
DAA0:  925F 04E3       CMP.B	&0x04E3, R15
DAA4:  2C06            JC	0xDAB2
DAA6:  D312            SETC
DAA8:  A34F            DADC.B	R15
DAAA:  803D 003C       SUB	#0x003C, R13
DAAE:  730E            SBC	R14
DAB0:  3FF7            JMP	0xDAA0

loc_DAB2:			; переходы из 0xDAA4
DAB2:  425F 04E4       MOV.B	&0x04E4, R15
DAB6:  12B0 4CBC       CALL	#0x4CBC
DABA:  8F0D            SUB	R15, R13
DABC:  730E            SBC	R14
DABE:  B0B2 0800 04F4  BIT	#0x0800, &0x04F4
DAC4:  2C15            JC	0xDAF0
DAC6:  B2F2 04E2       BIT.B	#8, &0x04E2
DACA:  2C07            JC	0xDADA
DACC:  93C2 0507       TST.B	&0x0507
DAD0:  240F            JZ	0xDAF0
DAD2:  503D 003C       ADD	#0x003C, R13
DAD6:  630E            ADC	R14
DAD8:  3C0B            JMP	0xDAF0

loc_DADA:			; переходы из 0xDACA
DADA:  93C2 0507       TST.B	&0x0507
DADE:  2008            JNZ	0xDAF0
DAE0:  930E            TST	R14
DAE2:  2003            JNZ	0xDAEA
DAE4:  903D 003D       CMP	#0x003D, R13
DAE8:  2837            JNC	0xDB58

loc_DAEA:			; переходы из 0xDAE2
DAEA:  803D 003C       SUB	#0x003C, R13
DAEE:  730E            SBC	R14

loc_DAF0:			; переходы из 0xDAC4, 0xDAD0, 0xDAD8, 0xDADE
DAF0:  4E82 0300       MOV	R14, &0x0300
DAF4:  4D82 0302       MOV	R13, &0x0302
DAF8:  425F 04E8       MOV.B	&0x04E8, R15
DAFC:  4F82 0306       MOV	R15, &0x0306
DB00:  12B0 4B0C       CALL	#0x4B0C
DB04:  5292 030A 030A  ADD	&0x030A, &0x030A
DB0A:  6292 0308 0308  ADDC	&0x0308, &0x0308
DB10:  5292 030A 030A  ADD	&0x030A, &0x030A
DB16:  6292 0308 0308  ADDC	&0x0308, &0x0308
DB1C:  5292 030A 030A  ADD	&0x030A, &0x030A
DB22:  6292 0308 0308  ADDC	&0x0308, &0x0308
DB28:  5292 030A 030A  ADD	&0x030A, &0x030A
DB2E:  6292 0308 0308  ADDC	&0x0308, &0x0308
DB34:  821F 030E       SUB	&0x030E, R15
DB38:  4FC2 0513       MOV.B	R15, &0x0513
DB3C:  4292 04E0 0510  MOV	&0x04E0, &0x0510
DB42:  5292 030A 0510  ADD	&0x030A, &0x0510
DB48:  2C04            JC	0xDB52
DB4A:  9382 0308       TST	&0x0308
DB4E:  2407            JZ	0xDB5E
DB50:  3C06            JMP	0xDB5E

loc_DB52:			; переходы из 0xDB48
DB52:  D3D2 04E2       BIS.B	#1, &0x04E2
DB56:  3C03            JMP	0xDB5E

loc_DB58:			; переходы из 0xD9C0, 0xD9CA, 0xD9D4, 0xD9DE, 0xD9E8, 0xD9FE, 0xDAE8
DB58:  40B2 5AA5 04EE  MOV	#0x5AA5, &0x04EE

loc_DB5E:			; переходы из 0xDB4E, 0xDB50, 0xDB56
DB5E:  413A            POP	R10
DB60:  413B            POP	R11
DB62:  413C            POP	R12
DB64:  413D            POP	R13
DB66:  413E            POP	R14
DB68:  413F            POP	R15
DB6A:  4130            RET
DB6C:  AE60            DADD.B	@R14, PC
DB6E:  9D80 AE60       CMP	R13, 0x89D2
DB72:  A8C0 AE60       DADD.B	R8, 0x89D6
DB76:  A8C0 AE60       DADD.B	R8, 0x89DA
DB7A:  AE60            DADD.B	@R14, PC
DB7C:  A8C0 AE60       DADD.B	R8, 0x89E0
DB80:  A8C0 AE60       DADD.B	R8, 0x89E4

; ============================================================
; Функция sub_DB84 @ 0xDB84   (вызовов: 5)
;   вызывается из: 0x22BC, 0x2CCA, 0xE464, 0xE6E6, 0xE73A
; ============================================================
DB84:  120D            PUSH	R13
DB86:  120C            PUSH	R12
DB88:  120B            PUSH	R11
DB8A:  120A            PUSH	R10
DB8C:  1209            PUSH	R9
DB8E:  1208            PUSH	R8
DB90:  B0B2 0040 04F6  BIT	#0x0040, &0x04F6
DB96:  2C07            JC	0xDBA6
DB98:  F0B2 8C1F 0540  AND	#0x8C1F, &0x0540
DB9E:  F0B2 4C1F 0542  AND	#0x4C1F, &0x0542
DBA4:  3C06            JMP	0xDBB2

loc_DBA6:			; переходы из 0xDB96
DBA6:  F0B2 ADDF 0540  AND	#0xADDF, &0x0540
DBAC:  F0B2 6DDF 0542  AND	#0x6DDF, &0x0542

loc_DBB2:			; переходы из 0xDBA4
DBB2:  F0B2 1FFF 0548  AND	#0x1FFF, &0x0548
DBB8:  430C            CLR	R12

loc_DBBA:			; переходы из 0xDE7C
DBBA:  431D            MOV	#1, R13
DBBC:  430A            CLR	R10

loc_DBBE:			; переходы из 0xDE60, 0xDE72, 0xDE8E
DBBE:  B32C            BIT	#2, R12
DBC0:  2C0D            JC	0xDBDC
DBC2:  B31C            BIT	#1, R12
DBC4:  2C04            JC	0xDBCE
DBC6:  BD82 0540       BIT	R13, &0x0540
DBCA:  2547            JZ	0xDE5A
DBCC:  3C03            JMP	0xDBD4

loc_DBCE:			; переходы из 0xDBC4
DBCE:  BD82 0542       BIT	R13, &0x0542
DBD2:  2543            JZ	0xDE5A

loc_DBD4:			; переходы из 0xDBCC
DBD4:  4A92 E072 04A8  MOV	-8078(R10), &0x04A8
DBDA:  3C06            JMP	0xDBE8

loc_DBDC:			; переходы из 0xDBC0
DBDC:  BD82 0548       BIT	R13, &0x0548
DBE0:  254E            JZ	0xDE7E
DBE2:  4A92 E0B2 04A8  MOV	-8014(R10), &0x04A8

loc_DBE8:			; переходы из 0xDBDA
DBE8:  C3A2 04F2       BIC	#2, &0x04F2
DBEC:  C3A2 04FA       BIC	#2, &0x04FA
DBF0:  D0F2 0003 04AC  BIS.B	#0x0003, &0x04AC
DBF6:  43E2 04AB       MOV.B	#2, &0x04AB
DBFA:  40B2 04E0 04AE  MOV	#0x04E0, &0x04AE
DC00:  12B0 C3A2       CALL	#0xC3A2
DC04:  B3A2 04F2       BIT	#2, &0x04F2
DC08:  2143            JNZ	0xDE90
DC0A:  4292 04E0 054A  MOV	&0x04E0, &0x054A
DC10:  B31C            BIT	#1, R12
DC12:  2C6C            JC	0xDCEC

loc_DC14:			; переходы из 0xDD40, 0xDD48, 0xDD50
DC14:  403B 04E0       MOV	#0x04E0, R11
DC18:  B32C            BIT	#2, R12
DC1A:  2C1E            JC	0xDC58
DC1C:  4382 04E6       CLR	&0x04E6
DC20:  4382 04E8       CLR	&0x04E8
DC24:  4382 04EA       CLR	&0x04EA
DC28:  50B2 000D 054A  ADD	#0x000D, &0x054A
DC2E:  9A92 E092 054A  CMP	-8046(R10), &0x054A
DC34:  280D            JNC	0xDC50
DC36:  B03D 1800       BIT	#0x1800, R13
DC3A:  2407            JZ	0xDC4A
DC3C:  B3A2 083A       BIT	#2, &0x083A
DC40:  2404            JZ	0xDC4A
DC42:  80B2 0041 054A  SUB	#0x0041, &0x054A
DC48:  3C03            JMP	0xDC50

loc_DC4A:			; переходы из 0xDC3A, 0xDC40
DC4A:  80B2 0082 054A  SUB	#0x0082, &0x054A

loc_DC50:			; переходы из 0xDC34, 0xDC48
DC50:  4A92 E072 04A8  MOV	-8078(R10), &0x04A8
DC56:  3C0D            JMP	0xDC72

loc_DC58:			; переходы из 0xDC1A
DC58:  50B2 0007 054A  ADD	#0x0007, &0x054A
DC5E:  9A92 E0CC 054A  CMP	-7988(R10), &0x054A
DC64:  2803            JNC	0xDC6C
DC66:  80B2 0046 054A  SUB	#0x0046, &0x054A

loc_DC6C:			; переходы из 0xDC64
DC6C:  4A92 E0B2 04A8  MOV	-8014(R10), &0x04A8

loc_DC72:			; переходы из 0xDC56
DC72:  43E2 04AB       MOV.B	#2, &0x04AB
DC76:  40B2 054A 04AE  MOV	#0x054A, &0x04AE
DC7C:  12B0 C2E2       CALL	#0xC2E2
DC80:  B3A2 04F2       BIT	#2, &0x04F2
DC84:  2105            JNZ	0xDE90
DC86:  B32C            BIT	#2, R12
DC88:  2C91            JC	0xDDAC
DC8A:  903D 4000       CMP	#0x4000, R13
DC8E:  2462            JZ	0xDD54
DC90:  903D 0800       CMP	#0x0800, R13
DC94:  2404            JZ	0xDC9E
DC96:  903D 2000       CMP	#0x2000, R13
DC9A:  2404            JZ	0xDCA4
DC9C:  3C87            JMP	0xDDAC

loc_DC9E:			; переходы из 0xDC94
DC9E:  4039 0620       MOV	#0x0620, R9
DCA2:  3C02            JMP	0xDCA8

loc_DCA4:			; переходы из 0xDC9A
DCA4:  4039 0890       MOV	#0x0890, R9

loc_DCA8:			; переходы из 0xDCA2
DCA8:  4038 04E0       MOV	#0x04E0, R8

loc_DCAC:			; переходы из 0xDD32
DCAC:  403B F0F0       MOV	#0xF0F0, R11
DCB0:  C232            DINT
DCB2:  4303            CLR	CG
DCB4:  E92B            XOR	@R9, R11
DCB6:  E91B 0002       XOR	2(R9), R11
DCBA:  E91B 0004       XOR	4(R9), R11
DCBE:  D232            EINT
DCC0:  991B 0006       CMP	6(R9), R11
DCC4:  200C            JNZ	0xDCDE
DCC6:  C232            DINT
DCC8:  4303            CLR	CG
DCCA:  49A8 0000       MOV	@R9, 0(R8)
DCCE:  4998 0002 0002  MOV	2(R9), 2(R8)
DCD4:  4998 0004 0004  MOV	4(R9), 4(R8)
DCDA:  D232            EINT
DCDC:  3CA1            JMP	0xDE20

loc_DCDE:			; переходы из 0xDCC4
DCDE:  4388 0000       CLR	0(R8)
DCE2:  4388 0002       CLR	2(R8)
DCE6:  4388 0004       CLR	4(R8)
DCEA:  3C9A            JMP	0xDE20

loc_DCEC:			; переходы из 0xDC12
DCEC:  C3A2 04F2       BIC	#2, &0x04F2
DCF0:  C2A2 04FA       BIC	#4, &0x04FA
DCF4:  D0F2 0003 04AC  BIS.B	#0x0003, &0x04AC
DCFA:  4292 054A 04A8  MOV	&0x054A, &0x04A8
DD00:  40F2 000C 04AB  MOV.B	#0x000C, &0x04AB
DD06:  40B2 04E0 04AE  MOV	#0x04E0, &0x04AE
DD0C:  12B0 C3A2       CALL	#0xC3A2
DD10:  B3A2 04F2       BIT	#2, &0x04F2
DD14:  20C0            JNZ	0xDE96
DD16:  903D 0800       CMP	#0x0800, R13
DD1A:  2404            JZ	0xDD24
DD1C:  903D 2000       CMP	#0x2000, R13
DD20:  2404            JZ	0xDD2A
DD22:  3C08            JMP	0xDD34

loc_DD24:			; переходы из 0xDD1A
DD24:  4039 0628       MOV	#0x0628, R9
DD28:  3C02            JMP	0xDD2E

loc_DD2A:			; переходы из 0xDD20
DD2A:  4039 0898       MOV	#0x0898, R9

loc_DD2E:			; переходы из 0xDD28
DD2E:  4038 04E6       MOV	#0x04E6, R8
DD32:  3FBC            JMP	0xDCAC

loc_DD34:			; переходы из 0xDD22
DD34:  903D 4000       CMP	#0x4000, R13
DD38:  2037            JNZ	0xDDA8
DD3A:  92D2 0504 04E0  CMP.B	&0x0504, &0x04E0
DD40:  2369            JNZ	0xDC14
DD42:  92D2 0505 04E1  CMP.B	&0x0505, &0x04E1
DD48:  2365            JNZ	0xDC14
DD4A:  92D2 0506 04E2  CMP.B	&0x0506, &0x04E2
DD50:  2361            JNZ	0xDC14
DD52:  3C10            JMP	0xDD74

loc_DD54:			; переходы из 0xDC8E
DD54:  43C2 04E3       CLR.B	&0x04E3
DD58:  4382 04E4       CLR	&0x04E4
DD5C:  C232            DINT
DD5E:  4303            CLR	CG
DD60:  42DB 0504 0000  MOV.B	&0x0504, 0(R11)
DD66:  42DB 0505 0001  MOV.B	&0x0505, 1(R11)
DD6C:  42DB 0506 0002  MOV.B	&0x0506, 2(R11)
DD72:  D232            EINT

loc_DD74:			; переходы из 0xDD52
DD74:  52D2 07DE 04E3  ADD.B	&0x07DE, &0x04E3
DD7A:  43C2 07DE       CLR.B	&0x07DE
DD7E:  D292 07D0 04E4  BIS	&0x07D0, &0x04E4
DD84:  D292 07D2 04E6  BIS	&0x07D2, &0x04E6
DD8A:  D292 07D4 04E8  BIS	&0x07D4, &0x04E8
DD90:  D292 07D6 04EA  BIS	&0x07D6, &0x04EA
DD96:  4382 07D0       CLR	&0x07D0
DD9A:  4382 07D2       CLR	&0x07D2
DD9E:  4382 07D4       CLR	&0x07D4
DDA2:  4382 07D6       CLR	&0x07D6
DDA6:  3C3C            JMP	0xDE20

loc_DDA8:			; переходы из 0xDD38
DDA8:  403B 04E6       MOV	#0x04E6, R11

loc_DDAC:			; переходы из 0xDC88, 0xDC9C
DDAC:  C232            DINT
DDAE:  4303            CLR	CG
DDB0:  42DB 0500 0000  MOV.B	&0x0500, 0(R11)
DDB6:  42DB 0501 0001  MOV.B	&0x0501, 1(R11)
DDBC:  42DB 0502 0002  MOV.B	&0x0502, 2(R11)
DDC2:  42DB 0504 0003  MOV.B	&0x0504, 3(R11)
DDC8:  42DB 0505 0004  MOV.B	&0x0505, 4(R11)
DDCE:  42DB 0506 0005  MOV.B	&0x0506, 5(R11)
DDD4:  D232            EINT
DDD6:  B32C            BIT	#2, R12
DDD8:  2C23            JC	0xDE20
DDDA:  932D            CMP	#2, R13
DDDC:  2015            JNZ	0xDE08
DDDE:  B0B2 1000 066C  BIT	#0x1000, &0x066C
DDE4:  2407            JZ	0xDDF4
DDE6:  C0B2 1000 066C  BIC	#0x1000, &0x066C
DDEC:  40F2 0059 04E0  MOV.B	#0x0059, &0x04E0
DDF2:  3C16            JMP	0xDE20

loc_DDF4:			; переходы из 0xDDE4
DDF4:  B0B2 2000 066C  BIT	#0x2000, &0x066C
DDFA:  2412            JZ	0xDE20
DDFC:  C0B2 2000 066C  BIC	#0x2000, &0x066C
DE02:  43C2 04E0       CLR.B	&0x04E0
DE06:  3C0C            JMP	0xDE20

loc_DE08:			; переходы из 0xDDDC
DE08:  903D 8000       CMP	#0x8000, R13
DE0C:  2009            JNZ	0xDE20
DE0E:  4292 07D8 04E6  MOV	&0x07D8, &0x04E6
DE14:  4292 07DA 04E8  MOV	&0x07DA, &0x04E8
DE1A:  4292 07DC 04EA  MOV	&0x07DC, &0x04EA

loc_DE20:			; переходы из 0xDCDC, 0xDCEA, 0xDDA6, 0xDDD8, 0xDDF2, 0xDDFA, 0xDE06, 0xDE0C
DE20:  4292 054A 04A8  MOV	&0x054A, &0x04A8
DE26:  B32C            BIT	#2, R12
DE28:  2C04            JC	0xDE32
DE2A:  40F2 000C 04AB  MOV.B	#0x000C, &0x04AB
DE30:  3C03            JMP	0xDE38

loc_DE32:			; переходы из 0xDE28
DE32:  40F2 0006 04AB  MOV.B	#0x0006, &0x04AB

loc_DE38:			; переходы из 0xDE30
DE38:  40B2 04E0 04AE  MOV	#0x04E0, &0x04AE
DE3E:  12B0 C2E2       CALL	#0xC2E2
DE42:  B3A2 04F2       BIT	#2, &0x04F2
DE46:  2027            JNZ	0xDE96
DE48:  B32C            BIT	#2, R12
DE4A:  2C19            JC	0xDE7E
DE4C:  B31C            BIT	#1, R12
DE4E:  2C03            JC	0xDE56
DE50:  CD82 0540       BIC	R13, &0x0540
DE54:  3C02            JMP	0xDE5A

loc_DE56:			; переходы из 0xDE4E
DE56:  CD82 0542       BIC	R13, &0x0542

loc_DE5A:			; переходы из 0xDBCA, 0xDBD2, 0xDE54
DE5A:  B31C            BIT	#1, R12
DE5C:  2C02            JC	0xDE62
DE5E:  D31C            BIS	#1, R12
DE60:  3EAE            JMP	0xDBBE

loc_DE62:			; переходы из 0xDE5C
DE62:  532A            INCD	R10
DE64:  5D0D            RLA	R13
DE66:  903D 4000       CMP	#0x4000, R13
DE6A:  2401            JZ	0xDE6E
DE6C:  C31C            BIC	#1, R12

loc_DE6E:			; переходы из 0xDE6A
DE6E:  930D            TST	R13
DE70:  2401            JZ	0xDE74
DE72:  3EA5            JMP	0xDBBE

loc_DE74:			; переходы из 0xDE70
DE74:  B32C            BIT	#2, R12
DE76:  2C1D            JC	0xDEB2
DE78:  D32C            BIS	#2, R12
DE7A:  C31C            BIC	#1, R12
DE7C:  3E9E            JMP	0xDBBA

loc_DE7E:			; переходы из 0xDBE0, 0xDE4A
DE7E:  CD82 0548       BIC	R13, &0x0548
DE82:  532A            INCD	R10
DE84:  5D0D            RLA	R13
DE86:  C31C            BIC	#1, R12
DE88:  903D 2000       CMP	#0x2000, R13
DE8C:  2C12            JC	0xDEB2
DE8E:  3E97            JMP	0xDBBE

loc_DE90:			; переходы из 0xDC08, 0xDC84
DE90:  D3A2 04FA       BIS	#2, &0x04FA
DE94:  3C02            JMP	0xDE9A

loc_DE96:			; переходы из 0xDD14, 0xDE46
DE96:  D2A2 04FA       BIS	#4, &0x04FA

loc_DE9A:			; переходы из 0xDE94
DE9A:  B32C            BIT	#2, R12
DE9C:  2C08            JC	0xDEAE
DE9E:  B31C            BIT	#1, R12
DEA0:  2C03            JC	0xDEA8
DEA2:  CD82 0540       BIC	R13, &0x0540
DEA6:  3C05            JMP	0xDEB2

loc_DEA8:			; переходы из 0xDEA0
DEA8:  CD82 0542       BIC	R13, &0x0542
DEAC:  3C02            JMP	0xDEB2

loc_DEAE:			; переходы из 0xDE9C
DEAE:  CD82 0548       BIC	R13, &0x0548

loc_DEB2:			; переходы из 0xDE76, 0xDE8C, 0xDEA6, 0xDEAC
DEB2:  4138            POP	R8
DEB4:  4139            POP	R9
DEB6:  413A            POP	R10
DEB8:  413B            POP	R11
DEBA:  413C            POP	R12
DEBC:  413D            POP	R13
DEBE:  4130            RET

; ============================================================
; Функция sub_DEC0 @ 0xDEC0   (вызовов: 1)
;   вызывается из: 0x207A
; ============================================================
DEC0:  120F            PUSH	R15
DEC2:  120E            PUSH	R14
DEC4:  120D            PUSH	R13
DEC6:  120C            PUSH	R12
DEC8:  120B            PUSH	R11
DECA:  430F            CLR	R15
DECC:  403E 07FC       MOV	#0x07FC, R14
DED0:  403D 0020       MOV	#0x0020, R13
DED4:  422C            MOV	#4, R12
DED6:  431B            MOV	#1, R11

loc_DED8:			; переходы из 0xDF3E, 0xDF5E
DED8:  5EEE 0000       ADD.B	@R14, 0(R14)
DEDC:  BD8F 027C       BIT	R13, 636(R15)
DEE0:  2C03            JC	0xDEE8
DEE2:  C2FE 0000       BIC.B	#8, 0(R14)
DEE6:  3C02            JMP	0xDEEC

loc_DEE8:			; переходы из 0xDEE0
DEE8:  D2FE 0000       BIS.B	#8, 0(R14)

loc_DEEC:			; переходы из 0xDEE6
DEEC:  F0FE 00F8 0000  AND.B	#0x00F8, 0(R14)
DEF2:  93CE 0000       TST.B	0(R14)
DEF6:  2405            JZ	0xDF02
DEF8:  90FE 00F8 0000  CMP.B	#0x00F8, 0(R14)
DEFE:  240C            JZ	0xDF18
DF00:  3C14            JMP	0xDF2A

loc_DF02:			; переходы из 0xDEF6
DF02:  BB82 0544       BIT	R11, &0x0544
DF06:  2411            JZ	0xDF2A
DF08:  BC82 0542       BIT	R12, &0x0542
DF0C:  2C0E            JC	0xDF2A
DF0E:  DC82 0540       BIS	R12, &0x0540
DF12:  CB82 0544       BIC	R11, &0x0544
DF16:  3C07            JMP	0xDF26

loc_DF18:			; переходы из 0xDEFE
DF18:  BB82 0544       BIT	R11, &0x0544
DF1C:  2C06            JC	0xDF2A
DF1E:  DC82 0542       BIS	R12, &0x0542
DF22:  DB82 0544       BIS	R11, &0x0544

loc_DF26:			; переходы из 0xDF16
DF26:  12B0 CBD8       CALL	#0xCBD8

loc_DF2A:			; переходы из 0xDF00, 0xDF06, 0xDF0C, 0xDF1C
DF2A:  503F 0010       ADD	#0x0010, R15
DF2E:  531E            INC	R14
DF30:  5C0C            RLA	R12
DF32:  5B0B            RLA	R11
DF34:  903D 0020       CMP	#0x0020, R13
DF38:  2010            JNZ	0xDF5A
DF3A:  903E 07FF       CMP	#0x07FF, R14
DF3E:  23CC            JNZ	0xDED8
DF40:  B0B2 0040 04F6  BIT	#0x0040, &0x04F6
DF46:  240C            JZ	0xDF60
DF48:  430F            CLR	R15
DF4A:  403E 07F9       MOV	#0x07F9, R14
DF4E:  403D 0040       MOV	#0x0040, R13
DF52:  403C 0040       MOV	#0x0040, R12
DF56:  403B 0010       MOV	#0x0010, R11

loc_DF5A:			; переходы из 0xDF38
DF5A:  903E 07FC       CMP	#0x07FC, R14
DF5E:  23BC            JNZ	0xDED8

loc_DF60:			; переходы из 0xDF46
DF60:  413B            POP	R11
DF62:  413C            POP	R12
DF64:  413D            POP	R13
DF66:  413E            POP	R14
DF68:  413F            POP	R15
DF6A:  4130            RET

; ============================================================
; Функция sub_DF6C @ 0xDF6C   (вызовов: 1)
;   вызывается из: 0x2084
; ============================================================
DF6C:  120F            PUSH	R15
DF6E:  120E            PUSH	R14
DF70:  52D2 07FF 07FF  ADD.B	&0x07FF, &0x07FF
DF76:  B0B2 0400 04F8  BIT	#0x0400, &0x04F8
DF7C:  2C04            JC	0xDF86
DF7E:  C0F2 0010 07FF  BIC.B	#0x0010, &0x07FF
DF84:  3C03            JMP	0xDF8C

loc_DF86:			; переходы из 0xDF7C
DF86:  D0F2 0010 07FF  BIS.B	#0x0010, &0x07FF

loc_DF8C:			; переходы из 0xDF84
DF8C:  F0F2 00F0 07FF  AND.B	#0x00F0, &0x07FF
DF92:  93C2 07FF       TST.B	&0x07FF
DF96:  2405            JZ	0xDFA2
DF98:  90F2 00F0 07FF  CMP.B	#0x00F0, &0x07FF
DF9E:  2427            JZ	0xDFEE
DFA0:  3C3E            JMP	0xE01E

loc_DFA2:			; переходы из 0xDF96
DFA2:  B392 04F8       BIT	#1, &0x04F8
DFA6:  2418            JZ	0xDFD8
DFA8:  B2B2 04F8       BIT	#8, &0x04F8
DFAC:  2C15            JC	0xDFD8
DFAE:  B2A2 04F8       BIT	#4, &0x04F8
DFB2:  240D            JZ	0xDFCE
DFB4:  425F 04FC       MOV.B	&0x04FC, R15
DFB8:  F03F 0006       AND	#0x0006, R15
DFBC:  110F            RRA	R15
DFBE:  531F            INC	R15
DFC0:  423E            MOV	#8, R14

loc_DFC2:			; переходы из 0xDFC6
DFC2:  5E0E            RLA	R14
DFC4:  831F            DEC	R15
DFC6:  23FD            JNZ	0xDFC2
DFC8:  BE82 04F8       BIT	R14, &0x04F8
DFCC:  2C05            JC	0xDFD8

loc_DFCE:			; переходы из 0xDFB2
DFCE:  C3E2 001D       BIC.B	#2, &P4OUT
DFD2:  C0B2 0200 04F8  BIC	#0x0200, &0x04F8

loc_DFD8:			; переходы из 0xDFA6, 0xDFAC, 0xDFCC
DFD8:  B0B2 0100 0544  BIT	#0x0100, &0x0544
DFDE:  241F            JZ	0xE01E
DFE0:  D0B2 0400 0542  BIS	#0x0400, &0x0542
DFE6:  C0B2 0100 0544  BIC	#0x0100, &0x0544
DFEC:  3C16            JMP	0xE01A

loc_DFEE:			; переходы из 0xDF9E
DFEE:  B392 04F8       BIT	#1, &0x04F8
DFF2:  2405            JZ	0xDFFE
DFF4:  D3E2 001D       BIS.B	#2, &P4OUT
DFF8:  D0B2 0200 04F8  BIS	#0x0200, &0x04F8

loc_DFFE:			; переходы из 0xDFF2
DFFE:  B0B2 0100 0544  BIT	#0x0100, &0x0544
E004:  2C0C            JC	0xE01E
E006:  B0B2 0400 0542  BIT	#0x0400, &0x0542
E00C:  2C08            JC	0xE01E
E00E:  D0B2 0400 0540  BIS	#0x0400, &0x0540
E014:  D0B2 0100 0544  BIS	#0x0100, &0x0544

loc_E01A:			; переходы из 0xDFEC
E01A:  12B0 CBD8       CALL	#0xCBD8

loc_E01E:			; переходы из 0xDFA0, 0xDFDE, 0xE004, 0xE00C
E01E:  413E            POP	R14
E020:  413F            POP	R15
E022:  4130            RET

; ============================================================
; Функция sub_E024 @ 0xE024   (вызовов: 1)
;   вызывается из: 0x2088
; ============================================================
E024:  120F            PUSH	R15
E026:  421F 07D8       MOV	&0x07D8, R15
E02A:  E21F 04FA       XOR	&0x04FA, R15
E02E:  F03F FF7F       AND	#0xFF7F, R15
E032:  B21F 04FA       BIT	&0x04FA, R15
E036:  200F            JNZ	0xE056
E038:  421F 07DA       MOV	&0x07DA, R15
E03C:  E21F 04F0       XOR	&0x04F0, R15
E040:  B21F 04F0       BIT	&0x04F0, R15
E044:  2008            JNZ	0xE056
E046:  421F 07DC       MOV	&0x07DC, R15
E04A:  E21F 04F2       XOR	&0x04F2, R15
E04E:  B21F 04F2       BIT	&0x04F2, R15
E052:  2001            JNZ	0xE056
E054:  3C03            JMP	0xE05C

loc_E056:			; переходы из 0xE036, 0xE044, 0xE052
E056:  D0B2 8000 0540  BIS	#0x8000, &0x0540

loc_E05C:			; переходы из 0xE054
E05C:  4292 04FA 07D8  MOV	&0x04FA, &0x07D8
E062:  4292 04F0 07DA  MOV	&0x04F0, &0x07DA
E068:  4292 04F2 07DC  MOV	&0x04F2, &0x07DC
E06E:  413F            POP	R15
E070:  4130            RET
E072:  .word 00AF 00B2 00B5 00B8 00BB 00BB            |............|
E07E:  7919 791C       SUBC	31004(R9), R9
E082:  791F 00BB       SUBC	187(R9), R15
E086:  .word 00BE 00F6 1CFC                           |......|
E08C:  7AAE 00F9       SUBC	@R10, 249(R14)
E090:  .word 00FC 0C76 0CF8 0D7A 0DFC 0E7E 0E7E       |..v...z...~.~.|
E09E:  799E 7A20 7AA2  SUBC	31264(R9), 31394(R14)
E0A4:  .word 0E7E 0F00 0F82 0F41                      |~.....A.|
E0AC:  7B29            SUBC	@R11, R9
E0AE:  .word 0AA0 0B22 00C1 00C4 00C7 00CA 00CD 00D0  |..".............|
E0BE:  .word 00D3 00D6 00D9 00DC 00F3 0FFA 0FFD 1D83  |................|
E0CE:  .word 1DC9 1E0F 1E55 1E9B 1EE1 1F27 1F6D 1FB3  |....U.....'.m...|
E0DE:  .word 1FF9 0B6E 0BB4 0BFA                      |..n.....|

; ============================================================
; Функция sub_E0E6 @ 0xE0E6   (вызовов: 3)
;   вызывается из: 0xE266, 0xE29A, 0xE396
; ============================================================
E0E6:  D2F2 0032       BIS.B	#8, &P5DIR
E0EA:  C2F2 0031       BIC.B	#8, &P5OUT
E0EE:  4303            CLR	CG
E0F0:  D2E2 0031       BIS.B	#4, &P5OUT
E0F4:  12B0 E428       CALL	#0xE428
E0F8:  D2F2 0031       BIS.B	#8, &P5OUT
E0FC:  4130            RET

; ============================================================
; Функция sub_E0FE @ 0xE0FE   (вызовов: 3)
;   вызывается из: 0xE1F0, 0xE2CA, 0xE308
; ============================================================
E0FE:  D2F2 0032       BIS.B	#8, &P5DIR
E102:  D2F2 0031       BIS.B	#8, &P5OUT
E106:  4303            CLR	CG
E108:  D2E2 0031       BIS.B	#4, &P5OUT
E10C:  12B0 E428       CALL	#0xE428
E110:  C2F2 0031       BIC.B	#8, &P5OUT
E114:  12B0 E428       CALL	#0xE428
E118:  C2E2 0031       BIC.B	#4, &P5OUT
E11C:  4130            RET

; ============================================================
; Функция sub_E11E @ 0xE11E   (вызовов: 9)
;   вызывается из: 0xE208, 0xE214, 0xE220, 0xE246, 0xE28C, 0xE2E2, 0xE2F6, 0xE302, 0xE320
; ============================================================
E11E:  120F            PUSH	R15
E120:  D2F2 0032       BIS.B	#8, &P5DIR
E124:  423F            MOV	#8, R15

loc_E126:			; переходы из 0xE14A
E126:  52D2 051A 051A  ADD.B	&0x051A, &0x051A
E12C:  2C03            JC	0xE134
E12E:  C2F2 0031       BIC.B	#8, &P5OUT
E132:  3C02            JMP	0xE138

loc_E134:			; переходы из 0xE12C
E134:  D2F2 0031       BIS.B	#8, &P5OUT

loc_E138:			; переходы из 0xE132
E138:  D2E2 0031       BIS.B	#4, &P5OUT
E13C:  12B0 E428       CALL	#0xE428
E140:  C2E2 0031       BIC.B	#4, &P5OUT
E144:  12B0 E428       CALL	#0xE428
E148:  831F            DEC	R15
E14A:  23ED            JNZ	0xE126
E14C:  C2F2 0032       BIC.B	#8, &P5DIR
E150:  D2E2 0031       BIS.B	#4, &P5OUT
E154:  12B0 E428       CALL	#0xE428
E158:  B2F2 0030       BIT.B	#8, &P5IN
E15C:  2C03            JC	0xE164
E15E:  43C2 051A       CLR.B	&0x051A
E162:  3C02            JMP	0xE168

loc_E164:			; переходы из 0xE15C
E164:  43F2 051A       MOV.B	#-1, &0x051A

loc_E168:			; переходы из 0xE162
E168:  C2E2 0031       BIC.B	#4, &P5OUT
E16C:  12B0 E428       CALL	#0xE428
E170:  93C2 051A       TST.B	&0x051A
E174:  2402            JZ	0xE17A
E176:  D312            SETC
E178:  3C01            JMP	0xE17C

loc_E17A:			; переходы из 0xE174
E17A:  C312            CLRC

loc_E17C:			; переходы из 0xE178
E17C:  413F            POP	R15
E17E:  4130            RET

; ============================================================
; Функция sub_E180 @ 0xE180   (вызовов: 2)
;   вызывается из: 0xE33C, 0xE378
; ============================================================
E180:  120F            PUSH	R15
E182:  120E            PUSH	R14
E184:  425E 051A       MOV.B	&0x051A, R14
E188:  C2F2 0032       BIC.B	#8, &P5DIR
E18C:  423F            MOV	#8, R15

loc_E18E:			; переходы из 0xE1AA
E18E:  D2E2 0031       BIS.B	#4, &P5OUT
E192:  12B0 E428       CALL	#0xE428
E196:  B2F2 0030       BIT.B	#8, &P5IN
E19A:  62D2 051A 051A  ADDC.B	&0x051A, &0x051A
E1A0:  C2E2 0031       BIC.B	#4, &P5OUT
E1A4:  12B0 E428       CALL	#0xE428
E1A8:  831F            DEC	R15
E1AA:  23F1            JNZ	0xE18E
E1AC:  D2F2 0032       BIS.B	#8, &P5DIR
E1B0:  930E            TST	R14
E1B2:  2403            JZ	0xE1BA
E1B4:  D2F2 0031       BIS.B	#8, &P5OUT
E1B8:  3C02            JMP	0xE1BE

loc_E1BA:			; переходы из 0xE1B2
E1BA:  C2F2 0031       BIC.B	#8, &P5OUT

loc_E1BE:			; переходы из 0xE1B8
E1BE:  D2E2 0031       BIS.B	#4, &P5OUT
E1C2:  12B0 E428       CALL	#0xE428
E1C6:  C2E2 0031       BIC.B	#4, &P5OUT
E1CA:  C2F2 0032       BIC.B	#8, &P5DIR
E1CE:  12B0 E428       CALL	#0xE428
E1D2:  413E            POP	R14
E1D4:  413F            POP	R15
E1D6:  4130            RET

; ============================================================
; Функция sub_E1D8 @ 0xE1D8   (вызовов: 1)
;   вызывается из: 0xE3B8
; ============================================================
E1D8:  120F            PUSH	R15
E1DA:  120E            PUSH	R14
E1DC:  120D            PUSH	R13
E1DE:  120C            PUSH	R12
E1E0:  421F 0518       MOV	&0x0518, R15
E1E4:  421D 0516       MOV	&0x0516, R13
E1E8:  407E 00F0       MOV.B	#0x00F0, R14
E1EC:  C3E2 0031       BIC.B	#2, &P5OUT

loc_E1F0:			; переходы из 0xE27A
E1F0:  12B0 E0FE       CALL	#0xE0FE
E1F4:  40F2 00A0 051A  MOV.B	#0x00A0, &0x051A
E1FA:  B0F2 0010 0515  BIT.B	#0x0010, &0x0515
E200:  2C01            JC	0xE204
E202:  3C02            JMP	0xE208

loc_E204:			; переходы из 0xE200
E204:  D3E2 051A       BIS.B	#2, &0x051A

loc_E208:			; переходы из 0xE202
E208:  12B0 E11E       CALL	#0xE11E
E20C:  2C43            JC	0xE294
E20E:  108D            SWPB	R13
E210:  4DC2 051A       MOV.B	R13, &0x051A
E214:  12B0 E11E       CALL	#0xE11E
E218:  2C3D            JC	0xE294
E21A:  108D            SWPB	R13
E21C:  4DC2 051A       MOV.B	R13, &0x051A
E220:  12B0 E11E       CALL	#0xE11E
E224:  2C37            JC	0xE294

loc_E226:			; переходы из 0xE280
E226:  93C2 051B       TST.B	&0x051B
E22A:  2006            JNZ	0xE238
E22C:  B3D2 0515       BIT.B	#1, &0x0515
E230:  2434            JZ	0xE29A
E232:  4EC2 051A       MOV.B	R14, &0x051A
E236:  3C07            JMP	0xE246

loc_E238:			; переходы из 0xE22A
E238:  4FF2 051A       MOV.B	@R15+, &0x051A
E23C:  B3D2 0515       BIT.B	#1, &0x0515
E240:  2402            JZ	0xE246
E242:  E25E 051A       XOR.B	&0x051A, R14

loc_E246:			; переходы из 0xE236, 0xE240
E246:  12B0 E11E       CALL	#0xE11E
E24A:  2C24            JC	0xE294
E24C:  93C2 051B       TST.B	&0x051B
E250:  2424            JZ	0xE29A
E252:  531D            INC	R13
E254:  4D0C            MOV	R13, R12
E256:  F03C 00FF       AND	#0x00FF, R12
E25A:  903C 0080       CMP	#0x0080, R12
E25E:  2403            JZ	0xE266
E260:  930C            TST	R12
E262:  2401            JZ	0xE266
E264:  3C0B            JMP	0xE27C

loc_E266:			; переходы из 0xE25E, 0xE262
E266:  12B0 E0E6       CALL	#0xE0E6
E26A:  403C 0BB8       MOV	#0x0BB8, R12

loc_E26E:			; переходы из 0xE274
E26E:  12B0 E428       CALL	#0xE428
E272:  831C            DEC	R12
E274:  23FC            JNZ	0xE26E
E276:  83D2 051B       DEC.B	&0x051B
E27A:  3FBA            JMP	0xE1F0

loc_E27C:			; переходы из 0xE264
E27C:  83D2 051B       DEC.B	&0x051B
E280:  23D2            JNZ	0xE226
E282:  B3D2 0515       BIT.B	#1, &0x0515
E286:  2409            JZ	0xE29A
E288:  4EC2 051A       MOV.B	R14, &0x051A
E28C:  12B0 E11E       CALL	#0xE11E
E290:  2C01            JC	0xE294
E292:  3C03            JMP	0xE29A

loc_E294:			; переходы из 0xE20C, 0xE218, 0xE224, 0xE24A, 0xE290
E294:  D0B2 0040 04F2  BIS	#0x0040, &0x04F2

loc_E29A:			; переходы из 0xE230, 0xE250, 0xE286, 0xE292
E29A:  12B0 E0E6       CALL	#0xE0E6
E29E:  D3E2 0031       BIS.B	#2, &P5OUT
E2A2:  403C 0BB8       MOV	#0x0BB8, R12

loc_E2A6:			; переходы из 0xE2AC
E2A6:  12B0 E428       CALL	#0xE428
E2AA:  831C            DEC	R12
E2AC:  23FC            JNZ	0xE2A6
E2AE:  413C            POP	R12
E2B0:  413D            POP	R13
E2B2:  413E            POP	R14
E2B4:  413F            POP	R15
E2B6:  4130            RET

; ============================================================
; Функция sub_E2B8 @ 0xE2B8   (вызовов: 1)
;   вызывается из: 0xE3C0
; ============================================================
E2B8:  120F            PUSH	R15
E2BA:  120E            PUSH	R14
E2BC:  120D            PUSH	R13
E2BE:  421F 0518       MOV	&0x0518, R15
E2C2:  407E 00F0       MOV.B	#0x00F0, R14
E2C6:  407D 00F0       MOV.B	#0x00F0, R13
E2CA:  12B0 E0FE       CALL	#0xE0FE
E2CE:  40F2 00A0 051A  MOV.B	#0x00A0, &0x051A
E2D4:  B0F2 0010 0515  BIT.B	#0x0010, &0x0515
E2DA:  2C01            JC	0xE2DE
E2DC:  3C02            JMP	0xE2E2

loc_E2DE:			; переходы из 0xE2DA
E2DE:  D3E2 051A       BIS.B	#2, &0x051A

loc_E2E2:			; переходы из 0xE2DC
E2E2:  12B0 E11E       CALL	#0xE11E
E2E6:  2C54            JC	0xE390
E2E8:  1092 0516       SWPB	&0x0516
E2EC:  42D2 0516 051A  MOV.B	&0x0516, &0x051A
E2F2:  1092 0516       SWPB	&0x0516
E2F6:  12B0 E11E       CALL	#0xE11E
E2FA:  2C4A            JC	0xE390
E2FC:  42D2 0516 051A  MOV.B	&0x0516, &0x051A
E302:  12B0 E11E       CALL	#0xE11E
E306:  2C44            JC	0xE390
E308:  12B0 E0FE       CALL	#0xE0FE
E30C:  40F2 00A1 051A  MOV.B	#0x00A1, &0x051A
E312:  B0F2 0010 0515  BIT.B	#0x0010, &0x0515
E318:  2C01            JC	0xE31C
E31A:  3C02            JMP	0xE320

loc_E31C:			; переходы из 0xE318
E31C:  D3E2 051A       BIS.B	#2, &0x051A

loc_E320:			; переходы из 0xE31A
E320:  12B0 E11E       CALL	#0xE11E
E324:  2C35            JC	0xE390

loc_E326:			; переходы из 0xE36C
E326:  93D2 051B       CMP.B	#1, &0x051B
E32A:  2006            JNZ	0xE338
E32C:  B3D2 0515       BIT.B	#1, &0x0515
E330:  2C03            JC	0xE338
E332:  43F2 051A       MOV.B	#-1, &0x051A
E336:  3C02            JMP	0xE33C

loc_E338:			; переходы из 0xE32A, 0xE330
E338:  43C2 051A       CLR.B	&0x051A

loc_E33C:			; переходы из 0xE336
E33C:  12B0 E180       CALL	#0xE180
E340:  B3E2 0515       BIT.B	#2, &0x0515
E344:  2404            JZ	0xE34E
E346:  42DF 051A 0000  MOV.B	&0x051A, 0(R15)
E34C:  3C06            JMP	0xE35A

loc_E34E:			; переходы из 0xE344
E34E:  92DF 051A 0000  CMP.B	&0x051A, 0(R15)
E354:  2402            JZ	0xE35A
E356:  D2E2 0515       BIS.B	#4, &0x0515

loc_E35A:			; переходы из 0xE34C, 0xE354
E35A:  B3D2 0515       BIT.B	#1, &0x0515
E35E:  2403            JZ	0xE366
E360:  E25D 051A       XOR.B	&0x051A, R13
E364:  EF6E            XOR.B	@R15, R14

loc_E366:			; переходы из 0xE35E
E366:  531F            INC	R15
E368:  83D2 051B       DEC.B	&0x051B
E36C:  23DC            JNZ	0xE326
E36E:  B3D2 0515       BIT.B	#1, &0x0515
E372:  2411            JZ	0xE396
E374:  43F2 051A       MOV.B	#-1, &0x051A
E378:  12B0 E180       CALL	#0xE180
E37C:  925D 051A       CMP.B	&0x051A, R13
E380:  2402            JZ	0xE386
E382:  D2F2 0515       BIS.B	#8, &0x0515

loc_E386:			; переходы из 0xE380
E386:  9D4E            CMP.B	R13, R14
E388:  2406            JZ	0xE396
E38A:  D2E2 0515       BIS.B	#4, &0x0515
E38E:  3C03            JMP	0xE396

loc_E390:			; переходы из 0xE2E6, 0xE2FA, 0xE306, 0xE324
E390:  D0B2 0040 04F2  BIS	#0x0040, &0x04F2

loc_E396:			; переходы из 0xE372, 0xE388, 0xE38E
E396:  12B0 E0E6       CALL	#0xE0E6
E39A:  413D            POP	R13
E39C:  413E            POP	R14
E39E:  413F            POP	R15
E3A0:  4130            RET

; ============================================================
; Функция sub_E3A2 @ 0xE3A2   (вызовов: 1)
;   вызывается из: 0xD91E
; ============================================================
E3A2:  120D            PUSH	R13
E3A4:  120C            PUSH	R12
E3A6:  425C 051B       MOV.B	&0x051B, R12
E3AA:  403D 0007       MOV	#0x0007, R13

loc_E3AE:			; переходы из 0xE3D2
E3AE:  4CC2 051B       MOV.B	R12, &0x051B
E3B2:  C0F2 000C 0515  BIC.B	#0x000C, &0x0515
E3B8:  12B0 E1D8       CALL	#0xE1D8
E3BC:  4CC2 051B       MOV.B	R12, &0x051B
E3C0:  12B0 E2B8       CALL	#0xE2B8
E3C4:  B2E2 0515       BIT.B	#4, &0x0515
E3C8:  2003            JNZ	0xE3D0
E3CA:  B2F2 0515       BIT.B	#8, &0x0515
E3CE:  2402            JZ	0xE3D4

loc_E3D0:			; переходы из 0xE3C8
E3D0:  831D            DEC	R13
E3D2:  23ED            JNZ	0xE3AE

loc_E3D4:			; переходы из 0xE3CE
E3D4:  B2E2 0515       BIT.B	#4, &0x0515
E3D8:  2003            JNZ	0xE3E0
E3DA:  B2F2 0515       BIT.B	#8, &0x0515
E3DE:  2403            JZ	0xE3E6

loc_E3E0:			; переходы из 0xE3D8
E3E0:  D0B2 0040 04F2  BIS	#0x0040, &0x04F2

loc_E3E6:			; переходы из 0xE3DE
E3E6:  413C            POP	R12
E3E8:  413D            POP	R13
E3EA:  4130            RET
E3EC:  120D            PUSH	R13
E3EE:  120C            PUSH	R12
E3F0:  425C 051B       MOV.B	&0x051B, R12
E3F4:  403D 0007       MOV	#0x0007, R13
E3F8:  4CC2 051B       MOV.B	R12, &0x051B
E3FC:  C0F2 000C 0515  BIC.B	#0x000C, &0x0515
E402:  12B0 E2B8       CALL	#0xE2B8
E406:  B2E2 0515       BIT.B	#4, &0x0515
E40A:  2003            JNZ	0xE412
E40C:  B2F2 0515       BIT.B	#8, &0x0515
E410:  2408            JZ	0xE422
E412:  831D            DEC	R13
E414:  23F1            JNZ	0xE3F8
E416:  B2F2 0515       BIT.B	#8, &0x0515
E41A:  2403            JZ	0xE422
E41C:  D0B2 0040 04F2  BIS	#0x0040, &0x04F2
E422:  413C            POP	R12
E424:  413D            POP	R13
E426:  4130            RET

; ============================================================
; Функция sub_E428 @ 0xE428   (вызовов: 13)
;   вызывается из: 0xE0F4, 0xE10C, 0xE114, 0xE13C, 0xE144, 0xE154, 0xE16C, 0xE192, 0xE1A4, 0xE1C2, 0xE1CE, 0xE26E
; ============================================================
E428:  120F            PUSH	R15
E42A:  431F            MOV	#1, R15

loc_E42C:			; переходы из 0xE42E
E42C:  831F            DEC	R15
E42E:  23FE            JNZ	0xE42C
E430:  413F            POP	R15
E432:  4130            RET

; ============================================================
; Функция sub_E434 @ 0xE434   (вызовов: 1)
;   вызывается из: 0x7384
; ============================================================
E434:  B3D2 032C       BIT.B	#1, &0x032C
E438:  2460            JZ	0xE4FA
E43A:  B3E2 032C       BIT.B	#2, &0x032C
E43E:  2457            JZ	0xE4EE
E440:  B0B2 0400 04F4  BIT	#0x0400, &0x04F4
E446:  2453            JZ	0xE4EE
E448:  B3D2 039F       BIT.B	#1, &0x039F
E44C:  2448            JZ	0xE4DE
E44E:  92F2 03CC       CMP.B	#8, &0x03CC
E452:  2045            JNZ	0xE4DE
E454:  B3E2 050C       BIT.B	#2, &0x050C
E458:  2C64            JC	0xE522
E45A:  D0B2 0020 087A  BIS	#0x0020, &0x087A
E460:  D3A2 0540       BIS	#2, &0x0540
E464:  12B0 DB84       CALL	#0xDB84
E468:  90F2 0031 0500  CMP.B	#0x0031, &0x0500
E46E:  281E            JNC	0xE4AC
E470:  C232            DINT
E472:  4303            CLR	CG
E474:  90F2 0031 0500  CMP.B	#0x0031, &0x0500
E47A:  2C02            JC	0xE480
E47C:  D232            EINT
E47E:  3C2C            JMP	0xE4D8

loc_E480:			; переходы из 0xE47A
E480:  40F2 0059 0500  MOV.B	#0x0059, &0x0500
E486:  40B2 F0F0 0508  MOV	#0xF0F0, &0x0508
E48C:  E292 0500 0508  XOR	&0x0500, &0x0508
E492:  E292 0502 0508  XOR	&0x0502, &0x0508
E498:  E292 0504 0508  XOR	&0x0504, &0x0508
E49E:  E292 0506 0508  XOR	&0x0506, &0x0508
E4A4:  D3E2 050C       BIS.B	#2, &0x050C
E4A8:  D232            EINT
E4AA:  3C16            JMP	0xE4D8

loc_E4AC:			; переходы из 0xE46E
E4AC:  C232            DINT
E4AE:  4303            CLR	CG
E4B0:  43C2 0500       CLR.B	&0x0500
E4B4:  40B2 F0F0 0508  MOV	#0xF0F0, &0x0508
E4BA:  E292 0500 0508  XOR	&0x0500, &0x0508
E4C0:  E292 0502 0508  XOR	&0x0502, &0x0508
E4C6:  E292 0504 0508  XOR	&0x0504, &0x0508
E4CC:  E292 0506 0508  XOR	&0x0506, &0x0508
E4D2:  D3E2 050C       BIS.B	#2, &0x050C
E4D6:  D232            EINT

loc_E4D8:			; переходы из 0xE47E, 0xE4AA
E4D8:  D3A2 0542       BIS	#2, &0x0542
E4DC:  3C22            JMP	0xE522

loc_E4DE:			; переходы из 0xE44C, 0xE452
E4DE:  C0F2 0041 039F  BIC.B	#0x0041, &0x039F
E4E4:  C3D2 07F8       BIC.B	#1, &0x07F8
E4E8:  12B0 7EE0       CALL	#0x7EE0
E4EC:  3C1A            JMP	0xE522

loc_E4EE:			; переходы из 0xE43E, 0xE446
E4EE:  C0F2 0041 039F  BIC.B	#0x0041, &0x039F
E4F4:  D2E2 039F       BIS.B	#4, &0x039F
E4F8:  3C14            JMP	0xE522

loc_E4FA:			; переходы из 0xE438
E4FA:  B2E2 032C       BIT.B	#4, &0x032C
E4FE:  2411            JZ	0xE522
E500:  D3D2 039F       BIS.B	#1, &0x039F
E504:  C0F2 0040 039F  BIC.B	#0x0040, &0x039F
E50A:  B2F2 032C       BIT.B	#8, &0x032C
E50E:  2407            JZ	0xE51E
E510:  425D 083D       MOV.B	&0x083D, R13
E514:  12B0 7EE0       CALL	#0x7EE0
E518:  4DC2 083D       MOV.B	R13, &0x083D
E51C:  3C02            JMP	0xE522

loc_E51E:			; переходы из 0xE50E
E51E:  D2E2 039F       BIS.B	#4, &0x039F

loc_E522:			; переходы из 0xE458, 0xE4DC, 0xE4EC, 0xE4F8, 0xE4FE, 0xE51C
E522:  4130            RET

; ============================================================
; Функция sub_E524 @ 0xE524   (вызовов: 1)
;   вызывается из: 0x2234
; ============================================================
E524:  120F            PUSH	R15
E526:  120E            PUSH	R14
E528:  120D            PUSH	R13
E52A:  120C            PUSH	R12
E52C:  90F2 00D0 0641  CMP.B	#0x00D0, &0x0641
E532:  245D            JZ	0xE5EE
E534:  90F2 00D1 0641  CMP.B	#0x00D1, &0x0641
E53A:  24E6            JZ	0xE708
E53C:  90F2 00D2 0641  CMP.B	#0x00D2, &0x0641
E542:  244B            JZ	0xE5DA
E544:  90F2 00D3 0641  CMP.B	#0x00D3, &0x0641
E54A:  2447            JZ	0xE5DA
E54C:  90F2 00D9 0641  CMP.B	#0x00D9, &0x0641
E552:  242F            JZ	0xE5B2
E554:  90F2 00E1 0641  CMP.B	#0x00E1, &0x0641
E55A:  242F            JZ	0xE5BA
E55C:  90F2 00E4 0641  CMP.B	#0x00E4, &0x0641
E562:  2433            JZ	0xE5CA
E564:  421F 0642       MOV	&0x0642, R15
E568:  F03F F000       AND	#0xF000, R15
E56C:  421E 0650       MOV	&0x0650, R14
E570:  F03E F000       AND	#0xF000, R14
E574:  9E0F            CMP	R14, R15
E576:  2402            JZ	0xE57C
E578:  4030 EC50       BR	#0xEC50

loc_E57C:			; переходы из 0xE576
E57C:  421F 0642       MOV	&0x0642, R15
E580:  F03F 0FFF       AND	#0x0FFF, R15
E584:  903F 0FFF       CMP	#0x0FFF, R15
E588:  2406            JZ	0xE596
E58A:  9292 0650 0642  CMP	&0x0650, &0x0642
E590:  2402            JZ	0xE596
E592:  4030 EC50       BR	#0xEC50

loc_E596:			; переходы из 0xE588, 0xE590
E596:  90F2 00D8 0641  CMP.B	#0x00D8, &0x0641
E59C:  240C            JZ	0xE5B6
E59E:  90F2 00DC 0641  CMP.B	#0x00DC, &0x0641
E5A4:  2534            JZ	0xE80E
E5A6:  90F2 00DB 0641  CMP.B	#0x00DB, &0x0641
E5AC:  253A            JZ	0xE822
E5AE:  4030 EC50       BR	#0xEC50

loc_E5B2:			; переходы из 0xE552
E5B2:  4030 EA22       BR	#0xEA22

loc_E5B6:			; переходы из 0xE59C
E5B6:  4030 E9EE       BR	#0xE9EE

loc_E5BA:			; переходы из 0xE55A
E5BA:  4292 0642 0650  MOV	&0x0642, &0x0650
E5C0:  42D2 0644 0652  MOV.B	&0x0644, &0x0652
E5C6:  4030 EC50       BR	#0xEC50

loc_E5CA:			; переходы из 0xE562
E5CA:  4292 0642 08B0  MOV	&0x0642, &0x08B0
E5D0:  4292 0644 08B2  MOV	&0x0644, &0x08B2
E5D6:  4030 EC50       BR	#0xEC50

loc_E5DA:			; переходы из 0xE542, 0xE54A
E5DA:  B0B2 4000 066C  BIT	#0x4000, &0x066C
E5E0:  2D14            JC	0xE80A
E5E2:  12B0 F13A       CALL	#0xF13A
E5E6:  90F2 00D3 0641  CMP.B	#0x00D3, &0x0641
E5EC:  2491            JZ	0xE710

loc_E5EE:			; переходы из 0xE532
E5EE:  90F2 0018 0642  CMP.B	#0x0018, &0x0642
E5F4:  2D0A            JC	0xE80A
E5F6:  90F2 0007 0643  CMP.B	#0x0007, &0x0643
E5FC:  2D06            JC	0xE80A
E5FE:  90F2 003C 0644  CMP.B	#0x003C, &0x0644
E604:  2D02            JC	0xE80A
E606:  90F2 003C 0645  CMP.B	#0x003C, &0x0645
E60C:  2CFE            JC	0xE80A
E60E:  403F 0642       MOV	#0x0642, R15

loc_E612:			; переходы из 0xE62E
E612:  4382 0300       CLR	&0x0300
E616:  4F6E            MOV.B	@R15, R14
E618:  4E82 0302       MOV	R14, &0x0302
E61C:  12B0 4C1A       CALL	#0x4C1A
E620:  421E 030A       MOV	&0x030A, R14
E624:  4ECF 0000       MOV.B	R14, 0(R15)
E628:  531F            INC	R15
E62A:  903F 0646       CMP	#0x0646, R15
E62E:  23F1            JNZ	0xE612
E630:  53D2 0643       INC.B	&0x0643
E634:  90F2 0057 0500  CMP.B	#0x0057, &0x0500
E63A:  2CE7            JC	0xE80A
E63C:  90F2 0003 0500  CMP.B	#0x0003, &0x0500
E642:  28E3            JNC	0xE80A
E644:  B0B2 0400 04F4  BIT	#0x0400, &0x04F4
E64A:  244F            JZ	0xE6EA
E64C:  90F2 00D2 0641  CMP.B	#0x00D2, &0x0641
E652:  2444            JZ	0xE6DC
E654:  93C2 0502       TST.B	&0x0502
E658:  24D8            JZ	0xE80A
E65A:  90F2 0023 0502  CMP.B	#0x0023, &0x0502
E660:  24D4            JZ	0xE80A
E662:  93C2 0501       TST.B	&0x0501
E666:  24D1            JZ	0xE80A
E668:  90F2 0059 0501  CMP.B	#0x0059, &0x0501
E66E:  24CD            JZ	0xE80A
E670:  92D2 0502 0642  CMP.B	&0x0502, &0x0642
E676:  2402            JZ	0xE67C
E678:  2C18            JC	0xE6AA
E67A:  282C            JNC	0xE6D4

loc_E67C:			; переходы из 0xE676
E67C:  92D2 0501 0645  CMP.B	&0x0501, &0x0645
E682:  242C            JZ	0xE6DC
E684:  2816            JNC	0xE6B2
E686:  425F 0501       MOV.B	&0x0501, R15
E68A:  C312            CLRC
E68C:  A31F            DADD	#1, R15
E68E:  925F 0645       CMP.B	&0x0645, R15
E692:  280B            JNC	0xE6AA
E694:  92D2 0500 0644  CMP.B	&0x0500, &0x0644
E69A:  2C07            JC	0xE6AA
E69C:  40F2 0059 0644  MOV.B	#0x0059, &0x0644
E6A2:  42D2 0501 0645  MOV.B	&0x0501, &0x0645
E6A8:  3C19            JMP	0xE6DC

loc_E6AA:			; переходы из 0xE678, 0xE692, 0xE69A
E6AA:  D0B2 0020 066C  BIS	#0x0020, &0x066C
E6B0:  3CAC            JMP	0xE80A

loc_E6B2:			; переходы из 0xE684
E6B2:  425F 0645       MOV.B	&0x0645, R15
E6B6:  C312            CLRC
E6B8:  A31F            DADD	#1, R15
E6BA:  925F 0501       CMP.B	&0x0501, R15
E6BE:  280A            JNC	0xE6D4
E6C0:  92D2 0644 0500  CMP.B	&0x0644, &0x0500
E6C6:  2C06            JC	0xE6D4
E6C8:  43C2 0644       CLR.B	&0x0644
E6CC:  42D2 0501 0645  MOV.B	&0x0501, &0x0645
E6D2:  3C04            JMP	0xE6DC

loc_E6D4:			; переходы из 0xE67A, 0xE6BE, 0xE6C6
E6D4:  D0B2 0010 066C  BIS	#0x0010, &0x066C
E6DA:  3C97            JMP	0xE80A

loc_E6DC:			; переходы из 0xE652, 0xE682, 0xE6A8, 0xE6D2
E6DC:  D0B2 0020 087A  BIS	#0x0020, &0x087A
E6E2:  D3A2 0540       BIS	#2, &0x0540
E6E6:  12B0 DB84       CALL	#0xDB84

loc_E6EA:			; переходы из 0xE64A
E6EA:  C232            DINT
E6EC:  4303            CLR	CG
E6EE:  42D2 0644 0500  MOV.B	&0x0644, &0x0500
E6F4:  42D2 0645 0501  MOV.B	&0x0645, &0x0501
E6FA:  42D2 0642 0502  MOV.B	&0x0642, &0x0502
E700:  42D2 0643 0503  MOV.B	&0x0643, &0x0503
E706:  3C47            JMP	0xE796

loc_E708:			; переходы из 0xE53A
E708:  B0B2 0400 04F4  BIT	#0x0400, &0x04F4
E70E:  2C7D            JC	0xE80A

loc_E710:			; переходы из 0xE5EC
E710:  90F2 0064 0642  CMP.B	#0x0064, &0x0642
E716:  2C79            JC	0xE80A
E718:  90F2 001F 0644  CMP.B	#0x001F, &0x0644
E71E:  2C75            JC	0xE80A
E720:  90F2 000C 0645  CMP.B	#0x000C, &0x0645
E726:  2C71            JC	0xE80A
E728:  B0B2 0400 04F4  BIT	#0x0400, &0x04F4
E72E:  2407            JZ	0xE73E
E730:  D0B2 0020 087A  BIS	#0x0020, &0x087A
E736:  D3A2 0540       BIS	#2, &0x0540
E73A:  12B0 DB84       CALL	#0xDB84

loc_E73E:			; переходы из 0xE72E
E73E:  403F 0644       MOV	#0x0644, R15

loc_E742:			; переходы из 0xE764
E742:  4382 0300       CLR	&0x0300
E746:  4F6E            MOV.B	@R15, R14
E748:  4E82 0302       MOV	R14, &0x0302
E74C:  12B0 4C1A       CALL	#0x4C1A
E750:  421E 030A       MOV	&0x030A, R14
E754:  4ECF 0000       MOV.B	R14, 0(R15)
E758:  D312            SETC
E75A:  A3CF 0000       DADC.B	0(R15)
E75E:  531F            INC	R15
E760:  903F 0646       CMP	#0x0646, R15
E764:  23EE            JNZ	0xE742
E766:  403F 0642       MOV	#0x0642, R15
E76A:  4382 0300       CLR	&0x0300
E76E:  4F6E            MOV.B	@R15, R14
E770:  4E82 0302       MOV	R14, &0x0302
E774:  12B0 4C1A       CALL	#0x4C1A
E778:  421E 030A       MOV	&0x030A, R14
E77C:  4ECF 0000       MOV.B	R14, 0(R15)
E780:  C232            DINT
E782:  4303            CLR	CG
E784:  42D2 0644 0504  MOV.B	&0x0644, &0x0504
E78A:  42D2 0645 0505  MOV.B	&0x0645, &0x0505
E790:  42D2 0642 0506  MOV.B	&0x0642, &0x0506

loc_E796:			; переходы из 0xE706
E796:  40B2 F0F0 0508  MOV	#0xF0F0, &0x0508
E79C:  E292 0500 0508  XOR	&0x0500, &0x0508
E7A2:  E292 0502 0508  XOR	&0x0502, &0x0508
E7A8:  E292 0504 0508  XOR	&0x0504, &0x0508
E7AE:  E292 0506 0508  XOR	&0x0506, &0x0508
E7B4:  D232            EINT
E7B6:  90F2 00D2 0641  CMP.B	#0x00D2, &0x0641
E7BC:  281A            JNC	0xE7F2
E7BE:  B0B2 0400 04F4  BIT	#0x0400, &0x04F4
E7C4:  2414            JZ	0xE7EE
E7C6:  42D2 0504 04E0  MOV.B	&0x0504, &0x04E0
E7CC:  42D2 0505 04E1  MOV.B	&0x0505, &0x04E1
E7D2:  42D2 0506 04E2  MOV.B	&0x0506, &0x04E2
E7D8:  40B2 1D3F 04A8  MOV	#0x1D3F, &0x04A8
E7DE:  40B2 04E0 04AE  MOV	#0x04E0, &0x04AE
E7E4:  40F2 0003 04AB  MOV.B	#0x0003, &0x04AB
E7EA:  12B0 C2E2       CALL	#0xC2E2

loc_E7EE:			; переходы из 0xE7C4
E7EE:  D3E2 064C       BIS.B	#2, &0x064C

loc_E7F2:			; переходы из 0xE7BC
E7F2:  B0B2 0400 04F4  BIT	#0x0400, &0x04F4
E7F8:  2408            JZ	0xE80A
E7FA:  42D2 0468 050D  MOV.B	&0x0468, &0x050D
E800:  4292 046A 050E  MOV	&0x046A, &0x050E
E806:  D3A2 0542       BIS	#2, &0x0542

loc_E80A:			; переходы из 0xE5E0, 0xE5F4, 0xE5FC, 0xE604, 0xE60C, 0xE63A, 0xE642, 0xE658
E80A:  4030 EC50       BR	#0xEC50

loc_E80E:			; переходы из 0xE5A4
E80E:  93C2 0644       TST.B	&0x0644
E812:  240E            JZ	0xE830
E814:  93D2 0644       CMP.B	#1, &0x0644
E818:  24A6            JZ	0xE966
E81A:  93E2 0644       CMP.B	#2, &0x0644
E81E:  24C6            JZ	0xE9AC
E820:  3FF4            JMP	0xE80A

loc_E822:			; переходы из 0xE5AC, 0xE9B8
E822:  43C2 0646       CLR.B	&0x0646

loc_E826:			; переходы из 0xE964
E826:  43C2 0879       CLR.B	&0x0879
E82A:  12B0 F164       CALL	#0xF164
E82E:  3FED            JMP	0xE80A

loc_E830:			; переходы из 0xE812
E830:  425F 03BE       MOV.B	&0x03BE, R15
E834:  4382 0302       CLR	&0x0302
E838:  4382 0300       CLR	&0x0300
E83C:  93C2 0645       TST.B	&0x0645
E840:  240D            JZ	0xE85C
E842:  90F2 0010 0645  CMP.B	#0x0010, &0x0645
E848:  241A            JZ	0xE87E
E84A:  90F2 0020 0645  CMP.B	#0x0020, &0x0645
E850:  241C            JZ	0xE88A
E852:  90F2 0030 0645  CMP.B	#0x0030, &0x0645
E858:  241E            JZ	0xE896
E85A:  3FD7            JMP	0xE80A

loc_E85C:			; переходы из 0xE840, 0xE8A6, 0xE8AE
E85C:  40F2 001E 0653  MOV.B	#0x001E, &0x0653
E862:  42E2 03BE       MOV.B	#4, &0x03BE

loc_E866:			; переходы из 0xE87A
E866:  12B0 C1A0       CALL	#0xC1A0
E86A:  5292 04E2 0302  ADD	&0x04E2, &0x0302
E870:  6292 04E0 0300  ADDC	&0x04E0, &0x0300
E876:  83D2 03BE       DEC.B	&0x03BE
E87A:  23F5            JNZ	0xE866
E87C:  3C62            JMP	0xE942

loc_E87E:			; переходы из 0xE848
E87E:  40F2 0018 0653  MOV.B	#0x0018, &0x0653
E884:  403C 04E0       MOV	#0x04E0, R12
E888:  3C0B            JMP	0xE8A0

loc_E88A:			; переходы из 0xE850
E88A:  40F2 0019 0653  MOV.B	#0x0019, &0x0653
E890:  403C 04E4       MOV	#0x04E4, R12
E894:  3C05            JMP	0xE8A0

loc_E896:			; переходы из 0xE858
E896:  40F2 001A 0653  MOV.B	#0x001A, &0x0653
E89C:  403C 04E8       MOV	#0x04E8, R12

loc_E8A0:			; переходы из 0xE888, 0xE894
E8A0:  B0B2 0400 04F4  BIT	#0x0400, &0x04F4
E8A6:  27DA            JZ	0xE85C
E8A8:  B0B2 0080 04F6  BIT	#0x0080, &0x04F6
E8AE:  27D6            JZ	0xE85C
E8B0:  42E2 03BE       MOV.B	#4, &0x03BE

loc_E8B4:			; переходы из 0xE940
E8B4:  425E 04FC       MOV.B	&0x04FC, R14
E8B8:  F03E 0006       AND	#0x0006, R14
E8BC:  110E            RRA	R14
E8BE:  531E            INC	R14
E8C0:  9EC2 03BE       CMP.B	R14, &0x03BE
E8C4:  201B            JNZ	0xE8FC
E8C6:  403E 0660       MOV	#0x0660, R14
E8CA:  B0F2 0080 04FC  BIT.B	#0x0080, &0x04FC
E8D0:  2405            JZ	0xE8DC
E8D2:  B392 04F4       BIT	#1, &0x04F4
E8D6:  2C02            JC	0xE8DC
E8D8:  403E 0670       MOV	#0x0670, R14

loc_E8DC:			; переходы из 0xE8D0, 0xE8D6
E8DC:  C232            DINT
E8DE:  4303            CLR	CG
E8E0:  4EB2 04E0       MOV	@R14+, &0x04E0
E8E4:  4EB2 04E2       MOV	@R14+, &0x04E2
E8E8:  4EB2 04E4       MOV	@R14+, &0x04E4
E8EC:  4EB2 04E6       MOV	@R14+, &0x04E6
E8F0:  4EB2 04E8       MOV	@R14+, &0x04E8
E8F4:  4EB2 04EA       MOV	@R14+, &0x04EA
E8F8:  D232            EINT
E8FA:  3C1B            JMP	0xE932

loc_E8FC:			; переходы из 0xE8C4
E8FC:  40B2 092A 04A8  MOV	#0x092A, &0x04A8
E902:  425E 03BE       MOV.B	&0x03BE, R14

loc_E906:			; переходы из 0xE910
E906:  831E            DEC	R14
E908:  2404            JZ	0xE912
E90A:  50B2 000D 04A8  ADD	#0x000D, &0x04A8
E910:  3FFA            JMP	0xE906

loc_E912:			; переходы из 0xE908
E912:  C3A2 04F2       BIC	#2, &0x04F2
E916:  D0F2 0003 04AC  BIS.B	#0x0003, &0x04AC
E91C:  40F2 000C 04AB  MOV.B	#0x000C, &0x04AB
E922:  40B2 04E0 04AE  MOV	#0x04E0, &0x04AE
E928:  12B0 C3A2       CALL	#0xC3A2
E92C:  B3A2 04F2       BIT	#2, &0x04F2
E930:  218F            JNZ	0xEC50

loc_E932:			; переходы из 0xE8FA
E932:  5C92 0002 0302  ADD	2(R12), &0x0302
E938:  6CA2 0300       ADDC	@R12, &0x0300
E93C:  83D2 03BE       DEC.B	&0x03BE
E940:  23B9            JNZ	0xE8B4

loc_E942:			; переходы из 0xE87C
E942:  40B2 0010 0306  MOV	#0x0010, &0x0306
E948:  12B0 BC42       CALL	#0xBC42
E94C:  12B0 F17A       CALL	#0xF17A
E950:  42D2 030E 06BD  MOV.B	&0x030E, &0x06BD
E956:  4292 030A 06BE  MOV	&0x030A, &0x06BE
E95C:  4FC2 03BE       MOV.B	R15, &0x03BE
E960:  43F2 0646       MOV.B	#-1, &0x0646
E964:  3F60            JMP	0xE826

loc_E966:			; переходы из 0xE818
E966:  B0B2 4000 066C  BIT	#0x4000, &0x066C
E96C:  2F4E            JC	0xE80A
E96E:  12B0 F13A       CALL	#0xF13A
E972:  B392 04F8       BIT	#1, &0x04F8
E976:  2749            JZ	0xE80A
E978:  C0B2 0006 04F8  BIC	#0x0006, &0x04F8
E97E:  93D2 0645       CMP.B	#1, &0x0645
E982:  2807            JNC	0xE992
E984:  2342            JNZ	0xE80A
E986:  C0B2 0208 04F8  BIC	#0x0208, &0x04F8
E98C:  C3E2 001D       BIC.B	#2, &P4OUT
E990:  3C05            JMP	0xE99C

loc_E992:			; переходы из 0xE982
E992:  D0B2 0208 04F8  BIS	#0x0208, &0x04F8
E998:  D3E2 001D       BIS.B	#2, &P4OUT

loc_E99C:			; переходы из 0xE990
E99C:  12B0 C776       CALL	#0xC776
E9A0:  B392 04F0       BIT	#1, &0x04F0
E9A4:  2332            JNZ	0xE80A
E9A6:  43E2 064C       MOV.B	#2, &0x064C
E9AA:  3F2F            JMP	0xE80A

loc_E9AC:			; переходы из 0xE81E
E9AC:  90F2 00FE 0645  CMP.B	#0x00FE, &0x0645
E9B2:  2417            JZ	0xE9E2
E9B4:  93F2 0645       CMP.B	#-1, &0x0645
E9B8:  2734            JZ	0xE822
E9BA:  90F2 004F 0645  CMP.B	#0x004F, &0x0645
E9C0:  2410            JZ	0xE9E2
E9C2:  90F2 0049 0645  CMP.B	#0x0049, &0x0645
E9C8:  240C            JZ	0xE9E2
E9CA:  90F2 0048 0645  CMP.B	#0x0048, &0x0645
E9D0:  2408            JZ	0xE9E2
E9D2:  90F2 0040 0645  CMP.B	#0x0040, &0x0645
E9D8:  2B18            JNC	0xE80A
E9DA:  90F2 0047 0645  CMP.B	#0x0047, &0x0645
E9E0:  2F14            JC	0xE80A

loc_E9E2:			; переходы из 0xE9B2, 0xE9C0, 0xE9C8, 0xE9D0
E9E2:  42D2 0645 0879  MOV.B	&0x0645, &0x0879
E9E8:  12B0 F164       CALL	#0xF164
E9EC:  3F0E            JMP	0xE80A

loc_E9EE:			; переходы из 0xE5B6
E9EE:  B0B2 4000 066C  BIT	#0x4000, &0x066C
E9F4:  2F0A            JC	0xE80A
E9F6:  90F2 0010 0644  CMP.B	#0x0010, &0x0644
E9FC:  2008            JNZ	0xEA0E
E9FE:  90F2 0011 0644  CMP.B	#0x0011, &0x0644
EA04:  2004            JNZ	0xEA0E
EA06:  B0B2 0400 04F4  BIT	#0x0400, &0x04F4
EA0C:  2521            JZ	0xEC50

loc_EA0E:			; переходы из 0xE9FC, 0xEA04
EA0E:  4292 0644 06B8  MOV	&0x0644, &0x06B8
EA14:  40B2 0680 06B0  MOV	#0x0680, &0x06B0
EA1A:  43C2 0646       CLR.B	&0x0646
EA1E:  4030 EC50       BR	#0xEC50

loc_EA22:			; переходы из 0xE5B2
EA22:  B0B2 4000 066C  BIT	#0x4000, &0x066C
EA28:  2EF0            JC	0xE80A
EA2A:  93C2 06B9       TST.B	&0x06B9
EA2E:  2510            JZ	0xEC50
EA30:  421F 06B0       MOV	&0x06B0, R15
EA34:  903F 0680       CMP	#0x0680, R15
EA38:  290B            JNC	0xEC50
EA3A:  903F 06A5       CMP	#0x06A5, R15
EA3E:  2C06            JC	0xEA4C
EA40:  429F 0642 0000  MOV	&0x0642, 0(R15)
EA46:  429F 0644 0002  MOV	&0x0644, 2(R15)

loc_EA4C:			; переходы из 0xEA3E
EA4C:  83D2 06B9       DEC.B	&0x06B9
EA50:  2014            JNZ	0xEA7A
EA52:  403F 0680       MOV	#0x0680, R15
EA56:  12B0 F1D0       CALL	#0xF1D0
EA5A:  20FA            JNZ	0xEC50
EA5C:  12B0 F13A       CALL	#0xF13A
EA60:  93D2 06B8       CMP.B	#1, &0x06B8
EA64:  240E            JZ	0xEA82
EA66:  90F2 0010 06B8  CMP.B	#0x0010, &0x06B8
EA6C:  2414            JZ	0xEA96
EA6E:  90F2 0011 06B8  CMP.B	#0x0011, &0x06B8
EA74:  247A            JZ	0xEB6A
EA76:  4030 EC50       BR	#0xEC50

loc_EA7A:			; переходы из 0xEA50
EA7A:  52A2 06B0       ADD	#4, &0x06B0
EA7E:  4030 EC50       BR	#0xEC50

loc_EA82:			; переходы из 0xEA64
EA82:  53A2 06B0       INCD	&0x06B0
EA86:  42D2 04FE 0680  MOV.B	&0x04FE, &0x0680
EA8C:  D0B2 0080 066C  BIS	#0x0080, &0x066C
EA92:  4030 EC50       BR	#0xEC50

loc_EA96:			; переходы из 0xEA6C
EA96:  403E 0680       MOV	#0x0680, R14
EA9A:  403F 04E0       MOV	#0x04E0, R15
EA9E:  80B2 0003 06B0  SUB	#0x0003, &0x06B0

loc_EAA4:			; переходы из 0xEAC2
EAA4:  921E 06B0       CMP	&0x06B0, R14
EAA8:  2C06            JC	0xEAB6
EAAA:  4EBF 0000       MOV	@R14+, 0(R15)
EAAE:  50BF 2000 0000  ADD	#0x2000, 0(R15)
EAB4:  3C03            JMP	0xEABC

loc_EAB6:			; переходы из 0xEAA8
EAB6:  40BF 3800 0000  MOV	#0x3800, 0(R15)

loc_EABC:			; переходы из 0xEAB4
EABC:  532F            INCD	R15
EABE:  903F 04F0       CMP	#0x04F0, R15
EAC2:  2BF0            JNC	0xEAA4
EAC4:  40B2 1CD6 04A8  MOV	#0x1CD6, &0x04A8
EACA:  40B2 04E0 04AE  MOV	#0x04E0, &0x04AE
EAD0:  40F2 0010 04AB  MOV.B	#0x0010, &0x04AB
EAD6:  12B0 C2E2       CALL	#0xC2E2
EADA:  B0F2 000C 04AC  BIT.B	#0x000C, &0x04AC
EAE0:  20B7            JNZ	0xEC50
EAE2:  403E 0690       MOV	#0x0690, R14
EAE6:  403F 04E0       MOV	#0x04E0, R15

loc_EAEA:			; переходы из 0xEB08
EAEA:  921E 06B0       CMP	&0x06B0, R14
EAEE:  2C06            JC	0xEAFC
EAF0:  4EBF 0000       MOV	@R14+, 0(R15)
EAF4:  50BF 2000 0000  ADD	#0x2000, 0(R15)
EAFA:  3C03            JMP	0xEB02

loc_EAFC:			; переходы из 0xEAEE
EAFC:  40BF 3800 0000  MOV	#0x3800, 0(R15)

loc_EB02:			; переходы из 0xEAFA
EB02:  532F            INCD	R15
EB04:  903F 04F0       CMP	#0x04F0, R15
EB08:  2BF0            JNC	0xEAEA
EB0A:  40B2 1CE7 04A8  MOV	#0x1CE7, &0x04A8
EB10:  40B2 04E0 04AE  MOV	#0x04E0, &0x04AE
EB16:  40F2 0010 04AB  MOV.B	#0x0010, &0x04AB
EB1C:  12B0 C2E2       CALL	#0xC2E2
EB20:  B0F2 000C 04AC  BIT.B	#0x000C, &0x04AC
EB26:  2094            JNZ	0xEC50
EB28:  421F 06B0       MOV	&0x06B0, R15
EB2C:  D0FF 0080 0001  BIS.B	#0x0080, 1(R15)
EB32:  C0FF 0050 0001  BIC.B	#0x0050, 1(R15)
EB38:  4FE2 06BA       MOV.B	@R15, &0x06BA
EB3C:  4FD2 0001 06BB  MOV.B	1(R15), &0x06BB
EB42:  4FD2 0002 06BC  MOV.B	2(R15), &0x06BC
EB48:  40B2 1CF8 04A8  MOV	#0x1CF8, &0x04A8
EB4E:  4292 06B0 04AE  MOV	&0x06B0, &0x04AE
EB54:  40F2 0003 04AB  MOV.B	#0x0003, &0x04AB
EB5A:  12B0 C2E2       CALL	#0xC2E2
EB5E:  B0F2 000C 04AC  BIT.B	#0x000C, &0x04AC
EB64:  2075            JNZ	0xEC50
EB66:  4030 EC50       BR	#0xEC50

loc_EB6A:			; переходы из 0xEA74
EB6A:  403D 1D00       MOV	#0x1D00, R13

loc_EB6E:			; переходы из 0xEBBC
EB6E:  903D 1D3C       CMP	#0x1D3C, R13
EB72:  2C25            JC	0xEBBE
EB74:  C3A2 04F2       BIC	#2, &0x04F2
EB78:  D0F2 0003 04AC  BIS.B	#0x0003, &0x04AC
EB7E:  4D82 04A8       MOV	R13, &0x04A8
EB82:  42E2 04AB       MOV.B	#4, &0x04AB
EB86:  40B2 04E0 04AE  MOV	#0x04E0, &0x04AE
EB8C:  12B0 C3A2       CALL	#0xC3A2
EB90:  B3A2 04F2       BIT	#2, &0x04F2
EB94:  2058            JNZ	0xEC46
EB96:  4382 04E0       CLR	&0x04E0
EB9A:  4382 04E2       CLR	&0x04E2
EB9E:  4D82 04A8       MOV	R13, &0x04A8
EBA2:  40B2 04E0 04AE  MOV	#0x04E0, &0x04AE
EBA8:  42E2 04AB       MOV.B	#4, &0x04AB
EBAC:  12B0 C2E2       CALL	#0xC2E2
EBB0:  B0F2 000C 04AC  BIT.B	#0x000C, &0x04AC
EBB6:  2047            JNZ	0xEC46
EBB8:  503D 0005       ADD	#0x0005, R13
EBBC:  3FD8            JMP	0xEB6E

loc_EBBE:			; переходы из 0xEB72
EBBE:  403C 0680       MOV	#0x0680, R12

loc_EBC2:			; переходы из 0xEC40
EBC2:  921C 06B0       CMP	&0x06B0, R12
EBC6:  2C3D            JC	0xEC42
EBC8:  403D 1D00       MOV	#0x1D00, R13

loc_EBCC:			; переходы из 0xEBDA
EBCC:  93CC 0001       TST.B	1(R12)
EBD0:  2405            JZ	0xEBDC
EBD2:  83DC 0001       DEC.B	1(R12)
EBD6:  503D 0005       ADD	#0x0005, R13
EBDA:  3FF8            JMP	0xEBCC

loc_EBDC:			; переходы из 0xEBD0
EBDC:  C3A2 04F2       BIC	#2, &0x04F2
EBE0:  D0F2 0003 04AC  BIS.B	#0x0003, &0x04AC
EBE6:  4D82 04A8       MOV	R13, &0x04A8
EBEA:  42E2 04AB       MOV.B	#4, &0x04AB
EBEE:  40B2 04E0 04AE  MOV	#0x04E0, &0x04AE
EBF4:  12B0 C3A2       CALL	#0xC3A2
EBF8:  B3A2 04F2       BIT	#2, &0x04F2
EBFC:  2024            JNZ	0xEC46
EBFE:  431F            MOV	#1, R15
EC00:  403E 04E0       MOV	#0x04E0, R14

loc_EC04:			; переходы из 0xEC10
EC04:  92FC 0000       CMP.B	#8, 0(R12)
EC08:  2804            JNC	0xEC12
EC0A:  531E            INC	R14
EC0C:  82BC 0000       SUB	#8, 0(R12)
EC10:  3FF9            JMP	0xEC04

loc_EC12:			; переходы из 0xEC08, 0xEC1E
EC12:  93CC 0000       TST.B	0(R12)
EC16:  2404            JZ	0xEC20
EC18:  83DC 0000       DEC.B	0(R12)
EC1C:  5F0F            RLA	R15
EC1E:  3FF9            JMP	0xEC12

loc_EC20:			; переходы из 0xEC16
EC20:  DFCE 0000       BIS.B	R15, 0(R14)
EC24:  4D82 04A8       MOV	R13, &0x04A8
EC28:  40B2 04E0 04AE  MOV	#0x04E0, &0x04AE
EC2E:  42E2 04AB       MOV.B	#4, &0x04AB
EC32:  12B0 C2E2       CALL	#0xC2E2
EC36:  B0F2 000C 04AC  BIT.B	#0x000C, &0x04AC
EC3C:  2004            JNZ	0xEC46
EC3E:  532C            INCD	R12
EC40:  3FC0            JMP	0xEBC2

loc_EC42:			; переходы из 0xEBC6
EC42:  D3E2 064C       BIS.B	#2, &0x064C

loc_EC46:			; переходы из 0xEB94, 0xEBB6, 0xEBFC, 0xEC3C
EC46:  D0B2 0010 087A  BIS	#0x0010, &0x087A
EC4C:  D3A2 0548       BIS	#2, &0x0548

loc_EC50:			; переходы из 0xE578, 0xE592, 0xE5AE, 0xE5C6, 0xE5D6, 0xE80A, 0xE930, 0xEA0C
EC50:  C3A2 066C       BIC	#2, &0x066C
EC54:  413C            POP	R12
EC56:  413D            POP	R13
EC58:  413E            POP	R14
EC5A:  413F            POP	R15
EC5C:  4130            RET

; ============================================================
; Функция sub_EC5E @ 0xEC5E   (вызовов: 2)
;   вызывается из: 0x1E88, 0x224E
; ============================================================
EC5E:  120F            PUSH	R15
EC60:  120D            PUSH	R13
EC62:  120C            PUSH	R12
EC64:  120B            PUSH	R11
EC66:  120A            PUSH	R10
EC68:  425F 0502       MOV.B	&0x0502, R15
EC6C:  12B0 4CBC       CALL	#0x4CBC
EC70:  5F0F            RLA	R15
EC72:  90F2 0030 0501  CMP.B	#0x0030, &0x0501
EC78:  2801            JNC	0xEC7C
EC7A:  531F            INC	R15

loc_EC7C:			; переходы из 0xEC78
EC7C:  4FC2 0874       MOV.B	R15, &0x0874
EC80:  B0B2 0400 066C  BIT	#0x0400, &0x066C
EC86:  245D            JZ	0xED42
EC88:  C0B2 0400 066C  BIC	#0x0400, &0x066C
EC8E:  425F 03BE       MOV.B	&0x03BE, R15
EC92:  42E2 03BE       MOV.B	#4, &0x03BE
EC96:  4382 0302       CLR	&0x0302
EC9A:  4382 0300       CLR	&0x0300

loc_EC9E:			; переходы из 0xECBA
EC9E:  12B0 C1A0       CALL	#0xC1A0
ECA2:  B0B2 0400 04F2  BIT	#0x0400, &0x04F2
ECA8:  2C46            JC	0xED36
ECAA:  5292 04E2 0302  ADD	&0x04E2, &0x0302
ECB0:  6292 04E0 0300  ADDC	&0x04E0, &0x0300
ECB6:  83D2 03BE       DEC.B	&0x03BE
ECBA:  23F1            JNZ	0xEC9E
ECBC:  40B2 0010 0306  MOV	#0x0010, &0x0306
ECC2:  12B0 BC42       CALL	#0xBC42
ECC6:  12B0 F17A       CALL	#0xF17A
ECCA:  4FC2 03BE       MOV.B	R15, &0x03BE
ECCE:  B0B2 0800 066C  BIT	#0x0800, &0x066C
ECD4:  2421            JZ	0xED18
ECD6:  425A 04FD       MOV.B	&0x04FD, R10
ECDA:  831A            DEC	R10
ECDC:  5A0A            RLA	R10
ECDE:  C232            DINT
ECE0:  4303            CLR	CG
ECE2:  4292 087E 0130  MOV	&0x087E, &MPY
ECE8:  4A92 F394 0138  MOV	-3180(R10), &OP2
ECEE:  421C 013A       MOV	&RESLO, R12
ECF2:  421D 013C       MOV	&RESHI, R13
ECF6:  D232            EINT
ECF8:  93C2 049D       TST.B	&0x049D
ECFC:  2003            JNZ	0xED04
ECFE:  9382 049E       TST	&0x049E
ED02:  240A            JZ	0xED18

loc_ED04:			; переходы из 0xECFC
ED04:  925D 049D       CMP.B	&0x049D, R13
ED08:  2807            JNC	0xED18
ED0A:  9C82 049E       CMP	R12, &0x049E
ED0E:  2C04            JC	0xED18
ED10:  D0B2 0200 087A  BIS	#0x0200, &0x087A
ED16:  3C00            JMP	0xED18

loc_ED18:			; переходы из 0xECD4, 0xED02, 0xED08, 0xED0E, 0xED16
ED18:  D0B2 0800 066C  BIS	#0x0800, &0x066C
ED1E:  4382 087E       CLR	&0x087E
ED22:  42D2 030A 0875  MOV.B	&0x030A, &0x0875
ED28:  42D2 030B 0876  MOV.B	&0x030B, &0x0876
ED2E:  42D2 030E 0877  MOV.B	&0x030E, &0x0877
ED34:  3C06            JMP	0xED42

loc_ED36:			; переходы из 0xECA8
ED36:  43B2 0874       MOV	#-1, &0x0874
ED3A:  43B2 0876       MOV	#-1, &0x0876
ED3E:  4FC2 03BE       MOV.B	R15, &0x03BE

loc_ED42:			; переходы из 0xEC86, 0xED34
ED42:  B0B2 0200 066C  BIT	#0x0200, &0x066C
ED48:  249C            JZ	0xEE82
ED4A:  C0B2 0200 066C  BIC	#0x0200, &0x066C
ED50:  425F 03BE       MOV.B	&0x03BE, R15
ED54:  42E2 03BE       MOV.B	#4, &0x03BE
ED58:  403C 088C       MOV	#0x088C, R12
ED5C:  4382 0870       CLR	&0x0870
ED60:  4382 0872       CLR	&0x0872
ED64:  4382 0920       CLR	&0x0920
ED68:  4382 0922       CLR	&0x0922
ED6C:  4382 0924       CLR	&0x0924
ED70:  4382 0926       CLR	&0x0926

loc_ED74:			; переходы из 0xEDD2
ED74:  12B0 C1A0       CALL	#0xC1A0
ED78:  B0B2 0400 04F2  BIT	#0x0400, &0x04F2
ED7E:  2C6F            JC	0xEE5E
ED80:  5292 04E2 0872  ADD	&0x04E2, &0x0872
ED86:  6292 04E0 0870  ADDC	&0x04E0, &0x0870
ED8C:  5292 04EA 0922  ADD	&0x04EA, &0x0922
ED92:  6292 04E8 0920  ADDC	&0x04E8, &0x0920
ED98:  5292 04EE 0926  ADD	&0x04EE, &0x0926
ED9E:  6292 04EC 0924  ADDC	&0x04EC, &0x0924
EDA4:  4292 04E2 0302  MOV	&0x04E2, &0x0302
EDAA:  4292 04E0 0300  MOV	&0x04E0, &0x0300
EDB0:  40B2 0010 0306  MOV	#0x0010, &0x0306
EDB6:  12B0 BC42       CALL	#0xBC42
EDBA:  429C 030A 0000  MOV	&0x030A, 0(R12)
EDC0:  42DC 0308 0002  MOV.B	&0x0308, 2(R12)
EDC6:  42DC 030E 0003  MOV.B	&0x030E, 3(R12)
EDCC:  822C            SUB	#4, R12
EDCE:  83D2 03BE       DEC.B	&0x03BE
EDD2:  23D0            JNZ	0xED74
EDD4:  4292 0870 0300  MOV	&0x0870, &0x0300
EDDA:  4292 0872 0302  MOV	&0x0872, &0x0302
EDE0:  40B2 0010 0306  MOV	#0x0010, &0x0306
EDE6:  12B0 BC42       CALL	#0xBC42
EDEA:  4292 030A 0870  MOV	&0x030A, &0x0870
EDF0:  42D2 0308 0872  MOV.B	&0x0308, &0x0872
EDF6:  42D2 030E 0873  MOV.B	&0x030E, &0x0873
EDFC:  B0B2 4000 04F4  BIT	#0x4000, &0x04F4
EE02:  2C35            JC	0xEE6E
EE04:  4292 0920 0300  MOV	&0x0920, &0x0300
EE0A:  4292 0922 0302  MOV	&0x0922, &0x0302
EE10:  40B2 0010 0306  MOV	#0x0010, &0x0306
EE16:  12B0 BC42       CALL	#0xBC42
EE1A:  4292 030A 0920  MOV	&0x030A, &0x0920
EE20:  42D2 0308 0922  MOV.B	&0x0308, &0x0922
EE26:  42D2 030E 0923  MOV.B	&0x030E, &0x0923
EE2C:  B0B2 8000 04F4  BIT	#0x8000, &0x04F4
EE32:  2C21            JC	0xEE76
EE34:  4292 0924 0300  MOV	&0x0924, &0x0300
EE3A:  4292 0926 0302  MOV	&0x0926, &0x0302
EE40:  40B2 0010 0306  MOV	#0x0010, &0x0306
EE46:  12B0 BC42       CALL	#0xBC42
EE4A:  4292 030A 0924  MOV	&0x030A, &0x0924
EE50:  42D2 0308 0926  MOV.B	&0x0308, &0x0926
EE56:  42D2 030E 0927  MOV.B	&0x030E, &0x0927
EE5C:  3C10            JMP	0xEE7E

loc_EE5E:			; переходы из 0xED7E
EE5E:  43BC 0000       MOV	#-1, 0(R12)
EE62:  43BC 0002       MOV	#-1, 2(R12)
EE66:  43B2 0870       MOV	#-1, &0x0870
EE6A:  43B2 0872       MOV	#-1, &0x0872

loc_EE6E:			; переходы из 0xEE02
EE6E:  43B2 0920       MOV	#-1, &0x0920
EE72:  43B2 0922       MOV	#-1, &0x0922

loc_EE76:			; переходы из 0xEE32
EE76:  43B2 0924       MOV	#-1, &0x0924
EE7A:  43B2 0926       MOV	#-1, &0x0926

loc_EE7E:			; переходы из 0xEE5C
EE7E:  4FC2 03BE       MOV.B	R15, &0x03BE

loc_EE82:			; переходы из 0xED48
EE82:  93C2 0879       TST.B	&0x0879
EE86:  2081            JNZ	0xEF8A
EE88:  425F 03BE       MOV.B	&0x03BE, R15
EE8C:  93C2 0646       TST.B	&0x0646
EE90:  203D            JNZ	0xEF0C
EE92:  42D2 04FC 03BE  MOV.B	&0x04FC, &0x03BE
EE98:  F0F2 0006 03BE  AND.B	#0x0006, &0x03BE
EE9E:  C312            CLRC
EEA0:  1052 03BE       RRC.B	&0x03BE
EEA4:  50F2 0010 03BE  ADD.B	#0x0010, &0x03BE
EEAA:  B3D2 04FC       BIT.B	#1, &0x04FC
EEAE:  2C0A            JC	0xEEC4
EEB0:  92D2 03BE 064B  CMP.B	&0x03BE, &0x064B
EEB6:  2412            JZ	0xEEDC
EEB8:  D2B2 066C       BIS	#8, &0x066C
EEBC:  42D2 03BE 064B  MOV.B	&0x03BE, &0x064B
EEC2:  3C0C            JMP	0xEEDC

loc_EEC4:			; переходы из 0xEEAE
EEC4:  40F2 0003 03BE  MOV.B	#0x0003, &0x03BE
EECA:  90F2 001F 064B  CMP.B	#0x001F, &0x064B
EED0:  2405            JZ	0xEEDC
EED2:  D2B2 066C       BIS	#8, &0x066C
EED6:  40F2 001F 064B  MOV.B	#0x001F, &0x064B

loc_EEDC:			; переходы из 0xEEB6, 0xEEC2, 0xEED0
EEDC:  F0F2 0007 03BE  AND.B	#0x0007, &0x03BE
EEE2:  53D2 03BE       INC.B	&0x03BE
EEE6:  4382 0302       CLR	&0x0302
EEEA:  4382 0300       CLR	&0x0300

loc_EEEE:			; переходы из 0xEF08
EEEE:  12B0 C1A0       CALL	#0xC1A0
EEF2:  5292 04E2 0302  ADD	&0x04E2, &0x0302
EEF8:  6292 04E0 0300  ADDC	&0x04E0, &0x0300
EEFE:  B3D2 04FC       BIT.B	#1, &0x04FC
EF02:  24D8            JZ	0xF0B4
EF04:  83D2 03BE       DEC.B	&0x03BE
EF08:  23F2            JNZ	0xEEEE
EF0A:  3CD4            JMP	0xF0B4

loc_EF0C:			; переходы из 0xEE90
EF0C:  90F2 00D2 0653  CMP.B	#0x00D2, &0x0653
EF12:  282E            JNC	0xEF70
EF14:  40F2 00DA 064B  MOV.B	#0x00DA, &0x064B
EF1A:  42D2 06AB 064D  MOV.B	&0x06AB, &0x064D
EF20:  42D2 06AC 064E  MOV.B	&0x06AC, &0x064E
EF26:  42D2 06AD 064F  MOV.B	&0x06AD, &0x064F
EF2C:  90F2 00D9 0653  CMP.B	#0x00D9, &0x0653
EF32:  2401            JZ	0xEF36
EF34:  3CE5            JMP	0xF100

loc_EF36:			; переходы из 0xEF32
EF36:  93D2 06B8       CMP.B	#1, &0x06B8
EF3A:  2409            JZ	0xEF4E
EF3C:  90F2 0010 06B8  CMP.B	#0x0010, &0x06B8
EF42:  2409            JZ	0xEF56
EF44:  90F2 0011 06B8  CMP.B	#0x0011, &0x06B8
EF4A:  24DA            JZ	0xF100
EF4C:  3CD9            JMP	0xF100

loc_EF4E:			; переходы из 0xEF3A
EF4E:  42D2 0681 064C  MOV.B	&0x0681, &0x064C
EF54:  3CD5            JMP	0xF100

loc_EF56:			; переходы из 0xEF42
EF56:  B0F2 0080 06BB  BIT.B	#0x0080, &0x06BB
EF5C:  2402            JZ	0xEF62
EF5E:  D3D2 064C       BIS.B	#1, &0x064C

loc_EF62:			; переходы из 0xEF5C
EF62:  B0F2 0040 06BB  BIT.B	#0x0040, &0x06BB
EF68:  2402            JZ	0xEF6E
EF6A:  D3E2 064C       BIS.B	#2, &0x064C

loc_EF6E:			; переходы из 0xEF68
EF6E:  3CC8            JMP	0xF100

loc_EF70:			; переходы из 0xEF12
EF70:  42D2 0653 064B  MOV.B	&0x0653, &0x064B
EF76:  4292 06BE 064C  MOV	&0x06BE, &0x064C
EF7C:  4382 064E       CLR	&0x064E
EF80:  42D2 06BD 064E  MOV.B	&0x06BD, &0x064E
EF86:  4030 F0F8       BR	#0xF0F8

loc_EF8A:			; переходы из 0xEE86
EF8A:  425F 0879       MOV.B	&0x0879, R15
EF8E:  907F 00FE       CMP.B	#0x00FE, R15
EF92:  2419            JZ	0xEFC6
EF94:  907F 004F       CMP.B	#0x004F, R15
EF98:  246D            JZ	0xF074
EF9A:  907F 0049       CMP.B	#0x0049, R15
EF9E:  242D            JZ	0xEFFA
EFA0:  907F 0048       CMP.B	#0x0048, R15
EFA4:  2431            JZ	0xF008
EFA6:  907F 0045       CMP.B	#0x0045, R15
EFAA:  246A            JZ	0xF080
EFAC:  907F 0046       CMP.B	#0x0046, R15
EFB0:  246D            JZ	0xF08C
EFB2:  907F 0044       CMP.B	#0x0044, R15
EFB6:  241B            JZ	0xEFEE
EFB8:  907F 0040       CMP.B	#0x0040, R15
EFBC:  2876            JNC	0xF0AA
EFBE:  907F 0050       CMP.B	#0x0050, R15
EFC2:  2C73            JC	0xF0AA
EFC4:  3C0A            JMP	0xEFDA

loc_EFC6:			; переходы из 0xEF92
EFC6:  B3D2 04FC       BIT.B	#1, &0x04FC
EFCA:  2C54            JC	0xF074
EFCC:  425F 04FC       MOV.B	&0x04FC, R15
EFD0:  F03F 0006       AND	#0x0006, R15
EFD4:  110F            RRA	R15
EFD6:  503F 0040       ADD	#0x0040, R15

loc_EFDA:			; переходы из 0xEFC4
EFDA:  4FC2 064B       MOV.B	R15, &0x064B
EFDE:  403C 0880       MOV	#0x0880, R12
EFE2:  F07F 0003       AND.B	#0x0003, R15
EFE6:  5F0F            RLA	R15
EFE8:  5F0F            RLA	R15
EFEA:  5F0C            ADD	R15, R12
EFEC:  3C54            JMP	0xF096

loc_EFEE:			; переходы из 0xEFB6
EFEE:  40F2 0044 064B  MOV.B	#0x0044, &0x064B
EFF4:  403C 0874       MOV	#0x0874, R12
EFF8:  3C4E            JMP	0xF096

loc_EFFA:			; переходы из 0xEF9E
EFFA:  4292 087A 064C  MOV	&0x087A, &0x064C
F000:  4292 087C 064E  MOV	&0x087C, &0x064E
F006:  3C4D            JMP	0xF0A2

loc_F008:			; переходы из 0xEFA4
F008:  403F 1080       MOV	#0x1080, R15
F00C:  422D            MOV	#4, R13
F00E:  403C 04E0       MOV	#0x04E0, R12
F012:  430A            CLR	R10
F014:  C0B2 1000 04F2  BIC	#0x1000, &0x04F2
F01A:  12B0 81FC       CALL	#0x81FC
F01E:  930A            TST	R10
F020:  2044            JNZ	0xF0AA
F022:  403F 04E0       MOV	#0x04E0, R15
F026:  4F6C            MOV.B	@R15, R12
F028:  430D            CLR	R13

loc_F02A:			; переходы из 0xF068
F02A:  4D0A            MOV	R13, R10
F02C:  C232            DINT
F02E:  4303            CLR	CG
F030:  4C82 0130       MOV	R12, &MPY
F034:  40B2 0064 0138  MOV	#0x0064, &OP2
F03A:  421C 013A       MOV	&RESLO, R12
F03E:  421D 013C       MOV	&RESHI, R13
F042:  D232            EINT
F044:  4303            CLR	CG
F046:  C232            DINT
F048:  4303            CLR	CG
F04A:  4A82 0130       MOV	R10, &MPY
F04E:  40B2 0064 0138  MOV	#0x0064, &OP2
F054:  521D 013A       ADD	&RESLO, R13
F058:  D232            EINT
F05A:  4F5A 0001       MOV.B	1(R15), R10
F05E:  5A0C            ADD	R10, R12
F060:  630D            ADC	R13
F062:  531F            INC	R15
F064:  903F 04E3       CMP	#0x04E3, R15
F068:  2BE0            JNC	0xF02A
F06A:  4C82 064C       MOV	R12, &0x064C
F06E:  4D82 064E       MOV	R13, &0x064E
F072:  3C17            JMP	0xF0A2

loc_F074:			; переходы из 0xEF98, 0xEFCA
F074:  40F2 004F 064B  MOV.B	#0x004F, &0x064B
F07A:  403C 0870       MOV	#0x0870, R12
F07E:  3C0B            JMP	0xF096

loc_F080:			; переходы из 0xEFAA
F080:  40F2 0045 064B  MOV.B	#0x0045, &0x064B
F086:  403C 0920       MOV	#0x0920, R12
F08A:  3C05            JMP	0xF096

loc_F08C:			; переходы из 0xEFB0
F08C:  40F2 0046 064B  MOV.B	#0x0046, &0x064B
F092:  403C 0924       MOV	#0x0924, R12

loc_F096:			; переходы из 0xEFEC, 0xEFF8, 0xF07E, 0xF08A
F096:  4CA2 064C       MOV	@R12, &0x064C
F09A:  4C92 0002 064E  MOV	2(R12), &0x064E
F0A0:  3C2F            JMP	0xF100

loc_F0A2:			; переходы из 0xF006, 0xF072
F0A2:  42D2 0879 064B  MOV.B	&0x0879, &0x064B
F0A8:  3C2B            JMP	0xF100

loc_F0AA:			; переходы из 0xEFBC, 0xEFC2, 0xF020
F0AA:  43C2 0879       CLR.B	&0x0879
F0AE:  12B0 F164       CALL	#0xF164
F0B2:  3C3B            JMP	0xF12A

loc_F0B4:			; переходы из 0xEF02, 0xEF0A
F0B4:  42B2 0306       MOV	#8, &0x0306
F0B8:  12B0 BC42       CALL	#0xBC42

loc_F0BC:			; переходы из 0xF0F6
F0BC:  12B0 F17A       CALL	#0xF17A
F0C0:  4292 030A 064E  MOV	&0x030A, &0x064E
F0C6:  B2B2 066C       BIT	#8, &0x066C
F0CA:  2405            JZ	0xF0D6
F0CC:  C2B2 066C       BIC	#8, &0x066C
F0D0:  4292 030A 064C  MOV	&0x030A, &0x064C

loc_F0D6:			; переходы из 0xF0CA
F0D6:  9292 064C 064E  CMP	&0x064C, &0x064E
F0DC:  2C03            JC	0xF0E4
F0DE:  50B2 2710 064E  ADD	#0x2710, &0x064E

loc_F0E4:			; переходы из 0xF0DC
F0E4:  8292 064C 064E  SUB	&0x064C, &0x064E
F0EA:  90B2 0100 064E  CMP	#0x0100, &0x064E
F0F0:  2803            JNC	0xF0F8
F0F2:  D2B2 066C       BIS	#8, &0x066C
F0F6:  3FE2            JMP	0xF0BC

loc_F0F8:			; переходы из 0xEF86, 0xF0F0
F0F8:  12B0 F19E       CALL	#0xF19E
F0FC:  4FC2 03BE       MOV.B	R15, &0x03BE

loc_F100:			; переходы из 0xEF34, 0xEF4A, 0xEF4C, 0xEF54, 0xEF6E, 0xF0A0, 0xF0A8
F100:  C392 066C       BIC	#1, &0x066C
F104:  403F 064B       MOV	#0x064B, R15
F108:  12B0 4466       CALL	#0x4466
F10C:  C232            DINT
F10E:  4303            CLR	CG
F110:  4292 0648 0600  MOV	&0x0648, &0x0600
F116:  4292 064A 0602  MOV	&0x064A, &0x0602
F11C:  4292 064C 0604  MOV	&0x064C, &0x0604
F122:  4292 064E 0606  MOV	&0x064E, &0x0606
F128:  D232            EINT

loc_F12A:			; переходы из 0xF0B2
F12A:  C2A2 066C       BIC	#4, &0x066C
F12E:  413A            POP	R10
F130:  413B            POP	R11
F132:  413C            POP	R12
F134:  413D            POP	R13
F136:  413F            POP	R15
F138:  4130            RET

; ============================================================
; Функция sub_F13A @ 0xF13A   (вызовов: 3)
;   вызывается из: 0xE5E2, 0xE96E, 0xEA5C
; ============================================================
F13A:  42D2 06A8 06AB  MOV.B	&0x06A8, &0x06AB
F140:  42D2 06A9 06AC  MOV.B	&0x06A9, &0x06AC
F146:  42D2 06AA 06AD  MOV.B	&0x06AA, &0x06AD
F14C:  43C2 0879       CLR.B	&0x0879
F150:  12B0 F164       CALL	#0xF164
F154:  43F2 0646       MOV.B	#-1, &0x0646
F158:  42D2 0641 0653  MOV.B	&0x0641, &0x0653
F15E:  43C2 064C       CLR.B	&0x064C
F162:  4130            RET

; ============================================================
; Функция sub_F164 @ 0xF164   (вызовов: 4)
;   вызывается из: 0xE82A, 0xE9E8, 0xF0AE, 0xF150
; ============================================================
F164:  40B2 0186 04A8  MOV	#0x0186, &0x04A8
F16A:  40B2 0879 04AE  MOV	#0x0879, &0x04AE
F170:  43D2 04AB       MOV.B	#1, &0x04AB
F174:  12B0 C2E2       CALL	#0xC2E2
F178:  4130            RET

; ============================================================
; Функция sub_F17A @ 0xF17A   (вызовов: 3)
;   вызывается из: 0xE94C, 0xECC6, 0xF0BC
; ============================================================
F17A:  9382 0308       TST	&0x0308
F17E:  2406            JZ	0xF18C
F180:  80B2 EA60 030A  SUB	#0xEA60, &0x030A
F186:  7382 0308       SBC	&0x0308
F18A:  3FF7            JMP	0xF17A

loc_F18C:			; переходы из 0xF17E, 0xF19A
F18C:  90B2 2710 030A  CMP	#0x2710, &0x030A
F192:  2804            JNC	0xF19C
F194:  80B2 2710 030A  SUB	#0x2710, &0x030A
F19A:  3FF8            JMP	0xF18C

loc_F19C:			; переходы из 0xF192
F19C:  4130            RET

; ============================================================
; Функция sub_F19E @ 0xF19E   (вызовов: 1)
;   вызывается из: 0xF0F8
; ============================================================
F19E:  120F            PUSH	R15
F1A0:  120E            PUSH	R14
F1A2:  120D            PUSH	R13
F1A4:  421E 064E       MOV	&0x064E, R14
F1A8:  430D            CLR	R13
F1AA:  403F 0007       MOV	#0x0007, R15

loc_F1AE:			; переходы из 0xF1B8
F1AE:  100E            RRC	R14
F1B0:  2802            JNC	0xF1B6
F1B2:  EF5D F1C8       XOR.B	-3640(R15), R13

loc_F1B6:			; переходы из 0xF1B0
F1B6:  831F            DEC	R15
F1B8:  37FA            JGE	0xF1AE
F1BA:  108D            SWPB	R13
F1BC:  5D82 064E       ADD	R13, &0x064E
F1C0:  413D            POP	R13
F1C2:  413E            POP	R14
F1C4:  413F            POP	R15
F1C6:  4130            RET
F1C8:  356A            JGE	0xF49E
F1CA:  4D9A 53A6 D4A9  MOV	21414(R13), -11095(R10)

; ============================================================
; Функция sub_F1D0 @ 0xF1D0   (вызовов: 1)
;   вызывается из: 0xEA56
; ============================================================
F1D0:  120E            PUSH	R14
F1D2:  120D            PUSH	R13
F1D4:  120C            PUSH	R12
F1D6:  120B            PUSH	R11
F1D8:  120A            PUSH	R10
F1DA:  403B 00CE       MOV	#0x00CE, R11
F1DE:  422C            MOV	#4, R12
F1E0:  403D 00B7       MOV	#0x00B7, R13
F1E4:  421A 06B0       MOV	&0x06B0, R10
F1E8:  4A6E            MOV.B	@R10, R14
F1EA:  8E0A            SUB	R14, R10

loc_F1EC:			; переходы из 0xF20A
F1EC:  4D4E            MOV.B	R13, R14
F1EE:  4C4D            MOV.B	R12, R13
F1F0:  4B4C            MOV.B	R11, R12
F1F2:  EF7E            XOR.B	@R15+, R14
F1F4:  120E            PUSH	R14
F1F6:  5E0E            RLA	R14
F1F8:  512E            ADD	@SP, R14
F1FA:  417B            POP.B	R11
F1FC:  EE5D 4504       XOR.B	17668(R14), R13
F200:  EE5C 4503       XOR.B	17667(R14), R12
F204:  4E5B 4502       MOV.B	17666(R14), R11
F208:  9A0F            CMP	R10, R15
F20A:  2BF0            JNC	0xF1EC
F20C:  421F 06B0       MOV	&0x06B0, R15
F210:  4A82 06B0       MOV	R10, &0x06B0
F214:  430A            CLR	R10
F216:  9F5B 0001       CMP.B	1(R15), R11
F21A:  2007            JNZ	0xF22A
F21C:  9F5C 0002       CMP.B	2(R15), R12
F220:  2004            JNZ	0xF22A
F222:  9F5D 0003       CMP.B	3(R15), R13
F226:  2001            JNZ	0xF22A
F228:  3C01            JMP	0xF22C

loc_F22A:			; переходы из 0xF21A, 0xF220, 0xF226
F22A:  531A            INC	R10

loc_F22C:			; переходы из 0xF228
F22C:  930A            TST	R10
F22E:  413A            POP	R10
F230:  413B            POP	R11
F232:  413C            POP	R12
F234:  413D            POP	R13
F236:  413E            POP	R14
F238:  4130            RET

; ============================================================
; Функция sub_F23A @ 0xF23A   (вызовов: 1)
;   вызывается из: 0x2228
; ============================================================
F23A:  120F            PUSH	R15
F23C:  120E            PUSH	R14
F23E:  120D            PUSH	R13
F240:  120C            PUSH	R12
F242:  120B            PUSH	R11
F244:  431C            MOV	#1, R12
F246:  430B            CLR	R11
F248:  C0F2 0010 06BB  BIC.B	#0x0010, &0x06BB

loc_F24E:			; переходы из 0xF25E
F24E:  BC82 06BA       BIT	R12, &0x06BA
F252:  2C06            JC	0xF260
F254:  903C 0800       CMP	#0x0800, R12
F258:  2C4D            JC	0xF2F4
F25A:  5C0C            RLA	R12
F25C:  532B            INCD	R11
F25E:  3FF7            JMP	0xF24E

loc_F260:			; переходы из 0xF252, 0xF2E8
F260:  C3A2 04F2       BIC	#2, &0x04F2
F264:  D0F2 0003 04AC  BIS.B	#0x0003, &0x04AC
F26A:  B0F2 0010 06BB  BIT.B	#0x0010, &0x06BB
F270:  2C04            JC	0xF27A
F272:  40B2 1CD6 04A8  MOV	#0x1CD6, &0x04A8
F278:  3C03            JMP	0xF280

loc_F27A:			; переходы из 0xF270
F27A:  40B2 1CE7 04A8  MOV	#0x1CE7, &0x04A8

loc_F280:			; переходы из 0xF278
F280:  40F2 0010 04AB  MOV.B	#0x0010, &0x04AB
F286:  40B2 04E0 04AE  MOV	#0x04E0, &0x04AE
F28C:  12B0 C3A2       CALL	#0xC3A2
F290:  B3A2 04F2       BIT	#2, &0x04F2
F294:  2033            JNZ	0xF2FC
F296:  4B92 F37C 04A8  MOV	-3204(R11), &0x04A8
F29C:  B0F2 0010 06BB  BIT.B	#0x0010, &0x06BB
F2A2:  2403            JZ	0xF2AA
F2A4:  50B2 0011 04A8  ADD	#0x0011, &0x04A8

loc_F2AA:			; переходы из 0xF2A2
F2AA:  431D            MOV	#1, R13

loc_F2AC:			; переходы из 0xF2D8
F2AC:  BDC2 06BC       BIT.B	R13, &0x06BC
F2B0:  240C            JZ	0xF2CA
F2B2:  40B2 04E0 04AE  MOV	#0x04E0, &0x04AE
F2B8:  40F2 0010 04AB  MOV.B	#0x0010, &0x04AB
F2BE:  12B0 C2E2       CALL	#0xC2E2
F2C2:  B0F2 000C 04AC  BIT.B	#0x000C, &0x04AC
F2C8:  2019            JNZ	0xF2FC

loc_F2CA:			; переходы из 0xF2B0
F2CA:  903D 0080       CMP	#0x0080, R13
F2CE:  2C05            JC	0xF2DA
F2D0:  5D0D            RLA	R13
F2D2:  50B2 0022 04A8  ADD	#0x0022, &0x04A8
F2D8:  3FE9            JMP	0xF2AC

loc_F2DA:			; переходы из 0xF2CE
F2DA:  B0F2 0010 06BB  BIT.B	#0x0010, &0x06BB
F2E0:  2C04            JC	0xF2EA
F2E2:  D0F2 0010 06BB  BIS.B	#0x0010, &0x06BB
F2E8:  3FBB            JMP	0xF260

loc_F2EA:			; переходы из 0xF2E0
F2EA:  CC82 06BA       BIC	R12, &0x06BA
F2EE:  903C 0800       CMP	#0x0800, R12
F2F2:  283E            JNC	0xF370

loc_F2F4:			; переходы из 0xF258
F2F4:  D0B2 4000 06BA  BIS	#0x4000, &0x06BA
F2FA:  3C03            JMP	0xF302

loc_F2FC:			; переходы из 0xF294, 0xF2C8
F2FC:  C0B2 4000 06BA  BIC	#0x4000, &0x06BA

loc_F302:			; переходы из 0xF2FA
F302:  D0B2 0010 087A  BIS	#0x0010, &0x087A
F308:  D392 0548       BIS	#1, &0x0548
F30C:  C0B2 8000 06BA  BIC	#0x8000, &0x06BA
F312:  40B2 1CF8 04A8  MOV	#0x1CF8, &0x04A8
F318:  C3A2 04F2       BIC	#2, &0x04F2
F31C:  D0F2 0003 04AC  BIS.B	#0x0003, &0x04AC
F322:  40F2 0003 04AB  MOV.B	#0x0003, &0x04AB
F328:  40B2 04E0 04AE  MOV	#0x04E0, &0x04AE
F32E:  12B0 C3A2       CALL	#0xC3A2
F332:  B3A2 04F2       BIT	#2, &0x04F2
F336:  200E            JNZ	0xF354
F338:  C0B2 C000 04E0  BIC	#0xC000, &0x04E0
F33E:  B0B2 4000 06BA  BIT	#0x4000, &0x06BA
F344:  2403            JZ	0xF34C
F346:  D0B2 4000 04E0  BIS	#0x4000, &0x04E0

loc_F34C:			; переходы из 0xF344
F34C:  40B2 04E0 04AE  MOV	#0x04E0, &0x04AE
F352:  3C06            JMP	0xF360

loc_F354:			; переходы из 0xF336
F354:  C0B2 C000 06BA  BIC	#0xC000, &0x06BA
F35A:  40B2 06BA 04AE  MOV	#0x06BA, &0x04AE

loc_F360:			; переходы из 0xF352
F360:  40B2 1CF8 04A8  MOV	#0x1CF8, &0x04A8
F366:  40F2 0003 04AB  MOV.B	#0x0003, &0x04AB
F36C:  12B0 C2E2       CALL	#0xC2E2

loc_F370:			; переходы из 0xF2F2
F370:  413B            POP	R11
F372:  413C            POP	R12
F374:  413D            POP	R13
F376:  413E            POP	R14
F378:  413F            POP	R15
F37A:  4130            RET
F37C:  1000            RRC	PC
F37E:  1110 1220       RRA	0x05A2
F382:  1330            RETI
F384:  .word 1440 1550 1660 1770 1880 1990 1AA0 1BB0  |@.P.`.p.........|
F394:  .word 0014 0064 00C8 0064                      |..d...d.|

; ============================================================
; Функция sub_F39C @ 0xF39C   (вызовов: 1)
;   вызывается из: 0x22F2
; ============================================================
F39C:  120F            PUSH	R15
F39E:  120E            PUSH	R14
F3A0:  120D            PUSH	R13
F3A2:  120C            PUSH	R12
F3A4:  120B            PUSH	R11
F3A6:  120A            PUSH	R10
F3A8:  9382 0360       TST	&0x0360
F3AC:  2404            JZ	0xF3B6
F3AE:  B0B2 0400 027C  BIT	#0x0400, &0x027C
F3B4:  240F            JZ	0xF3D4

loc_F3B6:			; переходы из 0xF3AC
F3B6:  C0F2 0009 07B9  BIC.B	#0x0009, &0x07B9
F3BC:  40B2 06E0 070C  MOV	#0x06E0, &0x070C
F3C2:  4382 0708       CLR	&0x0708
F3C6:  4382 070A       CLR	&0x070A
F3CA:  4382 0770       CLR	&0x0770
F3CE:  4382 0772       CLR	&0x0772
F3D2:  3C05            JMP	0xF3DE

loc_F3D4:			; переходы из 0xF3B4
F3D4:  5292 0360 0708  ADD	&0x0360, &0x0708
F3DA:  6382 070A       ADC	&0x070A

loc_F3DE:			; переходы из 0xF3D2
F3DE:  9382 0370       TST	&0x0370
F3E2:  2404            JZ	0xF3EC
F3E4:  B0B2 0400 028C  BIT	#0x0400, &0x028C
F3EA:  240F            JZ	0xF40A

loc_F3EC:			; переходы из 0xF3E2
F3EC:  C0F2 0012 07B9  BIC.B	#0x0012, &0x07B9
F3F2:  40B2 0710 073C  MOV	#0x0710, &0x073C
F3F8:  4382 0738       CLR	&0x0738
F3FC:  4382 073A       CLR	&0x073A
F400:  4382 0774       CLR	&0x0774
F404:  4382 0776       CLR	&0x0776
F408:  3C05            JMP	0xF414

loc_F40A:			; переходы из 0xF3EA
F40A:  5292 0370 0738  ADD	&0x0370, &0x0738
F410:  6382 073A       ADC	&0x073A

loc_F414:			; переходы из 0xF408
F414:  9382 0380       TST	&0x0380
F418:  2404            JZ	0xF422
F41A:  B0B2 0400 029C  BIT	#0x0400, &0x029C
F420:  240F            JZ	0xF440

loc_F422:			; переходы из 0xF418
F422:  C0F2 0024 07B9  BIC.B	#0x0024, &0x07B9
F428:  40B2 0740 076C  MOV	#0x0740, &0x076C
F42E:  4382 0768       CLR	&0x0768
F432:  4382 076A       CLR	&0x076A
F436:  4382 0778       CLR	&0x0778
F43A:  4382 077A       CLR	&0x077A
F43E:  3C05            JMP	0xF44A

loc_F440:			; переходы из 0xF420
F440:  5292 0380 0768  ADD	&0x0380, &0x0768
F446:  6382 076A       ADC	&0x076A

loc_F44A:			; переходы из 0xF43E
F44A:  403F 0708       MOV	#0x0708, R15
F44E:  403E 0770       MOV	#0x0770, R14
F452:  403D 07B0       MOV	#0x07B0, R13
F456:  425C 07B8       MOV.B	&0x07B8, R12
F45A:  F03C 0007       AND	#0x0007, R12

loc_F45E:			; переходы из 0xF46C
F45E:  110C            RRA	R12
F460:  930C            TST	R12
F462:  2405            JZ	0xF46E
F464:  503F 0030       ADD	#0x0030, R15
F468:  522E            ADD	#4, R14
F46A:  532D            INCD	R13
F46C:  3FF8            JMP	0xF45E

loc_F46E:			; переходы из 0xF462
F46E:  B2D2 07B8 07B9  BIT.B	&0x07B8, &0x07B9
F474:  244D            JZ	0xF510
F476:  C232            DINT
F478:  4303            CLR	CG
F47A:  4FA2 0130       MOV	@R15, &MPY
F47E:  40B2 5555 0138  MOV	#0x5555, &OP2
F484:  4292 013C 013A  MOV	&RESHI, &RESLO
F48A:  4382 013C       CLR	&RESHI
F48E:  4F92 0002 0134  MOV	2(R15), &MAC
F494:  40B2 5555 0138  MOV	#0x5555, &OP2
F49A:  421B 013A       MOV	&RESLO, R11
F49E:  D232            EINT
F4A0:  4F1A 0004       MOV	4(R15), R10
F4A4:  425C 07B8       MOV.B	&0x07B8, R12
F4A8:  5C0C            RLA	R12
F4AA:  5C0C            RLA	R12
F4AC:  5C0C            RLA	R12
F4AE:  BCC2 07B9       BIT.B	R12, &0x07B9
F4B2:  2404            JZ	0xF4BC
F4B4:  8AAE 0000       SUB	@R10, 0(R14)
F4B8:  738E 0002       SBC	2(R14)

loc_F4BC:			; переходы из 0xF4B2
F4BC:  5B8E 0000       ADD	R11, 0(R14)
F4C0:  638E 0002       ADC	2(R14)
F4C4:  4B8A 0000       MOV	R11, 0(R10)
F4C8:  C232            DINT
F4CA:  4303            CLR	CG
F4CC:  4EA2 0130       MOV	@R14, &MPY
F4D0:  4292 077C 0138  MOV	&0x077C, &OP2
F4D6:  4292 013C 013A  MOV	&RESHI, &RESLO
F4DC:  4382 013C       CLR	&RESHI
F4E0:  4E92 0002 0134  MOV	2(R14), &MAC
F4E6:  4292 077C 0138  MOV	&0x077C, &OP2
F4EC:  421B 013A       MOV	&RESLO, R11
F4F0:  D232            EINT
F4F2:  4B8D 0000       MOV	R11, 0(R13)
F4F6:  53AF 0004       INCD	4(R15)
F4FA:  9F9F 0006 0004  CMP	6(R15), 4(R15)
F500:  2807            JNC	0xF510
F502:  DCC2 07B9       BIS.B	R12, &0x07B9
F506:  4F0D            MOV	R15, R13
F508:  803D 0028       SUB	#0x0028, R13
F50C:  4D8F 0004       MOV	R13, 4(R15)

loc_F510:			; переходы из 0xF474, 0xF500
F510:  D2D2 07B8 07B9  BIS.B	&0x07B8, &0x07B9
F516:  438F 0000       CLR	0(R15)
F51A:  438F 0002       CLR	2(R15)
F51E:  1152 07B8       RRA.B	&0x07B8
F522:  93C2 07B8       TST.B	&0x07B8
F526:  2002            JNZ	0xF52C
F528:  42E2 07B8       MOV.B	#4, &0x07B8

loc_F52C:			; переходы из 0xF526
F52C:  93C2 0368       TST.B	&0x0368
F530:  200B            JNZ	0xF548
F532:  C0F2 0040 07B9  BIC.B	#0x0040, &0x07B9
F538:  40B2 0780 07AC  MOV	#0x0780, &0x07AC
F53E:  4382 07A8       CLR	&0x07A8
F542:  4382 07AA       CLR	&0x07AA
F546:  3C36            JMP	0xF5B4

loc_F548:			; переходы из 0xF530
F548:  421A 07AC       MOV	&0x07AC, R10
F54C:  B0F2 0040 07B9  BIT.B	#0x0040, &0x07B9
F552:  2404            JZ	0xF55C
F554:  8AA2 07A8       SUB	@R10, &0x07A8
F558:  7382 07AA       SBC	&0x07AA

loc_F55C:			; переходы из 0xF552
F55C:  5292 0368 07A8  ADD	&0x0368, &0x07A8
F562:  6382 07AA       ADC	&0x07AA
F566:  429A 0368 0000  MOV	&0x0368, 0(R10)
F56C:  C232            DINT
F56E:  4303            CLR	CG
F570:  4292 07A8 0130  MOV	&0x07A8, &MPY
F576:  4292 077E 0138  MOV	&0x077E, &OP2
F57C:  4292 013C 013A  MOV	&RESHI, &RESLO
F582:  4382 013C       CLR	&RESHI
F586:  4292 07AA 0134  MOV	&0x07AA, &MAC
F58C:  4292 077E 0138  MOV	&0x077E, &OP2
F592:  421B 013A       MOV	&RESLO, R11
F596:  D232            EINT
F598:  4B82 07B6       MOV	R11, &0x07B6
F59C:  53A2 07AC       INCD	&0x07AC
F5A0:  9292 07AE 07AC  CMP	&0x07AE, &0x07AC
F5A6:  2806            JNC	0xF5B4
F5A8:  D0F2 0040 07B9  BIS.B	#0x0040, &0x07B9
F5AE:  40B2 0780 07AC  MOV	#0x0780, &0x07AC

loc_F5B4:			; переходы из 0xF546, 0xF5A6
F5B4:  413A            POP	R10
F5B6:  413B            POP	R11
F5B8:  413C            POP	R12
F5BA:  413D            POP	R13
F5BC:  413E            POP	R14
F5BE:  413F            POP	R15
F5C0:  4130            RET

; ============================================================
; Функция sub_F5C2 @ 0xF5C2   (вызовов: 1)
;   вызывается из: 0x22F6
; ============================================================
F5C2:  120F            PUSH	R15
F5C4:  120E            PUSH	R14
F5C6:  120D            PUSH	R13
F5C8:  120C            PUSH	R12
F5CA:  120B            PUSH	R11
F5CC:  120A            PUSH	R10
F5CE:  403B 07B0       MOV	#0x07B0, R11
F5D2:  431D            MOV	#1, R13
F5D4:  430C            CLR	R12
F5D6:  423A            MOV	#8, R10

loc_F5D8:			; переходы из 0xF670, 0xF67E
F5D8:  BAC2 07B9       BIT.B	R10, &0x07B9
F5DC:  2446            JZ	0xF66A
F5DE:  4C0E            MOV	R12, R14
F5E0:  903D 1000       CMP	#0x1000, R13
F5E4:  2C03            JC	0xF5EC
F5E6:  503E 07C0       ADD	#0x07C0, R14
F5EA:  3C02            JMP	0xF5F0

loc_F5EC:			; переходы из 0xF5E4
F5EC:  503E 07C8       ADD	#0x07C8, R14

loc_F5F0:			; переходы из 0xF5EA
F5F0:  4D0F            MOV	R13, R15
F5F2:  F03F 3333       AND	#0x3333, R15
F5F6:  2404            JZ	0xF600
F5F8:  9EAB 0000       CMP	@R14, 0(R11)
F5FC:  280C            JNC	0xF616
F5FE:  3C03            JMP	0xF606

loc_F600:			; переходы из 0xF5F6
F600:  9BAE 0000       CMP	@R11, 0(R14)
F604:  2808            JNC	0xF616

loc_F606:			; переходы из 0xF5FE
F606:  BD82 07BA       BIT	R13, &0x07BA
F60A:  242F            JZ	0xF66A
F60C:  CD82 07BA       BIC	R13, &0x07BA
F610:  DD82 07BE       BIS	R13, &0x07BE
F614:  3C1F            JMP	0xF654

loc_F616:			; переходы из 0xF5FC, 0xF604
F616:  BD82 07BA       BIT	R13, &0x07BA
F61A:  2C27            JC	0xF66A
F61C:  BD82 07BE       BIT	R13, &0x07BE
F620:  2C24            JC	0xF66A
F622:  DD82 07BA       BIS	R13, &0x07BA
F626:  DD82 07BC       BIS	R13, &0x07BC
F62A:  903D 0010       CMP	#0x0010, R13
F62E:  2807            JNC	0xF63E
F630:  903D 0100       CMP	#0x0100, R13
F634:  2808            JNC	0xF646
F636:  903D 1000       CMP	#0x1000, R13
F63A:  2809            JNC	0xF64E
F63C:  3C0B            JMP	0xF654

loc_F63E:			; переходы из 0xF62E
F63E:  D0B2 0040 087A  BIS	#0x0040, &0x087A
F644:  3C07            JMP	0xF654

loc_F646:			; переходы из 0xF634
F646:  D0B2 0080 087A  BIS	#0x0080, &0x087A
F64C:  3C03            JMP	0xF654

loc_F64E:			; переходы из 0xF63A
F64E:  D0B2 0100 087A  BIS	#0x0100, &0x087A

loc_F654:			; переходы из 0xF614, 0xF63C, 0xF644, 0xF64C
F654:  12B0 CB1A       CALL	#0xCB1A
F658:  B0F2 000C 04AC  BIT.B	#0x000C, &0x04AC
F65E:  2005            JNZ	0xF66A
F660:  4292 07BA 04E8  MOV	&0x07BA, &0x04E8
F666:  12B0 CB3C       CALL	#0xCB3C

loc_F66A:			; переходы из 0xF5DC, 0xF60A, 0xF61A, 0xF620, 0xF65E
F66A:  5D0D            RLA	R13
F66C:  532C            INCD	R12
F66E:  923C            CMP	#8, R12
F670:  2BB3            JNC	0xF5D8
F672:  532B            INCD	R11
F674:  903B 07B8       CMP	#0x07B8, R11
F678:  2C03            JC	0xF680
F67A:  5A0A            RLA	R10
F67C:  430C            CLR	R12
F67E:  3FAC            JMP	0xF5D8

loc_F680:			; переходы из 0xF678
F680:  413A            POP	R10
F682:  413B            POP	R11
F684:  413C            POP	R12
F686:  413D            POP	R13
F688:  413E            POP	R14
F68A:  413F            POP	R15
F68C:  4130            RET

; ============================================================
; Функция sub_F68E @ 0xF68E   (вызовов: 2)
;   вызывается из: 0x18B6, 0xF91E
; ============================================================
F68E:  120F            PUSH	R15
F690:  4292 04E4 077C  MOV	&0x04E4, &0x077C
F696:  4292 04E6 077E  MOV	&0x04E6, &0x077E
F69C:  42E2 07B8       MOV.B	#4, &0x07B8
F6A0:  43C2 07B9       CLR.B	&0x07B9
F6A4:  40B2 06E0 070C  MOV	#0x06E0, &0x070C
F6AA:  40B2 0710 073C  MOV	#0x0710, &0x073C
F6B0:  40B2 0740 076C  MOV	#0x0740, &0x076C
F6B6:  40B2 0780 07AC  MOV	#0x0780, &0x07AC
F6BC:  40B2 06E0 070E  MOV	#0x06E0, &0x070E
F6C2:  40B2 0710 073E  MOV	#0x0710, &0x073E
F6C8:  40B2 0740 076E  MOV	#0x0740, &0x076E
F6CE:  425F 04E3       MOV.B	&0x04E3, R15
F6D2:  5F0F            RLA	R15
F6D4:  5F82 070E       ADD	R15, &0x070E
F6D8:  5F82 073E       ADD	R15, &0x073E
F6DC:  5F82 076E       ADD	R15, &0x076E
F6E0:  40B2 0780 07AE  MOV	#0x0780, &0x07AE
F6E6:  425F 04E2       MOV.B	&0x04E2, R15
F6EA:  5F0F            RLA	R15
F6EC:  5F82 07AE       ADD	R15, &0x07AE
F6F0:  4382 0708       CLR	&0x0708
F6F4:  4382 070A       CLR	&0x070A
F6F8:  4382 0738       CLR	&0x0738
F6FC:  4382 073A       CLR	&0x073A
F700:  4382 0738       CLR	&0x0738
F704:  4382 073A       CLR	&0x073A
F708:  4382 0770       CLR	&0x0770
F70C:  4382 0772       CLR	&0x0772
F710:  4382 0774       CLR	&0x0774
F714:  4382 0776       CLR	&0x0776
F718:  4382 0778       CLR	&0x0778
F71C:  4382 077A       CLR	&0x077A
F720:  4382 07A8       CLR	&0x07A8
F724:  4382 07AA       CLR	&0x07AA
F728:  403F 06E0       MOV	#0x06E0, R15

loc_F72C:			; переходы из 0xF736
F72C:  438F 0000       CLR	0(R15)
F730:  532F            INCD	R15
F732:  921F 070E       CMP	&0x070E, R15
F736:  2BFA            JNC	0xF72C
F738:  403F 0710       MOV	#0x0710, R15

loc_F73C:			; переходы из 0xF746
F73C:  438F 0000       CLR	0(R15)
F740:  532F            INCD	R15
F742:  921F 073E       CMP	&0x073E, R15
F746:  2BFA            JNC	0xF73C
F748:  403F 0740       MOV	#0x0740, R15

loc_F74C:			; переходы из 0xF756
F74C:  438F 0000       CLR	0(R15)
F750:  532F            INCD	R15
F752:  921F 076E       CMP	&0x076E, R15
F756:  2BFA            JNC	0xF74C
F758:  403F 0780       MOV	#0x0780, R15

loc_F75C:			; переходы из 0xF766
F75C:  438F 0000       CLR	0(R15)
F760:  532F            INCD	R15
F762:  921F 07AE       CMP	&0x07AE, R15
F766:  2BFA            JNC	0xF75C
F768:  413F            POP	R15
F76A:  4130            RET

; ============================================================
; Функция sub_F76C @ 0xF76C   (вызовов: 1)
;   вызывается из: 0x22DE
; ============================================================
F76C:  120D            PUSH	R13
F76E:  120C            PUSH	R12
F770:  120B            PUSH	R11
F772:  120A            PUSH	R10
F774:  431D            MOV	#1, R13
F776:  430C            CLR	R12
F778:  430A            CLR	R10

loc_F77A:			; переходы из 0xF894
F77A:  B31C            BIT	#1, R12
F77C:  2C04            JC	0xF786
F77E:  BD82 07BC       BIT	R13, &0x07BC
F782:  2480            JZ	0xF884
F784:  3C03            JMP	0xF78C

loc_F786:			; переходы из 0xF77C
F786:  BD82 07BE       BIT	R13, &0x07BE
F78A:  247C            JZ	0xF884

loc_F78C:			; переходы из 0xF784
F78C:  4A92 F968 04A8  MOV	-1688(R10), &0x04A8
F792:  C3A2 04F2       BIC	#2, &0x04F2
F796:  C0B2 0100 04FA  BIC	#0x0100, &0x04FA
F79C:  D0F2 0003 04AC  BIS.B	#0x0003, &0x04AC
F7A2:  43E2 04AB       MOV.B	#2, &0x04AB
F7A6:  40B2 04E0 04AE  MOV	#0x04E0, &0x04AE
F7AC:  12B0 C3A2       CALL	#0xC3A2
F7B0:  B3A2 04F2       BIT	#2, &0x04F2
F7B4:  2070            JNZ	0xF896
F7B6:  4292 04E0 054A  MOV	&0x04E0, &0x054A
F7BC:  930C            TST	R12
F7BE:  2020            JNZ	0xF800
F7C0:  403B 04E0       MOV	#0x04E0, R11
F7C4:  4382 04E6       CLR	&0x04E6
F7C8:  4382 04E8       CLR	&0x04E8
F7CC:  4382 04EA       CLR	&0x04EA
F7D0:  50B2 000D 054A  ADD	#0x000D, &0x054A
F7D6:  9A92 F988 054A  CMP	-1656(R10), &0x054A
F7DC:  2803            JNC	0xF7E4
F7DE:  80B2 0514 054A  SUB	#0x0514, &0x054A

loc_F7E4:			; переходы из 0xF7DC
F7E4:  4A92 F968 04A8  MOV	-1688(R10), &0x04A8
F7EA:  43E2 04AB       MOV.B	#2, &0x04AB
F7EE:  40B2 054A 04AE  MOV	#0x054A, &0x04AE
F7F4:  12B0 C2E2       CALL	#0xC2E2
F7F8:  B3A2 04F2       BIT	#2, &0x04F2
F7FC:  204C            JNZ	0xF896
F7FE:  3C18            JMP	0xF830

loc_F800:			; переходы из 0xF7BE
F800:  C3A2 04F2       BIC	#2, &0x04F2
F804:  C0B2 0200 04FA  BIC	#0x0200, &0x04FA
F80A:  D0F2 0003 04AC  BIS.B	#0x0003, &0x04AC
F810:  4292 054A 04A8  MOV	&0x054A, &0x04A8
F816:  40F2 000C 04AB  MOV.B	#0x000C, &0x04AB
F81C:  40B2 04E0 04AE  MOV	#0x04E0, &0x04AE
F822:  12B0 C3A2       CALL	#0xC3A2
F826:  B3A2 04F2       BIT	#2, &0x04F2
F82A:  2039            JNZ	0xF89E
F82C:  403B 04E6       MOV	#0x04E6, R11

loc_F830:			; переходы из 0xF7FE
F830:  C232            DINT
F832:  4303            CLR	CG
F834:  42DB 0500 0000  MOV.B	&0x0500, 0(R11)
F83A:  42DB 0501 0001  MOV.B	&0x0501, 1(R11)
F840:  42DB 0502 0002  MOV.B	&0x0502, 2(R11)
F846:  42DB 0504 0003  MOV.B	&0x0504, 3(R11)
F84C:  42DB 0505 0004  MOV.B	&0x0505, 4(R11)
F852:  42DB 0506 0005  MOV.B	&0x0506, 5(R11)
F858:  D232            EINT
F85A:  4292 054A 04A8  MOV	&0x054A, &0x04A8
F860:  40F2 000C 04AB  MOV.B	#0x000C, &0x04AB
F866:  40B2 04E0 04AE  MOV	#0x04E0, &0x04AE
F86C:  12B0 C2E2       CALL	#0xC2E2
F870:  B3A2 04F2       BIT	#2, &0x04F2
F874:  2014            JNZ	0xF89E
F876:  B31C            BIT	#1, R12
F878:  2C03            JC	0xF880
F87A:  CD82 07BC       BIC	R13, &0x07BC
F87E:  3C02            JMP	0xF884

loc_F880:			; переходы из 0xF878
F880:  CD82 07BE       BIC	R13, &0x07BE

loc_F884:			; переходы из 0xF782, 0xF78A, 0xF87E
F884:  B31C            BIT	#1, R12
F886:  2C01            JC	0xF88A
F888:  3C02            JMP	0xF88E

loc_F88A:			; переходы из 0xF886
F88A:  532A            INCD	R10
F88C:  5D0D            RLA	R13

loc_F88E:			; переходы из 0xF888
F88E:  E33C            INV	R12
F890:  930D            TST	R13
F892:  240F            JZ	0xF8B2
F894:  3F72            JMP	0xF77A

loc_F896:			; переходы из 0xF7B4, 0xF7FC
F896:  D0B2 0100 04FA  BIS	#0x0100, &0x04FA
F89C:  3C03            JMP	0xF8A4

loc_F89E:			; переходы из 0xF82A, 0xF874
F89E:  D0B2 0200 04FA  BIS	#0x0200, &0x04FA

loc_F8A4:			; переходы из 0xF89C
F8A4:  B31C            BIT	#1, R12
F8A6:  2C03            JC	0xF8AE
F8A8:  CD82 07BC       BIC	R13, &0x07BC
F8AC:  3C02            JMP	0xF8B2

loc_F8AE:			; переходы из 0xF8A6
F8AE:  CD82 07BE       BIC	R13, &0x07BE

loc_F8B2:			; переходы из 0xF892, 0xF8AC
F8B2:  413A            POP	R10
F8B4:  413B            POP	R11
F8B6:  413C            POP	R12
F8B8:  413D            POP	R13
F8BA:  4130            RET

; ============================================================
; Функция sub_F8BC @ 0xF8BC   (вызовов: 1)
;   вызывается из: 0x252C
; ============================================================
F8BC:  90B2 2050 05AE  CMP	#0x2050, &0x05AE
F8C2:  2C03            JC	0xF8CA
F8C4:  40B2 2050 05AE  MOV	#0x2050, &0x05AE

loc_F8CA:			; переходы из 0xF8C2
F8CA:  4292 05AE 04A8  MOV	&0x05AE, &0x04A8
F8D0:  40B2 0800 04AE  MOV	#0x0800, &0x04AE
F8D6:  40F2 000C 04AB  MOV.B	#0x000C, &0x04AB
F8DC:  12B0 C2E2       CALL	#0xC2E2
F8E0:  B0F2 000C 04AC  BIT.B	#0x000C, &0x04AC
F8E6:  2007            JNZ	0xF8F6
F8E8:  50B2 000D 05AE  ADD	#0x000D, &0x05AE
F8EE:  90B2 7191 05AE  CMP	#0x7191, &0x05AE
F8F4:  2838            JNC	0xF966

loc_F8F6:			; переходы из 0xF8E6
F8F6:  C2B2 04F6       BIC	#8, &0x04F6
F8FA:  12B0 CB1A       CALL	#0xCB1A
F8FE:  B0F2 000C 04AC  BIT.B	#0x000C, &0x04AC
F904:  240C            JZ	0xF91E
F906:  40F2 003C 04E1  MOV.B	#0x003C, &0x04E1
F90C:  40B2 1414 04E2  MOV	#0x1414, &0x04E2
F912:  40B2 0CCD 04E4  MOV	#0x0CCD, &0x04E4
F918:  40B2 0CCD 04E6  MOV	#0x0CCD, &0x04E6

loc_F91E:			; переходы из 0xF904
F91E:  12B0 F68E       CALL	#0xF68E
F922:  4382 04E8       CLR	&0x04E8
F926:  4292 04E8 07BA  MOV	&0x04E8, &0x07BA
F92C:  12B0 CB3C       CALL	#0xCB3C
F930:  40B2 201D 04A8  MOV	#0x201D, &0x04A8
F936:  40B2 1B2F 04E0  MOV	#0x1B2F, &0x04E0

loc_F93C:			; переходы из 0xF964
F93C:  50B2 0003 04A8  ADD	#0x0003, &0x04A8
F942:  50B2 0514 04E0  ADD	#0x0514, &0x04E0
F948:  40B2 04E0 04AE  MOV	#0x04E0, &0x04AE
F94E:  43E2 04AB       MOV.B	#2, &0x04AB
F952:  12B0 C2E2       CALL	#0xC2E2
F956:  B0F2 000C 04AC  BIT.B	#0x000C, &0x04AC
F95C:  2004            JNZ	0xF966
F95E:  90B2 6C6F 04E0  CMP	#0x6C6F, &0x04E0
F964:  2BEB            JNC	0xF93C

loc_F966:			; переходы из 0xF8F4, 0xF95C
F966:  4130            RET
F968:  2020            JNZ	0xF9AA
F96A:  2023            JNZ	0xF9B2
F96C:  2026            JNZ	0xF9BA
F96E:  2029            JNZ	0xF9C2
F970:  202C            JNZ	0xF9CA
F972:  202F            JNZ	0xF9D2
F974:  2032            JNZ	0xF9DA
F976:  2035            JNZ	0xF9E2
F978:  2038            JNZ	0xF9EA
F97A:  203B            JNZ	0xF9F2
F97C:  203E            JNZ	0xF9FA
F97E:  2041            JNZ	0xFA02
F980:  2044            JNZ	0xFA0A
F982:  2047            JNZ	0xFA12
F984:  204A            JNZ	0xFA1A
F986:  204D            JNZ	0xFA22
F988:  2564            JZ	0xFC52
F98A:  2A78            JNC	0xF67C
F98C:  2F8C            JC	0xF8A6
F98E:  34A0            JGE	0xFAD0
F990:  39B4            JL	0xFCFA
F992:  3EC8            JMP	0xF724
F994:  43DC 48F0       MOV.B	#1, 18672(R12)
F998:  4E04            MOV	R14, R4
F99A:  5318            INC	R8
F99C:  582C            ADD	@R8, R12
F99E:  5D40            ADD.B	R13, PC
F9A0:  6254 6768       ADDC.B	&0x6768, R4
F9A4:  6C7C            ADDC.B	@R12+, R12
F9A6:  7190 120F 120E  SUBC	4623(SP), 0x0BBA
F9AC:  120D            PUSH	R13
F9AE:  120C            PUSH	R12
F9B0:  B0F2 0010 0515  BIT.B	#0x0010, &0x0515
F9B6:  2C61            JC	0xFA7A
F9B8:  B2E2 0514       BIT.B	#4, &0x0514
F9BC:  2C5E            JC	0xFA7A
F9BE:  425F 0534       MOV.B	&0x0534, R15
F9C2:  12B0 CB54       CALL	#0xCB54
F9C6:  B0F2 000C 04AC  BIT.B	#0x000C, &0x04AC
F9CC:  2056            JNZ	0xFA7A
F9CE:  C0F2 0006 07F8  BIC.B	#0x0006, &0x07F8
F9D4:  92D2 07F1 0531  CMP.B	&0x07F1, &0x0531
F9DA:  284F            JNC	0xFA7A
F9DC:  2406            JZ	0xF9EA
F9DE:  92D2 07F3 0531  CMP.B	&0x07F3, &0x0531
F9E4:  2822            JNC	0xFA2A
F9E6:  2406            JZ	0xF9F4
F9E8:  3C0A            JMP	0xF9FE

loc_F9EA:			; переходы из 0xF9DC
F9EA:  92D2 07F0 0532  CMP.B	&0x07F0, &0x0532
F9F0:  2C1C            JC	0xFA2A
F9F2:  3C43            JMP	0xFA7A

loc_F9F4:			; переходы из 0xF9E6
F9F4:  92D2 0532 07F2  CMP.B	&0x0532, &0x07F2
F9FA:  2801            JNC	0xF9FE
F9FC:  3C16            JMP	0xFA2A

loc_F9FE:			; переходы из 0xF9E8, 0xF9FA
F9FE:  92D2 07F5 0531  CMP.B	&0x07F5, &0x0531
FA04:  283A            JNC	0xFA7A
FA06:  2406            JZ	0xFA14
FA08:  92D2 07F7 0531  CMP.B	&0x07F7, &0x0531
FA0E:  280B            JNC	0xFA26
FA10:  2406            JZ	0xFA1E
FA12:  3C33            JMP	0xFA7A

loc_FA14:			; переходы из 0xFA06
FA14:  92D2 07F4 0532  CMP.B	&0x07F4, &0x0532
FA1A:  2C05            JC	0xFA26
FA1C:  3C2E            JMP	0xFA7A

loc_FA1E:			; переходы из 0xFA10
FA1E:  92D2 0532 07F6  CMP.B	&0x0532, &0x07F6
FA24:  282A            JNC	0xFA7A

loc_FA26:			; переходы из 0xFA0E, 0xFA1A
FA26:  D3E2 07F8       BIS.B	#2, &0x07F8

loc_FA2A:			; переходы из 0xF9E4, 0xF9F0, 0xF9FC
FA2A:  425F 0534       MOV.B	&0x0534, R15
FA2E:  12B0 CB84       CALL	#0xCB84
FA32:  403F 0537       MOV	#0x0537, R15
FA36:  403E 04E0       MOV	#0x04E0, R14
FA3A:  B3E2 07F8       BIT.B	#2, &0x07F8
FA3E:  2402            JZ	0xFA44
FA40:  403E 04E2       MOV	#0x04E2, R14

loc_FA44:			; переходы из 0xFA3E, 0xFA64
FA44:  903F 053F       CMP	#0x053F, R15
FA48:  2C0E            JC	0xFA66
FA4A:  4F5D 0001       MOV.B	1(R15), R13
FA4E:  108D            SWPB	R13
FA50:  4F6C            MOV.B	@R15, R12
FA52:  5C0D            ADD	R12, R13
FA54:  9E2D            CMP	@R14, R13
FA56:  2804            JNC	0xFA60
FA58:  4D8E 0000       MOV	R13, 0(R14)
FA5C:  D2E2 07F8       BIS.B	#4, &0x07F8

loc_FA60:			; переходы из 0xFA56
FA60:  522E            ADD	#4, R14
FA62:  532F            INCD	R15
FA64:  3FEF            JMP	0xFA44

loc_FA66:			; переходы из 0xFA48
FA66:  B2E2 07F8       BIT.B	#4, &0x07F8
FA6A:  2407            JZ	0xFA7A
FA6C:  425F 0534       MOV.B	&0x0534, R15
FA70:  40B2 04E0 04AE  MOV	#0x04E0, &0x04AE
FA76:  12B0 CBB6       CALL	#0xCBB6

loc_FA7A:			; переходы из 0xF9B6, 0xF9BC, 0xF9CC, 0xF9DA, 0xF9F2, 0xFA04, 0xFA12, 0xFA1C
FA7A:  413C            POP	R12
FA7C:  413D            POP	R13
FA7E:  413E            POP	R14
FA80:  413F            POP	R15
FA82:  4130            RET
FA84:  .word 0302 0005                                |....|
FA88:  28FA            JNC	0xFC7E
FA8A:  BC9E F46C A8F6  BIT	-2964(R12), -22282(R14)
FA90:  FCFF 76EE       AND.B	@R12+, 30446(R15)
FA94:  3ED2            JMP	0xF83A
FA96:  C6D6 1D40 08F9  BIC.B	7488(R6), 2297(R6)
FA9C:  .word 08F9                                     |..|
FA9E:  2CB1            JC	0xFC02
FAA0:  4832            MOV	@R8+, SR
FAA2:  9452 9452       CMP.B	-27566(R4), SR
FAA6:  .word 17AB 00EA 0047 0047 0047 0241            |....G.G.G.A.|
FAB2:  CCA2 CCA2       BIC	@R12, &0xCCA2
FAB6:  81BF 0001       SUB	@SP+, 1(R15)
FABA:  .word 0001 0001 0001 0020 0020 0020 00A0 FFFF  |...... . . .....|
FACA:  7735            SUBC	@R7+, R5
FACC:  3B9A            JL	0xFA02
FACE:  7735            SUBC	@R7+, R5
FAD2:  9400            CMP	R4, PC
FAD4:  CA00            BIC	R10, PC
FAD6:  9400            CMP	R4, PC
FADA:  7735            SUBC	@R7+, R5
FADC:  3B9A            JL	0xFA12
FADE:  7735            SUBC	@R7+, R5
FAE2:  93F6 C9FB       CMP.B	#-1, -13829(R6)
FAE6:  93F6 0186       CMP.B	#-1, 390(R6)
FAEA:  4ADA 267C 7DF4  MOV.B	9852(R10), 32244(R10)
FAF0:  7DF4 7DF4       SUBC.B	@R13+, 32244(R4)
FAF4:  .word 0F41                                     |A.|
FAF6:  4BF5 97EF       MOV.B	@R11+, -26641(R5)
FAFA:  .word 0F41                                     |A.|
FAFC:  4B0C            MOV	R11, R12
FAFE:  4C70            BR	@R12+
FB00:  4C70            BR	@R12+
FB02:  7AC9 0408       SUBC.B	R10, 1032(R9)
FB06:  .word 0703 014E 006F 006F 006F 1800 0500 0500  |..N.o.o.o.......|
FB16:  .word 1800                                     |..|
FB18:  E271            XOR.B	#8, SP
FB1A:  88C4 2010       SUB.B	R8, 8208(R4)
FB1E:  .word 0402                                     |..|
FB20:  1309            RETI
FB22:  4E27            MOV	@R14, R7
FB24:  .word 0A05                                     |..|
FB26:  2814            JNC	0xFB50
FB28:  A050 03A0       DADD.B	0xFECC, PC
FB2C:  .word 0014 0001 0000 0006                      |........|
FB34:  CD00            BIC	R13, PC
FB36:  46C4 A362       MOV.B	R6, -23710(R4)
FB3A:  5B2D            ADD	@R11, R13
FB3C:  C100            BIC	SP, PC
FB3E:  4081 C001       MOV	PC, -16383(SP)
FB42:  4180 C001       MOV	SP, 0xBB47
FB46:  4180 C100       MOV	SP, 0xBC4A
FB4A:  4081 C001       MOV	PC, -16383(SP)
FB4E:  4180 C100       MOV	SP, 0xBC52
FB52:  4081 C100       MOV	PC, -16128(SP)
FB56:  4081 C001       MOV	PC, -16383(SP)
FB5A:  4180 C001       MOV	SP, 0xBB5F
FB5E:  4180 C100       MOV	SP, 0xBC62
FB62:  4081 C100       MOV	PC, -16128(SP)
FB66:  4081 C001       MOV	PC, -16383(SP)
FB6A:  4180 C100       MOV	SP, 0xBC6E
FB6E:  4081 C001       MOV	PC, -16383(SP)
FB72:  4180 C001       MOV	SP, 0xBB77
FB76:  4180 C100       MOV	SP, 0xBC7A
FB7A:  4081 C001       MOV	PC, -16383(SP)
FB7E:  4180 C100       MOV	SP, 0xBC82
FB82:  4081 C100       MOV	PC, -16128(SP)
FB86:  4081 C001       MOV	PC, -16383(SP)
FB8A:  4180 C100       MOV	SP, 0xBC8E
FB8E:  4081 C001       MOV	PC, -16383(SP)
FB92:  4180 C001       MOV	SP, 0xBB97
FB96:  4180 C100       MOV	SP, 0xBC9A
FB9A:  4081 C100       MOV	PC, -16128(SP)
FB9E:  4081 C001       MOV	PC, -16383(SP)
FBA2:  4180 C001       MOV	SP, 0xBBA7
FBA6:  4180 C100       MOV	SP, 0xBCAA
FBAA:  4081 C001       MOV	PC, -16383(SP)
FBAE:  4180 C100       MOV	SP, 0xBCB2
FBB2:  4081 C100       MOV	PC, -16128(SP)
FBB6:  4081 C001       MOV	PC, -16383(SP)
FBBA:  4180 C001       MOV	SP, 0xBBBF
FBBE:  4180 C100       MOV	SP, 0xBCC2
FBC2:  4081 C100       MOV	PC, -16128(SP)
FBC6:  4081 C001       MOV	PC, -16383(SP)
FBCA:  4180 C100       MOV	SP, 0xBCCE
FBCE:  4081 C001       MOV	PC, -16383(SP)
FBD2:  4180 C001       MOV	SP, 0xBBD7
FBD6:  4180 C100       MOV	SP, 0xBCDA
FBDA:  4081 C100       MOV	PC, -16128(SP)
FBDE:  4081 C001       MOV	PC, -16383(SP)
FBE2:  4180 C001       MOV	SP, 0xBBE7
FBE6:  4180 C100       MOV	SP, 0xBCEA
FBEA:  4081 C001       MOV	PC, -16383(SP)
FBEE:  4180 C100       MOV	SP, 0xBCF2
FBF2:  4081 C100       MOV	PC, -16128(SP)
FBF6:  4081 C001       MOV	PC, -16383(SP)
FBFA:  4180 C100       MOV	SP, 0xBCFE
FBFE:  4081 C001       MOV	PC, -16383(SP)
FC02:  4180 C001       MOV	SP, 0xBC07
FC06:  4180 C100       MOV	SP, 0xBD0A
FC0A:  4081 C001       MOV	PC, -16383(SP)
FC0E:  4180 C100       MOV	SP, 0xBD12
FC12:  4081 C100       MOV	PC, -16128(SP)
FC16:  4081 C001       MOV	PC, -16383(SP)
FC1A:  4180 C001       MOV	SP, 0xBC1F
FC1E:  4180 C100       MOV	SP, 0xBD22
FC22:  4081 C100       MOV	PC, -16128(SP)
FC26:  4081 C001       MOV	PC, -16383(SP)
FC2A:  4180 C100       MOV	SP, 0xBD2E
FC2E:  4081 C001       MOV	PC, -16383(SP)
FC32:  4180 C001       MOV	SP, 0xBC37
FC36:  4180 C100       MOV	SP, 0xBD3A
FC3A:  4081 C000       MOV	PC, -16384(SP)
FC3E:  .word 01C1 03C3                                |....|
FC42:  C202            BIC	SR, SR
FC44:  .word 06C6                                     |..|
FC46:  C707            BIC	R7, R7
FC48:  C505            BIC	R5, R5
FC4A:  .word 04C4 0CCC                                |....|
FC4E:  CD0D            BIC	R13, R13
FC50:  CF0F            BIC	R15, R15
FC52:  .word 0ECE                                     |..|
FC54:  CA0A            BIC	R10, R10
FC56:  .word 0BCB 09C9                                |....|
FC5A:  C808            BIC	R8, R8
FC5C:  .word 18D8                                     |..|
FC5E:  D919 DB1B       BIS	-9445(R9), R9
FC62:  .word 1ADA                                     |..|
FC64:  DE1E 1FDF       BIS	8159(R14), R14
FC68:  .word 1DDD                                     |..|
FC6A:  DC1C D414       BIS	-11244(R12), R12
FC6E:  .word 15D5 17D7                                |....|
FC72:  D616 12D2       BIS	4818(R6), R6
FC76:  D313            BIS	#1, CG
FC78:  D111 10D0       BIS	4304(SP), SP
FC7C:  30F0            JN	0xFE5E
FC7E:  F131            AND	@SP+, SP
FC80:  F333            AND	#-1, CG
FC82:  32F2            JN	0xFA68
FC84:  F636            AND	@R6+, R6
FC86:  37F7            JGE	0xFC76
FC88:  35F5            JGE	0x0074
FC8A:  F434            AND	@R4+, R4
FC8C:  FC3C            AND	@R12+, R12
FC8E:  3DFD            JMP	ADC12MCTL10
FC90:  3FFF            JMP	0xFC90
FC92:  FE3E            AND	@R14+, R14
FC94:  3AFA            JL	0xFA8A
FC96:  FB3B            AND	@R11+, R11
FC98:  F939            AND	@R9+, R9
FC9A:  38F8            JL	0xFE8C
FC9C:  E828            XOR	@R8, R8
FC9E:  29E9            JNC	0x0072
FCA0:  2BEB            JNC	0xFC78
FCA2:  EA2A            XOR	@R10, R10
FCA4:  2EEE            JC	0xFA82
FCA6:  EF2F            XOR	@R15, R15
FCA8:  ED2D            XOR	@R13, R13
FCAA:  2CEC            JC	0xFE84
FCAC:  24E4            JZ	0xFE76
FCAE:  E525            XOR	@R5, R5
FCB0:  E727            XOR	@R7, R7
FCB2:  26E6            JZ	0xFA80
FCB4:  E222            XOR	#4, SR
FCB6:  23E3            JNZ	0xFC7E
FCB8:  21E1            JNZ	0x007C
FCBA:  E020            XOR	@PC, PC
FCBC:  60A0 A161       ADDC	@PC, 0x9E21
FCC0:  A363            DADD.B	#2, CG
FCC2:  62A2 A666       ADDC	#4, &0xA666
FCC6:  67A7 65A5       ADDC	@R7, 26021(R7)
FCCA:  A464            DADD.B	@R4, R4
FCCC:  AC6C            DADD.B	@R12, R12
FCCE:  6DAD 6FAF       ADDC	@R13, 28591(R13)
FCD2:  AE6E            DADD.B	@R14, R14
FCD4:  6AAA AB6B       ADDC	@R10, -21653(R10)
FCD8:  A969            DADD.B	@R9, R9
FCDA:  68A8 B878       ADDC	@R8, -18312(R8)
FCDE:  79B9 7BBB       SUBC	@R9+, 31675(R9)
FCE2:  BA7A            BIT.B	@R10+, R10
FCE4:  7EBE BF7F       SUBC	@R14+, -16513(R14)
FCE8:  BD7D            BIT.B	@R13+, R13
FCEA:  7CBC 74B4       SUBC	@R12+, 29876(R12)
FCEE:  B575            BIT.B	@R5+, R5
FCF0:  B777            BIT.B	@R7+, R7
FCF2:  76B6 B272       SUBC	@R6+, -19854(R6)
FCF6:  73B3 71B1       SUBC	#-1, 29105(CG)
FCFA:  B070 9050       BIT.B	#0x0050, PC
FCFE:  5191 5393 9252  ADD	21395(SP), -28078(SP)
FD04:  5696 9757 9555  ADD	-26793(R6), -27307(R6)
FD0A:  5494 5C9C 9D5D  ADD	23708(R4), -25251(R4)
FD10:  9F5F 5E9E       CMP.B	24222(R15), R15
FD14:  9A5A 5B9B       CMP.B	23451(R10), R10
FD18:  5999 9858 4888  ADD	-26536(R9), 18568(R9)
FD1E:  8949            SUB.B	R9, R9
FD20:  8B4B            SUB.B	R11, R11
FD22:  4A8A 8E4E       MOV	R10, -29106(R10)
FD26:  4F8F 4D8D       MOV	R15, 19853(R15)
FD2A:  8C4C            SUB.B	R12, R12
FD2C:  8444            SUB.B	R4, R4
FD2E:  4585 4787       MOV	R5, 18311(R5)
FD32:  8646            SUB.B	R6, R6
FD34:  4282 8343       MOV	SR, &0x8343
FD38:  8141            SUB.B	SP, SP
FD3A:  4080 E437       MOV	PC, 0xE175
FD3E:  27E1            JZ	0xFD02
FFE0:  .word 2EE2 2EA2 4462 4412 4464 3CC2 2E72 2E32  |....bD.DdD.<r.2.|
FFF0:  .word 2F12 2DC6 2560 4460 2570 445E 2532 1100  |./.-`%`Dp%^D2%..|
