; Дизассемблирование firmware/201.2_2.hex
; Инструкций найдено: 1909, подпрограмм: 38

  1000:  77 58 52 27 8B 3F 00 00 04 A2 CB 71 14 11 17 00 |wXR'.?.....q....|
  1010:  FF FF FF FF FF FF FF FF FF FF FF FF FF FF FF FF |................|
  1020:  FF FF FF FF FF FF FF FF FF FF FF FF FF FF FF FF |................|
  1030:  FF FF FF FF FF FF FF FF FF FF FF FF FF FF FF FF |................|
  1040:  FF FF FF FF FF FF FF FF FF FF FF FF FF FF FF FF |................|
  1050:  FF FF FF FF FF FF FF FF FF FF FF FF FF FF FF FF |................|
  1060:  FF FF FF FF FF FF FF FF FF FF FF FF FF FF FF FF |................|
  1070:  FF FF FF FF FF FF FF FF FF FF FF FF FF FF FF FF |................|
  1080:  03 02 00 05 04 10 FF FF FF FF FF FF FF FF FF FF |................|
  1090:  FF FF FF FF FF FF FF FF FF FF FF FF FF FF FF FF |................|
  10A0:  FF FF FF FF FF FF FF FF FF FF FF FF FF FF FF FF |................|
  10B0:  FF FF FF FF FF FF FF FF FF FF FF FF FF FF FF FF |................|
  10C0:  FF FF FF FF FF FF FF FF FF FF FF FF FF FF FF FF |................|
  10D0:  FF FF FF FF FF FF FF FF FF FF FF FF FF FF FF FF |................|
  10E0:  FF FF FF FF FF FF FF FF FF FF FF FF FF FF FF FF |................|
  10F0:  FF FF FF FF FF FF FF FF FF FF FF FF FF FF FF FF |................|
  8000:  FF FF FF FF FF FF FF FF FF FF FF FF FF FF FF FF |................|
  8010:  FF FF FF FF FF FF FF FF FF FF FF FF FF FF FF FF |................|
  8020:  FF FF FF FF FF FF FF FF FF FF FF FF FF FF FF FF |................|
  8030:  FF FF FF FF FF FF FF FF FF FF FF FF FF FF FF FF |................|
  8040:  FF FF FF FF FF FF FF FF FF FF FF FF FF FF FF FF |................|
  8050:  FF FF FF FF FF FF FF FF FF FF FF FF FF FF FF FF |................|
  8060:  FF FF FF FF FF FF FF FF FF FF FF FF FF FF FF FF |................|
  8070:  FF FF FF FF FF FF FF FF FF FF FF FF FF FF FF FF |................|
  8080:  FF FF FF FF FF FF FF FF FF FF FF FF FF FF FF FF |................|
  8090:  FF FF FF FF FF FF FF FF FF FF FF FF FF FF FF FF |................|
  80A0:  FF FF FF FF FF FF FF FF FF FF FF FF FF FF FF FF |................|
  80B0:  FF FF FF FF FF FF FF FF FF FF FF FF FF FF FF FF |................|
  80C0:  FF FF FF FF FF FF FF FF FF FF FF FF FF FF FF FF |................|
  80D0:  FF FF FF FF FF FF FF FF FF FF FF FF FF FF FF FF |................|
  80E0:  FF FF FF FF FF FF FF FF FF FF FF FF FF FF FF FF |................|
  80F0:  FF FF FF FF FF FF FF FF FF FF FF FF FF FF FF FF |................|
  8100:  FF FF FF FF FF FF FF FF FF FF FF FF FF FF FF FF |................|
  8110:  FF FF FF FF FF FF FF FF FF FF FF FF FF FF FF FF |................|
  8120:  FF FF FF FF FF FF FF FF FF FF FF FF FF FF FF FF |................|
  8130:  FF FF FF FF FF FF FF FF FF FF FF FF FF FF FF FF |................|
  8140:  FF FF FF FF FF FF FF FF FF FF FF FF FF FF FF FF |................|
  8150:  FF FF FF FF FF FF FF FF FF FF FF FF FF FF FF FF |................|
  8160:  FF FF FF FF FF FF FF FF FF FF FF FF FF FF FF FF |................|
  8170:  FF FF FF FF FF FF FF FF FF FF FF FF FF FF FF FF |................|
  8180:  FF FF FF FF FF FF FF FF FF FF FF FF FF FF FF FF |................|
  8190:  FF FF FF FF FF FF FF FF FF FF FF FF FF FF FF FF |................|
  81A0:  FF FF FF FF FF FF FF FF FF FF FF FF FF FF FF FF |................|
  81B0:  FF FF FF FF FF FF FF FF FF FF FF FF FF FF FF FF |................|
  81C0:  FF FF FF FF FF FF FF FF FF FF FF FF FF FF FF FF |................|
  81D0:  FF FF FF FF FF FF FF FF FF FF FF FF FF FF FF FF |................|
  81E0:  FF FF FF FF FF FF FF FF FF FF FF FF FF FF FF FF |................|
  81F0:  FF FF FF FF FF FF FF FF FF FF FF FF FF FF FF FF |................|
  8200:  FF FF FF FF FF FF FF FF FF FF FF FF FF FF FF FF |................|
  8210:  FF FF FF FF FF FF FF FF FF FF FF FF FF FF FF FF |................|
  8220:  FF FF FF FF FF FF FF FF FF FF FF FF FF FF FF FF |................|
  8230:  FF FF FF FF FF FF FF FF FF FF FF FF FF FF FF FF |................|
  8240:  FF FF FF FF FF FF FF FF FF FF FF FF FF FF FF FF |................|
  8250:  FF FF FF FF FF FF FF FF FF FF FF FF FF FF FF FF |................|
  8260:  FF FF FF FF FF FF FF FF FF FF FF FF FF FF FF FF |................|
  8270:  FF FF FF FF FF FF FF FF FF FF FF FF FF FF FF FF |................|
  8280:  FF FF FF FF FF FF FF FF FF FF FF FF FF FF FF FF |................|
  8290:  FF FF FF FF FF FF FF FF FF FF FF FF FF FF FF FF |................|
  82A0:  FF FF FF FF FF FF FF FF FF FF FF FF FF FF FF FF |................|
  82B0:  FF FF FF FF FF FF FF FF FF FF FF FF FF FF FF FF |................|
  82C0:  FF FF FF FF FF FF FF FF FF FF FF FF FF FF FF FF |................|
  82D0:  FF FF FF FF FF FF FF FF FF FF FF FF FF FF FF FF |................|
  82E0:  FF FF FF FF FF FF FF FF FF FF FF FF FF FF FF FF |................|
  82F0:  FF FF FF FF FF FF FF FF FF FF FF FF FF FF FF FF |................|
  8300:  FF FF FF FF FF FF FF FF FF FF FF FF FF FF FF FF |................|
  8310:  FF FF FF FF FF FF FF FF FF FF FF FF FF FF FF FF |................|
  8320:  FF FF FF FF FF FF FF FF FF FF FF FF FF FF FF FF |................|
  8330:  FF FF FF FF FF FF FF FF FF FF FF FF FF FF FF FF |................|
  8340:  FF FF FF FF FF FF FF FF FF FF FF FF FF FF FF FF |................|
  8350:  FF FF FF FF FF FF FF FF FF FF FF FF FF FF FF FF |................|
  8360:  FF FF FF FF FF FF FF FF FF FF FF FF FF FF FF FF |................|
  8370:  FF FF FF FF FF FF FF FF FF FF FF FF FF FF FF FF |................|
  8380:  FF FF FF FF FF FF FF FF FF FF FF FF FF FF FF FF |................|
  8390:  FF FF FF FF FF FF FF FF FF FF FF FF FF FF FF FF |................|
  83A0:  FF FF FF FF FF FF FF FF FF FF FF FF FF FF FF FF |................|
  83B0:  FF FF FF FF FF FF FF FF FF FF FF FF FF FF FF FF |................|
  83C0:  FF FF FF FF FF FF FF FF FF FF FF FF FF FF FF FF |................|
  83D0:  FF FF FF FF FF FF FF FF FF FF FF FF FF FF FF FF |................|
  83E0:  FF FF FF FF FF FF FF FF FF FF FF FF FF FF FF FF |................|
  83F0:  FF FF FF FF FF FF FF FF FF FF FF FF FF FF FF FF |................|
  8400:  FF FF FF FF FF FF FF FF FF FF FF FF FF FF FF FF |................|
  8410:  FF FF FF FF FF FF FF FF FF FF FF FF FF FF FF FF |................|
  8420:  FF FF FF FF FF FF FF FF FF FF FF FF FF FF FF FF |................|
  8430:  FF FF FF FF FF FF FF FF FF FF FF FF FF FF FF FF |................|
  8440:  FF FF FF FF FF FF FF FF FF FF FF FF FF FF FF FF |................|
  8450:  FF FF FF FF FF FF FF FF FF FF FF FF FF FF FF FF |................|
  8460:  FF FF FF FF FF FF FF FF FF FF FF FF FF FF FF FF |................|
  8470:  FF FF FF FF FF FF FF FF FF FF FF FF FF FF FF FF |................|
  8480:  FF FF FF FF FF FF FF FF FF FF FF FF FF FF FF FF |................|
  8490:  FF FF FF FF FF FF FF FF FF FF FF FF FF FF FF FF |................|
  84A0:  FF FF FF FF FF FF FF FF FF FF FF FF FF FF FF FF |................|
  84B0:  FF FF FF FF FF FF FF FF FF FF FF FF FF FF FF FF |................|
  84C0:  FF FF FF FF FF FF FF FF FF FF FF FF FF FF FF FF |................|
  84D0:  FF FF FF FF FF FF FF FF FF FF FF FF FF FF FF FF |................|
  84E0:  FF FF FF FF FF FF FF FF FF FF FF FF FF FF FF FF |................|
  84F0:  FF FF FF FF FF FF FF FF FF FF FF FF FF FF FF FF |................|
  8500:  FF FF FF FF FF FF FF FF FF FF FF FF FF FF FF FF |................|
  8510:  FF FF FF FF FF FF FF FF FF FF FF FF FF FF FF FF |................|
  8520:  FF FF FF FF FF FF FF FF FF FF FF FF FF FF FF FF |................|
  8530:  FF FF FF FF FF FF FF FF FF FF FF FF FF FF FF FF |................|
  8540:  FF FF FF FF FF FF FF FF FF FF FF FF FF FF FF FF |................|
  8550:  FF FF FF FF FF FF FF FF FF FF FF FF FF FF FF FF |................|
  8560:  FF FF FF FF FF FF FF FF FF FF FF FF FF FF FF FF |................|
  8570:  FF FF FF FF FF FF FF FF FF FF FF FF FF FF FF FF |................|
  8580:  FF FF FF FF FF FF FF FF FF FF FF FF FF FF FF FF |................|
  8590:  FF FF FF FF FF FF FF FF FF FF FF FF FF FF FF FF |................|
  85A0:  FF FF FF FF FF FF FF FF FF FF FF FF FF FF FF FF |................|
  85B0:  FF FF FF FF FF FF FF FF FF FF FF FF FF FF FF FF |................|
  85C0:  FF FF FF FF FF FF FF FF FF FF FF FF FF FF FF FF |................|
  85D0:  FF FF FF FF FF FF FF FF FF FF FF FF FF FF FF FF |................|
  85E0:  FF FF FF FF FF FF FF FF FF FF FF FF FF FF FF FF |................|
  85F0:  FF FF FF FF FF FF FF FF FF FF FF FF FF FF FF FF |................|
  8600:  FF FF FF FF FF FF FF FF FF FF FF FF FF FF FF FF |................|
  8610:  FF FF FF FF FF FF FF FF FF FF FF FF FF FF FF FF |................|
  8620:  FF FF FF FF FF FF FF FF FF FF FF FF FF FF FF FF |................|
  8630:  FF FF FF FF FF FF FF FF FF FF FF FF FF FF FF FF |................|
  8640:  FF FF FF FF FF FF FF FF FF FF FF FF FF FF FF FF |................|
  8650:  FF FF FF FF FF FF FF FF FF FF FF FF FF FF FF FF |................|
  8660:  FF FF FF FF FF FF FF FF FF FF FF FF FF FF FF FF |................|
  8670:  FF FF FF FF FF FF FF FF FF FF FF FF FF FF FF FF |................|
  8680:  FF FF FF FF FF FF FF FF FF FF FF FF FF FF FF FF |................|
  8690:  FF FF FF FF FF FF FF FF FF FF FF FF FF FF FF FF |................|
  86A0:  FF FF FF FF FF FF FF FF FF FF FF FF FF FF FF FF |................|
  86B0:  FF FF FF FF FF FF FF FF FF FF FF FF FF FF FF FF |................|
  86C0:  FF FF FF FF FF FF FF FF FF FF FF FF FF FF FF FF |................|
  86D0:  FF FF FF FF FF FF FF FF FF FF FF FF FF FF FF FF |................|
  86E0:  FF FF FF FF FF FF FF FF FF FF FF FF FF FF FF FF |................|
  86F0:  FF FF FF FF FF FF FF FF FF FF FF FF FF FF FF FF |................|
  8700:  FF FF FF FF FF FF FF FF FF FF FF FF FF FF FF FF |................|
  8710:  FF FF FF FF FF FF FF FF FF FF FF FF FF FF FF FF |................|
  8720:  FF FF FF FF FF FF FF FF FF FF FF FF FF FF FF FF |................|
  8730:  FF FF FF FF FF FF FF FF FF FF FF FF FF FF FF FF |................|
  8740:  FF FF FF FF FF FF FF FF FF FF FF FF FF FF FF FF |................|
  8750:  FF FF FF FF FF FF FF FF FF FF FF FF FF FF FF FF |................|
  8760:  FF FF FF FF FF FF FF FF FF FF FF FF FF FF FF FF |................|
  8770:  FF FF FF FF FF FF FF FF FF FF FF FF FF FF FF FF |................|
  8780:  FF FF FF FF FF FF FF FF FF FF FF FF FF FF FF FF |................|
  8790:  FF FF FF FF FF FF FF FF FF FF FF FF FF FF FF FF |................|
  87A0:  FF FF FF FF FF FF FF FF FF FF FF FF FF FF FF FF |................|
  87B0:  FF FF FF FF FF FF FF FF FF FF FF FF FF FF FF FF |................|
  87C0:  FF FF FF FF FF FF FF FF FF FF FF FF FF FF FF FF |................|
  87D0:  FF FF FF FF FF FF FF FF FF FF FF FF FF FF FF FF |................|
  87E0:  FF FF FF FF FF FF FF FF FF FF FF FF FF FF FF FF |................|
  87F0:  FF FF FF FF FF FF FF FF FF FF FF FF FF FF FF FF |................|
  8800:  FF FF FF FF FF FF FF FF FF FF FF FF FF FF FF FF |................|
  8810:  FF FF FF FF FF FF FF FF FF FF FF FF FF FF FF FF |................|
  8820:  FF FF FF FF FF FF FF FF FF FF FF FF FF FF FF FF |................|
  8830:  FF FF FF FF FF FF FF FF FF FF FF FF FF FF FF FF |................|
  8840:  FF FF FF FF FF FF FF FF FF FF FF FF FF FF FF FF |................|
  8850:  FF FF FF FF FF FF FF FF FF FF FF FF FF FF FF FF |................|
  8860:  FF FF FF FF FF FF FF FF FF FF FF FF FF FF FF FF |................|
  8870:  FF FF FF FF FF FF FF FF FF FF FF FF FF FF FF FF |................|
  8880:  FF FF FF FF FF FF FF FF FF FF FF FF FF FF FF FF |................|
  8890:  FF FF FF FF FF FF FF FF FF FF FF FF FF FF FF FF |................|
  88A0:  FF FF FF FF FF FF FF FF FF FF FF FF FF FF FF FF |................|
  88B0:  FF FF FF FF FF FF FF FF FF FF FF FF FF FF FF FF |................|
  88C0:  FF FF FF FF FF FF FF FF FF FF FF FF FF FF FF FF |................|
  88D0:  FF FF FF FF FF FF FF FF FF FF FF FF FF FF FF FF |................|
  88E0:  FF FF FF FF FF FF FF FF FF FF FF FF FF FF FF FF |................|
  88F0:  FF FF FF FF FF FF FF FF FF FF FF FF FF FF FF FF |................|
  8900:  FF FF FF FF FF FF FF FF FF FF FF FF FF FF FF FF |................|
  8910:  FF FF FF FF FF FF FF FF FF FF FF FF FF FF FF FF |................|
  8920:  FF FF FF FF FF FF FF FF FF FF FF FF FF FF FF FF |................|
  8930:  FF FF FF FF FF FF FF FF FF FF FF FF FF FF FF FF |................|
  8940:  FF FF FF FF FF FF FF FF FF FF FF FF FF FF FF FF |................|
  8950:  FF FF FF FF FF FF FF FF FF FF FF FF FF FF FF FF |................|
  8960:  FF FF FF FF FF FF FF FF FF FF FF FF FF FF FF FF |................|
  8970:  FF FF FF FF FF FF FF FF FF FF FF FF FF FF FF FF |................|
  8980:  FF FF FF FF FF FF FF FF FF FF FF FF FF FF FF FF |................|
  8990:  FF FF FF FF FF FF FF FF FF FF FF FF FF FF FF FF |................|
  89A0:  FF FF FF FF FF FF FF FF FF FF FF FF FF FF FF FF |................|
  89B0:  FF FF FF FF FF FF FF FF FF FF FF FF FF FF FF FF |................|
  89C0:  FF FF FF FF FF FF FF FF FF FF FF FF FF FF FF FF |................|
  89D0:  FF FF FF FF FF FF FF FF FF FF FF FF FF FF FF FF |................|
  89E0:  FF FF FF FF FF FF FF FF FF FF FF FF FF FF FF FF |................|
  89F0:  FF FF FF FF FF FF FF FF FF FF FF FF FF FF FF FF |................|
  8A00:  FF FF FF FF FF FF FF FF FF FF FF FF FF FF FF FF |................|
  8A10:  FF FF FF FF FF FF FF FF FF FF FF FF FF FF FF FF |................|
  8A20:  FF FF FF FF FF FF FF FF FF FF FF FF FF FF FF FF |................|
  8A30:  FF FF FF FF FF FF FF FF FF FF FF FF FF FF FF FF |................|
  8A40:  FF FF FF FF FF FF FF FF FF FF FF FF FF FF FF FF |................|
  8A50:  FF FF FF FF FF FF FF FF FF FF FF FF FF FF FF FF |................|
  8A60:  FF FF FF FF FF FF FF FF FF FF FF FF FF FF FF FF |................|
  8A70:  FF FF FF FF FF FF FF FF FF FF FF FF FF FF FF FF |................|
  8A80:  FF FF FF FF FF FF FF FF FF FF FF FF FF FF FF FF |................|
  8A90:  FF FF FF FF FF FF FF FF FF FF FF FF FF FF FF FF |................|
  8AA0:  FF FF FF FF FF FF FF FF FF FF FF FF FF FF FF FF |................|
  8AB0:  FF FF FF FF FF FF FF FF FF FF FF FF FF FF FF FF |................|
  8AC0:  FF FF FF FF FF FF FF FF FF FF FF FF FF FF FF FF |................|
  8AD0:  FF FF FF FF FF FF FF FF FF FF FF FF FF FF FF FF |................|
  8AE0:  FF FF FF FF FF FF FF FF FF FF FF FF FF FF FF FF |................|
  8AF0:  FF FF FF FF FF FF FF FF FF FF FF FF FF FF FF FF |................|
  8B00:  FF FF FF FF FF FF FF FF FF FF FF FF FF FF FF FF |................|
  8B10:  FF FF FF FF FF FF FF FF FF FF FF FF FF FF FF FF |................|
  8B20:  FF FF FF FF FF FF FF FF FF FF FF FF FF FF FF FF |................|
  8B30:  FF FF FF FF FF FF FF FF FF FF FF FF FF FF FF FF |................|
  8B40:  FF FF FF FF FF FF FF FF FF FF FF FF FF FF FF FF |................|
  8B50:  FF FF FF FF FF FF FF FF FF FF FF FF FF FF FF FF |................|
  8B60:  FF FF FF FF FF FF FF FF FF FF FF FF FF FF FF FF |................|
  8B70:  FF FF FF FF FF FF FF FF FF FF FF FF FF FF FF FF |................|
  8B80:  FF FF FF FF FF FF FF FF FF FF FF FF FF FF FF FF |................|
  8B90:  FF FF FF FF FF FF FF FF FF FF FF FF FF FF FF FF |................|
  8BA0:  FF FF FF FF FF FF FF FF FF FF FF FF FF FF FF FF |................|
  8BB0:  FF FF FF FF FF FF FF FF FF FF FF FF FF FF FF FF |................|
  8BC0:  FF FF FF FF FF FF FF FF FF FF FF FF FF FF FF FF |................|
  8BD0:  FF FF FF FF FF FF FF FF FF FF FF FF FF FF FF FF |................|
  8BE0:  FF FF FF FF FF FF FF FF FF FF FF FF FF FF FF FF |................|
  8BF0:  FF FF FF FF FF FF FF FF FF FF FF FF FF FF FF FF |................|
  8C00:  FF FF FF FF FF FF FF FF FF FF FF FF FF FF FF FF |................|
  8C10:  FF FF FF FF FF FF FF FF FF FF FF FF FF FF FF FF |................|
  8C20:  FF FF FF FF FF FF FF FF FF FF FF FF FF FF FF FF |................|
  8C30:  FF FF FF FF FF FF FF FF FF FF FF FF FF FF FF FF |................|
  8C40:  FF FF FF FF FF FF FF FF FF FF FF FF FF FF FF FF |................|
  8C50:  FF FF FF FF FF FF FF FF FF FF FF FF FF FF FF FF |................|
  8C60:  FF FF FF FF FF FF FF FF FF FF FF FF FF FF FF FF |................|
  8C70:  FF FF FF FF FF FF FF FF FF FF FF FF FF FF FF FF |................|
  8C80:  FF FF FF FF FF FF FF FF FF FF FF FF FF FF FF FF |................|
  8C90:  FF FF FF FF FF FF FF FF FF FF FF FF FF FF FF FF |................|
  8CA0:  FF FF FF FF FF FF FF FF FF FF FF FF FF FF FF FF |................|
  8CB0:  FF FF FF FF FF FF FF FF FF FF FF FF FF FF FF FF |................|
  8CC0:  FF FF FF FF FF FF FF FF FF FF FF FF FF FF FF FF |................|
  8CD0:  FF FF FF FF FF FF FF FF FF FF FF FF FF FF FF FF |................|
  8CE0:  FF FF FF FF FF FF FF FF FF FF FF FF FF FF FF FF |................|
  8CF0:  FF FF FF FF FF FF FF FF FF FF FF FF FF FF FF FF |................|
  8D00:  FF FF FF FF FF FF FF FF FF FF FF FF FF FF FF FF |................|
  8D10:  FF FF FF FF FF FF FF FF FF FF FF FF FF FF FF FF |................|
  8D20:  FF FF FF FF FF FF FF FF FF FF FF FF FF FF FF FF |................|
  8D30:  FF FF FF FF FF FF FF FF FF FF FF FF FF FF FF FF |................|
  8D40:  FF FF FF FF FF FF FF FF FF FF FF FF FF FF FF FF |................|
  8D50:  FF FF FF FF FF FF FF FF FF FF FF FF FF FF FF FF |................|
  8D60:  FF FF FF FF FF FF FF FF FF FF FF FF FF FF FF FF |................|
  8D70:  FF FF FF FF FF FF FF FF FF FF FF FF FF FF FF FF |................|
  8D80:  FF FF FF FF FF FF FF FF FF FF FF FF FF FF FF FF |................|
  8D90:  FF FF FF FF FF FF FF FF FF FF FF FF FF FF FF FF |................|
  8DA0:  FF FF FF FF FF FF FF FF FF FF FF FF FF FF FF FF |................|
  8DB0:  FF FF FF FF FF FF FF FF FF FF FF FF FF FF FF FF |................|
  8DC0:  FF FF FF FF FF FF FF FF FF FF FF FF FF FF FF FF |................|
  8DD0:  FF FF FF FF FF FF FF FF FF FF FF FF FF FF FF FF |................|
  8DE0:  FF FF FF FF FF FF FF FF FF FF FF FF FF FF FF FF |................|
  8DF0:  FF FF FF FF FF FF FF FF FF FF FF FF FF FF FF FF |................|
  8E00:  FF FF FF FF FF FF FF FF FF FF FF FF FF FF FF FF |................|
  8E10:  FF FF FF FF FF FF FF FF FF FF FF FF FF FF FF FF |................|
  8E20:  FF FF FF FF FF FF FF FF FF FF FF FF FF FF FF FF |................|
  8E30:  FF FF FF FF FF FF FF FF FF FF FF FF FF FF FF FF |................|
  8E40:  FF FF FF FF FF FF FF FF FF FF FF FF FF FF FF FF |................|
  8E50:  FF FF FF FF FF FF FF FF FF FF FF FF FF FF FF FF |................|
  8E60:  FF FF FF FF FF FF FF FF FF FF FF FF FF FF FF FF |................|
  8E70:  FF FF FF FF FF FF FF FF FF FF FF FF FF FF FF FF |................|
  8E80:  FF FF FF FF FF FF FF FF FF FF FF FF FF FF FF FF |................|
  8E90:  FF FF FF FF FF FF FF FF FF FF FF FF FF FF FF FF |................|
  8EA0:  FF FF FF FF FF FF FF FF FF FF FF FF FF FF FF FF |................|
  8EB0:  FF FF FF FF FF FF FF FF FF FF FF FF FF FF FF FF |................|
  8EC0:  FF FF FF FF FF FF FF FF FF FF FF FF FF FF FF FF |................|
  8ED0:  FF FF FF FF FF FF FF FF FF FF FF FF FF FF FF FF |................|
  8EE0:  FF FF FF FF FF FF FF FF FF FF FF FF FF FF FF FF |................|
  8EF0:  FF FF FF FF FF FF FF FF FF FF FF FF FF FF FF FF |................|
  8F00:  FF FF FF FF FF FF FF FF FF FF FF FF FF FF FF FF |................|
  8F10:  FF FF FF FF FF FF FF FF FF FF FF FF FF FF FF FF |................|
  8F20:  FF FF FF FF FF FF FF FF FF FF FF FF FF FF FF FF |................|
  8F30:  FF FF FF FF FF FF FF FF FF FF FF FF FF FF FF FF |................|
  8F40:  FF FF FF FF FF FF FF FF FF FF FF FF FF FF FF FF |................|
  8F50:  FF FF FF FF FF FF FF FF FF FF FF FF FF FF FF FF |................|
  8F60:  FF FF FF FF FF FF FF FF FF FF FF FF FF FF FF FF |................|
  8F70:  FF FF FF FF FF FF FF FF FF FF FF FF FF FF FF FF |................|
  8F80:  FF FF FF FF FF FF FF FF FF FF FF FF FF FF FF FF |................|
  8F90:  FF FF FF FF FF FF FF FF FF FF FF FF FF FF FF FF |................|
  8FA0:  FF FF FF FF FF FF FF FF FF FF FF FF FF FF FF FF |................|
  8FB0:  FF FF FF FF FF FF FF FF FF FF FF FF FF FF FF FF |................|
  8FC0:  FF FF FF FF FF FF FF FF FF FF FF FF FF FF FF FF |................|
  8FD0:  FF FF FF FF FF FF FF FF FF FF FF FF FF FF FF FF |................|
  8FE0:  FF FF FF FF FF FF FF FF FF FF FF FF FF FF FF FF |................|
  8FF0:  FF FF FF FF FF FF FF FF FF FF FF FF FF FF FF FF |................|
  9000:  FF FF FF FF FF FF FF FF FF FF FF FF FF FF FF FF |................|
  9010:  FF FF FF FF FF FF FF FF FF FF FF FF FF FF FF FF |................|
  9020:  FF FF FF FF FF FF FF FF FF FF FF FF FF FF FF FF |................|
  9030:  FF FF FF FF FF FF FF FF FF FF FF FF FF FF FF FF |................|
  9040:  FF FF FF FF FF FF FF FF FF FF FF FF FF FF FF FF |................|
  9050:  FF FF FF FF FF FF FF FF FF FF FF FF FF FF FF FF |................|
  9060:  FF FF FF FF FF FF FF FF FF FF FF FF FF FF FF FF |................|
  9070:  FF FF FF FF FF FF FF FF FF FF FF FF FF FF FF FF |................|
  9080:  FF FF FF FF FF FF FF FF FF FF FF FF FF FF FF FF |................|
  9090:  FF FF FF FF FF FF FF FF FF FF FF FF FF FF FF FF |................|
  90A0:  FF FF FF FF FF FF FF FF FF FF FF FF FF FF FF FF |................|
  90B0:  FF FF FF FF FF FF FF FF FF FF FF FF FF FF FF FF |................|
  90C0:  FF FF FF FF FF FF FF FF FF FF FF FF FF FF FF FF |................|
  90D0:  FF FF FF FF FF FF FF FF FF FF FF FF FF FF FF FF |................|
  90E0:  FF FF FF FF FF FF FF FF FF FF FF FF FF FF FF FF |................|
  90F0:  FF FF FF FF FF FF FF FF FF FF FF FF FF FF FF FF |................|
  9100:  FF FF FF FF FF FF FF FF FF FF FF FF FF FF FF FF |................|
  9110:  FF FF FF FF FF FF FF FF FF FF FF FF FF FF FF FF |................|
  9120:  FF FF FF FF FF FF FF FF FF FF FF FF FF FF FF FF |................|
  9130:  FF FF FF FF FF FF FF FF FF FF FF FF FF FF FF FF |................|
  9140:  FF FF FF FF FF FF FF FF FF FF FF FF FF FF FF FF |................|
  9150:  FF FF FF FF FF FF FF FF FF FF FF FF FF FF FF FF |................|
  9160:  FF FF FF FF FF FF FF FF FF FF FF FF FF FF FF FF |................|
  9170:  FF FF FF FF FF FF FF FF FF FF FF FF FF FF FF FF |................|
  9180:  FF FF FF FF FF FF FF FF FF FF FF FF FF FF FF FF |................|
  9190:  FF FF FF FF FF FF FF FF FF FF FF FF FF FF FF FF |................|
  91A0:  FF FF FF FF FF FF FF FF FF FF FF FF FF FF FF FF |................|
  91B0:  FF FF FF FF FF FF FF FF FF FF FF FF FF FF FF FF |................|
  91C0:  FF FF FF FF FF FF FF FF FF FF FF FF FF FF FF FF |................|
  91D0:  FF FF FF FF FF FF FF FF FF FF FF FF FF FF FF FF |................|
  91E0:  FF FF FF FF FF FF FF FF FF FF FF FF FF FF FF FF |................|
  91F0:  FF FF FF FF FF FF FF FF FF FF FF FF FF FF FF FF |................|
  9200:  FF FF FF FF FF FF FF FF FF FF FF FF FF FF FF FF |................|
  9210:  FF FF FF FF FF FF FF FF FF FF FF FF FF FF FF FF |................|
  9220:  FF FF FF FF FF FF FF FF FF FF FF FF FF FF FF FF |................|
  9230:  FF FF FF FF FF FF FF FF FF FF FF FF FF FF FF FF |................|
  9240:  FF FF FF FF FF FF FF FF FF FF FF FF FF FF FF FF |................|
  9250:  FF FF FF FF FF FF FF FF FF FF FF FF FF FF FF FF |................|
  9260:  FF FF FF FF FF FF FF FF FF FF FF FF FF FF FF FF |................|
  9270:  FF FF FF FF FF FF FF FF FF FF FF FF FF FF FF FF |................|
  9280:  FF FF FF FF FF FF FF FF FF FF FF FF FF FF FF FF |................|
  9290:  FF FF FF FF FF FF FF FF FF FF FF FF FF FF FF FF |................|
  92A0:  FF FF FF FF FF FF FF FF FF FF FF FF FF FF FF FF |................|
  92B0:  FF FF FF FF FF FF FF FF FF FF FF FF FF FF FF FF |................|
  92C0:  FF FF FF FF FF FF FF FF FF FF FF FF FF FF FF FF |................|
  92D0:  FF FF FF FF FF FF FF FF FF FF FF FF FF FF FF FF |................|
  92E0:  FF FF FF FF FF FF FF FF FF FF FF FF FF FF FF FF |................|
  92F0:  FF FF FF FF FF FF FF FF FF FF FF FF FF FF FF FF |................|
  9300:  FF FF FF FF FF FF FF FF FF FF FF FF FF FF FF FF |................|
  9310:  FF FF FF FF FF FF FF FF FF FF FF FF FF FF FF FF |................|
  9320:  FF FF FF FF FF FF FF FF FF FF FF FF FF FF FF FF |................|
  9330:  FF FF FF FF FF FF FF FF FF FF FF FF FF FF FF FF |................|
  9340:  FF FF FF FF FF FF FF FF FF FF FF FF FF FF FF FF |................|
  9350:  FF FF FF FF FF FF FF FF FF FF FF FF FF FF FF FF |................|
  9360:  FF FF FF FF FF FF FF FF FF FF FF FF FF FF FF FF |................|
  9370:  FF FF FF FF FF FF FF FF FF FF FF FF FF FF FF FF |................|
  9380:  FF FF FF FF FF FF FF FF FF FF FF FF FF FF FF FF |................|
  9390:  FF FF FF FF FF FF FF FF FF FF FF FF FF FF FF FF |................|
  93A0:  FF FF FF FF FF FF FF FF FF FF FF FF FF FF FF FF |................|
  93B0:  FF FF FF FF FF FF FF FF FF FF FF FF FF FF FF FF |................|
  93C0:  FF FF FF FF FF FF FF FF FF FF FF FF FF FF FF FF |................|
  93D0:  FF FF FF FF FF FF FF FF FF FF FF FF FF FF FF FF |................|
  93E0:  FF FF FF FF FF FF FF FF FF FF FF FF FF FF FF FF |................|
  93F0:  FF FF FF FF FF FF FF FF FF FF FF FF FF FF FF FF |................|
  9400:  FF FF FF FF FF FF FF FF FF FF FF FF FF FF FF FF |................|
  9410:  FF FF FF FF FF FF FF FF FF FF FF FF FF FF FF FF |................|
  9420:  FF FF FF FF FF FF FF FF FF FF FF FF FF FF FF FF |................|
  9430:  FF FF FF FF FF FF FF FF FF FF FF FF FF FF FF FF |................|
  9440:  FF FF FF FF FF FF FF FF FF FF FF FF FF FF FF FF |................|
  9450:  FF FF FF FF FF FF FF FF FF FF FF FF FF FF FF FF |................|
  9460:  FF FF FF FF FF FF FF FF FF FF FF FF FF FF FF FF |................|
  9470:  FF FF FF FF FF FF FF FF FF FF FF FF FF FF FF FF |................|
  9480:  FF FF FF FF FF FF FF FF FF FF FF FF FF FF FF FF |................|
  9490:  FF FF FF FF FF FF FF FF FF FF FF FF FF FF FF FF |................|
  94A0:  FF FF FF FF FF FF FF FF FF FF FF FF FF FF FF FF |................|
  94B0:  FF FF FF FF FF FF FF FF FF FF FF FF FF FF FF FF |................|
  94C0:  FF FF FF FF FF FF FF FF FF FF FF FF FF FF FF FF |................|
  94D0:  FF FF FF FF FF FF FF FF FF FF FF FF FF FF FF FF |................|
  94E0:  FF FF FF FF FF FF FF FF FF FF FF FF FF FF FF FF |................|
  94F0:  FF FF FF FF FF FF FF FF FF FF FF FF FF FF FF FF |................|
  9500:  FF FF FF FF FF FF FF FF FF FF FF FF FF FF FF FF |................|
  9510:  FF FF FF FF FF FF FF FF FF FF FF FF FF FF FF FF |................|
  9520:  FF FF FF FF FF FF FF FF FF FF FF FF FF FF FF FF |................|
  9530:  FF FF FF FF FF FF FF FF FF FF FF FF FF FF FF FF |................|
  9540:  FF FF FF FF FF FF FF FF FF FF FF FF FF FF FF FF |................|
  9550:  FF FF FF FF FF FF FF FF FF FF FF FF FF FF FF FF |................|
  9560:  FF FF FF FF FF FF FF FF FF FF FF FF FF FF FF FF |................|
  9570:  FF FF FF FF FF FF FF FF FF FF FF FF FF FF FF FF |................|
  9580:  FF FF FF FF FF FF FF FF FF FF FF FF FF FF FF FF |................|
  9590:  FF FF FF FF FF FF FF FF FF FF FF FF FF FF FF FF |................|
  95A0:  FF FF FF FF FF FF FF FF FF FF FF FF FF FF FF FF |................|
  95B0:  FF FF FF FF FF FF FF FF FF FF FF FF FF FF FF FF |................|
  95C0:  FF FF FF FF FF FF FF FF FF FF FF FF FF FF FF FF |................|
  95D0:  FF FF FF FF FF FF FF FF FF FF FF FF FF FF FF FF |................|
  95E0:  FF FF FF FF FF FF FF FF FF FF FF FF FF FF FF FF |................|
  95F0:  FF FF FF FF FF FF FF FF FF FF FF FF FF FF FF FF |................|
  9600:  FF FF FF FF FF FF FF FF FF FF FF FF FF FF FF FF |................|
  9610:  FF FF FF FF FF FF FF FF FF FF FF FF FF FF FF FF |................|
  9620:  FF FF FF FF FF FF FF FF FF FF FF FF FF FF FF FF |................|
  9630:  FF FF FF FF FF FF FF FF FF FF FF FF FF FF FF FF |................|
  9640:  FF FF FF FF FF FF FF FF FF FF FF FF FF FF FF FF |................|
  9650:  FF FF FF FF FF FF FF FF FF FF FF FF FF FF FF FF |................|
  9660:  FF FF FF FF FF FF FF FF FF FF FF FF FF FF FF FF |................|
  9670:  FF FF FF FF FF FF FF FF FF FF FF FF FF FF FF FF |................|
  9680:  FF FF FF FF FF FF FF FF FF FF FF FF FF FF FF FF |................|
  9690:  FF FF FF FF FF FF FF FF FF FF FF FF FF FF FF FF |................|
  96A0:  FF FF FF FF FF FF FF FF FF FF FF FF FF FF FF FF |................|
  96B0:  FF FF FF FF FF FF FF FF FF FF FF FF FF FF FF FF |................|
  96C0:  FF FF FF FF FF FF FF FF FF FF FF FF FF FF FF FF |................|
  96D0:  FF FF FF FF FF FF FF FF FF FF FF FF FF FF FF FF |................|
  96E0:  FF FF FF FF FF FF FF FF FF FF FF FF FF FF FF FF |................|
  96F0:  FF FF FF FF FF FF FF FF FF FF FF FF FF FF FF FF |................|
  9700:  FF FF FF FF FF FF FF FF FF FF FF FF FF FF FF FF |................|
  9710:  FF FF FF FF FF FF FF FF FF FF FF FF FF FF FF FF |................|
  9720:  FF FF FF FF FF FF FF FF FF FF FF FF FF FF FF FF |................|
  9730:  FF FF FF FF FF FF FF FF FF FF FF FF FF FF FF FF |................|
  9740:  FF FF FF FF FF FF FF FF FF FF FF FF FF FF FF FF |................|
  9750:  FF FF FF FF FF FF FF FF FF FF FF FF FF FF FF FF |................|
  9760:  FF FF FF FF FF FF FF FF FF FF FF FF FF FF FF FF |................|
  9770:  FF FF FF FF FF FF FF FF FF FF FF FF FF FF FF FF |................|
  9780:  FF FF FF FF FF FF FF FF FF FF FF FF FF FF FF FF |................|
  9790:  FF FF FF FF FF FF FF FF FF FF FF FF FF FF FF FF |................|
  97A0:  FF FF FF FF FF FF FF FF FF FF FF FF FF FF FF FF |................|
  97B0:  FF FF FF FF FF FF FF FF FF FF FF FF FF FF FF FF |................|
  97C0:  FF FF FF FF FF FF FF FF FF FF FF FF FF FF FF FF |................|
  97D0:  FF FF FF FF FF FF FF FF FF FF FF FF FF FF FF FF |................|
  97E0:  FF FF FF FF FF FF FF FF FF FF FF FF FF FF FF FF |................|
  97F0:  FF FF FF FF FF FF FF FF FF FF FF FF FF FF FF FF |................|
  9800:  FF FF FF FF FF FF FF FF FF FF FF FF FF FF FF FF |................|
  9810:  FF FF FF FF FF FF FF FF FF FF FF FF FF FF FF FF |................|
  9820:  FF FF FF FF FF FF FF FF FF FF FF FF FF FF FF FF |................|
  9830:  FF FF FF FF FF FF FF FF FF FF FF FF FF FF FF FF |................|
  9840:  FF FF FF FF FF FF FF FF FF FF FF FF FF FF FF FF |................|
  9850:  FF FF FF FF FF FF FF FF FF FF FF FF FF FF FF FF |................|
  9860:  FF FF FF FF FF FF FF FF FF FF FF FF FF FF FF FF |................|
  9870:  FF FF FF FF FF FF FF FF FF FF FF FF FF FF FF FF |................|
  9880:  FF FF FF FF FF FF FF FF FF FF FF FF FF FF FF FF |................|
  9890:  FF FF FF FF FF FF FF FF FF FF FF FF FF FF FF FF |................|
  98A0:  FF FF FF FF FF FF FF FF FF FF FF FF FF FF FF FF |................|
  98B0:  FF FF FF FF FF FF FF FF FF FF FF FF FF FF FF FF |................|
  98C0:  FF FF FF FF FF FF FF FF FF FF FF FF FF FF FF FF |................|
  98D0:  FF FF FF FF FF FF FF FF FF FF FF FF FF FF FF FF |................|
  98E0:  FF FF FF FF FF FF FF FF FF FF FF FF FF FF FF FF |................|
  98F0:  FF FF FF FF FF FF FF FF FF FF FF FF FF FF FF FF |................|
  9900:  FF FF FF FF FF FF FF FF FF FF FF FF FF FF FF FF |................|
  9910:  FF FF FF FF FF FF FF FF FF FF FF FF FF FF FF FF |................|
  9920:  FF FF FF FF FF FF FF FF FF FF FF FF FF FF FF FF |................|
  9930:  FF FF FF FF FF FF FF FF FF FF FF FF FF FF FF FF |................|
  9940:  FF FF FF FF FF FF FF FF FF FF FF FF FF FF FF FF |................|
  9950:  FF FF FF FF FF FF FF FF FF FF FF FF FF FF FF FF |................|
  9960:  FF FF FF FF FF FF FF FF FF FF FF FF FF FF FF FF |................|
  9970:  FF FF FF FF FF FF FF FF FF FF FF FF FF FF FF FF |................|
  9980:  FF FF FF FF FF FF FF FF FF FF FF FF FF FF FF FF |................|
  9990:  FF FF FF FF FF FF FF FF FF FF FF FF FF FF FF FF |................|
  99A0:  FF FF FF FF FF FF FF FF FF FF FF FF FF FF FF FF |................|
  99B0:  FF FF FF FF FF FF FF FF FF FF FF FF FF FF FF FF |................|
  99C0:  FF FF FF FF FF FF FF FF FF FF FF FF FF FF FF FF |................|
  99D0:  FF FF FF FF FF FF FF FF FF FF FF FF FF FF FF FF |................|
  99E0:  FF FF FF FF FF FF FF FF FF FF FF FF FF FF FF FF |................|
  99F0:  FF FF FF FF FF FF FF FF FF FF FF FF FF FF FF FF |................|
  9A00:  FF FF FF FF FF FF FF FF FF FF FF FF FF FF FF FF |................|
  9A10:  FF FF FF FF FF FF FF FF FF FF FF FF FF FF FF FF |................|
  9A20:  FF FF FF FF FF FF FF FF FF FF FF FF FF FF FF FF |................|
  9A30:  FF FF FF FF FF FF FF FF FF FF FF FF FF FF FF FF |................|
  9A40:  FF FF FF FF FF FF FF FF FF FF FF FF FF FF FF FF |................|
  9A50:  FF FF FF FF FF FF FF FF FF FF FF FF FF FF FF FF |................|
  9A60:  FF FF FF FF FF FF FF FF FF FF FF FF FF FF FF FF |................|
  9A70:  FF FF FF FF FF FF FF FF FF FF FF FF FF FF FF FF |................|
  9A80:  FF FF FF FF FF FF FF FF FF FF FF FF FF FF FF FF |................|
  9A90:  FF FF FF FF FF FF FF FF FF FF FF FF FF FF FF FF |................|
  9AA0:  FF FF FF FF FF FF FF FF FF FF FF FF FF FF FF FF |................|
  9AB0:  FF FF FF FF FF FF FF FF FF FF FF FF FF FF FF FF |................|
  9AC0:  FF FF FF FF FF FF FF FF FF FF FF FF FF FF FF FF |................|
  9AD0:  FF FF FF FF FF FF FF FF FF FF FF FF FF FF FF FF |................|
  9AE0:  FF FF FF FF FF FF FF FF FF FF FF FF FF FF FF FF |................|
  9AF0:  FF FF FF FF FF FF FF FF FF FF FF FF FF FF FF FF |................|
  9B00:  FF FF FF FF FF FF FF FF FF FF FF FF FF FF FF FF |................|
  9B10:  FF FF FF FF FF FF FF FF FF FF FF FF FF FF FF FF |................|
  9B20:  FF FF FF FF FF FF FF FF FF FF FF FF FF FF FF FF |................|
  9B30:  FF FF FF FF FF FF FF FF FF FF FF FF FF FF FF FF |................|
  9B40:  FF FF FF FF FF FF FF FF FF FF FF FF FF FF FF FF |................|
  9B50:  FF FF FF FF FF FF FF FF FF FF FF FF FF FF FF FF |................|
  9B60:  FF FF FF FF FF FF FF FF FF FF FF FF FF FF FF FF |................|
  9B70:  FF FF FF FF FF FF FF FF FF FF FF FF FF FF FF FF |................|
  9B80:  FF FF FF FF FF FF FF FF FF FF FF FF FF FF FF FF |................|
  9B90:  FF FF FF FF FF FF FF FF FF FF FF FF FF FF FF FF |................|
  9BA0:  FF FF FF FF FF FF FF FF FF FF FF FF FF FF FF FF |................|
  9BB0:  FF FF FF FF FF FF FF FF FF FF FF FF FF FF FF FF |................|
  9BC0:  FF FF FF FF FF FF FF FF FF FF FF FF FF FF FF FF |................|
  9BD0:  FF FF FF FF FF FF FF FF FF FF FF FF FF FF FF FF |................|
  9BE0:  FF FF FF FF FF FF FF FF FF FF FF FF FF FF FF FF |................|
  9BF0:  FF FF FF FF FF FF FF FF FF FF FF FF FF FF FF FF |................|
  9C00:  FF FF FF FF FF FF FF FF FF FF FF FF FF FF FF FF |................|
  9C10:  FF FF FF FF FF FF FF FF FF FF FF FF FF FF FF FF |................|
  9C20:  FF FF FF FF FF FF FF FF FF FF FF FF FF FF FF FF |................|
  9C30:  FF FF FF FF FF FF FF FF FF FF FF FF FF FF FF FF |................|
  9C40:  FF FF FF FF FF FF FF FF FF FF FF FF FF FF FF FF |................|
  9C50:  FF FF FF FF FF FF FF FF FF FF FF FF FF FF FF FF |................|
  9C60:  FF FF FF FF FF FF FF FF FF FF FF FF FF FF FF FF |................|
  9C70:  FF FF FF FF FF FF FF FF FF FF FF FF FF FF FF FF |................|
  9C80:  FF FF FF FF FF FF FF FF FF FF FF FF FF FF FF FF |................|
  9C90:  FF FF FF FF FF FF FF FF FF FF FF FF FF FF FF FF |................|
  9CA0:  FF FF FF FF FF FF FF FF FF FF FF FF FF FF FF FF |................|
  9CB0:  FF FF FF FF FF FF FF FF FF FF FF FF FF FF FF FF |................|
  9CC0:  FF FF FF FF FF FF FF FF FF FF FF FF FF FF FF FF |................|
  9CD0:  FF FF FF FF FF FF FF FF FF FF FF FF FF FF FF FF |................|
  9CE0:  FF FF FF FF FF FF FF FF FF FF FF FF FF FF FF FF |................|
  9CF0:  FF FF FF FF FF FF FF FF FF FF FF FF FF FF FF FF |................|
  9D00:  FF FF FF FF FF FF FF FF FF FF FF FF FF FF FF FF |................|
  9D10:  FF FF FF FF FF FF FF FF FF FF FF FF FF FF FF FF |................|
  9D20:  FF FF FF FF FF FF FF FF FF FF FF FF FF FF FF FF |................|
  9D30:  FF FF FF FF FF FF FF FF FF FF FF FF FF FF FF FF |................|
  9D40:  FF FF FF FF FF FF FF FF FF FF FF FF FF FF FF FF |................|
  9D50:  FF FF FF FF FF FF FF FF FF FF FF FF FF FF FF FF |................|
  9D60:  FF FF FF FF FF FF FF FF FF FF FF FF FF FF FF FF |................|
  9D70:  FF FF FF FF FF FF FF FF FF FF FF FF FF FF FF FF |................|
  9D80:  FF FF FF FF FF FF FF FF FF FF FF FF FF FF FF FF |................|
  9D90:  FF FF FF FF FF FF FF FF FF FF FF FF FF FF FF FF |................|
  9DA0:  FF FF FF FF FF FF FF FF FF FF FF FF FF FF FF FF |................|
  9DB0:  FF FF FF FF FF FF FF FF FF FF FF FF FF FF FF FF |................|
  9DC0:  FF FF FF FF FF FF FF FF FF FF FF FF FF FF FF FF |................|
  9DD0:  FF FF FF FF FF FF FF FF FF FF FF FF FF FF FF FF |................|
  9DE0:  FF FF FF FF FF FF FF FF FF FF FF FF FF FF FF FF |................|
  9DF0:  FF FF FF FF FF FF FF FF FF FF FF FF FF FF FF FF |................|
  9E00:  FF FF FF FF FF FF FF FF FF FF FF FF FF FF FF FF |................|
  9E10:  FF FF FF FF FF FF FF FF FF FF FF FF FF FF FF FF |................|
  9E20:  FF FF FF FF FF FF FF FF FF FF FF FF FF FF FF FF |................|
  9E30:  FF FF FF FF FF FF FF FF FF FF FF FF FF FF FF FF |................|
  9E40:  FF FF FF FF FF FF FF FF FF FF FF FF FF FF FF FF |................|
  9E50:  FF FF FF FF FF FF FF FF FF FF FF FF FF FF FF FF |................|
  9E60:  FF FF FF FF FF FF FF FF FF FF FF FF FF FF FF FF |................|
  9E70:  FF FF FF FF FF FF FF FF FF FF FF FF FF FF FF FF |................|
  9E80:  FF FF FF FF FF FF FF FF FF FF FF FF FF FF FF FF |................|
  9E90:  FF FF FF FF FF FF FF FF FF FF FF FF FF FF FF FF |................|
  9EA0:  FF FF FF FF FF FF FF FF FF FF FF FF FF FF FF FF |................|
  9EB0:  FF FF FF FF FF FF FF FF FF FF FF FF FF FF FF FF |................|
  9EC0:  FF FF FF FF FF FF FF FF FF FF FF FF FF FF FF FF |................|
  9ED0:  FF FF FF FF FF FF FF FF FF FF FF FF FF FF FF FF |................|
  9EE0:  FF FF FF FF FF FF FF FF FF FF FF FF FF FF FF FF |................|
  9EF0:  FF FF FF FF FF FF FF FF FF FF FF FF FF FF FF FF |................|
  9F00:  FF FF FF FF FF FF FF FF FF FF FF FF FF FF FF FF |................|
  9F10:  FF FF FF FF FF FF FF FF FF FF FF FF FF FF FF FF |................|
  9F20:  FF FF FF FF FF FF FF FF FF FF FF FF FF FF FF FF |................|
  9F30:  FF FF FF FF FF FF FF FF FF FF FF FF FF FF FF FF |................|
  9F40:  FF FF FF FF FF FF FF FF FF FF FF FF FF FF FF FF |................|
  9F50:  FF FF FF FF FF FF FF FF FF FF FF FF FF FF FF FF |................|
  9F60:  FF FF FF FF FF FF FF FF FF FF FF FF FF FF FF FF |................|
  9F70:  FF FF FF FF FF FF FF FF FF FF FF FF FF FF FF FF |................|
  9F80:  FF FF FF FF FF FF FF FF FF FF FF FF FF FF FF FF |................|
  9F90:  FF FF FF FF FF FF FF FF FF FF FF FF FF FF FF FF |................|
  9FA0:  FF FF FF FF FF FF FF FF FF FF FF FF FF FF FF FF |................|
  9FB0:  FF FF FF FF FF FF FF FF FF FF FF FF FF FF FF FF |................|
  9FC0:  FF FF FF FF FF FF FF FF FF FF FF FF FF FF FF FF |................|
  9FD0:  FF FF FF FF FF FF FF FF FF FF FF FF FF FF FF FF |................|
  9FE0:  FF FF FF FF FF FF FF FF FF FF FF FF FF FF FF FF |................|
  9FF0:  FF FF FF FF FF FF FF FF FF FF FF FF FF FF FF FF |................|
  A000:  FF FF FF FF FF FF FF FF FF FF FF FF FF FF FF FF |................|
  A010:  FF FF FF FF FF FF FF FF FF FF FF FF FF FF FF FF |................|
  A020:  FF FF FF FF FF FF FF FF FF FF FF FF FF FF FF FF |................|
  A030:  FF FF FF FF FF FF FF FF FF FF FF FF FF FF FF FF |................|
  A040:  FF FF FF FF FF FF FF FF FF FF FF FF FF FF FF FF |................|
  A050:  FF FF FF FF FF FF FF FF FF FF FF FF FF FF FF FF |................|
  A060:  FF FF FF FF FF FF FF FF FF FF FF FF FF FF FF FF |................|
  A070:  FF FF FF FF FF FF FF FF FF FF FF FF FF FF FF FF |................|
  A080:  FF FF FF FF FF FF FF FF FF FF FF FF FF FF FF FF |................|
  A090:  FF FF FF FF FF FF FF FF FF FF FF FF FF FF FF FF |................|
  A0A0:  FF FF FF FF FF FF FF FF FF FF FF FF FF FF FF FF |................|
  A0B0:  FF FF FF FF FF FF FF FF FF FF FF FF FF FF FF FF |................|
  A0C0:  FF FF FF FF FF FF FF FF FF FF FF FF FF FF FF FF |................|
  A0D0:  FF FF FF FF FF FF FF FF FF FF FF FF FF FF FF FF |................|
  A0E0:  FF FF FF FF FF FF FF FF FF FF FF FF FF FF FF FF |................|
  A0F0:  FF FF FF FF FF FF FF FF FF FF FF FF FF FF FF FF |................|
  A100:  FF FF FF FF FF FF FF FF FF FF FF FF FF FF FF FF |................|
  A110:  FF FF FF FF FF FF FF FF FF FF FF FF FF FF FF FF |................|
  A120:  FF FF FF FF FF FF FF FF FF FF FF FF FF FF FF FF |................|
  A130:  FF FF FF FF FF FF FF FF FF FF FF FF FF FF FF FF |................|
  A140:  FF FF FF FF FF FF FF FF FF FF FF FF FF FF FF FF |................|
  A150:  FF FF FF FF FF FF FF FF FF FF FF FF FF FF FF FF |................|
  A160:  FF FF FF FF FF FF FF FF FF FF FF FF FF FF FF FF |................|
  A170:  FF FF FF FF FF FF FF FF FF FF FF FF FF FF FF FF |................|
  A180:  FF FF FF FF FF FF FF FF FF FF FF FF FF FF FF FF |................|
  A190:  FF FF FF FF FF FF FF FF FF FF FF FF FF FF FF FF |................|
  A1A0:  FF FF FF FF FF FF FF FF FF FF FF FF FF FF FF FF |................|
  A1B0:  FF FF FF FF FF FF FF FF FF FF FF FF FF FF FF FF |................|
  A1C0:  FF FF FF FF FF FF FF FF FF FF FF FF FF FF FF FF |................|
  A1D0:  FF FF FF FF FF FF FF FF FF FF FF FF FF FF FF FF |................|
  A1E0:  FF FF FF FF FF FF FF FF FF FF FF FF FF FF FF FF |................|
  A1F0:  FF FF FF FF FF FF FF FF FF FF FF FF FF FF FF FF |................|
  A200:  FF FF FF FF FF FF FF FF FF FF FF FF FF FF FF FF |................|
  A210:  FF FF FF FF FF FF FF FF FF FF FF FF FF FF FF FF |................|
  A220:  FF FF FF FF FF FF FF FF FF FF FF FF FF FF FF FF |................|
  A230:  FF FF FF FF FF FF FF FF FF FF FF FF FF FF FF FF |................|
  A240:  FF FF FF FF FF FF FF FF FF FF FF FF FF FF FF FF |................|
  A250:  FF FF FF FF FF FF FF FF FF FF FF FF FF FF FF FF |................|
  A260:  FF FF FF FF FF FF FF FF FF FF FF FF FF FF FF FF |................|
  A270:  FF FF FF FF FF FF FF FF FF FF FF FF FF FF FF FF |................|
  A280:  FF FF FF FF FF FF FF FF FF FF FF FF FF FF FF FF |................|
  A290:  FF FF FF FF FF FF FF FF FF FF FF FF FF FF FF FF |................|
  A2A0:  FF FF FF FF FF FF FF FF FF FF FF FF FF FF FF FF |................|
  A2B0:  FF FF FF FF FF FF FF FF FF FF FF FF FF FF FF FF |................|
  A2C0:  FF FF FF FF FF FF FF FF FF FF FF FF FF FF FF FF |................|
  A2D0:  FF FF FF FF FF FF FF FF FF FF FF FF FF FF FF FF |................|
  A2E0:  FF FF FF FF FF FF FF FF FF FF FF FF FF FF FF FF |................|
  A2F0:  FF FF FF FF FF FF FF FF FF FF FF FF FF FF FF FF |................|
  A300:  FF FF FF FF FF FF FF FF FF FF FF FF FF FF FF FF |................|
  A310:  FF FF FF FF FF FF FF FF FF FF FF FF FF FF FF FF |................|
  A320:  FF FF FF FF FF FF FF FF FF FF FF FF FF FF FF FF |................|
  A330:  FF FF FF FF FF FF FF FF FF FF FF FF FF FF FF FF |................|
  A340:  FF FF FF FF FF FF FF FF FF FF FF FF FF FF FF FF |................|
  A350:  FF FF FF FF FF FF FF FF FF FF FF FF FF FF FF FF |................|
  A360:  FF FF FF FF FF FF FF FF FF FF FF FF FF FF FF FF |................|
  A370:  FF FF FF FF FF FF FF FF FF FF FF FF FF FF FF FF |................|
  A380:  FF FF FF FF FF FF FF FF FF FF FF FF FF FF FF FF |................|
  A390:  FF FF FF FF FF FF FF FF FF FF FF FF FF FF FF FF |................|
  A3A0:  FF FF FF FF FF FF FF FF FF FF FF FF FF FF FF FF |................|
  A3B0:  FF FF FF FF FF FF FF FF FF FF FF FF FF FF FF FF |................|
  A3C0:  FF FF FF FF FF FF FF FF FF FF FF FF FF FF FF FF |................|
  A3D0:  FF FF FF FF FF FF FF FF FF FF FF FF FF FF FF FF |................|
  A3E0:  FF FF FF FF FF FF FF FF FF FF FF FF FF FF FF FF |................|
  A3F0:  FF FF FF FF FF FF FF FF FF FF FF FF FF FF FF FF |................|
  A400:  FF FF FF FF FF FF FF FF FF FF FF FF FF FF FF FF |................|
  A410:  FF FF FF FF FF FF FF FF FF FF FF FF FF FF FF FF |................|
  A420:  FF FF FF FF FF FF FF FF FF FF FF FF FF FF FF FF |................|
  A430:  FF FF FF FF FF FF FF FF FF FF FF FF FF FF FF FF |................|
  A440:  FF FF FF FF FF FF FF FF FF FF FF FF FF FF FF FF |................|
  A450:  FF FF FF FF FF FF FF FF FF FF FF FF FF FF FF FF |................|
  A460:  FF FF FF FF FF FF FF FF FF FF FF FF FF FF FF FF |................|
  A470:  FF FF FF FF FF FF FF FF FF FF FF FF FF FF FF FF |................|
  A480:  FF FF FF FF FF FF FF FF FF FF FF FF FF FF FF FF |................|
  A490:  FF FF FF FF FF FF FF FF FF FF FF FF FF FF FF FF |................|
  A4A0:  FF FF FF FF FF FF FF FF FF FF FF FF FF FF FF FF |................|
  A4B0:  FF FF FF FF FF FF FF FF FF FF FF FF FF FF FF FF |................|
  A4C0:  FF FF FF FF FF FF FF FF FF FF FF FF FF FF FF FF |................|
  A4D0:  FF FF FF FF FF FF FF FF FF FF FF FF FF FF FF FF |................|
  A4E0:  FF FF FF FF FF FF FF FF FF FF FF FF FF FF FF FF |................|
  A4F0:  FF FF FF FF FF FF FF FF FF FF FF FF FF FF FF FF |................|
  A500:  FF FF FF FF FF FF FF FF FF FF FF FF FF FF FF FF |................|
  A510:  FF FF FF FF FF FF FF FF FF FF FF FF FF FF FF FF |................|
  A520:  FF FF FF FF FF FF FF FF FF FF FF FF FF FF FF FF |................|
  A530:  FF FF FF FF FF FF FF FF FF FF FF FF FF FF FF FF |................|
  A540:  FF FF FF FF FF FF FF FF FF FF FF FF FF FF FF FF |................|
  A550:  FF FF FF FF FF FF FF FF FF FF FF FF FF FF FF FF |................|
  A560:  FF FF FF FF FF FF FF FF FF FF FF FF FF FF FF FF |................|
  A570:  FF FF FF FF FF FF FF FF FF FF FF FF FF FF FF FF |................|
  A580:  FF FF FF FF FF FF FF FF FF FF FF FF FF FF FF FF |................|
  A590:  FF FF FF FF FF FF FF FF FF FF FF FF FF FF FF FF |................|
  A5A0:  FF FF FF FF FF FF FF FF FF FF FF FF FF FF FF FF |................|
  A5B0:  FF FF FF FF FF FF FF FF FF FF FF FF FF FF FF FF |................|
  A5C0:  FF FF FF FF FF FF FF FF FF FF FF FF FF FF FF FF |................|
  A5D0:  FF FF FF FF FF FF FF FF FF FF FF FF FF FF FF FF |................|
  A5E0:  FF FF FF FF FF FF FF FF FF FF FF FF FF FF FF FF |................|
  A5F0:  FF FF FF FF FF FF FF FF FF FF FF FF FF FF FF FF |................|
  A600:  FF FF FF FF FF FF FF FF FF FF FF FF FF FF FF FF |................|
  A610:  FF FF FF FF FF FF FF FF FF FF FF FF FF FF FF FF |................|
  A620:  FF FF FF FF FF FF FF FF FF FF FF FF FF FF FF FF |................|
  A630:  FF FF FF FF FF FF FF FF FF FF FF FF FF FF FF FF |................|
  A640:  FF FF FF FF FF FF FF FF FF FF FF FF FF FF FF FF |................|
  A650:  FF FF FF FF FF FF FF FF FF FF FF FF FF FF FF FF |................|
  A660:  FF FF FF FF FF FF FF FF FF FF FF FF FF FF FF FF |................|
  A670:  FF FF FF FF FF FF FF FF FF FF FF FF FF FF FF FF |................|
  A680:  FF FF FF FF FF FF FF FF FF FF FF FF FF FF FF FF |................|
  A690:  FF FF FF FF FF FF FF FF FF FF FF FF FF FF FF FF |................|
  A6A0:  FF FF FF FF FF FF FF FF FF FF FF FF FF FF FF FF |................|
  A6B0:  FF FF FF FF FF FF FF FF FF FF FF FF FF FF FF FF |................|
  A6C0:  FF FF FF FF FF FF FF FF FF FF FF FF FF FF FF FF |................|
  A6D0:  FF FF FF FF FF FF FF FF FF FF FF FF FF FF FF FF |................|
  A6E0:  FF FF FF FF FF FF FF FF FF FF FF FF FF FF FF FF |................|
  A6F0:  FF FF FF FF FF FF FF FF FF FF FF FF FF FF FF FF |................|
  A700:  FF FF FF FF FF FF FF FF FF FF FF FF FF FF FF FF |................|
  A710:  FF FF FF FF FF FF FF FF FF FF FF FF FF FF FF FF |................|
  A720:  FF FF FF FF FF FF FF FF FF FF FF FF FF FF FF FF |................|
  A730:  FF FF FF FF FF FF FF FF FF FF FF FF FF FF FF FF |................|
  A740:  FF FF FF FF FF FF FF FF FF FF FF FF FF FF FF FF |................|
  A750:  FF FF FF FF FF FF FF FF FF FF FF FF FF FF FF FF |................|
  A760:  FF FF FF FF FF FF FF FF FF FF FF FF FF FF FF FF |................|
  A770:  FF FF FF FF FF FF FF FF FF FF FF FF FF FF FF FF |................|
  A780:  FF FF FF FF FF FF FF FF FF FF FF FF FF FF FF FF |................|
  A790:  FF FF FF FF FF FF FF FF FF FF FF FF FF FF FF FF |................|
  A7A0:  FF FF FF FF FF FF FF FF FF FF FF FF FF FF FF FF |................|
  A7B0:  FF FF FF FF FF FF FF FF FF FF FF FF FF FF FF FF |................|
  A7C0:  FF FF FF FF FF FF FF FF FF FF FF FF FF FF FF FF |................|
  A7D0:  FF FF FF FF FF FF FF FF FF FF FF FF FF FF FF FF |................|
  A7E0:  FF FF FF FF FF FF FF FF FF FF FF FF FF FF FF FF |................|
  A7F0:  FF FF FF FF FF FF FF FF FF FF FF FF FF FF FF FF |................|
  A800:  FF FF FF FF FF FF FF FF FF FF FF FF FF FF FF FF |................|
  A810:  FF FF FF FF FF FF FF FF FF FF FF FF FF FF FF FF |................|
  A820:  FF FF FF FF FF FF FF FF FF FF FF FF FF FF FF FF |................|
  A830:  FF FF FF FF FF FF FF FF FF FF FF FF FF FF FF FF |................|
  A840:  FF FF FF FF FF FF FF FF FF FF FF FF FF FF FF FF |................|
  A850:  FF FF FF FF FF FF FF FF FF FF FF FF FF FF FF FF |................|
  A860:  FF FF FF FF FF FF FF FF FF FF FF FF FF FF FF FF |................|
  A870:  FF FF FF FF FF FF FF FF FF FF FF FF FF FF FF FF |................|
  A880:  FF FF FF FF FF FF FF FF FF FF FF FF FF FF FF FF |................|
  A890:  FF FF FF FF FF FF FF FF FF FF FF FF FF FF FF FF |................|
  A8A0:  FF FF FF FF FF FF FF FF FF FF FF FF FF FF FF FF |................|
  A8B0:  FF FF FF FF FF FF FF FF FF FF FF FF FF FF FF FF |................|
  A8C0:  FF FF FF FF FF FF FF FF FF FF FF FF FF FF FF FF |................|
  A8D0:  FF FF FF FF FF FF FF FF FF FF FF FF FF FF FF FF |................|
  A8E0:  FF FF FF FF FF FF FF FF FF FF FF FF FF FF FF FF |................|
  A8F0:  FF FF FF FF FF FF FF FF FF FF FF FF FF FF FF FF |................|
  A900:  FF FF FF FF FF FF FF FF FF FF FF FF FF FF FF FF |................|
  A910:  FF FF FF FF FF FF FF FF FF FF FF FF FF FF FF FF |................|
  A920:  FF FF FF FF FF FF FF FF FF FF FF FF FF FF FF FF |................|
  A930:  FF FF FF FF FF FF FF FF FF FF FF FF FF FF FF FF |................|
  A940:  FF FF FF FF FF FF FF FF FF FF FF FF FF FF FF FF |................|
  A950:  FF FF FF FF FF FF FF FF FF FF FF FF FF FF FF FF |................|
  A960:  FF FF FF FF FF FF FF FF FF FF FF FF FF FF FF FF |................|
  A970:  FF FF FF FF FF FF FF FF FF FF FF FF FF FF FF FF |................|
  A980:  FF FF FF FF FF FF FF FF FF FF FF FF FF FF FF FF |................|
  A990:  FF FF FF FF FF FF FF FF FF FF FF FF FF FF FF FF |................|
  A9A0:  FF FF FF FF FF FF FF FF FF FF FF FF FF FF FF FF |................|
  A9B0:  FF FF FF FF FF FF FF FF FF FF FF FF FF FF FF FF |................|
  A9C0:  FF FF FF FF FF FF FF FF FF FF FF FF FF FF FF FF |................|
  A9D0:  FF FF FF FF FF FF FF FF FF FF FF FF FF FF FF FF |................|
  A9E0:  FF FF FF FF FF FF FF FF FF FF FF FF FF FF FF FF |................|
  A9F0:  FF FF FF FF FF FF FF FF FF FF FF FF FF FF FF FF |................|
  AA00:  FF FF FF FF FF FF FF FF FF FF FF FF FF FF FF FF |................|
  AA10:  FF FF FF FF FF FF FF FF FF FF FF FF FF FF FF FF |................|
  AA20:  FF FF FF FF FF FF FF FF FF FF FF FF FF FF FF FF |................|
  AA30:  FF FF FF FF FF FF FF FF FF FF FF FF FF FF FF FF |................|
  AA40:  FF FF FF FF FF FF FF FF FF FF FF FF FF FF FF FF |................|
  AA50:  FF FF FF FF FF FF FF FF FF FF FF FF FF FF FF FF |................|
  AA60:  FF FF FF FF FF FF FF FF FF FF FF FF FF FF FF FF |................|
  AA70:  FF FF FF FF FF FF FF FF FF FF FF FF FF FF FF FF |................|
  AA80:  FF FF FF FF FF FF FF FF FF FF FF FF FF FF FF FF |................|
  AA90:  FF FF FF FF FF FF FF FF FF FF FF FF FF FF FF FF |................|
  AAA0:  FF FF FF FF FF FF FF FF FF FF FF FF FF FF FF FF |................|
  AAB0:  FF FF FF FF FF FF FF FF FF FF FF FF FF FF FF FF |................|
  AAC0:  FF FF FF FF FF FF FF FF FF FF FF FF FF FF FF FF |................|
  AAD0:  FF FF FF FF FF FF FF FF FF FF FF FF FF FF FF FF |................|
  AAE0:  FF FF FF FF FF FF FF FF FF FF FF FF FF FF FF FF |................|
  AAF0:  FF FF FF FF FF FF FF FF FF FF FF FF FF FF FF FF |................|
  AB00:  FF FF FF FF FF FF FF FF FF FF FF FF FF FF FF FF |................|
  AB10:  FF FF FF FF FF FF FF FF FF FF FF FF FF FF FF FF |................|
  AB20:  FF FF FF FF FF FF FF FF FF FF FF FF FF FF FF FF |................|
  AB30:  FF FF FF FF FF FF FF FF FF FF FF FF FF FF FF FF |................|
  AB40:  FF FF FF FF FF FF FF FF FF FF FF FF FF FF FF FF |................|
  AB50:  FF FF FF FF FF FF FF FF FF FF FF FF FF FF FF FF |................|
  AB60:  FF FF FF FF FF FF FF FF FF FF FF FF FF FF FF FF |................|
  AB70:  FF FF FF FF FF FF FF FF FF FF FF FF FF FF FF FF |................|
  AB80:  FF FF FF FF FF FF FF FF FF FF FF FF FF FF FF FF |................|
  AB90:  FF FF FF FF FF FF FF FF FF FF FF FF FF FF FF FF |................|
  ABA0:  FF FF FF FF FF FF FF FF FF FF FF FF FF FF FF FF |................|
  ABB0:  FF FF FF FF FF FF FF FF FF FF FF FF FF FF FF FF |................|
  ABC0:  FF FF FF FF FF FF FF FF FF FF FF FF FF FF FF FF |................|
  ABD0:  FF FF FF FF FF FF FF FF FF FF FF FF FF FF FF FF |................|
  ABE0:  FF FF FF FF FF FF FF FF FF FF FF FF FF FF FF FF |................|
  ABF0:  FF FF FF FF FF FF FF FF FF FF FF FF FF FF FF FF |................|
  AC00:  FF FF FF FF FF FF FF FF FF FF FF FF FF FF FF FF |................|
  AC10:  FF FF FF FF FF FF FF FF FF FF FF FF FF FF FF FF |................|
  AC20:  FF FF FF FF FF FF FF FF FF FF FF FF FF FF FF FF |................|
  AC30:  FF FF FF FF FF FF FF FF FF FF FF FF FF FF FF FF |................|
  AC40:  FF FF FF FF FF FF FF FF FF FF FF FF FF FF FF FF |................|
  AC50:  FF FF FF FF FF FF FF FF FF FF FF FF FF FF FF FF |................|
  AC60:  FF FF FF FF FF FF FF FF FF FF FF FF FF FF FF FF |................|
  AC70:  FF FF FF FF FF FF FF FF FF FF FF FF FF FF FF FF |................|
  AC80:  FF FF FF FF FF FF FF FF FF FF FF FF FF FF FF FF |................|
  AC90:  FF FF FF FF FF FF FF FF FF FF FF FF FF FF FF FF |................|
  ACA0:  FF FF FF FF FF FF FF FF FF FF FF FF FF FF FF FF |................|
  ACB0:  FF FF FF FF FF FF FF FF FF FF FF FF FF FF FF FF |................|
  ACC0:  FF FF FF FF FF FF FF FF FF FF FF FF FF FF FF FF |................|
  ACD0:  FF FF FF FF FF FF FF FF FF FF FF FF FF FF FF FF |................|
  ACE0:  FF FF FF FF FF FF FF FF FF FF FF FF FF FF FF FF |................|
  ACF0:  FF FF FF FF FF FF FF FF FF FF FF FF FF FF FF FF |................|
  AD00:  FF FF FF FF FF FF FF FF FF FF FF FF FF FF FF FF |................|
  AD10:  FF FF FF FF FF FF FF FF FF FF FF FF FF FF FF FF |................|
  AD20:  FF FF FF FF FF FF FF FF FF FF FF FF FF FF FF FF |................|
  AD30:  FF FF FF FF FF FF FF FF FF FF FF FF FF FF FF FF |................|
  AD40:  FF FF FF FF FF FF FF FF FF FF FF FF FF FF FF FF |................|
  AD50:  FF FF FF FF FF FF FF FF FF FF FF FF FF FF FF FF |................|
  AD60:  FF FF FF FF FF FF FF FF FF FF FF FF FF FF FF FF |................|
  AD70:  FF FF FF FF FF FF FF FF FF FF FF FF FF FF FF FF |................|
  AD80:  FF FF FF FF FF FF FF FF FF FF FF FF FF FF FF FF |................|
  AD90:  FF FF FF FF FF FF FF FF FF FF FF FF FF FF FF FF |................|
  ADA0:  FF FF FF FF FF FF FF FF FF FF FF FF FF FF FF FF |................|
  ADB0:  FF FF FF FF FF FF FF FF FF FF FF FF FF FF FF FF |................|
  ADC0:  FF FF FF FF FF FF FF FF FF FF FF FF FF FF FF FF |................|
  ADD0:  FF FF FF FF FF FF FF FF FF FF FF FF FF FF FF FF |................|
  ADE0:  FF FF FF FF FF FF FF FF FF FF FF FF FF FF FF FF |................|
  ADF0:  FF FF FF FF FF FF FF FF FF FF FF FF FF FF FF FF |................|
  AE00:  FF FF FF FF FF FF FF FF FF FF FF FF FF FF FF FF |................|
  AE10:  FF FF FF FF FF FF FF FF FF FF FF FF FF FF FF FF |................|
  AE20:  FF FF FF FF FF FF FF FF FF FF FF FF FF FF FF FF |................|
  AE30:  FF FF FF FF FF FF FF FF FF FF FF FF FF FF FF FF |................|
  AE40:  FF FF FF FF FF FF FF FF FF FF FF FF FF FF FF FF |................|
  AE50:  FF FF FF FF FF FF FF FF FF FF FF FF FF FF FF FF |................|
  AE60:  FF FF FF FF FF FF FF FF FF FF FF FF FF FF FF FF |................|
  AE70:  FF FF FF FF FF FF FF FF FF FF FF FF FF FF FF FF |................|
  AE80:  FF FF FF FF FF FF FF FF FF FF FF FF FF FF FF FF |................|
  AE90:  FF FF FF FF FF FF FF FF FF FF FF FF FF FF FF FF |................|
  AEA0:  FF FF FF FF FF FF FF FF FF FF FF FF FF FF FF FF |................|
  AEB0:  FF FF FF FF FF FF FF FF FF FF FF FF FF FF FF FF |................|
  AEC0:  FF FF FF FF FF FF FF FF FF FF FF FF FF FF FF FF |................|
  AED0:  FF FF FF FF FF FF FF FF FF FF FF FF FF FF FF FF |................|
  AEE0:  FF FF FF FF FF FF FF FF FF FF FF FF FF FF FF FF |................|
  AEF0:  FF FF FF FF FF FF FF FF FF FF FF FF FF FF FF FF |................|
  AF00:  FF FF FF FF FF FF FF FF FF FF FF FF FF FF FF FF |................|
  AF10:  FF FF FF FF FF FF FF FF FF FF FF FF FF FF FF FF |................|
  AF20:  FF FF FF FF FF FF FF FF FF FF FF FF FF FF FF FF |................|
  AF30:  FF FF FF FF FF FF FF FF FF FF FF FF FF FF FF FF |................|
  AF40:  FF FF FF FF FF FF FF FF FF FF FF FF FF FF FF FF |................|
  AF50:  FF FF FF FF FF FF FF FF FF FF FF FF FF FF FF FF |................|
  AF60:  FF FF FF FF FF FF FF FF FF FF FF FF FF FF FF FF |................|
  AF70:  FF FF FF FF FF FF FF FF FF FF FF FF FF FF FF FF |................|
  AF80:  FF FF FF FF FF FF FF FF FF FF FF FF FF FF FF FF |................|
  AF90:  FF FF FF FF FF FF FF FF FF FF FF FF FF FF FF FF |................|
  AFA0:  FF FF FF FF FF FF FF FF FF FF FF FF FF FF FF FF |................|
  AFB0:  FF FF FF FF FF FF FF FF FF FF FF FF FF FF FF FF |................|
  AFC0:  FF FF FF FF FF FF FF FF FF FF FF FF FF FF FF FF |................|
  AFD0:  FF FF FF FF FF FF FF FF FF FF FF FF FF FF FF FF |................|
  AFE0:  FF FF FF FF FF FF FF FF FF FF FF FF FF FF FF FF |................|
  AFF0:  FF FF FF FF FF FF FF FF FF FF FF FF FF FF FF FF |................|
  B000:  FF FF FF FF FF FF FF FF FF FF FF FF FF FF FF FF |................|
  B010:  FF FF FF FF FF FF FF FF FF FF FF FF FF FF FF FF |................|
  B020:  FF FF FF FF FF FF FF FF FF FF FF FF FF FF FF FF |................|
  B030:  FF FF FF FF FF FF FF FF FF FF FF FF FF FF FF FF |................|
  B040:  FF FF FF FF FF FF FF FF FF FF FF FF FF FF FF FF |................|
  B050:  FF FF FF FF FF FF FF FF FF FF FF FF FF FF FF FF |................|
  B060:  FF FF FF FF FF FF FF FF FF FF FF FF FF FF FF FF |................|
  B070:  FF FF FF FF FF FF FF FF FF FF FF FF FF FF FF FF |................|
  B080:  FF FF FF FF FF FF FF FF FF FF FF FF FF FF FF FF |................|
  B090:  FF FF FF FF FF FF FF FF FF FF FF FF FF FF FF FF |................|
  B0A0:  FF FF FF FF FF FF FF FF FF FF FF FF FF FF FF FF |................|
  B0B0:  FF FF FF FF FF FF FF FF FF FF FF FF FF FF FF FF |................|
  B0C0:  FF FF FF FF FF FF FF FF FF FF FF FF FF FF FF FF |................|
  B0D0:  FF FF FF FF FF FF FF FF FF FF FF FF FF FF FF FF |................|
  B0E0:  FF FF FF FF FF FF FF FF FF FF FF FF FF FF FF FF |................|
  B0F0:  FF FF FF FF FF FF FF FF FF FF FF FF FF FF FF FF |................|
  B100:  FF FF FF FF FF FF FF FF FF FF FF FF FF FF FF FF |................|
  B110:  FF FF FF FF FF FF FF FF FF FF FF FF FF FF FF FF |................|
  B120:  FF FF FF FF FF FF FF FF FF FF FF FF FF FF FF FF |................|
  B130:  FF FF FF FF FF FF FF FF FF FF FF FF FF FF FF FF |................|
  B140:  FF FF FF FF FF FF FF FF FF FF FF FF FF FF FF FF |................|
  B150:  FF FF FF FF FF FF FF FF FF FF FF FF FF FF FF FF |................|
  B160:  FF FF FF FF FF FF FF FF FF FF FF FF FF FF FF FF |................|
  B170:  FF FF FF FF FF FF FF FF FF FF FF FF FF FF FF FF |................|
  B180:  FF FF FF FF FF FF FF FF FF FF FF FF FF FF FF FF |................|
  B190:  FF FF FF FF FF FF FF FF FF FF FF FF FF FF FF FF |................|
  B1A0:  FF FF FF FF FF FF FF FF FF FF FF FF FF FF FF FF |................|
  B1B0:  FF FF FF FF FF FF FF FF FF FF FF FF FF FF FF FF |................|
  B1C0:  FF FF FF FF FF FF FF FF FF FF FF FF FF FF FF FF |................|
  B1D0:  FF FF FF FF FF FF FF FF FF FF FF FF FF FF FF FF |................|
  B1E0:  FF FF FF FF FF FF FF FF FF FF FF FF FF FF FF FF |................|
  B1F0:  FF FF FF FF FF FF FF FF FF FF FF FF FF FF FF FF |................|
  B200:  FF FF FF FF FF FF FF FF FF FF FF FF FF FF FF FF |................|
  B210:  FF FF FF FF FF FF FF FF FF FF FF FF FF FF FF FF |................|
  B220:  FF FF FF FF FF FF FF FF FF FF FF FF FF FF FF FF |................|
  B230:  FF FF FF FF FF FF FF FF FF FF FF FF FF FF FF FF |................|
  B240:  FF FF FF FF FF FF FF FF FF FF FF FF FF FF FF FF |................|
  B250:  FF FF FF FF FF FF FF FF FF FF FF FF FF FF FF FF |................|
  B260:  FF FF FF FF FF FF FF FF FF FF FF FF FF FF FF FF |................|
  B270:  FF FF FF FF FF FF FF FF FF FF FF FF FF FF FF FF |................|
  B280:  FF FF FF FF FF FF FF FF FF FF FF FF FF FF FF FF |................|
  B290:  FF FF FF FF FF FF FF FF FF FF FF FF FF FF FF FF |................|
  B2A0:  FF FF FF FF FF FF FF FF FF FF FF FF FF FF FF FF |................|
  B2B0:  FF FF FF FF FF FF FF FF FF FF FF FF FF FF FF FF |................|
  B2C0:  FF FF FF FF FF FF FF FF FF FF FF FF FF FF FF FF |................|
  B2D0:  FF FF FF FF FF FF FF FF FF FF FF FF FF FF FF FF |................|
  B2E0:  FF FF FF FF FF FF FF FF FF FF FF FF FF FF FF FF |................|
  B2F0:  FF FF FF FF FF FF FF FF FF FF FF FF FF FF FF FF |................|
  B300:  FF FF FF FF FF FF FF FF FF FF FF FF FF FF FF FF |................|
  B310:  FF FF FF FF FF FF FF FF FF FF FF FF FF FF FF FF |................|
  B320:  FF FF FF FF FF FF FF FF FF FF FF FF FF FF FF FF |................|
  B330:  FF FF FF FF FF FF FF FF FF FF FF FF FF FF FF FF |................|
  B340:  FF FF FF FF FF FF FF FF FF FF FF FF FF FF FF FF |................|
  B350:  FF FF FF FF FF FF FF FF FF FF FF FF FF FF FF FF |................|
  B360:  FF FF FF FF FF FF FF FF FF FF FF FF FF FF FF FF |................|
  B370:  FF FF FF FF FF FF FF FF FF FF FF FF FF FF FF FF |................|
  B380:  FF FF FF FF FF FF FF FF FF FF FF FF FF FF FF FF |................|
  B390:  FF FF FF FF FF FF FF FF FF FF FF FF FF FF FF FF |................|
  B3A0:  FF FF FF FF FF FF FF FF FF FF FF FF FF FF FF FF |................|
  B3B0:  FF FF FF FF FF FF FF FF FF FF FF FF FF FF FF FF |................|
  B3C0:  FF FF FF FF FF FF FF FF FF FF FF FF FF FF FF FF |................|
  B3D0:  FF FF FF FF FF FF FF FF FF FF FF FF FF FF FF FF |................|
  B3E0:  FF FF FF FF FF FF FF FF FF FF FF FF FF FF FF FF |................|
  B3F0:  FF FF FF FF FF FF FF FF FF FF FF FF FF FF FF FF |................|
  B400:  FF FF FF FF FF FF FF FF FF FF FF FF FF FF FF FF |................|
  B410:  FF FF FF FF FF FF FF FF FF FF FF FF FF FF FF FF |................|
  B420:  FF FF FF FF FF FF FF FF FF FF FF FF FF FF FF FF |................|
  B430:  FF FF FF FF FF FF FF FF FF FF FF FF FF FF FF FF |................|
  B440:  FF FF FF FF FF FF FF FF FF FF FF FF FF FF FF FF |................|
  B450:  FF FF FF FF FF FF FF FF FF FF FF FF FF FF FF FF |................|
  B460:  FF FF FF FF FF FF FF FF FF FF FF FF FF FF FF FF |................|
  B470:  FF FF FF FF FF FF FF FF FF FF FF FF FF FF FF FF |................|
  B480:  FF FF FF FF FF FF FF FF FF FF FF FF FF FF FF FF |................|
  B490:  FF FF FF FF FF FF FF FF FF FF FF FF FF FF FF FF |................|
  B4A0:  FF FF FF FF FF FF FF FF FF FF FF FF FF FF FF FF |................|
  B4B0:  FF FF FF FF FF FF FF FF FF FF FF FF FF FF FF FF |................|
  B4C0:  FF FF FF FF FF FF FF FF FF FF FF FF FF FF FF FF |................|
  B4D0:  FF FF FF FF FF FF FF FF FF FF FF FF FF FF FF FF |................|
  B4E0:  FF FF FF FF FF FF FF FF FF FF FF FF FF FF FF FF |................|
  B4F0:  FF FF FF FF FF FF FF FF FF FF FF FF FF FF FF FF |................|
  B500:  FF FF FF FF FF FF FF FF FF FF FF FF FF FF FF FF |................|
  B510:  FF FF FF FF FF FF FF FF FF FF FF FF FF FF FF FF |................|
  B520:  FF FF FF FF FF FF FF FF FF FF FF FF FF FF FF FF |................|
  B530:  FF FF FF FF FF FF FF FF FF FF FF FF FF FF FF FF |................|
  B540:  FF FF FF FF FF FF FF FF FF FF FF FF FF FF FF FF |................|
  B550:  FF FF FF FF FF FF FF FF FF FF FF FF FF FF FF FF |................|
  B560:  FF FF FF FF FF FF FF FF FF FF FF FF FF FF FF FF |................|
  B570:  FF FF FF FF FF FF FF FF FF FF FF FF FF FF FF FF |................|
  B580:  FF FF FF FF FF FF FF FF FF FF FF FF FF FF FF FF |................|
  B590:  FF FF FF FF FF FF FF FF FF FF FF FF FF FF FF FF |................|
  B5A0:  FF FF FF FF FF FF FF FF FF FF FF FF FF FF FF FF |................|
  B5B0:  FF FF FF FF FF FF FF FF FF FF FF FF FF FF FF FF |................|
  B5C0:  FF FF FF FF FF FF FF FF FF FF FF FF FF FF FF FF |................|
  B5D0:  FF FF FF FF FF FF FF FF FF FF FF FF FF FF FF FF |................|
  B5E0:  FF FF FF FF FF FF FF FF FF FF FF FF FF FF FF FF |................|
  B5F0:  FF FF FF FF FF FF FF FF FF FF FF FF FF FF FF FF |................|
  B600:  FF FF FF FF FF FF FF FF FF FF FF FF FF FF FF FF |................|
  B610:  FF FF FF FF FF FF FF FF FF FF FF FF FF FF FF FF |................|
  B620:  FF FF FF FF FF FF FF FF FF FF FF FF FF FF FF FF |................|
  B630:  FF FF FF FF FF FF FF FF FF FF FF FF FF FF FF FF |................|
  B640:  FF FF FF FF FF FF FF FF FF FF FF FF FF FF FF FF |................|
  B650:  FF FF FF FF FF FF FF FF FF FF FF FF FF FF FF FF |................|
  B660:  FF FF FF FF FF FF FF FF FF FF FF FF FF FF FF FF |................|
  B670:  FF FF FF FF FF FF FF FF FF FF FF FF FF FF FF FF |................|
  B680:  FF FF FF FF FF FF FF FF FF FF FF FF FF FF FF FF |................|
  B690:  FF FF FF FF FF FF FF FF FF FF FF FF FF FF FF FF |................|
  B6A0:  FF FF FF FF FF FF FF FF FF FF FF FF FF FF FF FF |................|
  B6B0:  FF FF FF FF FF FF FF FF FF FF FF FF FF FF FF FF |................|
  B6C0:  FF FF FF FF FF FF FF FF FF FF FF FF FF FF FF FF |................|
  B6D0:  FF FF FF FF FF FF FF FF FF FF FF FF FF FF FF FF |................|
  B6E0:  FF FF FF FF FF FF FF FF FF FF FF FF FF FF FF FF |................|
  B6F0:  FF FF FF FF FF FF FF FF FF FF FF FF FF FF FF FF |................|
  B700:  FF FF FF FF FF FF FF FF FF FF FF FF FF FF FF FF |................|
  B710:  FF FF FF FF FF FF FF FF FF FF FF FF FF FF FF FF |................|
  B720:  FF FF FF FF FF FF FF FF FF FF FF FF FF FF FF FF |................|
  B730:  FF FF FF FF FF FF FF FF FF FF FF FF FF FF FF FF |................|
  B740:  FF FF FF FF FF FF FF FF FF FF FF FF FF FF FF FF |................|
  B750:  FF FF FF FF FF FF FF FF FF FF FF FF FF FF FF FF |................|
  B760:  FF FF FF FF FF FF FF FF FF FF FF FF FF FF FF FF |................|
  B770:  FF FF FF FF FF FF FF FF FF FF FF FF FF FF FF FF |................|
  B780:  FF FF FF FF FF FF FF FF FF FF FF FF FF FF FF FF |................|
  B790:  FF FF FF FF FF FF FF FF FF FF FF FF FF FF FF FF |................|
  B7A0:  FF FF FF FF FF FF FF FF FF FF FF FF FF FF FF FF |................|
  B7B0:  FF FF FF FF FF FF FF FF FF FF FF FF FF FF FF FF |................|
  B7C0:  FF FF FF FF FF FF FF FF FF FF FF FF FF FF FF FF |................|
  B7D0:  FF FF FF FF FF FF FF FF FF FF FF FF FF FF FF FF |................|
  B7E0:  FF FF FF FF FF FF FF FF FF FF FF FF FF FF FF FF |................|
  B7F0:  FF FF FF FF FF FF FF FF FF FF FF FF FF FF FF FF |................|
  B800:  FF FF FF FF FF FF FF FF FF FF FF FF FF FF FF FF |................|
  B810:  FF FF FF FF FF FF FF FF FF FF FF FF FF FF FF FF |................|
  B820:  FF FF FF FF FF FF FF FF FF FF FF FF FF FF FF FF |................|
  B830:  FF FF FF FF FF FF FF FF FF FF FF FF FF FF FF FF |................|
  B840:  FF FF FF FF FF FF FF FF FF FF FF FF FF FF FF FF |................|
  B850:  FF FF FF FF FF FF FF FF FF FF FF FF FF FF FF FF |................|
  B860:  FF FF FF FF FF FF FF FF FF FF FF FF FF FF FF FF |................|
  B870:  FF FF FF FF FF FF FF FF FF FF FF FF FF FF FF FF |................|
  B880:  FF FF FF FF FF FF FF FF FF FF FF FF FF FF FF FF |................|
  B890:  FF FF FF FF FF FF FF FF FF FF FF FF FF FF FF FF |................|
  B8A0:  FF FF FF FF FF FF FF FF FF FF FF FF FF FF FF FF |................|
  B8B0:  FF FF FF FF FF FF FF FF FF FF FF FF FF FF FF FF |................|
  B8C0:  FF FF FF FF FF FF FF FF FF FF FF FF FF FF FF FF |................|
  B8D0:  FF FF FF FF FF FF FF FF FF FF FF FF FF FF FF FF |................|
  B8E0:  FF FF FF FF FF FF FF FF FF FF FF FF FF FF FF FF |................|
  B8F0:  FF FF FF FF FF FF FF FF FF FF FF FF FF FF FF FF |................|
  B900:  FF FF FF FF FF FF FF FF FF FF FF FF FF FF FF FF |................|
  B910:  FF FF FF FF FF FF FF FF FF FF FF FF FF FF FF FF |................|
  B920:  FF FF FF FF FF FF FF FF FF FF FF FF FF FF FF FF |................|
  B930:  FF FF FF FF FF FF FF FF FF FF FF FF FF FF FF FF |................|
  B940:  FF FF FF FF FF FF FF FF FF FF FF FF FF FF FF FF |................|
  B950:  FF FF FF FF FF FF FF FF FF FF FF FF FF FF FF FF |................|
  B960:  FF FF FF FF FF FF FF FF FF FF FF FF FF FF FF FF |................|
  B970:  FF FF FF FF FF FF FF FF FF FF FF FF FF FF FF FF |................|
  B980:  FF FF FF FF FF FF FF FF FF FF FF FF FF FF FF FF |................|
  B990:  FF FF FF FF FF FF FF FF FF FF FF FF FF FF FF FF |................|
  B9A0:  FF FF FF FF FF FF FF FF FF FF FF FF FF FF FF FF |................|
  B9B0:  FF FF FF FF FF FF FF FF FF FF FF FF FF FF FF FF |................|
  B9C0:  FF FF FF FF FF FF FF FF FF FF FF FF FF FF FF FF |................|
  B9D0:  FF FF FF FF FF FF FF FF FF FF FF FF FF FF FF FF |................|
  B9E0:  FF FF FF FF FF FF FF FF FF FF FF FF FF FF FF FF |................|
  B9F0:  FF FF FF FF FF FF FF FF FF FF FF FF FF FF FF FF |................|
  BA00:  FF FF FF FF FF FF FF FF FF FF FF FF FF FF FF FF |................|
  BA10:  FF FF FF FF FF FF FF FF FF FF FF FF FF FF FF FF |................|
  BA20:  FF FF FF FF FF FF FF FF FF FF FF FF FF FF FF FF |................|
  BA30:  FF FF FF FF FF FF FF FF FF FF FF FF FF FF FF FF |................|
  BA40:  FF FF FF FF FF FF FF FF FF FF FF FF FF FF FF FF |................|
  BA50:  FF FF FF FF FF FF FF FF FF FF FF FF FF FF FF FF |................|
  BA60:  FF FF FF FF FF FF FF FF FF FF FF FF FF FF FF FF |................|
  BA70:  FF FF FF FF FF FF FF FF FF FF FF FF FF FF FF FF |................|
  BA80:  FF FF FF FF FF FF FF FF FF FF FF FF FF FF FF FF |................|
  BA90:  FF FF FF FF FF FF FF FF FF FF FF FF FF FF FF FF |................|
  BAA0:  FF FF FF FF FF FF FF FF FF FF FF FF FF FF FF FF |................|
  BAB0:  FF FF FF FF FF FF FF FF FF FF FF FF FF FF FF FF |................|
  BAC0:  FF FF FF FF FF FF FF FF FF FF FF FF FF FF FF FF |................|
  BAD0:  FF FF FF FF FF FF FF FF FF FF FF FF FF FF FF FF |................|
  BAE0:  FF FF FF FF FF FF FF FF FF FF FF FF FF FF FF FF |................|
  BAF0:  FF FF FF FF FF FF FF FF FF FF FF FF FF FF FF FF |................|
  BB00:  FF FF FF FF FF FF FF FF FF FF FF FF FF FF FF FF |................|
  BB10:  FF FF FF FF FF FF FF FF FF FF FF FF FF FF FF FF |................|
  BB20:  FF FF FF FF FF FF FF FF FF FF FF FF FF FF FF FF |................|
  BB30:  FF FF FF FF FF FF FF FF FF FF FF FF FF FF FF FF |................|
  BB40:  FF FF FF FF FF FF FF FF FF FF FF FF FF FF FF FF |................|
  BB50:  FF FF FF FF FF FF FF FF FF FF FF FF FF FF FF FF |................|
  BB60:  FF FF FF FF FF FF FF FF FF FF FF FF FF FF FF FF |................|
  BB70:  FF FF FF FF FF FF FF FF FF FF FF FF FF FF FF FF |................|
  BB80:  FF FF FF FF FF FF FF FF FF FF FF FF FF FF FF FF |................|
  BB90:  FF FF FF FF FF FF FF FF FF FF FF FF FF FF FF FF |................|
  BBA0:  FF FF FF FF FF FF FF FF FF FF FF FF FF FF FF FF |................|
  BBB0:  FF FF FF FF FF FF FF FF FF FF FF FF FF FF FF FF |................|
  BBC0:  FF FF FF FF FF FF FF FF FF FF FF FF FF FF FF FF |................|
  BBD0:  FF FF FF FF FF FF FF FF FF FF FF FF FF FF FF FF |................|
  BBE0:  FF FF FF FF FF FF FF FF FF FF FF FF FF FF FF FF |................|
  BBF0:  FF FF FF FF FF FF FF FF FF FF FF FF FF FF FF FF |................|
  BC00:  FF FF FF FF FF FF FF FF FF FF FF FF FF FF FF FF |................|
  BC10:  FF FF FF FF FF FF FF FF FF FF FF FF FF FF FF FF |................|
  BC20:  FF FF FF FF FF FF FF FF FF FF FF FF FF FF FF FF |................|
  BC30:  FF FF FF FF FF FF FF FF FF FF FF FF FF FF FF FF |................|
  BC40:  FF FF FF FF FF FF FF FF FF FF FF FF FF FF FF FF |................|
  BC50:  FF FF FF FF FF FF FF FF FF FF FF FF FF FF FF FF |................|
  BC60:  FF FF FF FF FF FF FF FF FF FF FF FF FF FF FF FF |................|
  BC70:  FF FF FF FF FF FF FF FF FF FF FF FF FF FF FF FF |................|
  BC80:  FF FF FF FF FF FF FF FF FF FF FF FF FF FF FF FF |................|
  BC90:  FF FF FF FF FF FF FF FF FF FF FF FF FF FF FF FF |................|
  BCA0:  FF FF FF FF FF FF FF FF FF FF FF FF FF FF FF FF |................|
  BCB0:  FF FF FF FF FF FF FF FF FF FF FF FF FF FF FF FF |................|
  BCC0:  FF FF FF FF FF FF FF FF FF FF FF FF FF FF FF FF |................|
  BCD0:  FF FF FF FF FF FF FF FF FF FF FF FF FF FF FF FF |................|
  BCE0:  FF FF FF FF FF FF FF FF FF FF FF FF FF FF FF FF |................|
  BCF0:  FF FF FF FF FF FF FF FF FF FF FF FF FF FF FF FF |................|
  BD00:  FF FF FF FF FF FF FF FF FF FF FF FF FF FF FF FF |................|
  BD10:  FF FF FF FF FF FF FF FF FF FF FF FF FF FF FF FF |................|
  BD20:  FF FF FF FF FF FF FF FF FF FF FF FF FF FF FF FF |................|
  BD30:  FF FF FF FF FF FF FF FF FF FF FF FF FF FF FF FF |................|
  BD40:  FF FF FF FF FF FF FF FF FF FF FF FF FF FF FF FF |................|
  BD50:  FF FF FF FF FF FF FF FF FF FF FF FF FF FF FF FF |................|
  BD60:  FF FF FF FF FF FF FF FF FF FF FF FF FF FF FF FF |................|
  BD70:  FF FF FF FF FF FF FF FF FF FF FF FF FF FF FF FF |................|
  BD80:  FF FF FF FF FF FF FF FF FF FF FF FF FF FF FF FF |................|
  BD90:  FF FF FF FF FF FF FF FF FF FF FF FF FF FF FF FF |................|
  BDA0:  FF FF FF FF FF FF FF FF FF FF FF FF FF FF FF FF |................|
  BDB0:  FF FF FF FF FF FF FF FF FF FF FF FF FF FF FF FF |................|
  BDC0:  FF FF FF FF FF FF FF FF FF FF FF FF FF FF FF FF |................|
  BDD0:  FF FF FF FF FF FF FF FF FF FF FF FF FF FF FF FF |................|
  BDE0:  FF FF FF FF FF FF FF FF FF FF FF FF FF FF FF FF |................|
  BDF0:  FF FF FF FF FF FF FF FF FF FF FF FF FF FF FF FF |................|
  BE00:  FF FF FF FF FF FF FF FF FF FF FF FF FF FF FF FF |................|
  BE10:  FF FF FF FF FF FF FF FF FF FF FF FF FF FF FF FF |................|
  BE20:  FF FF FF FF FF FF FF FF FF FF FF FF FF FF FF FF |................|
  BE30:  FF FF FF FF FF FF FF FF FF FF FF FF FF FF FF FF |................|
  BE40:  FF FF FF FF FF FF FF FF FF FF FF FF FF FF FF FF |................|
  BE50:  FF FF FF FF FF FF FF FF FF FF FF FF FF FF FF FF |................|
  BE60:  FF FF FF FF FF FF FF FF FF FF FF FF FF FF FF FF |................|
  BE70:  FF FF FF FF FF FF FF FF FF FF FF FF FF FF FF FF |................|
  BE80:  FF FF FF FF FF FF FF FF FF FF FF FF FF FF FF FF |................|
  BE90:  FF FF FF FF FF FF FF FF FF FF FF FF FF FF FF FF |................|
  BEA0:  FF FF FF FF FF FF FF FF FF FF FF FF FF FF FF FF |................|
  BEB0:  FF FF FF FF FF FF FF FF FF FF FF FF FF FF FF FF |................|
  BEC0:  FF FF FF FF FF FF FF FF FF FF FF FF FF FF FF FF |................|
  BED0:  FF FF FF FF FF FF FF FF FF FF FF FF FF FF FF FF |................|
  BEE0:  FF FF FF FF FF FF FF FF FF FF FF FF FF FF FF FF |................|
  BEF0:  FF FF FF FF FF FF FF FF FF FF FF FF FF FF FF FF |................|
  BF00:  FF FF FF FF FF FF FF FF FF FF FF FF FF FF FF FF |................|
  BF10:  FF FF FF FF FF FF FF FF FF FF FF FF FF FF FF FF |................|
  BF20:  FF FF FF FF FF FF FF FF FF FF FF FF FF FF FF FF |................|
  BF30:  FF FF FF FF FF FF FF FF FF FF FF FF FF FF FF FF |................|
  BF40:  FF FF FF FF FF FF FF FF FF FF FF FF FF FF FF FF |................|
  BF50:  FF FF FF FF FF FF FF FF FF FF FF FF FF FF FF FF |................|
  BF60:  FF FF FF FF FF FF FF FF FF FF FF FF FF FF FF FF |................|
  BF70:  FF FF FF FF FF FF FF FF FF FF FF FF FF FF FF FF |................|
  BF80:  FF FF FF FF FF FF FF FF FF FF FF FF FF FF FF FF |................|
  BF90:  FF FF FF FF FF FF FF FF FF FF FF FF FF FF FF FF |................|
  BFA0:  FF FF FF FF FF FF FF FF FF FF FF FF FF FF FF FF |................|
  BFB0:  FF FF FF FF FF FF FF FF FF FF FF FF FF FF FF FF |................|
  BFC0:  FF FF FF FF FF FF FF FF FF FF FF FF FF FF FF FF |................|
  BFD0:  FF FF FF FF FF FF FF FF FF FF FF FF FF FF FF FF |................|
  BFE0:  FF FF FF FF FF FF FF FF FF FF FF FF FF FF FF FF |................|
  BFF0:  FF FF FF FF FF FF FF FF FF FF FF FF FF FF FF FF |................|
  C000:  FF FF FF FF FF FF FF FF FF FF FF FF FF FF FF FF |................|
  C010:  FF FF FF FF FF FF FF FF FF FF FF FF FF FF FF FF |................|
  C020:  FF FF FF FF FF FF FF FF FF FF FF FF FF FF FF FF |................|
  C030:  FF FF FF FF FF FF FF FF FF FF FF FF FF FF FF FF |................|
  C040:  FF FF FF FF FF FF FF FF FF FF FF FF FF FF FF FF |................|
  C050:  FF FF FF FF FF FF FF FF FF FF FF FF FF FF FF FF |................|
  C060:  FF FF FF FF FF FF FF FF FF FF FF FF FF FF FF FF |................|
  C070:  FF FF FF FF FF FF FF FF FF FF FF FF FF FF FF FF |................|
  C080:  FF FF FF FF FF FF FF FF FF FF FF FF FF FF FF FF |................|
  C090:  FF FF FF FF FF FF FF FF FF FF FF FF FF FF FF FF |................|
  C0A0:  FF FF FF FF FF FF FF FF FF FF FF FF FF FF FF FF |................|
  C0B0:  FF FF FF FF FF FF FF FF FF FF FF FF FF FF FF FF |................|
  C0C0:  FF FF FF FF FF FF FF FF FF FF FF FF FF FF FF FF |................|
  C0D0:  FF FF FF FF FF FF FF FF FF FF FF FF FF FF FF FF |................|
  C0E0:  FF FF FF FF FF FF FF FF FF FF FF FF FF FF FF FF |................|
  C0F0:  FF FF FF FF FF FF FF FF FF FF FF FF FF FF FF FF |................|
  C100:  FF FF FF FF FF FF FF FF FF FF FF FF FF FF FF FF |................|
  C110:  FF FF FF FF FF FF FF FF FF FF FF FF FF FF FF FF |................|
  C120:  FF FF FF FF FF FF FF FF FF FF FF FF FF FF FF FF |................|
  C130:  FF FF FF FF FF FF FF FF FF FF FF FF FF FF FF FF |................|
  C140:  FF FF FF FF FF FF FF FF FF FF FF FF FF FF FF FF |................|
  C150:  FF FF FF FF FF FF FF FF FF FF FF FF FF FF FF FF |................|
  C160:  FF FF FF FF FF FF FF FF FF FF FF FF FF FF FF FF |................|
  C170:  FF FF FF FF FF FF FF FF FF FF FF FF FF FF FF FF |................|
  C180:  FF FF FF FF FF FF FF FF FF FF FF FF FF FF FF FF |................|
  C190:  FF FF FF FF FF FF FF FF FF FF FF FF FF FF FF FF |................|
  C1A0:  FF FF FF FF FF FF FF FF FF FF FF FF FF FF FF FF |................|
  C1B0:  FF FF FF FF FF FF FF FF FF FF FF FF FF FF FF FF |................|
  C1C0:  FF FF FF FF FF FF FF FF FF FF FF FF FF FF FF FF |................|
  C1D0:  FF FF FF FF FF FF FF FF FF FF FF FF FF FF FF FF |................|
  C1E0:  FF FF FF FF FF FF FF FF FF FF FF FF FF FF FF FF |................|
  C1F0:  FF FF FF FF FF FF FF FF FF FF FF FF FF FF FF FF |................|
  C200:  FF FF FF FF FF FF FF FF FF FF FF FF FF FF FF FF |................|
  C210:  FF FF FF FF FF FF FF FF FF FF FF FF FF FF FF FF |................|
  C220:  FF FF FF FF FF FF FF FF FF FF FF FF FF FF FF FF |................|
  C230:  FF FF FF FF FF FF FF FF FF FF FF FF FF FF FF FF |................|
  C240:  FF FF FF FF FF FF FF FF FF FF FF FF FF FF FF FF |................|
  C250:  FF FF FF FF FF FF FF FF FF FF FF FF FF FF FF FF |................|
  C260:  FF FF FF FF FF FF FF FF FF FF FF FF FF FF FF FF |................|
  C270:  FF FF FF FF FF FF FF FF FF FF FF FF FF FF FF FF |................|
  C280:  FF FF FF FF FF FF FF FF FF FF FF FF FF FF FF FF |................|
  C290:  FF FF FF FF FF FF FF FF FF FF FF FF FF FF FF FF |................|
  C2A0:  FF FF FF FF FF FF FF FF FF FF FF FF FF FF FF FF |................|
  C2B0:  FF FF FF FF FF FF FF FF FF FF FF FF FF FF FF FF |................|
  C2C0:  FF FF FF FF FF FF FF FF FF FF FF FF FF FF FF FF |................|
  C2D0:  FF FF FF FF FF FF FF FF FF FF FF FF FF FF FF FF |................|
  C2E0:  FF FF FF FF FF FF FF FF FF FF FF FF FF FF FF FF |................|
  C2F0:  FF FF FF FF FF FF FF FF FF FF FF FF FF FF FF FF |................|
  C300:  FF FF FF FF FF FF FF FF FF FF FF FF FF FF FF FF |................|
  C310:  FF FF FF FF FF FF FF FF FF FF FF FF FF FF FF FF |................|
  C320:  FF FF FF FF FF FF FF FF FF FF FF FF FF FF FF FF |................|
  C330:  FF FF FF FF FF FF FF FF FF FF FF FF FF FF FF FF |................|
  C340:  FF FF FF FF FF FF FF FF FF FF FF FF FF FF FF FF |................|
  C350:  FF FF FF FF FF FF FF FF FF FF FF FF FF FF FF FF |................|
  C360:  FF FF FF FF FF FF FF FF FF FF FF FF FF FF FF FF |................|
  C370:  FF FF FF FF FF FF FF FF FF FF FF FF FF FF FF FF |................|
  C380:  FF FF FF FF FF FF FF FF FF FF FF FF FF FF FF FF |................|
  C390:  FF FF FF FF FF FF FF FF FF FF FF FF FF FF FF FF |................|
  C3A0:  FF FF FF FF FF FF FF FF FF FF FF FF FF FF FF FF |................|
  C3B0:  FF FF FF FF FF FF FF FF FF FF FF FF FF FF FF FF |................|
  C3C0:  FF FF FF FF FF FF FF FF FF FF FF FF FF FF FF FF |................|
  C3D0:  FF FF FF FF FF FF FF FF FF FF FF FF FF FF FF FF |................|
  C3E0:  FF FF FF FF FF FF FF FF FF FF FF FF FF FF FF FF |................|
  C3F0:  FF FF FF FF FF FF FF FF FF FF FF FF FF FF FF FF |................|
  C400:  FF FF FF FF FF FF FF FF FF FF FF FF FF FF FF FF |................|
  C410:  FF FF FF FF FF FF FF FF FF FF FF FF FF FF FF FF |................|
  C420:  FF FF FF FF FF FF FF FF FF FF FF FF FF FF FF FF |................|
  C430:  FF FF FF FF FF FF FF FF FF FF FF FF FF FF FF FF |................|
  C440:  FF FF FF FF FF FF FF FF FF FF FF FF FF FF FF FF |................|
  C450:  FF FF FF FF FF FF FF FF FF FF FF FF FF FF FF FF |................|
  C460:  FF FF FF FF FF FF FF FF FF FF FF FF FF FF FF FF |................|
  C470:  FF FF FF FF FF FF FF FF FF FF FF FF FF FF FF FF |................|
  C480:  FF FF FF FF FF FF FF FF FF FF FF FF FF FF FF FF |................|
  C490:  FF FF FF FF FF FF FF FF FF FF FF FF FF FF FF FF |................|
  C4A0:  FF FF FF FF FF FF FF FF FF FF FF FF FF FF FF FF |................|
  C4B0:  FF FF FF FF FF FF FF FF FF FF FF FF FF FF FF FF |................|
  C4C0:  FF FF FF FF FF FF FF FF FF FF FF FF FF FF FF FF |................|
  C4D0:  FF FF FF FF FF FF FF FF FF FF FF FF FF FF FF FF |................|
  C4E0:  FF FF FF FF FF FF FF FF FF FF FF FF FF FF FF FF |................|
  C4F0:  FF FF FF FF FF FF FF FF FF FF FF FF FF FF FF FF |................|
  C500:  FF FF FF FF FF FF FF FF FF FF FF FF FF FF FF FF |................|
  C510:  FF FF FF FF FF FF FF FF FF FF FF FF FF FF FF FF |................|
  C520:  FF FF FF FF FF FF FF FF FF FF FF FF FF FF FF FF |................|
  C530:  FF FF FF FF FF FF FF FF FF FF FF FF FF FF FF FF |................|
  C540:  FF FF FF FF FF FF FF FF FF FF FF FF FF FF FF FF |................|
  C550:  FF FF FF FF FF FF FF FF FF FF FF FF FF FF FF FF |................|
  C560:  FF FF FF FF FF FF FF FF FF FF FF FF FF FF FF FF |................|
  C570:  FF FF FF FF FF FF FF FF FF FF FF FF FF FF FF FF |................|
  C580:  FF FF FF FF FF FF FF FF FF FF FF FF FF FF FF FF |................|
  C590:  FF FF FF FF FF FF FF FF FF FF FF FF FF FF FF FF |................|
  C5A0:  FF FF FF FF FF FF FF FF FF FF FF FF FF FF FF FF |................|
  C5B0:  FF FF FF FF FF FF FF FF FF FF FF FF FF FF FF FF |................|
  C5C0:  FF FF FF FF FF FF FF FF FF FF FF FF FF FF FF FF |................|
  C5D0:  FF FF FF FF FF FF FF FF FF FF FF FF FF FF FF FF |................|
  C5E0:  FF FF FF FF FF FF FF FF FF FF FF FF FF FF FF FF |................|
  C5F0:  FF FF FF FF FF FF FF FF FF FF FF FF FF FF FF FF |................|
  C600:  FF FF FF FF FF FF FF FF FF FF FF FF FF FF FF FF |................|
  C610:  FF FF FF FF FF FF FF FF FF FF FF FF FF FF FF FF |................|
  C620:  FF FF FF FF FF FF FF FF FF FF FF FF FF FF FF FF |................|
  C630:  FF FF FF FF FF FF FF FF FF FF FF FF FF FF FF FF |................|
  C640:  FF FF FF FF FF FF FF FF FF FF FF FF FF FF FF FF |................|
  C650:  FF FF FF FF FF FF FF FF FF FF FF FF FF FF FF FF |................|
  C660:  FF FF FF FF FF FF FF FF FF FF FF FF FF FF FF FF |................|
  C670:  FF FF FF FF FF FF FF FF FF FF FF FF FF FF FF FF |................|
  C680:  FF FF FF FF FF FF FF FF FF FF FF FF FF FF FF FF |................|
  C690:  FF FF FF FF FF FF FF FF FF FF FF FF FF FF FF FF |................|
  C6A0:  FF FF FF FF FF FF FF FF FF FF FF FF FF FF FF FF |................|
  C6B0:  FF FF FF FF FF FF FF FF FF FF FF FF FF FF FF FF |................|
  C6C0:  FF FF FF FF FF FF FF FF FF FF FF FF FF FF FF FF |................|
  C6D0:  FF FF FF FF FF FF FF FF FF FF FF FF FF FF FF FF |................|
  C6E0:  FF FF FF FF FF FF FF FF FF FF FF FF FF FF FF FF |................|
  C6F0:  FF FF FF FF FF FF FF FF FF FF FF FF FF FF FF FF |................|
  C700:  FF FF FF FF FF FF FF FF FF FF FF FF FF FF FF FF |................|
  C710:  FF FF FF FF FF FF FF FF FF FF FF FF FF FF FF FF |................|
  C720:  FF FF FF FF FF FF FF FF FF FF FF FF FF FF FF FF |................|
  C730:  FF FF FF FF FF FF FF FF FF FF FF FF FF FF FF FF |................|
  C740:  FF FF FF FF FF FF FF FF FF FF FF FF FF FF FF FF |................|
  C750:  FF FF FF FF FF FF FF FF FF FF FF FF FF FF FF FF |................|
  C760:  FF FF FF FF FF FF FF FF FF FF FF FF FF FF FF FF |................|
  C770:  FF FF FF FF FF FF FF FF FF FF FF FF FF FF FF FF |................|
  C780:  FF FF FF FF FF FF FF FF FF FF FF FF FF FF FF FF |................|
  C790:  FF FF FF FF FF FF FF FF FF FF FF FF FF FF FF FF |................|
  C7A0:  FF FF FF FF FF FF FF FF FF FF FF FF FF FF FF FF |................|
  C7B0:  FF FF FF FF FF FF FF FF FF FF FF FF FF FF FF FF |................|
  C7C0:  FF FF FF FF FF FF FF FF FF FF FF FF FF FF FF FF |................|
  C7D0:  FF FF FF FF FF FF FF FF FF FF FF FF FF FF FF FF |................|
  C7E0:  FF FF FF FF FF FF FF FF FF FF FF FF FF FF FF FF |................|
  C7F0:  FF FF FF FF FF FF FF FF FF FF FF FF FF FF FF FF |................|
  C800:  FF FF FF FF FF FF FF FF FF FF FF FF FF FF FF FF |................|
  C810:  FF FF FF FF FF FF FF FF FF FF FF FF FF FF FF FF |................|
  C820:  FF FF FF FF FF FF FF FF FF FF FF FF FF FF FF FF |................|
  C830:  FF FF FF FF FF FF FF FF FF FF FF FF FF FF FF FF |................|
  C840:  FF FF FF FF FF FF FF FF FF FF FF FF FF FF FF FF |................|
  C850:  FF FF FF FF FF FF FF FF FF FF FF FF FF FF FF FF |................|
  C860:  FF FF FF FF FF FF FF FF FF FF FF FF FF FF FF FF |................|
  C870:  FF FF FF FF FF FF FF FF FF FF FF FF FF FF FF FF |................|
  C880:  FF FF FF FF FF FF FF FF FF FF FF FF FF FF FF FF |................|
  C890:  FF FF FF FF FF FF FF FF FF FF FF FF FF FF FF FF |................|
  C8A0:  FF FF FF FF FF FF FF FF FF FF FF FF FF FF FF FF |................|
  C8B0:  FF FF FF FF FF FF FF FF FF FF FF FF FF FF FF FF |................|
  C8C0:  FF FF FF FF FF FF FF FF FF FF FF FF FF FF FF FF |................|
  C8D0:  FF FF FF FF FF FF FF FF FF FF FF FF FF FF FF FF |................|
  C8E0:  FF FF FF FF FF FF FF FF FF FF FF FF FF FF FF FF |................|
  C8F0:  FF FF FF FF FF FF FF FF FF FF FF FF FF FF FF FF |................|
  C900:  FF FF FF FF FF FF FF FF FF FF FF FF FF FF FF FF |................|
  C910:  FF FF FF FF FF FF FF FF FF FF FF FF FF FF FF FF |................|
  C920:  FF FF FF FF FF FF FF FF FF FF FF FF FF FF FF FF |................|
  C930:  FF FF FF FF FF FF FF FF FF FF FF FF FF FF FF FF |................|
  C940:  FF FF FF FF FF FF FF FF FF FF FF FF FF FF FF FF |................|
  C950:  FF FF FF FF FF FF FF FF FF FF FF FF FF FF FF FF |................|
  C960:  FF FF FF FF FF FF FF FF FF FF FF FF FF FF FF FF |................|
  C970:  FF FF FF FF FF FF FF FF FF FF FF FF FF FF FF FF |................|
  C980:  FF FF FF FF FF FF FF FF FF FF FF FF FF FF FF FF |................|
  C990:  FF FF FF FF FF FF FF FF FF FF FF FF FF FF FF FF |................|
  C9A0:  FF FF FF FF FF FF FF FF FF FF FF FF FF FF FF FF |................|
  C9B0:  FF FF FF FF FF FF FF FF FF FF FF FF FF FF FF FF |................|
  C9C0:  FF FF FF FF FF FF FF FF FF FF FF FF FF FF FF FF |................|
  C9D0:  FF FF FF FF FF FF FF FF FF FF FF FF FF FF FF FF |................|
  C9E0:  FF FF FF FF FF FF FF FF FF FF FF FF FF FF FF FF |................|
  C9F0:  FF FF FF FF FF FF FF FF FF FF FF FF FF FF FF FF |................|
  CA00:  FF FF FF FF FF FF FF FF FF FF FF FF FF FF FF FF |................|
  CA10:  FF FF FF FF FF FF FF FF FF FF FF FF FF FF FF FF |................|
  CA20:  FF FF FF FF FF FF FF FF FF FF FF FF FF FF FF FF |................|
  CA30:  FF FF FF FF FF FF FF FF FF FF FF FF FF FF FF FF |................|
  CA40:  FF FF FF FF FF FF FF FF FF FF FF FF FF FF FF FF |................|
  CA50:  FF FF FF FF FF FF FF FF FF FF FF FF FF FF FF FF |................|
  CA60:  FF FF FF FF FF FF FF FF FF FF FF FF FF FF FF FF |................|
  CA70:  FF FF FF FF FF FF FF FF FF FF FF FF FF FF FF FF |................|
  CA80:  FF FF FF FF FF FF FF FF FF FF FF FF FF FF FF FF |................|
  CA90:  FF FF FF FF FF FF FF FF FF FF FF FF FF FF FF FF |................|
  CAA0:  FF FF FF FF FF FF FF FF FF FF FF FF FF FF FF FF |................|
  CAB0:  FF FF FF FF FF FF FF FF FF FF FF FF FF FF FF FF |................|
  CAC0:  FF FF FF FF FF FF FF FF FF FF FF FF FF FF FF FF |................|
  CAD0:  FF FF FF FF FF FF FF FF FF FF FF FF FF FF FF FF |................|
  CAE0:  FF FF FF FF FF FF FF FF FF FF FF FF FF FF FF FF |................|
  CAF0:  FF FF FF FF FF FF FF FF FF FF FF FF FF FF FF FF |................|
  CB00:  FF FF FF FF FF FF FF FF FF FF FF FF FF FF FF FF |................|
  CB10:  FF FF FF FF FF FF FF FF FF FF FF FF FF FF FF FF |................|
  CB20:  FF FF FF FF FF FF FF FF FF FF FF FF FF FF FF FF |................|
  CB30:  FF FF FF FF FF FF FF FF FF FF FF FF FF FF FF FF |................|
  CB40:  FF FF FF FF FF FF FF FF FF FF FF FF FF FF FF FF |................|
  CB50:  FF FF FF FF FF FF FF FF FF FF FF FF FF FF FF FF |................|
  CB60:  FF FF FF FF FF FF FF FF FF FF FF FF FF FF FF FF |................|
  CB70:  FF FF FF FF FF FF FF FF FF FF FF FF FF FF FF FF |................|
  CB80:  FF FF FF FF FF FF FF FF FF FF FF FF FF FF FF FF |................|
  CB90:  FF FF FF FF FF FF FF FF FF FF FF FF FF FF FF FF |................|
  CBA0:  FF FF FF FF FF FF FF FF FF FF FF FF FF FF FF FF |................|
  CBB0:  FF FF FF FF FF FF FF FF FF FF FF FF FF FF FF FF |................|
  CBC0:  FF FF FF FF FF FF FF FF FF FF FF FF FF FF FF FF |................|
  CBD0:  FF FF FF FF FF FF FF FF FF FF FF FF FF FF FF FF |................|
  CBE0:  FF FF FF FF FF FF FF FF FF FF FF FF FF FF FF FF |................|
  CBF0:  FF FF FF FF FF FF FF FF FF FF FF FF FF FF FF FF |................|
  CC00:  FF FF FF FF FF FF FF FF FF FF FF FF FF FF FF FF |................|
  CC10:  FF FF FF FF FF FF FF FF FF FF FF FF FF FF FF FF |................|
  CC20:  FF FF FF FF FF FF FF FF FF FF FF FF FF FF FF FF |................|
  CC30:  FF FF FF FF FF FF FF FF FF FF FF FF FF FF FF FF |................|
  CC40:  FF FF FF FF FF FF FF FF FF FF FF FF FF FF FF FF |................|
  CC50:  FF FF FF FF FF FF FF FF FF FF FF FF FF FF FF FF |................|
  CC60:  FF FF FF FF FF FF FF FF FF FF FF FF FF FF FF FF |................|
  CC70:  FF FF FF FF FF FF FF FF FF FF FF FF FF FF FF FF |................|
  CC80:  FF FF FF FF FF FF FF FF FF FF FF FF FF FF FF FF |................|
  CC90:  FF FF FF FF FF FF FF FF FF FF FF FF FF FF FF FF |................|
  CCA0:  FF FF FF FF FF FF FF FF FF FF FF FF FF FF FF FF |................|
  CCB0:  FF FF FF FF FF FF FF FF FF FF FF FF FF FF FF FF |................|
  CCC0:  FF FF FF FF FF FF FF FF FF FF FF FF FF FF FF FF |................|
  CCD0:  FF FF FF FF FF FF FF FF FF FF FF FF FF FF FF FF |................|
  CCE0:  FF FF FF FF FF FF FF FF FF FF FF FF FF FF FF FF |................|
  CCF0:  FF FF FF FF FF FF FF FF FF FF FF FF FF FF FF FF |................|
  CD00:  FF FF FF FF FF FF FF FF FF FF FF FF FF FF FF FF |................|
  CD10:  FF FF FF FF FF FF FF FF FF FF FF FF FF FF FF FF |................|
  CD20:  FF FF FF FF FF FF FF FF FF FF FF FF FF FF FF FF |................|
  CD30:  FF FF FF FF FF FF FF FF FF FF FF FF FF FF FF FF |................|
  CD40:  FF FF FF FF FF FF FF FF FF FF FF FF FF FF FF FF |................|
  CD50:  FF FF FF FF FF FF FF FF FF FF FF FF FF FF FF FF |................|
  CD60:  FF FF FF FF FF FF FF FF FF FF FF FF FF FF FF FF |................|
  CD70:  FF FF FF FF FF FF FF FF FF FF FF FF FF FF FF FF |................|
  CD80:  FF FF FF FF FF FF FF FF FF FF FF FF FF FF FF FF |................|
  CD90:  FF FF FF FF FF FF FF FF FF FF FF FF FF FF FF FF |................|
  CDA0:  FF FF FF FF FF FF FF FF FF FF FF FF FF FF FF FF |................|
  CDB0:  FF FF FF FF FF FF FF FF FF FF FF FF FF FF FF FF |................|
  CDC0:  FF FF FF FF FF FF FF FF FF FF FF FF FF FF FF FF |................|
  CDD0:  FF FF FF FF FF FF FF FF FF FF FF FF FF FF FF FF |................|
  CDE0:  FF FF FF FF FF FF FF FF FF FF FF FF FF FF FF FF |................|
  CDF0:  FF FF FF FF FF FF FF FF FF FF FF FF FF FF FF FF |................|
  CE00:  FF FF FF FF FF FF FF FF FF FF FF FF FF FF FF FF |................|
  CE10:  FF FF FF FF FF FF FF FF FF FF FF FF FF FF FF FF |................|
  CE20:  FF FF FF FF FF FF FF FF FF FF FF FF FF FF FF FF |................|
  CE30:  FF FF FF FF FF FF FF FF FF FF FF FF FF FF FF FF |................|
  CE40:  FF FF FF FF FF FF FF FF FF FF FF FF FF FF FF FF |................|
  CE50:  FF FF FF FF FF FF FF FF FF FF FF FF FF FF FF FF |................|
  CE60:  FF FF FF FF FF FF FF FF FF FF FF FF FF FF FF FF |................|
  CE70:  FF FF FF FF FF FF FF FF FF FF FF FF FF FF FF FF |................|
  CE80:  FF FF FF FF FF FF FF FF FF FF FF FF FF FF FF FF |................|
  CE90:  FF FF FF FF FF FF FF FF FF FF FF FF FF FF FF FF |................|
  CEA0:  FF FF FF FF FF FF FF FF FF FF FF FF FF FF FF FF |................|
  CEB0:  FF FF FF FF FF FF FF FF FF FF FF FF FF FF FF FF |................|
  CEC0:  FF FF FF FF FF FF FF FF FF FF FF FF FF FF FF FF |................|
  CED0:  FF FF FF FF FF FF FF FF FF FF FF FF FF FF FF FF |................|
  CEE0:  FF FF FF FF FF FF FF FF FF FF FF FF FF FF FF FF |................|
  CEF0:  FF FF FF FF FF FF FF FF FF FF FF FF FF FF FF FF |................|
  CF00:  FF FF FF FF FF FF FF FF FF FF FF FF FF FF FF FF |................|
  CF10:  FF FF FF FF FF FF FF FF FF FF FF FF FF FF FF FF |................|
  CF20:  FF FF FF FF FF FF FF FF FF FF FF FF FF FF FF FF |................|
  CF30:  FF FF FF FF FF FF FF FF FF FF FF FF FF FF FF FF |................|
  CF40:  FF FF FF FF FF FF FF FF FF FF FF FF FF FF FF FF |................|
  CF50:  FF FF FF FF FF FF FF FF FF FF FF FF FF FF FF FF |................|
  CF60:  FF FF FF FF FF FF FF FF FF FF FF FF FF FF FF FF |................|
  CF70:  FF FF FF FF FF FF FF FF FF FF FF FF FF FF FF FF |................|
  CF80:  FF FF FF FF FF FF FF FF FF FF FF FF FF FF FF FF |................|
  CF90:  FF FF FF FF FF FF FF FF FF FF FF FF FF FF FF FF |................|
  CFA0:  FF FF FF FF FF FF FF FF FF FF FF FF FF FF FF FF |................|
  CFB0:  FF FF FF FF FF FF FF FF FF FF FF FF FF FF FF FF |................|
  CFC0:  FF FF FF FF FF FF FF FF FF FF FF FF FF FF FF FF |................|
  CFD0:  FF FF FF FF FF FF FF FF FF FF FF FF FF FF FF FF |................|
  CFE0:  FF FF FF FF FF FF FF FF FF FF FF FF FF FF FF FF |................|
  CFF0:  FF FF FF FF FF FF FF FF FF FF FF FF FF FF FF FF |................|
  D000:  FF FF FF FF FF FF FF FF FF FF FF FF FF FF FF FF |................|
  D010:  FF FF FF FF FF FF FF FF FF FF FF FF FF FF FF FF |................|
  D020:  FF FF FF FF FF FF FF FF FF FF FF FF FF FF FF FF |................|
  D030:  FF FF FF FF FF FF FF FF FF FF FF FF FF FF FF FF |................|
  D040:  FF FF FF FF FF FF FF FF FF FF FF FF FF FF FF FF |................|
  D050:  FF FF FF FF FF FF FF FF FF FF FF FF FF FF FF FF |................|
  D060:  FF FF FF FF FF FF FF FF FF FF FF FF FF FF FF FF |................|
  D070:  FF FF FF FF FF FF FF FF FF FF FF FF FF FF FF FF |................|
  D080:  FF FF FF FF FF FF FF FF FF FF FF FF FF FF FF FF |................|
  D090:  FF FF FF FF FF FF FF FF FF FF FF FF FF FF FF FF |................|
  D0A0:  FF FF FF FF FF FF FF FF FF FF FF FF FF FF FF FF |................|
  D0B0:  FF FF FF FF FF FF FF FF FF FF FF FF FF FF FF FF |................|
  D0C0:  FF FF FF FF FF FF FF FF FF FF FF FF FF FF FF FF |................|
  D0D0:  FF FF FF FF FF FF FF FF FF FF FF FF FF FF FF FF |................|
  D0E0:  FF FF FF FF FF FF FF FF FF FF FF FF FF FF FF FF |................|
  D0F0:  FF FF FF FF FF FF FF FF FF FF FF FF FF FF FF FF |................|
  D100:  FF FF FF FF FF FF FF FF FF FF FF FF FF FF FF FF |................|
  D110:  FF FF FF FF FF FF FF FF FF FF FF FF FF FF FF FF |................|
  D120:  FF FF FF FF FF FF FF FF FF FF FF FF FF FF FF FF |................|
  D130:  FF FF FF FF FF FF FF FF FF FF FF FF FF FF FF FF |................|
  D140:  FF FF FF FF FF FF FF FF FF FF FF FF FF FF FF FF |................|
  D150:  FF FF FF FF FF FF FF FF FF FF FF FF FF FF FF FF |................|
  D160:  FF FF FF FF FF FF FF FF FF FF FF FF FF FF FF FF |................|
  D170:  FF FF FF FF FF FF FF FF FF FF FF FF FF FF FF FF |................|
  D180:  FF FF FF FF FF FF FF FF FF FF FF FF FF FF FF FF |................|
  D190:  FF FF FF FF FF FF FF FF FF FF FF FF FF FF FF FF |................|
  D1A0:  FF FF FF FF FF FF FF FF FF FF FF FF FF FF FF FF |................|
  D1B0:  FF FF FF FF FF FF FF FF FF FF FF FF FF FF FF FF |................|
  D1C0:  FF FF FF FF FF FF FF FF FF FF FF FF FF FF FF FF |................|
  D1D0:  FF FF FF FF FF FF FF FF FF FF FF FF FF FF FF FF |................|
  D1E0:  FF FF FF FF FF FF FF FF FF FF FF FF FF FF FF FF |................|
  D1F0:  FF FF FF FF FF FF FF FF FF FF FF FF FF FF FF FF |................|
  D200:  FF FF FF FF FF FF FF FF FF FF FF FF FF FF FF FF |................|
  D210:  FF FF FF FF FF FF FF FF FF FF FF FF FF FF FF FF |................|
  D220:  FF FF FF FF FF FF FF FF FF FF FF FF FF FF FF FF |................|
  D230:  FF FF FF FF FF FF FF FF FF FF FF FF FF FF FF FF |................|
  D240:  FF FF FF FF FF FF FF FF FF FF FF FF FF FF FF FF |................|
  D250:  FF FF FF FF FF FF FF FF FF FF FF FF FF FF FF FF |................|
  D260:  FF FF FF FF FF FF FF FF FF FF FF FF FF FF FF FF |................|
  D270:  FF FF FF FF FF FF FF FF FF FF FF FF FF FF FF FF |................|
  D280:  FF FF FF FF FF FF FF FF FF FF FF FF FF FF FF FF |................|
  D290:  FF FF FF FF FF FF FF FF FF FF FF FF FF FF FF FF |................|
  D2A0:  FF FF FF FF FF FF FF FF FF FF FF FF FF FF FF FF |................|
  D2B0:  FF FF FF FF FF FF FF FF FF FF FF FF FF FF FF FF |................|
  D2C0:  FF FF FF FF FF FF FF FF FF FF FF FF FF FF FF FF |................|
  D2D0:  FF FF FF FF FF FF FF FF FF FF FF FF FF FF FF FF |................|
  D2E0:  FF FF FF FF FF FF FF FF FF FF FF FF FF FF FF FF |................|
  D2F0:  FF FF FF FF FF FF FF FF FF FF FF FF FF FF FF FF |................|
  D300:  FF FF FF FF FF FF FF FF FF FF FF FF FF FF FF FF |................|
  D310:  FF FF FF FF FF FF FF FF FF FF FF FF FF FF FF FF |................|
  D320:  FF FF FF FF FF FF FF FF FF FF FF FF FF FF FF FF |................|
  D330:  FF FF FF FF FF FF FF FF FF FF FF FF FF FF FF FF |................|
  D340:  FF FF FF FF FF FF FF FF FF FF FF FF FF FF FF FF |................|
  D350:  FF FF FF FF FF FF FF FF FF FF FF FF FF FF FF FF |................|
  D360:  FF FF FF FF FF FF FF FF FF FF FF FF FF FF FF FF |................|
  D370:  FF FF FF FF FF FF FF FF FF FF FF FF FF FF FF FF |................|
  D380:  FF FF FF FF FF FF FF FF FF FF FF FF FF FF FF FF |................|
  D390:  FF FF FF FF FF FF FF FF FF FF FF FF FF FF FF FF |................|
  D3A0:  FF FF FF FF FF FF FF FF FF FF FF FF FF FF FF FF |................|
  D3B0:  FF FF FF FF FF FF FF FF FF FF FF FF FF FF FF FF |................|
  D3C0:  FF FF FF FF FF FF FF FF FF FF FF FF FF FF FF FF |................|
  D3D0:  FF FF FF FF FF FF FF FF FF FF FF FF FF FF FF FF |................|
  D3E0:  FF FF FF FF FF FF FF FF FF FF FF FF FF FF FF FF |................|
  D3F0:  FF FF FF FF FF FF FF FF FF FF FF FF FF FF FF FF |................|
  D400:  FF FF FF FF FF FF FF FF FF FF FF FF FF FF FF FF |................|
  D410:  FF FF FF FF FF FF FF FF FF FF FF FF FF FF FF FF |................|
  D420:  FF FF FF FF FF FF FF FF FF FF FF FF FF FF FF FF |................|
  D430:  FF FF FF FF FF FF FF FF FF FF FF FF FF FF FF FF |................|
  D440:  FF FF FF FF FF FF FF FF FF FF FF FF FF FF FF FF |................|
  D450:  FF FF FF FF FF FF FF FF FF FF FF FF FF FF FF FF |................|
  D460:  FF FF FF FF FF FF FF FF FF FF FF FF FF FF FF FF |................|
  D470:  FF FF FF FF FF FF FF FF FF FF FF FF FF FF FF FF |................|
  D480:  FF FF FF FF FF FF FF FF FF FF FF FF FF FF FF FF |................|
  D490:  FF FF FF FF FF FF FF FF FF FF FF FF FF FF FF FF |................|
  D4A0:  FF FF FF FF FF FF FF FF FF FF FF FF FF FF FF FF |................|
  D4B0:  FF FF FF FF FF FF FF FF FF FF FF FF FF FF FF FF |................|
  D4C0:  FF FF FF FF FF FF FF FF FF FF FF FF FF FF FF FF |................|
  D4D0:  FF FF FF FF FF FF FF FF FF FF FF FF FF FF FF FF |................|
  D4E0:  FF FF FF FF FF FF FF FF FF FF FF FF FF FF FF FF |................|
  D4F0:  FF FF FF FF FF FF FF FF FF FF FF FF FF FF FF FF |................|
  D500:  FF FF FF FF FF FF FF FF FF FF FF FF FF FF FF FF |................|
  D510:  FF FF FF FF FF FF FF FF FF FF FF FF FF FF FF FF |................|
  D520:  FF FF FF FF FF FF FF FF FF FF FF FF FF FF FF FF |................|
  D530:  FF FF FF FF FF FF FF FF FF FF FF FF FF FF FF FF |................|
  D540:  FF FF FF FF FF FF FF FF FF FF FF FF FF FF FF FF |................|
  D550:  FF FF FF FF FF FF FF FF FF FF FF FF FF FF FF FF |................|
  D560:  FF FF FF FF FF FF FF FF FF FF FF FF FF FF FF FF |................|
  D570:  FF FF FF FF FF FF FF FF FF FF FF FF FF FF FF FF |................|
  D580:  FF FF FF FF FF FF FF FF FF FF FF FF FF FF FF FF |................|
  D590:  FF FF FF FF FF FF FF FF FF FF FF FF FF FF FF FF |................|
  D5A0:  FF FF FF FF FF FF FF FF FF FF FF FF FF FF FF FF |................|
  D5B0:  FF FF FF FF FF FF FF FF FF FF FF FF FF FF FF FF |................|
  D5C0:  FF FF FF FF FF FF FF FF FF FF FF FF FF FF FF FF |................|
  D5D0:  FF FF FF FF FF FF FF FF FF FF FF FF FF FF FF FF |................|
  D5E0:  FF FF FF FF FF FF FF FF FF FF FF FF FF FF FF FF |................|
  D5F0:  FF FF FF FF FF FF FF FF FF FF FF FF FF FF FF FF |................|
  D600:  FF FF FF FF FF FF FF FF FF FF FF FF FF FF FF FF |................|
  D610:  FF FF FF FF FF FF FF FF FF FF FF FF FF FF FF FF |................|
  D620:  FF FF FF FF FF FF FF FF FF FF FF FF FF FF FF FF |................|
  D630:  FF FF FF FF FF FF FF FF FF FF FF FF FF FF FF FF |................|
  D640:  FF FF FF FF FF FF FF FF FF FF FF FF FF FF FF FF |................|
  D650:  FF FF FF FF FF FF FF FF FF FF FF FF FF FF FF FF |................|
  D660:  FF FF FF FF FF FF FF FF FF FF FF FF FF FF FF FF |................|
  D670:  FF FF FF FF FF FF FF FF FF FF FF FF FF FF FF FF |................|
  D680:  FF FF FF FF FF FF FF FF FF FF FF FF FF FF FF FF |................|
  D690:  FF FF FF FF FF FF FF FF FF FF FF FF FF FF FF FF |................|
  D6A0:  FF FF FF FF FF FF FF FF FF FF FF FF FF FF FF FF |................|
  D6B0:  FF FF FF FF FF FF FF FF FF FF FF FF FF FF FF FF |................|
  D6C0:  FF FF FF FF FF FF FF FF FF FF FF FF FF FF FF FF |................|
  D6D0:  FF FF FF FF FF FF FF FF FF FF FF FF FF FF FF FF |................|
  D6E0:  FF FF FF FF FF FF FF FF FF FF FF FF FF FF FF FF |................|
  D6F0:  FF FF FF FF FF FF FF FF FF FF FF FF FF FF FF FF |................|
  D700:  FF FF FF FF FF FF FF FF FF FF FF FF FF FF FF FF |................|
  D710:  FF FF FF FF FF FF FF FF FF FF FF FF FF FF FF FF |................|
  D720:  FF FF FF FF FF FF FF FF FF FF FF FF FF FF FF FF |................|
  D730:  FF FF FF FF FF FF FF FF FF FF FF FF FF FF FF FF |................|
  D740:  FF FF FF FF FF FF FF FF FF FF FF FF FF FF FF FF |................|
  D750:  FF FF FF FF FF FF FF FF FF FF FF FF FF FF FF FF |................|
  D760:  FF FF FF FF FF FF FF FF FF FF FF FF FF FF FF FF |................|
  D770:  FF FF FF FF FF FF FF FF FF FF FF FF FF FF FF FF |................|
  D780:  FF FF FF FF FF FF FF FF FF FF FF FF FF FF FF FF |................|
  D790:  FF FF FF FF FF FF FF FF FF FF FF FF FF FF FF FF |................|
  D7A0:  FF FF FF FF FF FF FF FF FF FF FF FF FF FF FF FF |................|
  D7B0:  FF FF FF FF FF FF FF FF FF FF FF FF FF FF FF FF |................|
  D7C0:  FF FF FF FF FF FF FF FF FF FF FF FF FF FF FF FF |................|
  D7D0:  FF FF FF FF FF FF FF FF FF FF FF FF FF FF FF FF |................|
  D7E0:  FF FF FF FF FF FF FF FF FF FF FF FF FF FF FF FF |................|
  D7F0:  FF FF FF FF FF FF FF FF FF FF FF FF FF FF FF FF |................|
  D800:  FF FF FF FF FF FF FF FF FF FF FF FF FF FF FF FF |................|
  D810:  FF FF FF FF FF FF FF FF FF FF FF FF FF FF FF FF |................|
  D820:  FF FF FF FF FF FF FF FF FF FF FF FF FF FF FF FF |................|
  D830:  FF FF FF FF FF FF FF FF FF FF FF FF FF FF FF FF |................|
  D840:  FF FF FF FF FF FF FF FF FF FF FF FF FF FF FF FF |................|
  D850:  FF FF FF FF FF FF FF FF FF FF FF FF FF FF FF FF |................|
  D860:  FF FF FF FF FF FF FF FF FF FF FF FF FF FF FF FF |................|
  D870:  FF FF FF FF FF FF FF FF FF FF FF FF FF FF FF FF |................|
  D880:  FF FF FF FF FF FF FF FF FF FF FF FF FF FF FF FF |................|
  D890:  FF FF FF FF FF FF FF FF FF FF FF FF FF FF FF FF |................|
  D8A0:  FF FF FF FF FF FF FF FF FF FF FF FF FF FF FF FF |................|
  D8B0:  FF FF FF FF FF FF FF FF FF FF FF FF FF FF FF FF |................|
  D8C0:  FF FF FF FF FF FF FF FF FF FF FF FF FF FF FF FF |................|
  D8D0:  FF FF FF FF FF FF FF FF FF FF FF FF FF FF FF FF |................|
  D8E0:  FF FF FF FF FF FF FF FF FF FF FF FF FF FF FF FF |................|
  D8F0:  FF FF FF FF FF FF FF FF FF FF FF FF FF FF FF FF |................|
  D900:  FF FF FF FF FF FF FF FF FF FF FF FF FF FF FF FF |................|
  D910:  FF FF FF FF FF FF FF FF FF FF FF FF FF FF FF FF |................|
  D920:  FF FF FF FF FF FF FF FF FF FF FF FF FF FF FF FF |................|
  D930:  FF FF FF FF FF FF FF FF FF FF FF FF FF FF FF FF |................|
  D940:  FF FF FF FF FF FF FF FF FF FF FF FF FF FF FF FF |................|
  D950:  FF FF FF FF FF FF FF FF FF FF FF FF FF FF FF FF |................|
  D960:  FF FF FF FF FF FF FF FF FF FF FF FF FF FF FF FF |................|
  D970:  FF FF FF FF FF FF FF FF FF FF FF FF FF FF FF FF |................|
  D980:  FF FF FF FF FF FF FF FF FF FF FF FF FF FF FF FF |................|
  D990:  FF FF FF FF FF FF FF FF FF FF FF FF FF FF FF FF |................|
  D9A0:  FF FF FF FF FF FF FF FF FF FF FF FF FF FF FF FF |................|
  D9B0:  FF FF FF FF FF FF FF FF FF FF FF FF FF FF FF FF |................|
  D9C0:  FF FF FF FF FF FF FF FF FF FF FF FF FF FF FF FF |................|
  D9D0:  FF FF FF FF FF FF FF FF FF FF FF FF FF FF FF FF |................|
  D9E0:  FF FF FF FF FF FF FF FF FF FF FF FF FF FF FF FF |................|
  D9F0:  FF FF FF FF FF FF FF FF FF FF FF FF FF FF FF FF |................|
  DA00:  FF FF FF FF FF FF FF FF FF FF FF FF FF FF FF FF |................|
  DA10:  FF FF FF FF FF FF FF FF FF FF FF FF FF FF FF FF |................|
  DA20:  FF FF FF FF FF FF FF FF FF FF FF FF FF FF FF FF |................|
  DA30:  FF FF FF FF FF FF FF FF FF FF FF FF FF FF FF FF |................|
  DA40:  FF FF FF FF FF FF FF FF FF FF FF FF FF FF FF FF |................|
  DA50:  FF FF FF FF FF FF FF FF FF FF FF FF FF FF FF FF |................|
  DA60:  FF FF FF FF FF FF FF FF FF FF FF FF FF FF FF FF |................|
  DA70:  FF FF FF FF FF FF FF FF FF FF FF FF FF FF FF FF |................|
  DA80:  FF FF FF FF FF FF FF FF FF FF FF FF FF FF FF FF |................|
  DA90:  FF FF FF FF FF FF FF FF FF FF FF FF FF FF FF FF |................|
  DAA0:  FF FF FF FF FF FF FF FF FF FF FF FF FF FF FF FF |................|
  DAB0:  FF FF FF FF FF FF FF FF FF FF FF FF FF FF FF FF |................|
  DAC0:  FF FF FF FF FF FF FF FF FF FF FF FF FF FF FF FF |................|
  DAD0:  FF FF FF FF FF FF FF FF FF FF FF FF FF FF FF FF |................|
  DAE0:  FF FF FF FF FF FF FF FF FF FF FF FF FF FF FF FF |................|
  DAF0:  FF FF FF FF FF FF FF FF FF FF FF FF FF FF FF FF |................|
  DB00:  FF FF FF FF FF FF FF FF FF FF FF FF FF FF FF FF |................|
  DB10:  FF FF FF FF FF FF FF FF FF FF FF FF FF FF FF FF |................|
  DB20:  FF FF FF FF FF FF FF FF FF FF FF FF FF FF FF FF |................|
  DB30:  FF FF FF FF FF FF FF FF FF FF FF FF FF FF FF FF |................|
  DB40:  FF FF FF FF FF FF FF FF FF FF FF FF FF FF FF FF |................|
  DB50:  FF FF FF FF FF FF FF FF FF FF FF FF FF FF FF FF |................|
  DB60:  FF FF FF FF FF FF FF FF FF FF FF FF FF FF FF FF |................|
  DB70:  FF FF FF FF FF FF FF FF FF FF FF FF FF FF FF FF |................|
  DB80:  FF FF FF FF FF FF FF FF FF FF FF FF FF FF FF FF |................|
  DB90:  FF FF FF FF FF FF FF FF FF FF FF FF FF FF FF FF |................|
  DBA0:  FF FF FF FF FF FF FF FF FF FF FF FF FF FF FF FF |................|
  DBB0:  FF FF FF FF FF FF FF FF FF FF FF FF FF FF FF FF |................|
  DBC0:  FF FF FF FF FF FF FF FF FF FF FF FF FF FF FF FF |................|
  DBD0:  FF FF FF FF FF FF FF FF FF FF FF FF FF FF FF FF |................|
  DBE0:  FF FF FF FF FF FF FF FF FF FF FF FF FF FF FF FF |................|
  DBF0:  FF FF FF FF FF FF FF FF FF FF FF FF FF FF FF FF |................|
  DC00:  FF FF FF FF FF FF FF FF FF FF FF FF FF FF FF FF |................|
  DC10:  FF FF FF FF FF FF FF FF FF FF FF FF FF FF FF FF |................|
  DC20:  FF FF FF FF FF FF FF FF FF FF FF FF FF FF FF FF |................|
  DC30:  FF FF FF FF FF FF FF FF FF FF FF FF FF FF FF FF |................|
  DC40:  FF FF FF FF FF FF FF FF FF FF FF FF FF FF FF FF |................|
  DC50:  FF FF FF FF FF FF FF FF FF FF FF FF FF FF FF FF |................|
  DC60:  FF FF FF FF FF FF FF FF FF FF FF FF FF FF FF FF |................|
  DC70:  FF FF FF FF FF FF FF FF FF FF FF FF FF FF FF FF |................|
  DC80:  FF FF FF FF FF FF FF FF FF FF FF FF FF FF FF FF |................|
  DC90:  FF FF FF FF FF FF FF FF FF FF FF FF FF FF FF FF |................|
  DCA0:  FF FF FF FF FF FF FF FF FF FF FF FF FF FF FF FF |................|
  DCB0:  FF FF FF FF FF FF FF FF FF FF FF FF FF FF FF FF |................|
  DCC0:  FF FF FF FF FF FF FF FF FF FF FF FF FF FF FF FF |................|
  DCD0:  FF FF FF FF FF FF FF FF FF FF FF FF FF FF FF FF |................|
  DCE0:  FF FF FF FF FF FF FF FF FF FF FF FF FF FF FF FF |................|
  DCF0:  FF FF FF FF FF FF FF FF FF FF FF FF FF FF FF FF |................|
  DD00:  FF FF FF FF FF FF FF FF FF FF FF FF FF FF FF FF |................|
  DD10:  FF FF FF FF FF FF FF FF FF FF FF FF FF FF FF FF |................|
  DD20:  FF FF FF FF FF FF FF FF FF FF FF FF FF FF FF FF |................|
  DD30:  FF FF FF FF FF FF FF FF FF FF FF FF FF FF FF FF |................|
  DD40:  FF FF FF FF FF FF FF FF FF FF FF FF FF FF FF FF |................|
  DD50:  FF FF FF FF FF FF FF FF FF FF FF FF FF FF FF FF |................|
  DD60:  FF FF FF FF FF FF FF FF FF FF FF FF FF FF FF FF |................|
  DD70:  FF FF FF FF FF FF FF FF FF FF FF FF FF FF FF FF |................|
  DD80:  FF FF FF FF FF FF FF FF FF FF FF FF FF FF FF FF |................|
  DD90:  FF FF FF FF FF FF FF FF FF FF FF FF FF FF FF FF |................|
  DDA0:  FF FF FF FF FF FF FF FF FF FF FF FF FF FF FF FF |................|
  DDB0:  FF FF FF FF FF FF FF FF FF FF FF FF FF FF FF FF |................|
  DDC0:  FF FF FF FF FF FF FF FF FF FF FF FF FF FF FF FF |................|
  DDD0:  FF FF FF FF FF FF FF FF FF FF FF FF FF FF FF FF |................|
  DDE0:  FF FF FF FF FF FF FF FF FF FF FF FF FF FF FF FF |................|
  DDF0:  FF FF FF FF FF FF FF FF FF FF FF FF FF FF FF FF |................|
  DE00:  FF FF FF FF FF FF FF FF FF FF FF FF FF FF FF FF |................|
  DE10:  FF FF FF FF FF FF FF FF FF FF FF FF FF FF FF FF |................|
  DE20:  FF FF FF FF FF FF FF FF FF FF FF FF FF FF FF FF |................|
  DE30:  FF FF FF FF FF FF FF FF FF FF FF FF FF FF FF FF |................|
  DE40:  FF FF FF FF FF FF FF FF FF FF FF FF FF FF FF FF |................|
  DE50:  FF FF FF FF FF FF FF FF FF FF FF FF FF FF FF FF |................|
  DE60:  FF FF FF FF FF FF FF FF FF FF FF FF FF FF FF FF |................|
  DE70:  FF FF FF FF FF FF FF FF FF FF FF FF FF FF FF FF |................|
  DE80:  FF FF FF FF FF FF FF FF FF FF FF FF FF FF FF FF |................|
  DE90:  FF FF FF FF FF FF FF FF FF FF FF FF FF FF FF FF |................|
  DEA0:  FF FF FF FF FF FF FF FF FF FF FF FF FF FF FF FF |................|
  DEB0:  FF FF FF FF FF FF FF FF FF FF FF FF FF FF FF FF |................|
  DEC0:  FF FF FF FF FF FF FF FF FF FF FF FF FF FF FF FF |................|
  DED0:  FF FF FF FF FF FF FF FF FF FF FF FF FF FF FF FF |................|
  DEE0:  FF FF FF FF FF FF FF FF FF FF FF FF FF FF FF FF |................|
  DEF0:  FF FF FF FF FF FF FF FF FF FF FF FF FF FF FF FF |................|
  DF00:  FF FF FF FF FF FF FF FF FF FF FF FF FF FF FF FF |................|
  DF10:  FF FF FF FF FF FF FF FF FF FF FF FF FF FF FF FF |................|
  DF20:  FF FF FF FF FF FF FF FF FF FF FF FF FF FF FF FF |................|
  DF30:  FF FF FF FF FF FF FF FF FF FF FF FF FF FF FF FF |................|
  DF40:  FF FF FF FF FF FF FF FF FF FF FF FF FF FF FF FF |................|
  DF50:  FF FF FF FF FF FF FF FF FF FF FF FF FF FF FF FF |................|
  DF60:  FF FF FF FF FF FF FF FF FF FF FF FF FF FF FF FF |................|
  DF70:  FF FF FF FF FF FF FF FF FF FF FF FF FF FF FF FF |................|
  DF80:  FF FF FF FF FF FF FF FF FF FF FF FF FF FF FF FF |................|
  DF90:  FF FF FF FF FF FF FF FF FF FF FF FF FF FF FF FF |................|
  DFA0:  FF FF FF FF FF FF FF FF FF FF FF FF FF FF FF FF |................|
  DFB0:  FF FF FF FF FF FF FF FF FF FF FF FF FF FF FF FF |................|
  DFC0:  FF FF FF FF FF FF FF FF FF FF FF FF FF FF FF FF |................|
  DFD0:  FF FF FF FF FF FF FF FF FF FF FF FF FF FF FF FF |................|
  DFE0:  FF FF FF FF FF FF FF FF FF FF FF FF FF FF FF FF |................|
  DFF0:  FF FF FF FF FF FF FF FF FF FF FF FF FF FF FF FF |................|

proto_service:   ; xrefs: 0xF054
  E000:  B0B2 0800 0218  BIT    #0x0800, &status     
  E006:  24F6            JZ     loc_E1F4             
  E008:  D2B2 0218       BIS    #8, &status          
  E00C:  C0B2 1000 0218  BIC    #0x1000, &status     
  E012:  90F2 00D9 0283  CMP.B  #0x00D9, &0x0283     
  E018:  203A            JNZ    loc_E08E             
  E01A:  93C2 02B1       TST.B  &0x02B1                ; = CMP.B  #0, &0x02B1
  E01E:  2454            JZ     loc_E0C8             
  E020:  425E 02B2       MOV.B  &0x02B2, R14         
  E024:  5E0E            RLA    R14                    ; = ADD    R14, R14
  E026:  5E0E            RLA    R14                    ; = ADD    R14, R14
  E028:  429E 025E 02A4  MOV    &0x025E, 0x2A4(R14)  
  E02E:  429E 0260 02A6  MOV    &0x0260, 0x2A6(R14)  
  E034:  53D2 02B2       INC.B  &0x02B2                ; = ADD.B  #1, &0x02B2
  E038:  92D2 02B1 02B2  CMP.B  &0x02B1, &0x02B2     
  E03E:  38D7            JL     loc_E1EE             
  E040:  2043            JNZ    loc_E0C8             
  E042:  83D2 02B2       DEC.B  &0x02B2                ; = SUB.B  #1, &0x02B2
  E046:  52D2 02B2 02B2  ADD.B  &0x02B2, &0x02B2     
  E04C:  52D2 02B2 02B2  ADD.B  &0x02B2, &0x02B2     
  E052:  8ED2 02A4 02B2  SUB.B  0x2A4(R14), &0x02B2  
  E058:  503E 02A5       ADD    #0x02A5, R14         
  E05C:  403F 02A4       MOV    #0x02A4, R15         
  E060:  425C 02B2       MOV.B  &0x02B2, R12         
  E064:  12B0 F582       CALL   #0xF582              
  E068:  202F            JNZ    loc_E0C8             
  E06A:  C232            DINT                          ; = BIC    #8, SR
  E06C:  D0B2 0080 021A  BIS    #0x0080, &flags2     
  E072:  42D2 02B4 0279  MOV.B  &0x02B4, &0x0279     
  E078:  43D2 0278       MOV.B  #1, &0x0278          
  E07C:  4382 027A       CLR    &0x027A                ; = MOV    #0, &0x027A
  E080:  40F2 00DA 02B5  MOV.B  #0x00DA, &0x02B5     
  E086:  43F2 02B3       MOV.B  #-1, &0x02B3         
  E08A:  D232            EINT                          ; = BIS    #8, SR
  E08C:  3CB0            JMP    loc_E1EE             

loc_E08E:   ; xrefs: 0xE018
  E08E:  90F2 00D8 0283  CMP.B  #0x00D8, &0x0283     
  E094:  2022            JNZ    loc_E0DA             
  E096:  90B2 1FFF 025E  CMP    #0x1FFF, &0x025E     
  E09C:  2404            JZ     loc_E0A6             
  E09E:  9292 025E 027C  CMP    &0x025E, &0x027C     
  E0A4:  20A4            JNZ    loc_E1EE             

loc_E0A6:   ; xrefs: 0xE09C
  E0A6:  93C2 0260       TST.B  &0x0260                ; = CMP.B  #0, &0x0260
  E0AA:  200E            JNZ    loc_E0C8             
  E0AC:  93E2 0261       CMP.B  #2, &0x0261          
  E0B0:  200B            JNZ    loc_E0C8             
  E0B2:  42D2 0260 02B0  MOV.B  &0x0260, &0x02B0     
  E0B8:  42D2 0261 02B1  MOV.B  &0x0261, &0x02B1     
  E0BE:  43C2 02B2       CLR.B  &0x02B2                ; = MOV.B  #0, &0x02B2
  E0C2:  43C2 02B3       CLR.B  &0x02B3                ; = MOV.B  #0, &0x02B3
  E0C6:  3C93            JMP    loc_E1EE             

loc_E0C8:   ; xrefs: 0xE01E, 0xE040, 0xE068, 0xE0AA, 0xE0B0
  E0C8:  43C2 02B0       CLR.B  &0x02B0                ; = MOV.B  #0, &0x02B0
  E0CC:  43C2 02B1       CLR.B  &0x02B1                ; = MOV.B  #0, &0x02B1
  E0D0:  43C2 02B2       CLR.B  &0x02B2                ; = MOV.B  #0, &0x02B2
  E0D4:  43C2 02B3       CLR.B  &0x02B3                ; = MOV.B  #0, &0x02B3
  E0D8:  3C8A            JMP    loc_E1EE             

loc_E0DA:   ; xrefs: 0xE094
  E0DA:  90F2 00DB 0283  CMP.B  #0x00DB, &0x0283     
  E0E0:  200B            JNZ    loc_E0F8             
  E0E2:  90B2 1FFF 025E  CMP    #0x1FFF, &0x025E     
  E0E8:  2404            JZ     loc_E0F2             
  E0EA:  9292 025E 027C  CMP    &0x025E, &0x027C     
  E0F0:  207E            JNZ    loc_E1EE             

loc_E0F2:   ; xrefs: 0xE0E8
  E0F2:  43C2 02B3       CLR.B  &0x02B3                ; = MOV.B  #0, &0x02B3
  E0F6:  3C7B            JMP    loc_E1EE             

loc_E0F8:   ; xrefs: 0xE0E0
  E0F8:  90F2 00DC 0283  CMP.B  #0x00DC, &0x0283     
  E0FE:  203A            JNZ    loc_E174             
  E100:  90B2 1FFF 025E  CMP    #0x1FFF, &0x025E     
  E106:  2404            JZ     loc_E110             
  E108:  9292 025E 027C  CMP    &0x025E, &0x027C     
  E10E:  206F            JNZ    loc_E1EE             

loc_E110:   ; xrefs: 0xE106
  E110:  421D 0260       MOV    &0x0260, R13         
  E114:  F03D 0FFF       AND    #0x0FFF, R13         
  E118:  2023            JNZ    loc_E160             
  E11A:  4292 0208 0200  MOV    &clk_hh, &bcd_a      
  E120:  42D2 020A 0202  MOV.B  &clk_ss, &0x0202     
  E126:  12B0 E362       CALL   #0xE362              
  E12A:  403F 0212       MOV    #0x0212, R15         
  E12E:  403E 0200       MOV    #0x0200, R14         
  E132:  12B0 F6A8       CALL   #0xF6A8              
  E136:  43C2 0201       CLR.B  &0x0201                ; = MOV.B  #0, &0x0201
  E13A:  403C 0200       MOV    #0x0200, R12         
  E13E:  12B0 F554       CALL   #0xF554              
  E142:  C232            DINT                          ; = BIC    #8, SR
  E144:  4303            CLR    CG2                    ; = MOV    #0, CG2
  E146:  4292 0204 0278  MOV    &0x0204, &0x0278     
  E14C:  4292 0202 027A  MOV    &0x0202, &0x027A     
  E152:  40F2 000E 02B5  MOV.B  #0x000E, &0x02B5     
  E158:  43F2 02B3       MOV.B  #-1, &0x02B3         
  E15C:  D232            EINT                          ; = BIS    #8, SR
  E15E:  3C47            JMP    loc_E1EE             

loc_E160:   ; xrefs: 0xE118
  E160:  93E2 0260       CMP.B  #2, &0x0260          
  E164:  2044            JNZ    loc_E1EE             
  E166:  42D2 0261 02C5  MOV.B  &0x0261, &0x02C5     
  E16C:  D0B2 1000 021A  BIS    #0x1000, &flags2     
  E172:  3C3D            JMP    loc_E1EE             

loc_E174:   ; xrefs: 0xE0FE
  E174:  90F2 00D0 0283  CMP.B  #0x00D0, &0x0283     
  E17A:  2012            JNZ    loc_E1A0             
  E17C:  425F 025E       MOV.B  &0x025E, R15         
  E180:  12B0 E3F6       CALL   #0xE3F6              
  E184:  4EC2 0280       MOV.B  R14, &0x0280         
  E188:  425F 0261       MOV.B  &0x0261, R15         
  E18C:  12B0 E3F6       CALL   #0xE3F6              
  E190:  4EC2 0281       MOV.B  R14, &0x0281         
  E194:  425F 0260       MOV.B  &0x0260, R15         
  E198:  12B0 E3F6       CALL   #0xE3F6              
  E19C:  4EC2 0282       MOV.B  R14, &0x0282         

loc_E1A0:   ; xrefs: 0xE17A
  E1A0:  90F2 00E1 0283  CMP.B  #0x00E1, &0x0283     
  E1A6:  2023            JNZ    loc_E1EE             
  E1A8:  4292 025E 027C  MOV    &0x025E, &0x027C     
  E1AE:  425F 025F       MOV.B  &0x025F, R15         
  E1B2:  114F            RRA.B  R15                  
  E1B4:  114F            RRA.B  R15                  
  E1B6:  114F            RRA.B  R15                  
  E1B8:  114F            RRA.B  R15                  
  E1BA:  F07F 000F       AND.B  #0x000F, R15         
  E1BE:  12B0 E3F6       CALL   #0xE3F6              
  E1C2:  4EC2 0287       MOV.B  R14, &0x0287         
  E1C6:  F0F2 000F 025F  AND.B  #0x000F, &0x025F     
  E1CC:  403D 0010       MOV    #0x0010, R13         
  E1D0:  4382 0284       CLR    &0x0284                ; = MOV    #0, &0x0284

loc_E1D4:   ; xrefs: 0xE1E2
  E1D4:  5292 025E 025E  ADD    &0x025E, &0x025E     
  E1DA:  A292 0284 0284  DADD   &0x0284, &0x0284     
  E1E0:  831D            DEC    R13                    ; = SUB    #1, R13
  E1E2:  23F8            JNZ    loc_E1D4             
  E1E4:  42D2 0260 0288  MOV.B  &0x0260, &0x0288     
  E1EA:  D2B2 0218       BIS    #8, &status          

loc_E1EE:   ; xrefs: 0xE03E, 0xE08C, 0xE0A4, 0xE0C6, 0xE0D8, 0xE0F0, 0xE0F6, 0xE10E, 0xE15E, 0xE164, 0xE172, 0xE1A6
  E1EE:  C0B2 0800 0218  BIC    #0x0800, &status     

loc_E1F4:   ; xrefs: 0xE006
  E1F4:  B392 0218       BIT    #1, &status          
  E1F8:  2001            JNZ    loc_E1FC             
  E1FA:  3C0F            JMP    loc_E21A             

loc_E1FC:   ; xrefs: 0xE1F8
  E1FC:  C392 0218       BIC    #1, &status          
  E200:  B0B2 1000 0218  BIT    #0x1000, &status     
  E206:  2406            JZ     loc_E214             
  E208:  40B2 9999 0284  MOV    #0x9999, &0x0284     
  E20E:  40F2 0099 0287  MOV.B  #0x0099, &0x0287     

loc_E214:   ; xrefs: 0xE206
  E214:  D0B2 1000 0218  BIS    #0x1000, &status     

loc_E21A:   ; xrefs: 0xE1FA
  E21A:  B0B2 2000 0218  BIT    #0x2000, &status     
  E220:  2001            JNZ    loc_E224             
  E222:  3C9E            JMP    loc_E360             

loc_E224:   ; xrefs: 0xE220
  E224:  C0B2 2000 0218  BIC    #0x2000, &status     
  E22A:  D312            SETC                          ; = BIS    #1, SR
  E22C:  A3C2 0282       DADC.B &0x0282                ; = DADD.B #0, &0x0282
  E230:  90F2 0060 0282  CMP.B  #0x0060, &0x0282     
  E236:  381C            JL     loc_E270             
  E238:  43C2 0282       CLR.B  &0x0282                ; = MOV.B  #0, &0x0282
  E23C:  93C2 02B3       TST.B  &0x02B3                ; = CMP.B  #0, &0x02B3
  E240:  2402            JZ     loc_E246             
  E242:  83D2 02B3       DEC.B  &0x02B3                ; = SUB.B  #1, &0x02B3

loc_E246:   ; xrefs: 0xE240
  E246:  D312            SETC                          ; = BIS    #1, SR
  E248:  A3C2 0281       DADC.B &0x0281                ; = DADD.B #0, &0x0281
  E24C:  90F2 0060 0281  CMP.B  #0x0060, &0x0281     
  E252:  380E            JL     loc_E270             
  E254:  43C2 0281       CLR.B  &0x0281                ; = MOV.B  #0, &0x0281
  E258:  43C2 028E       CLR.B  &0x028E                ; = MOV.B  #0, &0x028E
  E25C:  D312            SETC                          ; = BIS    #1, SR
  E25E:  A3C2 0280       DADC.B &0x0280                ; = DADD.B #0, &0x0280
  E262:  90F2 0024 0280  CMP.B  #0x0024, &0x0280     
  E268:  3803            JL     loc_E270             
  E26A:  43C2 0280       CLR.B  &0x0280                ; = MOV.B  #0, &0x0280
  E26E:  3C08            JMP    loc_E280             

loc_E270:   ; xrefs: 0xE236, 0xE252, 0xE268
  E270:  B0B2 1000 021A  BIT    #0x1000, &flags2     
  E276:  2474            JZ     loc_E360             
  E278:  C0B2 1000 021A  BIC    #0x1000, &flags2     
  E27E:  3C0A            JMP    loc_E294             

loc_E280:   ; xrefs: 0xE26E
  E280:  4292 0208 02C6  MOV    &clk_hh, &0x02C6     
  E286:  42D2 020A 02C8  MOV.B  &clk_ss, &0x02C8     
  E28C:  42D2 0212 02C9  MOV.B  &sec_frac, &0x02C9   
  E292:  4303            CLR    CG2                    ; = MOV    #0, CG2

loc_E294:   ; xrefs: 0xE27E
  E294:  93F2 02C5       CMP.B  #-1, &0x02C5         
  E298:  244F            JZ     loc_E338             
  E29A:  90F2 0040 02C5  CMP.B  #0x0040, &0x02C5     
  E2A0:  2410            JZ     loc_E2C2             
  E2A2:  90F2 0041 02C5  CMP.B  #0x0041, &0x02C5     
  E2A8:  240C            JZ     loc_E2C2             
  E2AA:  90F2 0042 02C5  CMP.B  #0x0042, &0x02C5     
  E2B0:  2408            JZ     loc_E2C2             
  E2B2:  90F2 0043 02C5  CMP.B  #0x0043, &0x02C5     
  E2B8:  2404            JZ     loc_E2C2             
  E2BA:  90F2 004F 02C5  CMP.B  #0x004F, &0x02C5     
  E2C0:  2025            JNZ    loc_E30C             

loc_E2C2:   ; xrefs: 0xE2A0, 0xE2A8, 0xE2B0, 0xE2B8
  E2C2:  403C 02C6       MOV    #0x02C6, R12         
  E2C6:  4C0F            MOV    R12, R15             
  E2C8:  503F 0003       ADD    #0x0003, R15         
  E2CC:  403E 0207       MOV    #0x0207, R14         
  E2D0:  12B0 F6A8       CALL   #0xF6A8              
  E2D4:  4CE2 0201       MOV.B  @R12, &0x0201        
  E2D8:  4CD2 0001 0200  MOV.B  0x1(R12), &bcd_a     
  E2DE:  4CD2 0002 0202  MOV.B  0x2(R12), &0x0202    
  E2E4:  12B0 E36C       CALL   #0xE36C              
  E2E8:  C232            DINT                          ; = BIC    #8, SR
  E2EA:  42D2 02C5 0286  MOV.B  &0x02C5, &0x0286     
  E2F0:  42D2 0204 0272  MOV.B  &0x0204, &0x0272     
  E2F6:  42D2 0205 0273  MOV.B  &0x0205, &0x0273     
  E2FC:  42D2 0203 0276  MOV.B  &0x0203, &0x0276     
  E302:  42D2 0207 0277  MOV.B  &0x0207, &0x0277     
  E308:  D232            EINT                          ; = BIS    #8, SR
  E30A:  4130            RET                           ; = MOV    @SP+, PC

loc_E30C:   ; xrefs: 0xE2C0
  E30C:  90F2 0048 02C5  CMP.B  #0x0048, &0x02C5     
  E312:  2012            JNZ    loc_E338             
  E314:  C232            DINT                          ; = BIC    #8, SR
  E316:  42D2 02C5 0286  MOV.B  &0x02C5, &0x0286     
  E31C:  42D2 100B 0272  MOV.B  &0x100B, &0x0272     
  E322:  42D2 100A 0273  MOV.B  &0x100A, &0x0273     
  E328:  42D2 1009 0276  MOV.B  &0x1009, &0x0276     
  E32E:  42D2 1008 0277  MOV.B  &0x1008, &0x0277     
  E334:  D232            EINT                          ; = BIS    #8, SR
  E336:  4130            RET                           ; = MOV    @SP+, PC

loc_E338:   ; xrefs: 0xE298, 0xE312
  E338:  4292 0208 0200  MOV    &clk_hh, &bcd_a      
  E33E:  42D2 020A 0202  MOV.B  &clk_ss, &0x0202     
  E344:  12B0 E362       CALL   #0xE362              
  E348:  C232            DINT                          ; = BIC    #8, SR
  E34A:  4382 0274       CLR    &0x0274                ; = MOV    #0, &0x0274
  E34E:  40F2 000F 0286  MOV.B  #0x000F, &0x0286     
  E354:  4292 0204 0272  MOV    &0x0204, &0x0272     
  E35A:  4382 0276       CLR    &0x0276                ; = MOV    #0, &0x0276
  E35E:  D232            EINT                          ; = BIS    #8, SR

loc_E360:   ; xrefs: 0xE222, 0xE276
  E360:  4130            RET                           ; = MOV    @SP+, PC

sub_E362:   ; xrefs: 0xE126, 0xE344
  E362:  42D2 0201 0200  MOV.B  &0x0201, &bcd_a      
  E368:  43C2 0201       CLR.B  &0x0201                ; = MOV.B  #0, &0x0201

sub_E36C:   ; xrefs: 0xE2E4
  E36C:  403F 0006       MOV    #0x0006, R15         
  E370:  43C2 0203       CLR.B  &0x0203                ; = MOV.B  #0, &0x0203
  E374:  4382 0204       CLR    &0x0204                ; = MOV    #0, &0x0204

loc_E378:   ; xrefs: 0xE3F2
  E378:  430E            CLR    R14                    ; = MOV    #0, R14
  E37A:  52D2 0202 0202  ADD.B  &0x0202, &0x0202     
  E380:  6292 0200 0200  ADDC   &bcd_a, &bcd_a       
  E386:  6E0E            RLC    R14                    ; = ADDC   R14, R14
  E388:  52D2 0202 0202  ADD.B  &0x0202, &0x0202     
  E38E:  6292 0200 0200  ADDC   &bcd_a, &bcd_a       
  E394:  6E0E            RLC    R14                    ; = ADDC   R14, R14
  E396:  52D2 0202 0202  ADD.B  &0x0202, &0x0202     
  E39C:  6292 0200 0200  ADDC   &bcd_a, &bcd_a       
  E3A2:  6E0E            RLC    R14                    ; = ADDC   R14, R14
  E3A4:  52D2 0202 0202  ADD.B  &0x0202, &0x0202     
  E3AA:  6292 0200 0200  ADDC   &bcd_a, &bcd_a       
  E3B0:  6E0E            RLC    R14                    ; = ADDC   R14, R14
  E3B2:  5E82 0204       ADD    R14, &0x0204         
  E3B6:  63C2 0203       ADC.B  &0x0203                ; = ADDC.B #0, &0x0203
  E3BA:  831F            DEC    R15                    ; = SUB    #1, R15
  E3BC:  241B            JZ     loc_E3F4             
  E3BE:  5292 0204 0204  ADD    &0x0204, &0x0204     
  E3C4:  62D2 0203 0203  ADDC.B &0x0203, &0x0203     
  E3CA:  421D 0204       MOV    &0x0204, R13         
  E3CE:  425C 0203       MOV.B  &0x0203, R12         
  E3D2:  5292 0204 0204  ADD    &0x0204, &0x0204     
  E3D8:  62D2 0203 0203  ADDC.B &0x0203, &0x0203     
  E3DE:  5292 0204 0204  ADD    &0x0204, &0x0204     
  E3E4:  62D2 0203 0203  ADDC.B &0x0203, &0x0203     
  E3EA:  5D82 0204       ADD    R13, &0x0204         
  E3EE:  6CC2 0203       ADDC.B R12, &0x0203         
  E3F2:  3FC2            JMP    loc_E378             

loc_E3F4:   ; xrefs: 0xE3BC
  E3F4:  4130            RET                           ; = MOV    @SP+, PC

shift_helper:   ; xrefs: 0xE180, 0xE18C, 0xE198, 0xE1BE
  E3F6:  423D            MOV    #8, R13              
  E3F8:  430E            CLR    R14                    ; = MOV    #0, R14

loc_E3FA:   ; xrefs: 0xE400
  E3FA:  5F4F            RLA.B  R15                    ; = ADD.B  R15, R15
  E3FC:  AE0E            DADD   R14, R14             
  E3FE:  831D            DEC    R13                    ; = SUB    #1, R13
  E400:  23FC            JNZ    loc_E3FA             
  E402:  4130            RET                           ; = MOV    @SP+, PC

proto_dispatch:   ; xrefs: 0xF080
  E404:  B0B2 0010 0218  BIT    #0x0010, &status     
  E40A:  2001            JNZ    loc_E40E             
  E40C:  4130            RET                           ; = MOV    @SP+, PC

loc_E40E:   ; xrefs: 0xE40A
  E40E:  90B2 023B 0230  CMP    #0x023B, &frame_len  
  E414:  383E            JL     loc_E492             
  E416:  83A2 0230       DECD   &frame_len             ; = SUB    #2, &frame_len
  E41A:  12B0 E5B8       CALL   #0xE5B8              
  E41E:  2C39            JC     loc_E492             
  E420:  C0B2 0020 0218  BIC    #0x0020, &status     
  E426:  C0B2 0050 021A  BIC    #0x0050, &flags2     
  E42C:  9382 0234       TST    &frame_buf             ; = CMP    #0, &frame_buf
  E430:  2006            JNZ    loc_E43E             
  E432:  9382 0236       TST    &0x0236                ; = CMP    #0, &0x0236
  E436:  2003            JNZ    loc_E43E             
  E438:  D0B2 0040 021A  BIS    #0x0040, &flags2     

loc_E43E:   ; xrefs: 0xE430, 0xE436
  E43E:  9292 0234 1008  CMP    &frame_buf, &0x1008  
  E444:  2007            JNZ    loc_E454             
  E446:  9292 0236 100A  CMP    &0x0236, &0x100A     
  E44C:  2003            JNZ    loc_E454             
  E44E:  D0B2 0010 021A  BIS    #0x0010, &flags2     

loc_E454:   ; xrefs: 0xE444, 0xE44C
  E454:  B0B2 0050 021A  BIT    #0x0050, &flags2     
  E45A:  241B            JZ     loc_E492             
  E45C:  12B0 E4A0       CALL   #0xE4A0              
  E460:  B0B2 0020 0218  BIT    #0x0020, &status     
  E466:  2415            JZ     loc_E492             
  E468:  4292 1008 0234  MOV    &0x1008, &frame_buf  
  E46E:  4292 100A 0236  MOV    &0x100A, &0x0236     
  E474:  12B0 E5B8       CALL   #0xE5B8              
  E478:  40B2 0234 0232  MOV    #0x0234, &rx_ptr     
  E47E:  D0B2 4000 0218  BIS    #0x4000, &status     
  E484:  C0B2 0010 0218  BIC    #0x0010, &status     
  E48A:  D0F2 0080 0002  BIS.B  #0x0080, &IFG1       
  E490:  4130            RET                           ; = MOV    @SP+, PC

loc_E492:   ; xrefs: 0xE414, 0xE41E, 0xE45A, 0xE466
  E492:  40B2 0234 0232  MOV    #0x0234, &rx_ptr     
  E498:  C0B2 0010 0218  BIC    #0x0010, &status     
  E49E:  4130            RET                           ; = MOV    @SP+, PC

cmd_lookup:   ; xrefs: 0xE45C
  E4A0:  425E 0238       MOV.B  &cmd_byte, R14       
  E4A4:  425D 0238       MOV.B  &cmd_byte, R13       
  E4A8:  F03D 000F       AND    #0x000F, R13         
  E4AC:  F03E 00F0       AND    #0x00F0, R14         
  E4B0:  903E 0070       CMP    #0x0070, R14         
  E4B4:  340C            JGE    loc_E4CE             
  E4B6:  110E            RRA    R14                  
  E4B8:  503E E722       ADD    #0xE722, R14         
  E4BC:  5D0D            RLA    R13                    ; = ADD    R13, R13
  E4BE:  5D0D            RLA    R13                    ; = ADD    R13, R13
  E4C0:  4E1F 0004       MOV    0x4(R14), R15        
  E4C4:  5D0F            ADD    R13, R15             
  E4C6:  12AE            CALL   @R14                 
  E4C8:  2C02            JC     loc_E4CE             
  E4CA:  129E 0006       CALL   0x6(R14)             

loc_E4CE:   ; xrefs: 0xE4B4, 0xE4C8
  E4CE:  4130            RET                           ; = MOV    @SP+, PC
  E4D0:  B0B2 0010 021A  BIT    #0x0010, &flags2       ; [линейный разбор]
  E4D6:  242D            JZ     0xE532                 ; [линейный разбор]
  E4D8:  425D 0238       MOV.B  &cmd_byte, R13         ; [линейный разбор]
  E4DC:  F03D 000F       AND    #0x000F, R13           ; [линейный разбор]
  E4E0:  9E1D 0002       CMP    0x2(R14), R13          ; [линейный разбор]
  E4E4:  3426            JGE    0xE532                 ; [линейный разбор]
  E4E6:  403D 023B       MOV    #0x023B, R13           ; [линейный разбор]
  E4EA:  5F1D 0002       ADD    0x2(R15), R13          ; [линейный разбор]
  E4EE:  921D 0230       CMP    &frame_len, R13        ; [линейный разбор]
  E4F2:  201F            JNZ    0xE532                 ; [линейный разбор]
  E4F4:  3C1C            JMP    0xE52E                 ; [линейный разбор]
  E4F6:  B0B2 0010 021A  BIT    #0x0010, &flags2       ; [линейный разбор]
  E4FC:  2008            JNZ    0xE50E                 ; [линейный разбор]
  E4FE:  B0B2 0040 021A  BIT    #0x0040, &flags2       ; [линейный разбор]
  E504:  2416            JZ     0xE532                 ; [линейный разбор]
  E506:  90F2 0053 0238  CMP.B  #0x0053, &cmd_byte     ; [линейный разбор]
  E50C:  2012            JNZ    0xE532                 ; [линейный разбор]
  E50E:  425D 0238       MOV.B  &cmd_byte, R13         ; [линейный разбор]
  E512:  F03D 000F       AND    #0x000F, R13           ; [линейный разбор]
  E516:  9E1D 0002       CMP    0x2(R14), R13          ; [линейный разбор]
  E51A:  340B            JGE    0xE532                 ; [линейный разбор]
  E51C:  3C08            JMP    0xE52E                 ; [линейный разбор]
  E51E:  B3D2 0020       BIT.B  #1, &P1IN              ; [линейный разбор]
  E522:  2007            JNZ    0xE532                 ; [линейный разбор]
  E524:  3FD5            JMP    0xE4D0                 ; [линейный разбор]
  E526:  B3D2 0020       BIT.B  #1, &P1IN              ; [линейный разбор]
  E52A:  2003            JNZ    0xE532                 ; [линейный разбор]
  E52C:  3FE4            JMP    0xE4F6                 ; [линейный разбор]
  E52E:  C312            CLRC                          ; = BIC    #1, SR  ; [линейный разбор]
  E530:  4130            RET                           ; = MOV    @SP+, PC  ; [линейный разбор]
  E532:  D312            SETC                          ; = BIS    #1, SR  ; [линейный разбор]
  E534:  4130            RET                           ; = MOV    @SP+, PC  ; [линейный разбор]
  E536:  90F2 0027 0238  CMP.B  #0x0027, &cmd_byte     ; [линейный разбор]
  E53C:  2027            JNZ    0xE58C                 ; [линейный разбор]
  E53E:  43F2 0239       MOV.B  #-1, &resp_buf         ; [линейный разбор]
  E542:  43F2 023A       MOV.B  #-1, &0x023A           ; [линейный разбор]
  E546:  43F2 023B       MOV.B  #-1, &0x023B           ; [линейный разбор]
  E54A:  43F2 023C       MOV.B  #-1, &0x023C           ; [линейный разбор]
  E54E:  403F 0050       MOV    #0x0050, R15           ; [линейный разбор]
  E552:  403E 0200       MOV    #0x0200, R14           ; [линейный разбор]
  E556:  42F2 024E       MOV.B  #8, &loop_cnt          ; [линейный разбор]
  E55A:  12B0 F350       CALL   #0xF350                ; [линейный разбор]
  E55E:  403F 0200       MOV    #0x0200, R15           ; [линейный разбор]
  E562:  40B2 0003 024E  MOV    #0x0003, &loop_cnt     ; [линейный разбор]
  E568:  12B0 F610       CALL   #0xF610                ; [линейный разбор]
  E56C:  2C0B            JC     0xE584                 ; [линейный разбор]
  E56E:  42D2 0200 0239  MOV.B  &bcd_a, &resp_buf      ; [линейный разбор]
  E574:  42D2 0201 023A  MOV.B  &0x0201, &0x023A       ; [линейный разбор]
  E57A:  42D2 0202 023B  MOV.B  &0x0202, &0x023B       ; [линейный разбор]
  E580:  43C2 023C       CLR.B  &0x023C                ; = MOV.B  #0, &0x023C  ; [линейный разбор]
  E584:  40B2 023D 0230  MOV    #0x023D, &frame_len    ; [линейный разбор]
  E58A:  3C12            JMP    0xE5B0                 ; [линейный разбор]
  E58C:  4FD2 0002 024E  MOV.B  0x2(R15), &loop_cnt    ; [линейный разбор]
  E592:  93C2 024E       TST.B  &loop_cnt              ; = CMP.B  #0, &loop_cnt  ; [линейный разбор]
  E596:  240F            JZ     0xE5B6                 ; [линейный разбор]
  E598:  403E 0239       MOV    #0x0239, R14           ; [линейный разбор]
  E59C:  4F2F            MOV    @R15, R15              ; [линейный разбор]
  E59E:  4FEE 0000       MOV.B  @R15, 0x0(R14)         ; [линейный разбор]
  E5A2:  531F            INC    R15                    ; = ADD    #1, R15  ; [линейный разбор]
  E5A4:  531E            INC    R14                    ; = ADD    #1, R14  ; [линейный разбор]
  E5A6:  83D2 024E       DEC.B  &loop_cnt              ; = SUB.B  #1, &loop_cnt  ; [линейный разбор]
  E5AA:  23F9            JNZ    0xE59E                 ; [линейный разбор]
  E5AC:  4E82 0230       MOV    R14, &frame_len        ; [линейный разбор]
  E5B0:  D0B2 0020 0218  BIS    #0x0020, &status       ; [линейный разбор]
  E5B6:  4130            RET                           ; = MOV    @SP+, PC  ; [линейный разбор]

crc16_modbus:   ; xrefs: 0xE41A, 0xE474
  E5B8:  403F 0234       MOV    #0x0234, R15         
  E5BC:  433D            MOV    #-1, R13             

loc_E5BE:   ; xrefs: 0xE5DA
  E5BE:  4F7E            MOV.B  @R15+, R14           
  E5C0:  EE0D            XOR    R14, R13             
  E5C2:  42B0 1C8A       MOV    #8, 0x024E           

loc_E5C6:   ; xrefs: 0xE5D4
  E5C6:  C312            CLRC                          ; = BIC    #1, SR
  E5C8:  100D            RRC    R13                  
  E5CA:  2802            JNC    loc_E5D0             
  E5CC:  E03D A001       XOR    #0xA001, R13         

loc_E5D0:   ; xrefs: 0xE5CA
  E5D0:  8390 1C7C       DEC    0x024E                 ; = SUB    #1, 0x024E
  E5D4:  23F8            JNZ    loc_E5C6             
  E5D6:  921F 0230       CMP    &frame_len, R15      
  E5DA:  3BF1            JL     loc_E5BE             
  E5DC:  430E            CLR    R14                    ; = MOV    #0, R14
  E5DE:  9DCF 0000       CMP.B  R13, 0x0(R15)        
  E5E2:  2401            JZ     loc_E5E6             
  E5E4:  531E            INC    R14                    ; = ADD    #1, R14

loc_E5E6:   ; xrefs: 0xE5E2
  E5E6:  4DCF 0000       MOV.B  R13, 0x0(R15)        
  E5EA:  108D            SWPB   R13                  
  E5EC:  9DCF 0001       CMP.B  R13, 0x1(R15)        
  E5F0:  2401            JZ     loc_E5F4             
  E5F2:  531E            INC    R14                    ; = ADD    #1, R14

loc_E5F4:   ; xrefs: 0xE5F0
  E5F4:  4DCF 0001       MOV.B  R13, 0x1(R15)        
  E5F8:  53A2 0230       INCD   &frame_len             ; = ADD    #2, &frame_len
  E5FC:  533E            ADD    #-1, R14             
  E5FE:  4130            RET                           ; = MOV    @SP+, PC
  E600:  90BF 1000 0000  CMP    #0x1000, 0x0(R15)      ; [линейный разбор]
  E606:  3851            JL     0xE6AA                 ; [линейный разбор]
  E608:  403D 1000       MOV    #0x1000, R13           ; [линейный разбор]
  E60C:  403C 0294       MOV    #0x0294, R12           ; [линейный разбор]
  E610:  4DAC 0000       MOV    @R13, 0x0(R12)         ; [линейный разбор]
  E614:  532D            INCD   R13                    ; = ADD    #2, R13  ; [линейный разбор]
  E616:  532C            INCD   R12                    ; = ADD    #2, R12  ; [линейный разбор]
  E618:  903D 1010       CMP    #0x1010, R13           ; [линейный разбор]
  E61C:  3BF9            JL     0xE610                 ; [линейный разбор]
  E61E:  4F2D            MOV    @R15, R13              ; [линейный разбор]
  E620:  803D 0D6C       SUB    #0x0D6C, R13           ; [линейный разбор]
  E624:  4FD2 0002 024E  MOV.B  0x2(R15), &loop_cnt    ; [линейный разбор]
  E62A:  403E 0239       MOV    #0x0239, R14           ; [линейный разбор]
  E62E:  4EED 0000       MOV.B  @R14, 0x0(R13)         ; [линейный разбор]
  E632:  531D            INC    R13                    ; = ADD    #1, R13  ; [линейный разбор]
  E634:  531E            INC    R14                    ; = ADD    #1, R14  ; [линейный разбор]
  E636:  83D2 024E       DEC.B  &loop_cnt              ; = SUB.B  #1, &loop_cnt  ; [линейный разбор]
  E63A:  23F9            JNZ    0xE62E                 ; [линейный разбор]
  E63C:  B3D2 0020       BIT.B  #1, &P1IN              ; [линейный разбор]
  E640:  2401            JZ     0xE644                 ; [линейный разбор]
  E642:  4130            RET                           ; = MOV    @SP+, PC  ; [линейный разбор]
  E644:  C232            DINT                          ; = BIC    #8, SR  ; [линейный разбор]
  E646:  40B2 A591 012A  MOV    #0xA591, &FCTL2        ; [линейный разбор]
  E64C:  40B2 A500 012C  MOV    #0xA500, &FCTL3        ; [линейный разбор]
  E652:  40B2 A502 0128  MOV    #0xA502, &FCTL1        ; [линейный разбор]
  E658:  4382 1010       CLR    &0x1010                ; = MOV    #0, &0x1010  ; [линейный разбор]
  E65C:  40B2 A510 012C  MOV    #0xA510, &FCTL3        ; [линейный разбор]
  E662:  D232            EINT                          ; = BIS    #8, SR  ; [линейный разбор]
  E664:  403C 1000       MOV    #0x1000, R12           ; [линейный разбор]
  E668:  403D 0294       MOV    #0x0294, R13           ; [линейный разбор]
  E66C:  B3D2 0020       BIT.B  #1, &P1IN              ; [линейный разбор]
  E670:  2401            JZ     0xE674                 ; [линейный разбор]
  E672:  4130            RET                           ; = MOV    @SP+, PC  ; [линейный разбор]
  E674:  C232            DINT                          ; = BIC    #8, SR  ; [линейный разбор]
  E676:  40B2 A591 012A  MOV    #0xA591, &FCTL2        ; [линейный разбор]
  E67C:  40B2 A500 012C  MOV    #0xA500, &FCTL3        ; [линейный разбор]
  E682:  40B2 A540 0128  MOV    #0xA540, &FCTL1        ; [линейный разбор]
  E688:  4DAC 0000       MOV    @R13, 0x0(R12)         ; [линейный разбор]
  E68C:  40B2 A500 0128  MOV    #0xA500, &FCTL1        ; [линейный разбор]
  E692:  40B2 A510 012C  MOV    #0xA510, &FCTL3        ; [линейный разбор]
  E698:  D232            EINT                          ; = BIS    #8, SR  ; [линейный разбор]
  E69A:  532D            INCD   R13                    ; = ADD    #2, R13  ; [линейный разбор]
  E69C:  532C            INCD   R12                    ; = ADD    #2, R12  ; [линейный разбор]
  E69E:  903C 1010       CMP    #0x1010, R12           ; [линейный разбор]
  E6A2:  3BE8            JL     0xE674                 ; [линейный разбор]
  E6A4:  12B0 ECE6       CALL   #0xECE6                ; [линейный разбор]
  E6A8:  3C35            JMP    0xE714                 ; [линейный разбор]
  E6AA:  90F2 0043 0238  CMP.B  #0x0043, &cmd_byte     ; [линейный разбор]
  E6B0:  2021            JNZ    0xE6F4                 ; [линейный разбор]
  E6B2:  42D2 0239 0208  MOV.B  &resp_buf, &clk_hh     ; [линейный разбор]
  E6B8:  42D2 023A 0209  MOV.B  &0x023A, &clk_mm       ; [линейный разбор]
  E6BE:  42D2 023B 020A  MOV.B  &0x023B, &clk_ss       ; [линейный разбор]
  E6C4:  403F 0208       MOV    #0x0208, R15           ; [линейный разбор]
  E6C8:  40B2 0003 024E  MOV    #0x0003, &loop_cnt     ; [линейный разбор]
  E6CE:  12B0 F610       CALL   #0xF610                ; [линейный разбор]
  E6D2:  403F 0208       MOV    #0x0208, R15           ; [линейный разбор]
  E6D6:  403E 0030       MOV    #0x0030, R14           ; [линейный разбор]
  E6DA:  42F2 024E       MOV.B  #8, &loop_cnt          ; [линейный разбор]
  E6DE:  12B0 F412       CALL   #0xF412                ; [линейный разбор]
  E6E2:  403F 0208       MOV    #0x0208, R15           ; [линейный разбор]
  E6E6:  403E 0050       MOV    #0x0050, R14           ; [линейный разбор]
  E6EA:  42F2 024E       MOV.B  #8, &loop_cnt          ; [линейный разбор]
  E6EE:  12B0 F412       CALL   #0xF412                ; [линейный разбор]
  E6F2:  3C10            JMP    0xE714                 ; [линейный разбор]
  E6F4:  4F2E            MOV    @R15, R14              ; [линейный разбор]
  E6F6:  4FD2 0002 024E  MOV.B  0x2(R15), &loop_cnt    ; [линейный разбор]
  E6FC:  93C2 024E       TST.B  &loop_cnt              ; = CMP.B  #0, &loop_cnt  ; [линейный разбор]
  E700:  240F            JZ     0xE720                 ; [линейный разбор]
  E702:  403F 0239       MOV    #0x0239, R15           ; [линейный разбор]
  E706:  4FEE 0000       MOV.B  @R15, 0x0(R14)         ; [линейный разбор]
  E70A:  531F            INC    R15                    ; = ADD    #1, R15  ; [линейный разбор]
  E70C:  531E            INC    R14                    ; = ADD    #1, R14  ; [линейный разбор]
  E70E:  83D2 024E       DEC.B  &loop_cnt              ; = SUB.B  #1, &loop_cnt  ; [линейный разбор]
  E712:  23F9            JNZ    0xE706                 ; [линейный разбор]
  E714:  40B2 0239 0230  MOV    #0x0239, &frame_len    ; [линейный разбор]
  E71A:  D0B2 0020 0218  BIS    #0x0020, &status       ; [линейный разбор]
  E720:  4130            RET                           ; = MOV    @SP+, PC  ; [линейный разбор]
  E722:  E4D0 0001 E75A  XOR.B  0x1(R4), 0xCE80        ; [линейный разбор]
  E728:  E600            XOR    R6, PC                 ; [линейный разбор]
  E72A:  E4D0 0000 E75E  XOR.B  0x0(R4), 0xCE8C        ; [линейный разбор]
  E730:  E600            XOR    R6, PC                 ; [линейный разбор]
  E732:  E4F6 0009       XOR.B  @R4+, 0x9(R6)          ; [линейный разбор]
  E736:  E75E E536       XOR.B  -0x1ACA(R7), R14       ; [линейный разбор]
  E73A:  E4F6 0000       XOR.B  @R4+, 0x0(R6)          ; [линейный разбор]
  E73E:  E75E E536       XOR.B  -0x1ACA(R7), R14       ; [линейный разбор]
  E742:  E51E 0008       XOR    0x8(R5), R14           ; [линейный разбор]
  E746:  E782 E600       XOR    R7, &0xE600            ; [линейный разбор]
  E74A:  E526            XOR    @R5, R6                ; [линейный разбор]
  E74C:  06 00                                           |..|
  E74E:  E7A2 E536       XOR    @R7, &0xE536           ; [линейный разбор]
  E752:  E4F6 0007       XOR.B  @R4+, 0x7(R6)          ; [линейный разбор]
  E756:  E7BA E536       XOR    @R7+, -0x1ACA(R10)     ; [линейный разбор]
  E75A:  1008            RRC    R8                     ; [линейный разбор]
  E75C:  04 00 55 02 00 00 55 02 00 00 55 02 00 00 55 02 |..U...U...U...U.|
  E76C:  00 00 55 02 00 00 55 02 00 00 55 02 00 00 94 02 |..U...U...U.....|
  E77C:  04 00                                           |..|
  E77E:  1080            SWPB   PC                     ; [линейный разбор]
  E780:  06 00                                           |..|
  E782:  1000            RRC    PC                     ; [линейный разбор]
  E784:  02 00                                           |..|
  E786:  1002            RRC    SR                     ; [линейный разбор]
  E788:  04 00 55 02 00 00 94 02 04 00 55 02 01 00 55 02 |..U.......U...U.|
  E798:  00 00                                           |..|
  E79A:  1006            RRC    R6                     ; [линейный разбор]
  E79C:  02 00                                           |..|
  E79E:  100C            RRC    R12                    ; [линейный разбор]
  E7A0:  03 00                                           |..|
  E7A2:  1000            RRC    PC                     ; [линейный разбор]
  E7A4:  02 00                                           |..|
  E7A6:  1002            RRC    SR                     ; [линейный разбор]
  E7A8:  04 00 55 02 00 00                               |..U...|
  E7AE:  1008            RRC    R8                     ; [линейный разбор]
  E7B0:  04 00 55 02 01 00                               |..U...|
  E7B6:  1006            RRC    R6                     ; [линейный разбор]
  E7B8:  02 00 55 02 00 00 55 02 00 00 55 02 00 00 1E 02 |..U...U...U.....|
  E7C8:  07 00 55 02 00 00                               |..U...|
  E7CE:  1006            RRC    R6                     ; [линейный разбор]
  E7D0:  02 00                                           |..|
  E7D2:  100C            RRC    R12                    ; [линейный разбор]
  E7D4:  03 00 3F 06                                     |..?.|
  E7D8:  4F5B 6D66       MOV.B  0x6D66(R15), R11       ; [линейный разбор]
  E7DC:  7D 07                                           |}.|
  E7DE:  6F7F            ADDC.B @R15+, R15             ; [линейный разбор]
  E7E0:  3E40            JMP    0xE462                 ; [линейный разбор]
  E7E2:  5E73            ADD.B  @R14+, CG2             ; [линейный разбор]
  E7E4:  79 00                                           |y.|
  E7E6:  8093 0894 0294  SUB    0xF07C, 0x294(CG2)     ; [линейный разбор]
  E7EC:  1093            SWPB   #1                     ; [линейный разбор]
  E7EE:  2093            JNZ    0xE916                 ; [линейный разбор]
  E7F0:  4093 0494 809C  MOV    0xEC86, -0x7F64(CG2)   ; [линейный разбор]
  E7F6:  8094 0895 0295  SUB    0xF08D, 0x295(R4)      ; [линейный разбор]
  E7FC:  1094 2094       SWPB   0x2094(R4)             ; [линейный разбор]
  E800:  4094 0495 809C  MOV    0xEC97, -0x7F64(R4)    ; [линейный разбор]
  E806:  8095 0896 0296  SUB    0xF09E, 0x296(R5)      ; [линейный разбор]
  E80C:  1095 2095       SWPB   0x2095(R5)             ; [линейный разбор]
  E810:  4095 0496 809C  MOV    0xECA8, -0x7F64(R5)    ; [линейный разбор]
  E816:  8096 0897 0297  SUB    0xF0AF, 0x297(R6)      ; [линейный разбор]
  E81C:  1096 2096       SWPB   0x2096(R6)             ; [линейный разбор]
  E820:  4096 0497 809C  MOV    0xECB9, -0x7F64(R6)    ; [линейный разбор]
  E826:  8097 0898 0298  SUB    0xF0C0, 0x298(R7)      ; [линейный разбор]
  E82C:  1097 2097       SWPB   0x2097(R7)             ; [линейный разбор]
  E830:  4097 0498 809C  MOV    0xECCA, -0x7F64(R7)    ; [линейный разбор]
  E836:  8098 0899 0299  SUB    0xF0D1, 0x299(R8)      ; [линейный разбор]
  E83C:  1098 2098       SWPB   0x2098(R8)             ; [линейный разбор]
  E840:  4098 0499 809C  MOV    0xECDB, -0x7F64(R8)    ; [линейный разбор]
  E846:  8099 089A 029A  SUB    0xF0E2, 0x29A(R9)      ; [линейный разбор]
  E84C:  1099 2099       SWPB   0x2099(R9)             ; [линейный разбор]
  E850:  4099 049A 809C  MOV    0xECEC, -0x7F64(R9)    ; [линейный разбор]
  E856:  809A 089B 029B  SUB    0xF0F3, 0x29B(R10)     ; [линейный разбор]
  E85C:  109A 209A       SWPB   0x209A(R10)            ; [линейный разбор]
  E860:  409A 049B 809C  MOV    0xECFD, -0x7F64(R10)   ; [линейный разбор]
  E866:  94 01 95 01 96 01 97 01 9B 01                   |..........|
  E870:  109B 109B       SWPB   0x109B(R11)            ; [линейный разбор]
  E874:  109B 0198       SWPB   0x198(R11)             ; [линейный разбор]
  E878:  99 01 9A 01 00 00                               |......|
  E87E:  FB00            AND    R11, PC                ; [линейный разбор]
  E880:  864C            SUB.B  R6, R12                ; [линейный разбор]
  E882:  D50D            BIS    R5, R13                ; [линейный разбор]
  E884:  F68A 0C99       AND    R6, 0xC99(R10)         ; [линейный разбор]
  E888:  E6E1 1A93       XOR.B  @R6, 0x1A93(SP)        ; [линейный разбор]
  E88C:  AA 15                                           |..|
  E88E:  33EC            JN     0xE868                 ; [линейный разбор]
  E890:  19 17                                           |..|
  E892:  9F7F            CMP.B  @R15+, R15             ; [линейный разбор]
  E894:  8139            SUB    @SP+, R9               ; [линейный разбор]
  E896:  C2A1 27CD       BIC    #4, 0x27CD(SP)         ; [линейный разбор]
  E89A:  5434            ADD    @R4+, R4               ; [линейный разбор]
  E89C:  CF2B            BIC    @R15, R11              ; [линейный разбор]
  E89E:  AD18 67D8       DADD   0x67D8(R13), R8        ; [линейный разбор]
  E8A2:  2332            JNZ    0xE708                 ; [линейный разбор]
  E8A4:  B42B            BIT    @R4, R11               ; [линейный разбор]
  E8A6:  B2D5 2EB8 3EFE  BIT.B  &0x2EB8, 0x3EFE(R5)    ; [линейный разбор]
  E8AC:  4E89 72C5       MOV    R14, 0x72C5(R9)        ; [линейный разбор]
  E8B0:  4302            CLR    SR                     ; = MOV    #0, SR  ; [линейный разбор]
  E8B2:  9B84 7F4F       CMP    R11, 0x7F4F(R4)        ; [линейный разбор]
  E8B6:  C9D7 A868 9356  BIC.B  -0x5798(R9), -0x6CAA(R7)  ; [линейный разбор]
  E8BC:  D0E4 7D65       BIS.B  @PC, 0x7D65(R4)        ; [линейный разбор]
  E8C0:  9EDC 5A31 CFB0  CMP.B  0x5A31(R14), -0x3050(R12)  ; [линейный разбор]
  E8C6:  4B64            MOV.B  @R11, R4               ; [линейный разбор]
  E8C8:  E283 1ABD       XOR    SR, 0x1ABD(CG2)        ; [линейный разбор]
  E8CC:  46EE 6856       MOV.B  @R6, 0x6856(R14)       ; [линейный разбор]
  E8D0:  2951            JNC    0xEB74                 ; [линейный разбор]
  E8D2:  AAF7 7165       DADD.B @R10+, 0x7165(R7)      ; [линейный разбор]
  E8D6:  FC5C A77D       AND.B  -0x5883(R12), R12      ; [линейный разбор]
  E8DA:  FBB0 D1E9       AND    @R11+, 0xBAC5          ; [линейный разбор]
  E8DE:  120C            PUSH   R12                    ; [линейный разбор]
  E8E0:  8A9D 04E4 1F86  SUB    0x4E4(R10), 0x1F86(R13)  ; [линейный разбор]
  E8E6:  48 00                                           |H.|
  E8E8:  3708            JGE    0xE6FA                 ; [линейный разбор]
  E8EA:  F39F 197B       AND    #1, 0x197B(R15)        ; [линейный разбор]
  E8EE:  E205            XOR    SR, R5                 ; [линейный разбор]
  E8F0:  FE15 93AE       AND    -0x6C52(R14), R5       ; [линейный разбор]
  E8F4:  50D0 2BAD 2B1C  ADD.B  0x14A3, 0x1414         ; [линейный разбор]
  E8FA:  85DD 2627 A1C9  SUB.B  0x2627(R5), -0x5E37(R13)  ; [линейный разбор]
  E900:  B631            BIT    @R6+, SP               ; [линейный разбор]
  E902:  CA3E            BIC    @R10+, R14             ; [линейный разбор]
  E904:  B8FA 633C       BIT.B  @R8+, 0x633C(R10)      ; [линейный разбор]
  E908:  C7B4 322F       BIC    @R7+, 0x322F(R4)       ; [линейный разбор]
  E90C:  9F60            CMP.B  @R15, PC               ; [линейный разбор]
  E90E:  9BC9 4FD3       CMP.B  R11, 0x4FD3(R9)        ; [линейный разбор]
  E912:  4A6D            MOV.B  @R10, R13              ; [линейный разбор]
  E914:  9643            CMP.B  R6, CG2                ; [линейный разбор]
  E916:  C506            BIC    R5, R6                 ; [линейный разбор]
  E918:  7981 7A5A       SUBC   R9, 0x7A5A(SP)         ; [линейный разбор]
  E91C:  DC35            BIS    @R12+, R5              ; [линейный разбор]
  E91E:  AC8C 77D0       DADD   R12, 0x77D0(R12)       ; [линейный разбор]
  E922:  56E0 1E59       ADD.B  @R6, 0x077D            ; [линейный разбор]
  E926:  A268            DADD.B #4, R8                 ; [линейный разбор]
  E928:  EE52 CB54       XOR.B  -0x34AC(R14), SR       ; [линейный разбор]
  E92C:  AFE2 6487       DADD.B @R15, &0x6487          ; [линейный разбор]
  E930:  F8B8 43FB       AND    @R8+, 0x43FB(R8)       ; [линейный разбор]
  E934:  7DB4 2DB5       SUBC   @R13+, 0x2DB5(R4)      ; [линейный разбор]
  E938:  4E71            MOV.B  @R14+, SP              ; [линейный разбор]
  E93A:  F761            AND.B  @R7, SP                ; [линейный разбор]
  E93C:  A3D2 2919       DADD.B #1, &0x2919            ; [линейный разбор]
  E940:  9FEF 76DF       CMP.B  @R15, 0x76DF(R15)      ; [линейный разбор]
  E944:  2493            JZ     0xEA6C                 ; [линейный разбор]
  E946:  3A 15                                           |:.|
  E948:  4533            MOV    @R5+, CG2              ; [линейный разбор]
  E94A:  C88A 0C09       BIC    R8, 0xC09(R10)         ; [линейный разбор]
  E94E:  903E C500       CMP    #0xC500, R14           ; [линейный разбор]
  E952:  86DC 22EB 10B8  SUB.B  0x22EB(R6), 0x10B8(R12)  ; [линейный разбор]
  E958:  3E6E            JMP    0xE636                 ; [линейный разбор]
  E95A:  F7E6 1D32       AND.B  @R7, 0x1D32(R6)        ; [линейный разбор]
  E95E:  B4BB C40A       BIT    @R4+, -0x3BF6(R11)     ; [линейный разбор]
  E962:  F12B            AND    @SP, R11               ; [линейный разбор]
  E964:  AD88 1107       DADD   R13, 0x1107(R8)        ; [линейный разбор]
  E968:  FCA1 275D       AND    @R12, 0x275D(SP)       ; [линейный разбор]
  E96C:  ED5B A0DC       XOR.B  -0x5F24(R13), R11      ; [линейный разбор]
  E970:  5AA1 3856       ADD    @R10, 0x3856(SP)       ; [линейный разбор]
  E974:  AD56 D074       DADD.B -0x2F8C(R13), R6       ; [линейный разбор]
  E978:  BA 0B                                           |..|
  E97A:  414F            MOV.B  SP, R15                ; [линейный разбор]
  E97C:  C947            BIC.B  R9, R7                 ; [линейный разбор]
  E97E:  DEB7 4CC5       BIS    @R14+, 0x4CC5(R7)      ; [линейный разбор]
  E982:  4392 6C62       MOV    #1, &0x6C62            ; [линейный разбор]
  E986:  997D            CMP.B  @R9+, R13              ; [линейный разбор]
  E988:  FB20            AND    @R11, PC               ; [линейный разбор]
  E98A:  B96F            BIT.B  @R9, R15               ; [линейный разбор]
  E98C:  94F7 71F5       CMP.B  @R4+, 0x71F5(R7)       ; [линейный разбор]
  E990:  8A83 78EE       SUB    R10, 0x78EE(CG2)       ; [линейный разбор]
  E994:  68C6 5F8E       ADDC.B R8, 0x5F8E(R6)         ; [линейный разбор]
  E998:  7564            SUBC.B @R5, R4                ; [линейный разбор]
  E99A:  E213 723B       XOR    &0x723B, CG2           ; [линейный разбор]
  E99E:  C015 933E       BIC    0x7CDE, R5             ; [линейный разбор]
  E9A2:  A736            DADD   @R7+, R6               ; [линейный разбор]
  E9A4:  CD9F 19EB 94DA  BIC    0x19EB(R13), -0x6B26(R15)  ; [линейный разбор]
  E9AA:  2186            JNZ    0xECB8                 ; [линейный разбор]
  E9AC:  D8 00                                           |..|
  E9AE:  41D7 2C0C 8A0D  MOV.B  0x2C0C(SP), -0x75F3(R7)  ; [линейный разбор]
  E9B4:  F302            AND    #0, SR                 ; [линейный разбор]
  E9B6:  F9B4 32BF       AND    @R9+, 0x32BF(R4)       ; [линейный разбор]
  E9BA:  260F            JZ     0xE5DA                 ; [линейный разбор]
  E9BC:  F43E            AND    @R4+, R14              ; [линейный разбор]
  E9BE:  B86A            BIT.B  @R8, R10               ; [линейный разбор]
  E9C0:  E3 15 27 18                                     |..'.|
  E9C4:  A159 C0EE       DADD.B -0x3F12(SP), R9        ; [линейный разбор]
  E9C8:  AD 15                                           |..|
  E9CA:  2B8C            JNC    0xE8E4                 ; [линейный разбор]
  E9CC:  3CB2            JMP    0xEB32                 ; [линейный разбор]
  E9CE:  49D0 5670 E9BF  MOV.B  0x5670(R9), 0xD391     ; [линейный разбор]
  E9D4:  445A DCA5       MOV.B  -0x235B(R4), R10       ; [линейный разбор]
  E9D8:  DA53 A843       BIS.B  -0x57BD(R10), CG2      ; [линейный разбор]
  E9DC:  C596 0F5E A5C9  BIC    0xF5E(R5), -0x5A37(R6)  ; [линейный разбор]
  E9E2:  4F43            MOV.B  R15, CG2               ; [линейный разбор]
  E9E4:  BD8B 7071       BIT    R13, 0x7071(R11)       ; [линейный разбор]
  E9E8:  F7F1 6886       AND.B  @R7+, 0x6886(SP)       ; [линейный разбор]
  E9EC:  7DFB 7D24       SUBC.B @R13+, 0x7D24(R11)     ; [линейный разбор]
  E9F0:  5B6A            ADD.B  @R11, R10              ; [линейный разбор]
  E9F2:  91E2 6417       CMP.B  @SP, &0x6417           ; [линейный разбор]
  E9F6:  8E67            SUB.B  @R14, R7               ; [линейный разбор]
  E9F8:  9C68            CMP.B  @R12, R8               ; [линейный разбор]
  E9FA:  EEC2 47A4       XOR.B  R14, &0x47A4           ; [линейный разбор]
  E9FE:  5F33            ADD    @R15+, CG2             ; [линейный разбор]
  EA00:  B50B            BIT    R5, R11                ; [линейный разбор]
  EA02:  92A9 52B9       CMP    #4, 0x52B9(R9)         ; [линейный разбор]
  EA06:  3FDE            JMP    0xE9C4                 ; [линейный разбор]
  EA08:  A145            DADD.B SP, R5                 ; [линейный разбор]
  EA0A:  BEA0 26ED       BIT    @R14, 0x10F9           ; [линейный разбор]
  EA0E:  7448            SUBC.B R4, R8                 ; [линейный разбор]
  EA10:  B32A            BIT    #2, R10                ; [линейный разбор]
  EA12:  AC38            DADD   @R12+, R8              ; [линейный разбор]
  EA14:  C69D 6692 148A  BIC    0x6692(R6), 0x148A(R13)  ; [линейный разбор]
  EA1A:  90 13                                           |..|
  EA1C:  6B18 9E5F       ADDC   -0x61A1(R11), R8       ; [линейный разбор]
  EA20:  207C            JNZ    0xEB1A                 ; [линейный разбор]
  EA22:  8701            SUB    R7, SP                 ; [линейный разбор]
  EA24:  876C            SUB.B  @R7, R12               ; [линейный разбор]
  EA26:  F571            AND.B  @R5+, SP               ; [линейный разбор]
  EA28:  8A8B 0DB9       SUB    R10, 0xDB9(R11)        ; [линейный разбор]
  EA2C:  2D 09                                           |-.|
  EA2E:  D6F6 7045       BIS.B  @R6+, 0x7045(R6)       ; [линейный разбор]
  EA32:  DC20            BIS    @R12, PC               ; [линейный разбор]
  EA34:  DB7C            BIS.B  @R11+, R12             ; [линейный разбор]
  EA36:  FA90 EFCC 3765  AND    -0x1034(R10), 0x219F   ; [линейный разбор]
  EA3C:  E3A3 3AC1       XOR    #2, 0x3AC1(CG2)        ; [линейный разбор]
  EA40:  3AEF            JL     0xE820                 ; [линейный разбор]
  EA42:  6976            ADDC.B @R9+, R6               ; [линейный разбор]
  EA44:  8814 EF57       SUB    -0x10A9(R8), R4        ; [линейный разбор]
  EA48:  D1C4 5D19       BIS.B  SP, 0x5D19(R4)         ; [линейный разбор]
  EA4C:  E2DD 5B11 6EF5  XOR.B  &0x5B11, 0x6EF5(R13)   ; [линейный разбор]
  EA52:  C4 0E                                           |..|
  EA54:  4222            MOV    #4, SR                 ; [линейный разбор]
  EA56:  BBF8 034E       BIT.B  @R11+, 0x34E(R8)       ; [линейный разбор]
  EA5A:  C8F7 964D       BIC.B  @R8+, -0x69B3(R7)      ; [линейный разбор]
  EA5E:  B63F            BIT    @R6+, R15              ; [линейный разбор]
  EA60:  B9DA 4340 BBB5  BIT.B  0x4340(R9), -0x444B(R10)  ; [линейный разбор]
  EA66:  330F            JN     0xE886                 ; [линейный разбор]
  EA68:  70AC 57AC       SUBC   @PC, 0x57AC(R12)       ; [линейный разбор]
  EA6C:  2A3C            JNC    0xE6E6                 ; [линейный разбор]
  EA6E:  A5A1 5A26       DADD   @R5, 0x5A26(SP)        ; [линейный разбор]
  EA72:  A0E9 1774       DADD.B @PC, 0x1774(R9)        ; [линейный разбор]
  EA76:  8F9E 185B C279  SUB    0x185B(R15), -0x3D87(R14)  ; [линейный разбор]
  EA7C:  8214 928E       SUB    &0x928E, R4            ; [линейный разбор]
  EA80:  F195 6E0D 8BBD  AND    0x6E0D(SP), -0x7443(R5)  ; [линейный разбор]
  EA86:  2498            JZ     0xEBB8                 ; [линейный разбор]
  EA88:  6387 0168       ADC    0x168(R7)              ; = ADDC   #0, 0x168(R7)  ; [линейный разбор]
  EA8C:  D8C4 3FFA       BIS.B  R8, 0x3FFA(R4)         ; [линейный разбор]
  EA90:  7C94 0DC9 3270  SUBC   0xDC9(R12), 0x3270(R4)  ; [линейный разбор]
  EA96:  F641            AND.B  R6, SP                 ; [линейный разбор]
  EA98:  3E25            JMP    0xE6E4                 ; [линейный разбор]
  EA9A:  DE69            BIS.B  @R14, R9               ; [линейный разбор]
  EA9C:  EF72            XOR.B  @R15+, SR              ; [линейный разбор]
  EA9E:  EB28            XOR    @R11, R8               ; [линейный разбор]
  EAA0:  D3E3 65A7       BIS.B  #2, 0x65A7(CG2)        ; [линейный разбор]
  EAA4:  59FD 065B       ADD.B  @R9+, 0x65B(R13)       ; [линейный разбор]
  EAA8:  DD15 8CF0       BIS    -0x7310(R13), R5       ; [линейный разбор]
  EAAC:  D1 0B                                           |..|
  EAAE:  57C0 BF1C       ADD.B  R7, 0xA9CC             ; [линейный разбор]
  EAB2:  E7C8 4EF3       XOR.B  R7, 0x4EF3(R8)         ; [линейный разбор]
  EAB6:  6A11 EA42       ADDC   -0x15BE(R10), SP       ; [линейный разбор]
  EABA:  C426            BIC    @R4, R6                ; [линейный разбор]
  EABC:  E476            XOR.B  @R4+, R6               ; [линейный разбор]
  EABE:  8D2A            SUB    @R13, R10              ; [линейный разбор]
  EAC0:  ACA8 317B       DADD   @R12, 0x317B(R8)       ; [линейный разбор]
  EAC4:  80A0 267D       SUB    @PC, 0x1143            ; [линейный разбор]
  EAC8:  97 02                                           |..|
  EACA:  6CB9 3F4E       ADDC   @R12+, 0x3F4E(R9)      ; [линейный разбор]
  EACE:  D79A 6133 B59B  BIS    0x6133(R7), -0x4A65(R10)  ; [линейный разбор]
  EAD4:  654F            ADDC.B R5, R15                ; [линейный разбор]
  EAD6:  B48B 0D29       BIT    R4, 0xD29(R11)         ; [линейный разбор]
  EADA:  B042            BIT.B  PC, SR                 ; [линейный разбор]
  EADC:  B901            BIT    R9, SP                 ; [линейный разбор]
  EADE:  87FC 83AE       SUB.B  @R7+, -0x7C52(R12)     ; [линейный разбор]
  EAE2:  5518 9ECF       ADD    -0x6131(R5), R8        ; [линейный разбор]
  EAE6:  56A3 5892       ADD    @R6, 0x5892(CG2)       ; [линейный разбор]
  EAEA:  1A 14                                           |..|
  EAEC:  AAFF 04EF       DADD.B @R10+, 0x4EF(R15)      ; [линейный разбор]
  EAF0:  69E6 7FF2       ADDC.B @R9, 0x7FF2(R6)        ; [линейный разбор]
  EAF4:  65 09                                           |e.|
  EAF6:  E333            INV    CG2                    ; = XOR    #-1, CG2  ; [линейный разбор]
  EAF8:  4C1E E57C       MOV    -0x1A84(R12), R14      ; [линейный разбор]
  EAFC:  FA00            AND    R10, PC                ; [линейный разбор]
  EAFE:  9913 E8F6       CMP    -0x170A(R9), CG2       ; [линейный разбор]
  EB02:  70D5 2BC6 3D4E  SUBC.B 0x16CA, 0x3D4E(R5)     ; [линейный разбор]
  EB08:  C867            BIC.B  @R8, R7                ; [линейный разбор]
  EB0A:  FECB 30C4       AND.B  R14, 0x30C4(R11)       ; [линейный разбор]
  EB0E:  42B2 CD27       MOV    #8, &0xCD27            ; [линейный разбор]
  EB12:  DCDD 5B81 182A  BIS.B  0x5B81(R12), 0x182A(R13)  ; [линейный разбор]
  EB18:  D157 D154       BIS.B  -0x2EAC(SP), R7        ; [линейный разбор]
  EB1C:  359F            JGE    0xEE5C                 ; [линейный разбор]
  EB1E:  6426            ADDC   @R4, R6                ; [линейный разбор]
  EB20:  A079 E092       DADD.B #0xE092, R9            ; [линейный разбор]
  EB24:  69AC 2AAC       ADDC   @R9, 0x2AAC(R12)       ; [линейный разбор]
  EB28:  D37E            BIS.B  #-1, R14               ; [линейный разбор]
  EB2A:  85B5 339F       SUB    @R5+, 0x339F(R5)       ; [линейный разбор]
  EB2E:  73 06                                           |s.|
  EB30:  883F            SUB    @R8+, R15              ; [линейный разбор]
  EB32:  B94A            BIT.B  R9, R10                ; [линейный разбор]
  EB34:  B4A6 5D87       BIT    @R4, 0x5D87(R6)        ; [линейный разбор]
  EB38:  F8 01                                           |..|
  EB3A:  61AB 500D       ADDC   @SP, 0x500D(R11)       ; [линейный разбор]
  EB3E:  8B2D            SUB    @R11, R13              ; [линейный разбор]
  EB40:  5247            ADD.B  SR, R7                 ; [линейный разбор]
  EB42:  BC14 921E       BIT    -0x6DE2(R12), R4       ; [линейный разбор]
  EB46:  874A            SUB.B  R7, R10                ; [линейный разбор]
  EB48:  B19E 18CB 7B16  BIT    0x18CB(SP), 0x7B16(R14)  ; [линейный разбор]
  EB4E:  EDE3 6537       XOR.B  @R13, 0x6537(CG2)      ; [линейный разбор]
  EB52:  AE1B E069       DADD   -0x1F97(R14), R11      ; [линейный разбор]
  EB56:  EFE2 9DF7       XOR.B  @R15, &0x9DF7          ; [линейный разбор]
  EB5A:  70 0C                                           |p.|
  EB5C:  F6D1 48FA 01FA  AND.B  0x48FA(R6), 0x1FA(SP)  ; [линейный разбор]
  EB62:  7C04            SUBC   R12, R4                ; [линейный разбор]
  EB64:  FA2F            AND    @R10, R15              ; [линейный разбор]
  EB66:  D442            BIS.B  R4, SR                 ; [линейный разбор]
  EB68:  C4B6 2F22       BIC    @R4+, 0x2F22(R6)       ; [линейный разбор]
  EB6C:  D9C8 4E63       BIS.B  R9, 0x4E63(R8)         ; [линейный разбор]
  EB70:  CE 1C                                           |..|
  EB72:  35D1            JGE    0xEF16                 ; [линейный разбор]
  EB74:  5750 C9C3       ADD.B  -0x363D(R7), PC        ; [линейный разбор]
  EB78:  385B            JL     0xEC30                 ; [линейный разбор]
  EB7A:  85 DD                                           |..|

init_clock_io:   ; xrefs: 0xEBFA, 0xEE34
  EB7C:  40B2 5A8D 0120  MOV    #0x5A8D, &WDTCTL     
  EB82:  43C2 0001       CLR.B  &IE2                   ; = MOV.B  #0, &IE2
  EB86:  C0F2 0080 0003  BIC.B  #0x0080, &IFG2       
  EB8C:  40F2 007F 0052  MOV.B  #0x007F, &0x0052     
  EB92:  42E2 0050       MOV.B  #4, &0x0050          
  EB96:  40F2 0030 0053  MOV.B  #0x0030, &DCOCTL     
  EB9C:  43C2 0054       CLR.B  &0x0054                ; = MOV.B  #0, &0x0054
  EBA0:  40F2 0020 0040  MOV.B  #0x0020, &0x0040     
  EBA6:  D2F2 0040       BIS.B  #8, &0x0040          
  EBAA:  40F2 007D 0090  MOV.B  #0x007D, &0x0090     
  EBB0:  B2E2 0020       BIT.B  #4, &P1IN            
  EBB4:  40F2 000C 0021  MOV.B  #0x000C, &P1OUT      
  EBBA:  40F2 00FE 0022  MOV.B  #0x00FE, &P1DIR      
  EBC0:  2004            JNZ    loc_EBCA             
  EBC2:  C2F2 0021       BIC.B  #8, &P1OUT           
  EBC6:  D2F2 0021       BIS.B  #8, &P1OUT           

loc_EBCA:   ; xrefs: 0xEBC0
  EBCA:  C2E2 0021       BIC.B  #4, &P1OUT           
  EBCE:  4303            CLR    CG2                    ; = MOV    #0, CG2
  EBD0:  4303            CLR    CG2                    ; = MOV    #0, CG2
  EBD2:  D2E2 0021       BIS.B  #4, &P1OUT           
  EBD6:  43C2 0029       CLR.B  &P2OUT                 ; = MOV.B  #0, &P2OUT
  EBDA:  40F2 00F4 002A  MOV.B  #0x00F4, &P2DIR      
  EBE0:  D3E2 002C       BIS.B  #2, &P2IES           
  EBE4:  D2F2 002E       BIS.B  #8, &P2SEL           
  EBE8:  40F2 00F0 0056  MOV.B  #0x00F0, &BCSCTL1    
  EBEE:  403D 3A98       MOV    #0x3A98, R13         
  EBF2:  C3D2 0056       BIC.B  #1, &BCSCTL1         

loc_EBF6:   ; xrefs: 0xEBFE
  EBF6:  B3D2 0056       BIT.B  #1, &BCSCTL1         
  EBFA:  23C0            JNZ    init_clock_io        
  EBFC:  831D            DEC    R13                    ; = SUB    #1, R13
  EBFE:  23FB            JNZ    loc_EBF6             
  EC00:  4130            RET                           ; = MOV    @SP+, PC

init_vars:   ; xrefs: 0xEE38
  EC02:  403F 0200       MOV    #0x0200, R15         
  EC06:  403D 02CA       MOV    #0x02CA, R13         
  EC0A:  803D 0200       SUB    #0x0200, R13         
  EC0E:  12B0 F682       CALL   #0xF682              
  EC12:  43B2 026A       MOV    #-1, &0x026A         
  EC16:  43B2 026C       MOV    #-1, &0x026C         
  EC1A:  43B2 026E       MOV    #-1, &0x026E         
  EC1E:  43B2 0270       MOV    #-1, &0x0270         
  EC22:  40F2 003F 028C  MOV.B  #0x003F, &0x028C     
  EC28:  40F2 0055 028E  MOV.B  #0x0055, &0x028E     
  EC2E:  40B2 9999 0284  MOV    #0x9999, &0x0284     
  EC34:  40F2 0099 0287  MOV.B  #0x0099, &0x0287     
  EC3A:  40F2 0023 0280  MOV.B  #0x0023, &0x0280     
  EC40:  40F2 0059 0281  MOV.B  #0x0059, &0x0281     
  EC46:  40F2 0058 0282  MOV.B  #0x0058, &0x0282     
  EC4C:  437F            MOV.B  #-1, R15             
  EC4E:  403E 0093       MOV    #0x0093, R14         
  EC52:  403D 0009       MOV    #0x0009, R13         
  EC56:  12B0 F69C       CALL   #0xF69C              
  EC5A:  12B0 F31E       CALL   #0xF31E              
  EC5E:  90F2 0055 1006  CMP.B  #0x0055, &0x1006     
  EC64:  2003            JNZ    loc_EC6C             
  EC66:  40F2 0005 0225  MOV.B  #0x0005, &disp_page  

loc_EC6C:   ; xrefs: 0xEC64
  EC6C:  43C2 0255       CLR.B  &dummy_reg             ; = MOV.B  #0, &dummy_reg
  EC70:  D0B2 0040 0218  BIS    #0x0040, &status     
  EC76:  4382 024C       CLR    &led_timer             ; = MOV    #0, &led_timer
  EC7A:  B3D2 0020       BIT.B  #1, &P1IN            
  EC7E:  201A            JNZ    loc_ECB4             
  EC80:  40F2 0055 025C  MOV.B  #0x0055, &uart_enabled
  EC86:  40F2 00B4 0074  MOV.B  #0x00B4, &U0BR0      
  EC8C:  43D2 0075       MOV.B  #1, &U0BR1           
  EC90:  D0F2 00C0 0004  BIS.B  #0x00C0, &ME1        
  EC96:  40F2 0011 0070  MOV.B  #0x0011, &U0CTL      
  EC9C:  40F2 0010 0070  MOV.B  #0x0010, &U0CTL      
  ECA2:  40F2 0030 0071  MOV.B  #0x0030, &U0TCTL     
  ECA8:  D0F2 0030 002E  BIS.B  #0x0030, &P2SEL      
  ECAE:  40B2 0234 0232  MOV    #0x0234, &rx_ptr     

loc_ECB4:   ; xrefs: 0xEC7E
  ECB4:  12B0 ECE6       CALL   #0xECE6              
  ECB8:  4130            RET                           ; = MOV    @SP+, PC

uart_enable:   ; xrefs: 0xEF7A
  ECBA:  43C2 0002       CLR.B  &IFG1                  ; = MOV.B  #0, &IFG1
  ECBE:  40F2 0080 0001  MOV.B  #0x0080, &IE2        
  ECC4:  90F2 0055 1006  CMP.B  #0x0055, &0x1006     
  ECCA:  2403            JZ     loc_ECD2             
  ECCC:  C3D2 002D       BIC.B  #1, &P2IE            
  ECD0:  3C02            JMP    loc_ECD6             

loc_ECD2:   ; xrefs: 0xECCA
  ECD2:  D3D2 002D       BIS.B  #1, &P2IE            

loc_ECD6:   ; xrefs: 0xECD0
  ECD6:  90F2 0055 025C  CMP.B  #0x0055, &uart_enabled
  ECDC:  2003            JNZ    loc_ECE4             
  ECDE:  40F2 00C0 0000  MOV.B  #0x00C0, &IE1        

loc_ECE4:   ; xrefs: 0xECDC
  ECE4:  4130            RET                           ; = MOV    @SP+, PC

lcd_clear:   ; xrefs: 0xECB4
  ECE6:  C392 0150       BIC    #1, &0x0150          
  ECEA:  40B2 009C 0100  MOV    #0x009C, &0x0100     
  ECF0:  4382 0102       CLR    &0x0102                ; = MOV    #0, &0x0102
  ECF4:  4382 0104       CLR    &0x0104                ; = MOV    #0, &0x0104
  ECF8:  4382 0106       CLR    &0x0106                ; = MOV    #0, &0x0106
  ECFC:  40B2 0040 00BF  MOV    #0x0040, &0x00BF     
  ED02:  40F2 0018 00B0  MOV.B  #0x0018, &0x00B0     
  ED08:  4382 0102       CLR    &0x0102                ; = MOV    #0, &0x0102
  ED0C:  43C2 00B1       CLR.B  &0x00B1                ; = MOV.B  #0, &0x00B1
  ED10:  4382 0104       CLR    &0x0104                ; = MOV    #0, &0x0104
  ED14:  43C2 00B2       CLR.B  &0x00B2                ; = MOV.B  #0, &0x00B2
  ED18:  4382 0106       CLR    &0x0106                ; = MOV    #0, &0x0106

loc_ED1C:   ; xrefs: 0xED2A
  ED1C:  D392 0150       BIS    #1, &0x0150          
  ED20:  4382 0152       CLR    &0x0152                ; = MOV    #0, &0x0152
  ED24:  B0B2 8000 01C0  BIT    #0x8000, &0x01C0     
  ED2A:  23F8            JNZ    loc_ED1C             
  ED2C:  4382 015A       CLR    &0x015A                ; = MOV    #0, &0x015A
  ED30:  40B2 0003 0158  MOV    #0x0003, &0x0158     

loc_ED36:   ; xrefs: 0xED3C
  ED36:  B0B2 8000 01C0  BIT    #0x8000, &0x01C0     
  ED3C:  23FC            JNZ    loc_ED36             
  ED3E:  40B2 000B 0158  MOV    #0x000B, &0x0158     

loc_ED44:   ; xrefs: 0xED48
  ED44:  B392 0152       BIT    #1, &0x0152          
  ED48:  27FD            JZ     loc_ED44             

loc_ED4A:   ; xrefs: 0xED50
  ED4A:  90B2 0005 0154  CMP    #0x0005, &0x0154     
  ED50:  23FC            JNZ    loc_ED4A             
  ED52:  421F 0156       MOV    &0x0156, R15         
  ED56:  403F 0200       MOV    #0x0200, R15         
  ED5A:  403E 0050       MOV    #0x0050, R14         
  ED5E:  12B0 EE04       CALL   #0xEE04              
  ED62:  403F 0226       MOV    #0x0226, R15         
  ED66:  430E            CLR    R14                    ; = MOV    #0, R14
  ED68:  12B0 EE04       CALL   #0xEE04              
  ED6C:  403F 0228       MOV    #0x0228, R15         
  ED70:  430E            CLR    R14                    ; = MOV    #0, R14
  ED72:  12B0 EE04       CALL   #0xEE04              
  ED76:  403F 0220       MOV    #0x0220, R15         
  ED7A:  403E FFF1       MOV    #0xFFF1, R14         
  ED7E:  12B0 EE04       CALL   #0xEE04              
  ED82:  403F 0222       MOV    #0x0222, R15         
  ED86:  403E E13B       MOV    #0xE13B, R14         
  ED8A:  12B0 EE04       CALL   #0xEE04              
  ED8E:  403F 022A       MOV    #0x022A, R15         
  ED92:  403E 0032       MOV    #0x0032, R14         
  ED96:  12B0 EE04       CALL   #0xEE04              
  ED9A:  403F 0206       MOV    #0x0206, R15         
  ED9E:  430E            CLR    R14                    ; = MOV    #0, R14
  EDA0:  12B0 EE04       CALL   #0xEE04              
  EDA4:  403F 0238       MOV    #0x0238, R15         
  EDA8:  403E 0020       MOV    #0x0020, R14         
  EDAC:  12B0 EE04       CALL   #0xEE04              
  EDB0:  403F 0210       MOV    #0x0210, R15         
  EDB4:  421E 1000       MOV    &0x1000, R14         
  EDB8:  12B0 EE04       CALL   #0xEE04              
  EDBC:  403F 0212       MOV    #0x0212, R15         
  EDC0:  430E            CLR    R14                    ; = MOV    #0, R14
  EDC2:  12B0 EE04       CALL   #0xEE04              
  EDC6:  403F 0214       MOV    #0x0214, R15         
  EDCA:  403E 4000       MOV    #0x4000, R14         
  EDCE:  12B0 EE04       CALL   #0xEE04              
  EDD2:  403F 0216       MOV    #0x0216, R15         
  EDD6:  430E            CLR    R14                    ; = MOV    #0, R14
  EDD8:  12B0 EE04       CALL   #0xEE04              
  EDDC:  403F 0218       MOV    #0x0218, R15         
  EDE0:  430E            CLR    R14                    ; = MOV    #0, R14
  EDE2:  12B0 EE04       CALL   #0xEE04              
  EDE6:  403F 0204       MOV    #0x0204, R15         
  EDEA:  403E 000C       MOV    #0x000C, R14         
  EDEE:  12B0 EE04       CALL   #0xEE04              
  EDF2:  40B2 0010 0152  MOV    #0x0010, &0x0152     
  EDF8:  42A2 015A       MOV    #4, &0x015A          
  EDFC:  40B2 0003 0158  MOV    #0x0003, &0x0158     
  EE02:  4130            RET                           ; = MOV    @SP+, PC

sub_EE04:   ; xrefs: 0xED5E, 0xED68, 0xED72, 0xED7E, 0xED8A, 0xED96, 0xEDA0, 0xEDAC, 0xEDB8, 0xEDC2, 0xEDCE, 0xEDD8, 0xEDE2, 0xEDEE
  EE04:  4E82 015A       MOV    R14, &0x015A         
  EE08:  4F82 0158       MOV    R15, &0x0158         
  EE0C:  433D            MOV    #-1, R13             

loc_EE0E:   ; xrefs: 0xEE18, 0xEE20, 0xEE26
  EE0E:  831D            DEC    R13                    ; = SUB    #1, R13
  EE10:  240C            JZ     loc_EE2A             
  EE12:  B0B2 0003 0152  BIT    #0x0003, &0x0152     
  EE18:  27FA            JZ     loc_EE0E             
  EE1A:  90B2 0009 0154  CMP    #0x0009, &0x0154     
  EE20:  23F6            JNZ    loc_EE0E             
  EE22:  9F82 0156       CMP    R15, &0x0156         
  EE26:  23F3            JNZ    loc_EE0E             
  EE28:  4130            RET                           ; = MOV    @SP+, PC

loc_EE2A:   ; xrefs: 0xEE10
  EE2A:  4010 0002       BR     reset                  ; = MOV    reset, PC

reset:   ; xrefs: 0xEE82, 0xEEB2, 0xEF04, 0xEF74, 0xEFB8, 0xF004, 0xF034, 0xF094, 0xF0D4
  EE2E:  4031 0300       MOV    #0x0300, SP          
  EE32:  C232            DINT                          ; = BIC    #8, SR
  EE34:  12B0 EB7C       CALL   #0xEB7C              
  EE38:  12B0 EC02       CALL   #0xEC02              
  EE3C:  90F2 0055 025C  CMP.B  #0x0055, &uart_enabled
  EE42:  248C            JZ     loc_EF5C             
  EE44:  403F 0050       MOV    #0x0050, R15         
  EE48:  403E 0208       MOV    #0x0208, R14         
  EE4C:  42F2 024E       MOV.B  #8, &loop_cnt        
  EE50:  12B0 F350       CALL   #0xF350              
  EE54:  403F 0208       MOV    #0x0208, R15         
  EE58:  40B2 0003 024E  MOV    #0x0003, &loop_cnt   
  EE5E:  12B0 F610       CALL   #0xF610              
  EE62:  2829            JNC    loc_EEB6             
  EE64:  403F 0030       MOV    #0x0030, R15         
  EE68:  403E 0200       MOV    #0x0200, R14         
  EE6C:  42F2 024E       MOV.B  #8, &loop_cnt        
  EE70:  12B0 F350       CALL   #0xF350              
  EE74:  403F 0200       MOV    #0x0200, R15         
  EE78:  40B2 0003 024E  MOV    #0x0003, &loop_cnt   
  EE7E:  12B0 F610       CALL   #0xF610              
  EE82:  2FD5            JC     reset                

loc_EE84:   ; xrefs: 0xEF32
  EE84:  403F 0200       MOV    #0x0200, R15         
  EE88:  403E 0050       MOV    #0x0050, R14         
  EE8C:  42F2 024E       MOV.B  #8, &loop_cnt        
  EE90:  12B0 F412       CALL   #0xF412              
  EE94:  403F 0050       MOV    #0x0050, R15         
  EE98:  403E 0208       MOV    #0x0208, R14         
  EE9C:  42F2 024E       MOV.B  #8, &loop_cnt        
  EEA0:  12B0 F350       CALL   #0xF350              
  EEA4:  403F 0208       MOV    #0x0208, R15         
  EEA8:  40B2 0003 024E  MOV    #0x0003, &loop_cnt   
  EEAE:  12B0 F610       CALL   #0xF610              
  EEB2:  2FBD            JC     reset                
  EEB4:  3C3F            JMP    loc_EF34             

loc_EEB6:   ; xrefs: 0xEE62
  EEB6:  403F 0030       MOV    #0x0030, R15         
  EEBA:  403E 0200       MOV    #0x0200, R14         
  EEBE:  42F2 024E       MOV.B  #8, &loop_cnt        
  EEC2:  12B0 F350       CALL   #0xF350              
  EEC6:  403F 0200       MOV    #0x0200, R15         
  EECA:  40B2 0003 024E  MOV    #0x0003, &loop_cnt   
  EED0:  12B0 F610       CALL   #0xF610              
  EED4:  2819            JNC    loc_EF08             
  EED6:  403F 0208       MOV    #0x0208, R15         
  EEDA:  403E 0030       MOV    #0x0030, R14         
  EEDE:  42F2 024E       MOV.B  #8, &loop_cnt        
  EEE2:  12B0 F412       CALL   #0xF412              
  EEE6:  403F 0030       MOV    #0x0030, R15         
  EEEA:  403E 0200       MOV    #0x0200, R14         
  EEEE:  42F2 024E       MOV.B  #8, &loop_cnt        
  EEF2:  12B0 F350       CALL   #0xF350              
  EEF6:  403F 0200       MOV    #0x0200, R15         
  EEFA:  40B2 0003 024E  MOV    #0x0003, &loop_cnt   
  EF00:  12B0 F610       CALL   #0xF610              
  EF04:  2F94            JC     reset                
  EF06:  3C16            JMP    loc_EF34             

loc_EF08:   ; xrefs: 0xEED4
  EF08:  4292 0208 0204  MOV    &clk_hh, &0x0204     
  EF0E:  4292 020A 0206  MOV    &clk_ss, &0x0206     
  EF14:  C312            CLRC                          ; = BIC    #1, SR
  EF16:  A3D2 0206       DADD.B #1, &0x0206          
  EF1A:  A3C2 0205       DADC.B &0x0205                ; = DADD.B #0, &0x0205
  EF1E:  A3C2 0204       DADC.B &0x0204                ; = DADD.B #0, &0x0204
  EF22:  9292 0200 0204  CMP    &bcd_a, &0x0204      
  EF28:  2005            JNZ    loc_EF34             
  EF2A:  92D2 0202 0206  CMP.B  &0x0202, &0x0206     
  EF30:  2001            JNZ    loc_EF34             
  EF32:  3FA8            JMP    loc_EE84             

loc_EF34:   ; xrefs: 0xEEB4, 0xEF06, 0xEF28, 0xEF30
  EF34:  403F 0020       MOV    #0x0020, R15         
  EF38:  403E 0210       MOV    #0x0210, R14         
  EF3C:  42F2 024E       MOV.B  #8, &loop_cnt        
  EF40:  12B0 F350       CALL   #0xF350              
  EF44:  403F 0210       MOV    #0x0210, R15         
  EF48:  40B2 0003 024E  MOV    #0x0003, &loop_cnt   
  EF4E:  12B0 F610       CALL   #0xF610              
  EF52:  2804            JNC    loc_EF5C             
  EF54:  4382 0210       CLR    &0x0210                ; = MOV    #0, &0x0210
  EF58:  4382 0212       CLR    &sec_frac              ; = MOV    #0, &sec_frac

loc_EF5C:   ; xrefs: 0xEE42, 0xEF52
  EF5C:  D0B2 0040 0218  BIS    #0x0040, &status     
  EF62:  D0B2 0200 0218  BIS    #0x0200, &status     
  EF68:  403F 3A98       MOV    #0x3A98, R15         
  EF6C:  C3D2 0056       BIC.B  #1, &BCSCTL1         

loc_EF70:   ; xrefs: 0xEF78
  EF70:  B3D2 0056       BIT.B  #1, &BCSCTL1         
  EF74:  235C            JNZ    reset                
  EF76:  831F            DEC    R15                    ; = SUB    #1, R15
  EF78:  23FB            JNZ    loc_EF70             
  EF7A:  12B0 ECBA       CALL   #0xECBA              
  EF7E:  D232            EINT                          ; = BIS    #8, SR

loc_EF80:   ; xrefs: 0xF07E, 0xF08A
  EF80:  40B2 5A0D 0120  MOV    #0x5A0D, &WDTCTL     
  EF86:  E3E2 0021       XOR.B  #2, &P1OUT           
  EF8A:  12B0 F98A       CALL   #0xF98A              
  EF8E:  12B0 FBFC       CALL   #0xFBFC              
  EF92:  90F2 0055 0257  CMP.B  #0x0055, &clk_tick   
  EF98:  2059            JNZ    loc_F04C             
  EF9A:  403F 0050       MOV    #0x0050, R15         
  EF9E:  403E 0200       MOV    #0x0200, R14         
  EFA2:  42F2 024E       MOV.B  #8, &loop_cnt        
  EFA6:  12B0 F350       CALL   #0xF350              
  EFAA:  403F 0200       MOV    #0x0200, R15         
  EFAE:  40B2 0003 024E  MOV    #0x0003, &loop_cnt   
  EFB4:  12B0 F610       CALL   #0xF610              
  EFB8:  2F3A            JC     reset                
  EFBA:  C312            CLRC                          ; = BIC    #1, SR
  EFBC:  A3D2 0202       DADD.B #1, &0x0202          
  EFC0:  A3C2 0201       DADC.B &0x0201                ; = DADD.B #0, &0x0201
  EFC4:  A3C2 0200       DADC.B &bcd_a                 ; = DADD.B #0, &bcd_a
  EFC8:  403F 0200       MOV    #0x0200, R15         
  EFCC:  40B2 0003 024E  MOV    #0x0003, &loop_cnt   
  EFD2:  12B0 F610       CALL   #0xF610              
  EFD6:  403F 0200       MOV    #0x0200, R15         
  EFDA:  403E 0030       MOV    #0x0030, R14         
  EFDE:  42F2 024E       MOV.B  #8, &loop_cnt        
  EFE2:  12B0 F412       CALL   #0xF412              
  EFE6:  403F 0030       MOV    #0x0030, R15         
  EFEA:  403E 0200       MOV    #0x0200, R14         
  EFEE:  42F2 024E       MOV.B  #8, &loop_cnt        
  EFF2:  12B0 F350       CALL   #0xF350              
  EFF6:  403F 0200       MOV    #0x0200, R15         
  EFFA:  40B2 0003 024E  MOV    #0x0003, &loop_cnt   
  F000:  12B0 F610       CALL   #0xF610              
  F004:  2F14            JC     reset                
  F006:  403F 0200       MOV    #0x0200, R15         
  F00A:  403E 0050       MOV    #0x0050, R14         
  F00E:  42F2 024E       MOV.B  #8, &loop_cnt        
  F012:  12B0 F412       CALL   #0xF412              
  F016:  403F 0050       MOV    #0x0050, R15         
  F01A:  403E 0200       MOV    #0x0200, R14         
  F01E:  42F2 024E       MOV.B  #8, &loop_cnt        
  F022:  12B0 F350       CALL   #0xF350              
  F026:  403F 0200       MOV    #0x0200, R15         
  F02A:  40B2 0003 024E  MOV    #0x0003, &loop_cnt   
  F030:  12B0 F610       CALL   #0xF610              
  F034:  2EFC            JC     reset                
  F036:  43C2 0257       CLR.B  &clk_tick              ; = MOV.B  #0, &clk_tick
  F03A:  42D2 0200 0208  MOV.B  &bcd_a, &clk_hh      
  F040:  42D2 0201 0209  MOV.B  &0x0201, &clk_mm     
  F046:  42D2 0202 020A  MOV.B  &0x0202, &clk_ss     

loc_F04C:   ; xrefs: 0xEF98
  F04C:  B0B2 0400 0218  BIT    #0x0400, &status     
  F052:  201C            JNZ    loc_F08C             
  F054:  12B0 E000       CALL   #0xE000              
  F058:  B0B2 0400 0218  BIT    #0x0400, &status     
  F05E:  2016            JNZ    loc_F08C             
  F060:  12B0 FAC6       CALL   #0xFAC6              
  F064:  B0B2 0400 0218  BIT    #0x0400, &status     
  F06A:  2010            JNZ    loc_F08C             
  F06C:  12B0 F0D6       CALL   #0xF0D6              
  F070:  B0B2 0400 0218  BIT    #0x0400, &status     
  F076:  200A            JNZ    loc_F08C             
  F078:  90F2 0055 025C  CMP.B  #0x0055, &uart_enabled
  F07E:  2380            JNZ    loc_EF80             
  F080:  12B0 E404       CALL   #0xE404              
  F084:  B0B2 0400 0218  BIT    #0x0400, &status     
  F08A:  277A            JZ     loc_EF80             

loc_F08C:   ; xrefs: 0xF052, 0xF05E, 0xF06A, 0xF076, 0xF0D2
  F08C:  C232            DINT                          ; = BIC    #8, SR
  F08E:  B0B2 0200 0218  BIT    #0x0200, &status     
  F094:  22CC            JNZ    reset                
  F096:  403F 0210       MOV    #0x0210, R15         
  F09A:  40B2 0003 024E  MOV    #0x0003, &loop_cnt   
  F0A0:  12B0 F610       CALL   #0xF610              
  F0A4:  403F 0210       MOV    #0x0210, R15         
  F0A8:  403E 0020       MOV    #0x0020, R14         
  F0AC:  42F2 024E       MOV.B  #8, &loop_cnt        
  F0B0:  12B0 F412       CALL   #0xF412              
  F0B4:  403F 0020       MOV    #0x0020, R15         
  F0B8:  403E 0200       MOV    #0x0200, R14         
  F0BC:  42F2 024E       MOV.B  #8, &loop_cnt        
  F0C0:  12B0 F350       CALL   #0xF350              
  F0C4:  403F 0200       MOV    #0x0200, R15         
  F0C8:  40B2 0003 024E  MOV    #0x0003, &loop_cnt   
  F0CE:  12B0 F610       CALL   #0xF610              
  F0D2:  2FDC            JC     loc_F08C             
  F0D4:  3EAC            JMP    reset                

sub_F0D6:   ; xrefs: 0xF06C
  F0D6:  B2B2 0218       BIT    #8, &status          
  F0DA:  241F            JZ     loc_F11A             
  F0DC:  C2B2 0218       BIC    #8, &status          
  F0E0:  12B0 F11C       CALL   #0xF11C              
  F0E4:  403F 0091       MOV    #0x0091, R15         
  F0E8:  403D 009D       MOV    #0x009D, R13         
  F0EC:  803D 0091       SUB    #0x0091, R13         
  F0F0:  12B0 F682       CALL   #0xF682              
  F0F4:  12B0 F202       CALL   #0xF202              
  F0F8:  12B0 F260       CALL   #0xF260              
  F0FC:  12B0 F27A       CALL   #0xF27A              
  F100:  90F2 0055 0255  CMP.B  #0x0055, &dummy_reg  
  F106:  2007            JNZ    loc_F116             
  F108:  437F            MOV.B  #-1, R15             
  F10A:  403E 0093       MOV    #0x0093, R14         
  F10E:  403D 0009       MOV    #0x0009, R13         
  F112:  12B0 F69C       CALL   #0xF69C              

loc_F116:   ; xrefs: 0xF106
  F116:  12B0 F31E       CALL   #0xF31E              

loc_F11A:   ; xrefs: 0xF0DA
  F11A:  4130            RET                           ; = MOV    @SP+, PC

sub_F11C:   ; xrefs: 0xF0E0
  F11C:  403D F12E       MOV    #0xF12E, R13         
  F120:  425C 0225       MOV.B  &disp_page, R12      
  F124:  F03C 0007       AND    #0x0007, R12         
  F128:  5C0C            RLA    R12                    ; = ADD    R12, R12
  F12A:  5C0D            ADD    R12, R13             
  F12C:  4D20            BR     @R13                   ; = MOV    @R13, PC
  F12E:  F19E F19E F1E2  AND    -0xE62(SP), -0xE1E(R14)  ; [линейный разбор]
  F134:  F1B2 F1CA       AND    @SP+, &0xF1CA          ; [линейный разбор]
  F138:  F13E            AND    @SP+, R14              ; [линейный разбор]
  F13A:  F152 F19E       AND.B  -0xE62(SP), SR         ; [линейный разбор]
  F13E:  42D2 0284 0201  MOV.B  &0x0284, &0x0201     
  F144:  42D2 0285 0200  MOV.B  &0x0285, &bcd_a      
  F14A:  42D2 0287 0203  MOV.B  &0x0287, &0x0203     
  F150:  4130            RET                           ; = MOV    @SP+, PC
  F152:  42D2 0280 0200  MOV.B  &0x0280, &bcd_a      
  F158:  42D2 0281 0201  MOV.B  &0x0281, &0x0201     
  F15E:  42D2 0282 0203  MOV.B  &0x0282, &0x0203     
  F164:  1052 0201       RRC.B  &0x0201              
  F168:  1052 0202       RRC.B  &0x0202              
  F16C:  1052 0201       RRC.B  &0x0201              
  F170:  1052 0202       RRC.B  &0x0202              
  F174:  1052 0201       RRC.B  &0x0201              
  F178:  1052 0202       RRC.B  &0x0202              
  F17C:  1052 0201       RRC.B  &0x0201              
  F180:  1052 0202       RRC.B  &0x0202              
  F184:  F0F2 000F 0201  AND.B  #0x000F, &0x0201     
  F18A:  50F2 00A0 0201  ADD.B  #0x00A0, &0x0201     
  F190:  F0F2 00F0 0202  AND.B  #0x00F0, &0x0202     
  F196:  50F2 000A 0202  ADD.B  #0x000A, &0x0202     
  F19C:  4130            RET                           ; = MOV    @SP+, PC
  F19E:  42D2 0212 0203  MOV.B  &sec_frac, &0x0203   
  F1A4:  42D2 020A 0202  MOV.B  &clk_ss, &0x0202     
  F1AA:  4292 0208 0200  MOV    &clk_hh, &bcd_a      
  F1B0:  4130            RET                           ; = MOV    @SP+, PC
  F1B2:  42D2 021F 0203  MOV.B  &0x021F, &0x0203     
  F1B8:  42D2 021E 0202  MOV.B  &0x021E, &0x0202     
  F1BE:  40F2 00BA 0201  MOV.B  #0x00BA, &0x0201     
  F1C4:  43F2 0200       MOV.B  #-1, &bcd_a          
  F1C8:  4130            RET                           ; = MOV    @SP+, PC
  F1CA:  42D2 0221 0203  MOV.B  &0x0221, &0x0203     
  F1D0:  42D2 0220 0202  MOV.B  &0x0220, &0x0202     
  F1D6:  40F2 001A 0201  MOV.B  #0x001A, &0x0201     
  F1DC:  43F2 0200       MOV.B  #-1, &bcd_a          
  F1E0:  4130            RET                           ; = MOV    @SP+, PC
  F1E2:  42D2 0222 0201  MOV.B  &0x0222, &0x0201     
  F1E8:  42D2 0223 0202  MOV.B  &0x0223, &0x0202     
  F1EE:  42D2 0224 0203  MOV.B  &0x0224, &0x0203     
  F1F4:  50F2 00A0 0201  ADD.B  #0x00A0, &0x0201     
  F1FA:  40F2 00FC 0200  MOV.B  #0x00FC, &bcd_a      
  F200:  4130            RET                           ; = MOV    @SP+, PC

sub_F202:   ; xrefs: 0xF0F4
  F202:  42D2 0203 0207  MOV.B  &0x0203, &0x0207     
  F208:  42D2 0203 0206  MOV.B  &0x0203, &0x0206     
  F20E:  42D2 0202 0205  MOV.B  &0x0202, &0x0205     
  F214:  42D2 0202 0204  MOV.B  &0x0202, &0x0204     
  F21A:  42D2 0201 0203  MOV.B  &0x0201, &0x0203     
  F220:  42D2 0201 0202  MOV.B  &0x0201, &0x0202     
  F226:  42D2 0200 0201  MOV.B  &bcd_a, &0x0201      
  F22C:  42E2 024E       MOV.B  #4, &loop_cnt        

loc_F230:   ; xrefs: 0xF244
  F230:  1052 0206       RRC.B  &0x0206              
  F234:  1052 0204       RRC.B  &0x0204              
  F238:  1052 0202       RRC.B  &0x0202              
  F23C:  1052 0200       RRC.B  &bcd_a               
  F240:  83D2 024E       DEC.B  &loop_cnt              ; = SUB.B  #1, &loop_cnt
  F244:  23F5            JNZ    loc_F230             
  F246:  F0B2 0F0F 0200  AND    #0x0F0F, &bcd_a      
  F24C:  F0B2 0F0F 0202  AND    #0x0F0F, &0x0202     
  F252:  F0B2 0F0F 0204  AND    #0x0F0F, &0x0204     
  F258:  F0B2 0F0F 0206  AND    #0x0F0F, &0x0206     
  F25E:  4130            RET                           ; = MOV    @SP+, PC

sub_F260:   ; xrefs: 0xF0F8
  F260:  42F2 024E       MOV.B  #8, &loop_cnt        
  F264:  403F 0200       MOV    #0x0200, R15         

loc_F268:   ; xrefs: 0xF276
  F268:  4F6E            MOV.B  @R15, R14            
  F26A:  4EDF E7D6 0000  MOV.B  -0x182A(R14), 0x0(R15)
  F270:  531F            INC    R15                    ; = ADD    #1, R15
  F272:  83D2 024E       DEC.B  &loop_cnt              ; = SUB.B  #1, &loop_cnt
  F276:  23F8            JNZ    loc_F268             
  F278:  4130            RET                           ; = MOV    @SP+, PC

sub_F27A:   ; xrefs: 0xF0FC
  F27A:  403D F28C       MOV    #0xF28C, R13         
  F27E:  425C 0225       MOV.B  &disp_page, R12      
  F282:  F03C 0007       AND    #0x0007, R12         
  F286:  5C0C            RLA    R12                    ; = ADD    R12, R12
  F288:  5C0D            ADD    R12, R13             
  F28A:  4D20            BR     @R13                   ; = MOV    @R13, PC
  F28C:  F2AA F2AA       AND    #4, -0xD56(R10)        ; [линейный разбор]
  F290:  F2A8 F29C       AND    #4, -0xD64(R8)         ; [линейный разбор]
  F294:  F2A2 F2E6       AND    #4, &0xF2E6            ; [линейный разбор]
  F298:  F2A8 F2AA       AND    #4, -0xD56(R8)         ; [линейный разбор]
  F29C:  D3D2 009A       BIS.B  #1, &0x009A          
  F2A0:  4130            RET                           ; = MOV    @SP+, PC
  F2A2:  D3D2 0099       BIS.B  #1, &0x0099          
  F2A6:  4130            RET                           ; = MOV    @SP+, PC
  F2A8:  4130            RET                           ; = MOV    @SP+, PC
  F2AA:  403F 0200       MOV    #0x0200, R15         

loc_F2AE:   ; xrefs: 0xF2C6
  F2AE:  93CF 0000       TST.B  0x0(R15)               ; = CMP.B  #0, 0x0(R15)
  F2B2:  2404            JZ     loc_F2BC             
  F2B4:  90FF 003F 0000  CMP.B  #0x003F, 0x0(R15)    
  F2BA:  2006            JNZ    loc_F2C8             

loc_F2BC:   ; xrefs: 0xF2B2
  F2BC:  43CF 0000       CLR.B  0x0(R15)               ; = MOV.B  #0, 0x0(R15)
  F2C0:  531F            INC    R15                    ; = ADD    #1, R15
  F2C2:  903F 0205       CMP    #0x0205, R15         
  F2C6:  3BF3            JL     loc_F2AE             

loc_F2C8:   ; xrefs: 0xF2BA
  F2C8:  D3D2 0099       BIS.B  #1, &0x0099          
  F2CC:  425D 0256       MOV.B  &0x0256, R13         
  F2D0:  903D 0006       CMP    #0x0006, R13         
  F2D4:  3801            JL     loc_F2D8             
  F2D6:  430D            CLR    R13                    ; = MOV    #0, R13

loc_F2D8:   ; xrefs: 0xF2D4
  F2D8:  5D0D            RLA    R13                    ; = ADD    R13, R13
  F2DA:  503D E866       ADD    #0xE866, R13         
  F2DE:  4D7E            MOV.B  @R13+, R14           
  F2E0:  DDEE 0000       BIS.B  @R13, 0x0(R14)       
  F2E4:  4130            RET                           ; = MOV    @SP+, PC
  F2E6:  40F2 0040 0204  MOV.B  #0x0040, &0x0204     
  F2EC:  40F2 0040 0205  MOV.B  #0x0040, &0x0205     
  F2F2:  425C 0288       MOV.B  &0x0288, R12         
  F2F6:  B03C 0010       BIT    #0x0010, R12         
  F2FA:  2403            JZ     loc_F302             
  F2FC:  D0F2 0010 009B  BIS.B  #0x0010, &0x009B     

loc_F302:   ; xrefs: 0xF2FA
  F302:  F03C 0007       AND    #0x0007, R12         
  F306:  430D            CLR    R13                    ; = MOV    #0, R13

loc_F308:   ; xrefs: 0xF31A
  F308:  930C            TST    R12                    ; = CMP    #0, R12
  F30A:  2408            JZ     loc_F31C             
  F30C:  4D5E E866       MOV.B  -0x179A(R13), R14    
  F310:  DDDE E867 0000  BIS.B  -0x1799(R13), 0x0(R14)
  F316:  831C            DEC    R12                    ; = SUB    #1, R12
  F318:  532D            INCD   R13                    ; = ADD    #2, R13
  F31A:  3FF6            JMP    loc_F308             

loc_F31C:   ; xrefs: 0xF30A
  F31C:  4130            RET                           ; = MOV    @SP+, PC

sub_F31E:   ; xrefs: 0xEC5A, 0xF116
  F31E:  40F2 0040 024E  MOV.B  #0x0040, &loop_cnt   
  F324:  403F E7E6       MOV    #0xE7E6, R15         

loc_F328:   ; xrefs: 0xF348
  F328:  1012 0206       RRC    &0x0206              
  F32C:  1012 0204       RRC    &0x0204              
  F330:  1012 0202       RRC    &0x0202              
  F334:  1012 0200       RRC    &bcd_a               
  F338:  2804            JNC    loc_F342             
  F33A:  4F6E            MOV.B  @R15, R14            
  F33C:  DFDE 0001 0000  BIS.B  0x1(R15), 0x0(R14)   

loc_F342:   ; xrefs: 0xF338
  F342:  532F            INCD   R15                    ; = ADD    #2, R15
  F344:  83D2 024E       DEC.B  &loop_cnt              ; = SUB.B  #1, &loop_cnt
  F348:  23EF            JNZ    loc_F328             
  F34A:  4130            RET                           ; = MOV    @SP+, PC
  F34C:  4030 EE2E       BR     #0xEE2E                ; = MOV    #0xEE2E, PC  ; [линейный разбор]

bcd_add:   ; xrefs: 0xEE50, 0xEE70, 0xEEA0, 0xEEC2, 0xEEF2, 0xEF40, 0xEFA6, 0xEFF2, 0xF022, 0xF0C0, 0xF9DA
  F350:  40F2 00C8 0254  MOV.B  #0x00C8, &0x0254     
  F356:  12B0 F50C       CALL   #0xF50C              
  F35A:  4F82 0252       MOV    R15, &0x0252         
  F35E:  52D2 0253 0253  ADD.B  &0x0253, &0x0253     
  F364:  50B2 A000 0252  ADD    #0xA000, &0x0252     
  F36A:  421F 0252       MOV    &0x0252, R15         

loc_F36E:   ; xrefs: 0xF38E
  F36E:  12B0 F49C       CALL   #0xF49C              
  F372:  280E            JNC    loc_F390             
  F374:  12B0 F4F2       CALL   #0xF4F2              
  F378:  12B0 F52E       CALL   #0xF52E              
  F37C:  12B0 F52E       CALL   #0xF52E              
  F380:  83D2 0254       DEC.B  &0x0254                ; = SUB.B  #1, &0x0254
  F384:  2442            JZ     loc_F40A             
  F386:  12B0 F50C       CALL   #0xF50C              
  F38A:  4F82 0252       MOV    R15, &0x0252         
  F38E:  3FEF            JMP    loc_F36E             

loc_F390:   ; xrefs: 0xF372
  F390:  4FC2 0253       MOV.B  R15, &0x0253         
  F394:  12B0 F49C       CALL   #0xF49C              
  F398:  2C36            JC     loc_F406             
  F39A:  12B0 F50C       CALL   #0xF50C              
  F39E:  4F82 0253       MOV    R15, &0x0253         
  F3A2:  50B2 0100 0252  ADD    #0x0100, &0x0252     
  F3A8:  12B0 F49C       CALL   #0xF49C              
  F3AC:  2C2C            JC     loc_F406             
  F3AE:  C2E2 0022       BIC.B  #4, &P1DIR           

loc_F3B2:   ; xrefs: 0xF3E0
  F3B2:  12B0 F472       CALL   #0xF472              
  F3B6:  42DE 0252 0000  MOV.B  &0x0252, 0x0(R14)    
  F3BC:  83D2 024E       DEC.B  &loop_cnt              ; = SUB.B  #1, &loop_cnt
  F3C0:  2410            JZ     loc_F3E2             
  F3C2:  C2E2 0021       BIC.B  #4, &P1OUT           
  F3C6:  D2E2 0022       BIS.B  #4, &P1DIR           
  F3CA:  D2F2 0021       BIS.B  #8, &P1OUT           
  F3CE:  12B0 F52E       CALL   #0xF52E              
  F3D2:  C2F2 0021       BIC.B  #8, &P1OUT           
  F3D6:  12B0 F52E       CALL   #0xF52E              
  F3DA:  C2E2 0022       BIC.B  #4, &P1DIR           
  F3DE:  531E            INC    R14                    ; = ADD    #1, R14
  F3E0:  3FE8            JMP    loc_F3B2             

loc_F3E2:   ; xrefs: 0xF3C0
  F3E2:  D2E2 0021       BIS.B  #4, &P1OUT           
  F3E6:  D2E2 0022       BIS.B  #4, &P1DIR           
  F3EA:  D2F2 0021       BIS.B  #8, &P1OUT           
  F3EE:  12B0 F52E       CALL   #0xF52E              
  F3F2:  C2F2 0021       BIC.B  #8, &P1OUT           
  F3F6:  12B0 F52E       CALL   #0xF52E              
  F3FA:  C2E2 0021       BIC.B  #4, &P1OUT           
  F3FE:  12B0 F4F2       CALL   #0xF4F2              
  F402:  C312            CLRC                          ; = BIC    #1, SR
  F404:  4130            RET                           ; = MOV    @SP+, PC

loc_F406:   ; xrefs: 0xF398, 0xF3AC
  F406:  12B0 F4F2       CALL   #0xF4F2              

loc_F40A:   ; xrefs: 0xF384
  F40A:  D312            SETC                          ; = BIS    #1, SR
  F40C:  4130            RET                           ; = MOV    @SP+, PC
  F40E:  4030 EE2E       BR     #0xEE2E                ; = MOV    #0xEE2E, PC  ; [линейный разбор]

bcd_sub:   ; xrefs: 0xEE90, 0xEEE2, 0xEFE2, 0xF012, 0xF0B0, 0xFB44
  F412:  40F2 00C8 0254  MOV.B  #0x00C8, &0x0254     
  F418:  12B0 F50C       CALL   #0xF50C              
  F41C:  4E82 0252       MOV    R14, &0x0252         
  F420:  52D2 0253 0253  ADD.B  &0x0253, &0x0253     
  F426:  50B2 A000 0252  ADD    #0xA000, &0x0252     
  F42C:  421E 0252       MOV    &0x0252, R14         

loc_F430:   ; xrefs: 0xF450
  F430:  12B0 F49C       CALL   #0xF49C              
  F434:  280E            JNC    loc_F452             
  F436:  12B0 F4F2       CALL   #0xF4F2              
  F43A:  12B0 F52E       CALL   #0xF52E              
  F43E:  12B0 F52E       CALL   #0xF52E              
  F442:  83D2 0254       DEC.B  &0x0254                ; = SUB.B  #1, &0x0254
  F446:  2414            JZ     loc_F470             
  F448:  12B0 F50C       CALL   #0xF50C              
  F44C:  4E82 0252       MOV    R14, &0x0252         
  F450:  3FEF            JMP    loc_F430             

loc_F452:   ; xrefs: 0xF434
  F452:  4EC2 0253       MOV.B  R14, &0x0253         
  F456:  12B0 F49C       CALL   #0xF49C              
  F45A:  2C08            JC     loc_F46C             

loc_F45C:   ; xrefs: 0xF46A
  F45C:  4FF2 0253       MOV.B  @R15+, &0x0253       
  F460:  12B0 F49C       CALL   #0xF49C              
  F464:  2C03            JC     loc_F46C             
  F466:  83D2 024E       DEC.B  &loop_cnt              ; = SUB.B  #1, &loop_cnt
  F46A:  23F8            JNZ    loc_F45C             

loc_F46C:   ; xrefs: 0xF45A, 0xF464
  F46C:  12B0 F4F2       CALL   #0xF4F2              

loc_F470:   ; xrefs: 0xF446
  F470:  4130            RET                           ; = MOV    @SP+, PC

sub_F472:   ; xrefs: 0xF3B2
  F472:  4382 0252       CLR    &0x0252                ; = MOV    #0, &0x0252
  F476:  42F2 0250       MOV.B  #8, &0x0250          

loc_F47A:   ; xrefs: 0xF498
  F47A:  D2F2 0021       BIS.B  #8, &P1OUT           
  F47E:  12B0 F52E       CALL   #0xF52E              
  F482:  B2E2 0020       BIT.B  #4, &P1IN            
  F486:  C2F2 0021       BIC.B  #8, &P1OUT           
  F48A:  12B0 F52E       CALL   #0xF52E              
  F48E:  6292 0252 0252  ADDC   &0x0252, &0x0252     
  F494:  83D2 0250       DEC.B  &0x0250                ; = SUB.B  #1, &0x0250
  F498:  23F0            JNZ    loc_F47A             
  F49A:  4130            RET                           ; = MOV    @SP+, PC

sub_F49C:   ; xrefs: 0xF36E, 0xF394, 0xF3A8, 0xF430, 0xF456, 0xF460
  F49C:  D2E2 0022       BIS.B  #4, &P1DIR           
  F4A0:  42F2 0250       MOV.B  #8, &0x0250          

loc_F4A4:   ; xrefs: 0xF4D2
  F4A4:  D2E2 0022       BIS.B  #4, &P1DIR           
  F4A8:  6292 0252 0252  ADDC   &0x0252, &0x0252     
  F4AE:  2803            JNC    loc_F4B6             
  F4B0:  D2E2 0021       BIS.B  #4, &P1OUT           
  F4B4:  3C03            JMP    loc_F4BC             

loc_F4B6:   ; xrefs: 0xF4AE
  F4B6:  C2E2 0021       BIC.B  #4, &P1OUT           
  F4BA:  3C00            JMP    loc_F4BC             

loc_F4BC:   ; xrefs: 0xF4B4, 0xF4BA
  F4BC:  D2F2 0021       BIS.B  #8, &P1OUT           
  F4C0:  B2E2 0021       BIT.B  #4, &P1OUT           
  F4C4:  2402            JZ     loc_F4CA             
  F4C6:  C2E2 0022       BIC.B  #4, &P1DIR           

loc_F4CA:   ; xrefs: 0xF4C4
  F4CA:  C2F2 0021       BIC.B  #8, &P1OUT           
  F4CE:  83D2 0250       DEC.B  &0x0250                ; = SUB.B  #1, &0x0250
  F4D2:  23E8            JNZ    loc_F4A4             
  F4D4:  C2E2 0022       BIC.B  #4, &P1DIR           
  F4D8:  D2F2 0021       BIS.B  #8, &P1OUT           
  F4DC:  12B0 F52E       CALL   #0xF52E              
  F4E0:  B2E2 0020       BIT.B  #4, &P1IN            
  F4E4:  C2F2 0021       BIC.B  #8, &P1OUT           
  F4E8:  C2E2 0021       BIC.B  #4, &P1OUT           
  F4EC:  D2E2 0022       BIS.B  #4, &P1DIR           
  F4F0:  4130            RET                           ; = MOV    @SP+, PC

sub_F4F2:   ; xrefs: 0xF374, 0xF3FE, 0xF406, 0xF436, 0xF46C
  F4F2:  D2F2 0021       BIS.B  #8, &P1OUT           
  F4F6:  C2E2 0021       BIC.B  #4, &P1OUT           
  F4FA:  D2E2 0022       BIS.B  #4, &P1DIR           
  F4FE:  12B0 F52E       CALL   #0xF52E              
  F502:  D2E2 0021       BIS.B  #4, &P1OUT           
  F506:  12B0 F52E       CALL   #0xF52E              
  F50A:  4130            RET                           ; = MOV    @SP+, PC

sub_F50C:   ; xrefs: 0xF356, 0xF386, 0xF39A, 0xF418, 0xF448
  F50C:  D2F2 0021       BIS.B  #8, &P1OUT           
  F510:  D2E2 0021       BIS.B  #4, &P1OUT           
  F514:  D2E2 0022       BIS.B  #4, &P1DIR           
  F518:  12B0 F52E       CALL   #0xF52E              
  F51C:  C2E2 0021       BIC.B  #4, &P1OUT           
  F520:  12B0 F52E       CALL   #0xF52E              
  F524:  C2F2 0021       BIC.B  #8, &P1OUT           
  F528:  12B0 F52E       CALL   #0xF52E              
  F52C:  4130            RET                           ; = MOV    @SP+, PC

sub_F52E:   ; xrefs: 0xF378, 0xF37C, 0xF3CE, 0xF3D6, 0xF3EE, 0xF3F6, 0xF43A, 0xF43E, 0xF47E, 0xF48A, 0xF4DC, 0xF4FE, 0xF506, 0xF518, 0xF520, 0xF528
  F52E:  4292 0252 0252  MOV    &0x0252, &0x0252     
  F534:  4292 0252 0252  MOV    &0x0252, &0x0252     
  F53A:  4292 0252 0252  MOV    &0x0252, &0x0252     
  F540:  4292 0252 0252  MOV    &0x0252, &0x0252     
  F546:  4292 0252 0252  MOV    &0x0252, &0x0252     
  F54C:  4292 0252 0252  MOV    &0x0252, &0x0252     
  F552:  4130            RET                           ; = MOV    @SP+, PC

bcd_inc:   ; xrefs: 0xE13E, 0xFC62
  F554:  F0BC 00FF 0000  AND    #0x00FF, 0x0(R12)    
  F55A:  4C2D            MOV    @R12, R13            
  F55C:  430F            CLR    R15                    ; = MOV    #0, R15
  F55E:  403E 0007       MOV    #0x0007, R14         

loc_F562:   ; xrefs: 0xF56C
  F562:  100D            RRC    R13                  
  F564:  2802            JNC    loc_F56A             
  F566:  EE5F F57A       XOR.B  -0xA86(R14), R15     

loc_F56A:   ; xrefs: 0xF564
  F56A:  831E            DEC    R14                    ; = SUB    #1, R14
  F56C:  37FA            JGE    loc_F562             
  F56E:  108F            SWPB   R15                  
  F570:  5F8C 0000       ADD    R15, 0x0(R12)        
  F574:  4CAC 0002       MOV    @R12, 0x2(R12)       
  F578:  4130            RET                           ; = MOV    @SP+, PC
  F57A:  356A            JGE    0xF850                 ; [линейный разбор]
  F57C:  4D9A 53A6 D4A9  MOV    0x53A6(R13), -0x2B57(R10)  ; [линейный разбор]

sub_F582:   ; xrefs: 0xE064, 0xF74C, 0xF80A
  F582:  40F2 00CE 0289  MOV.B  #0x00CE, &0x0289     
  F588:  42E2 028A       MOV.B  #4, &0x028A          
  F58C:  40F2 00B7 028B  MOV.B  #0x00B7, &0x028B     

loc_F592:   ; xrefs: 0xF5C2
  F592:  425D 028B       MOV.B  &0x028B, R13         
  F596:  42D2 028A 028B  MOV.B  &0x028A, &0x028B     
  F59C:  42D2 0289 028A  MOV.B  &0x0289, &0x028A     
  F5A2:  EF7D            XOR.B  @R15+, R13           
  F5A4:  120D            PUSH   R13                  
  F5A6:  5D0D            RLA    R13                    ; = ADD    R13, R13
  F5A8:  512D            ADD    @SP, R13             
  F5AA:  41F2 0289       POP.B  &0x0289                ; = MOV.B  @SP+, &0x0289
  F5AE:  EDD2 E87E 028B  XOR.B  -0x1782(R13), &0x028B
  F5B4:  EDD2 E87D 028A  XOR.B  -0x1783(R13), &0x028A
  F5BA:  4DD2 E87C 0289  MOV.B  -0x1784(R13), &0x0289
  F5C0:  831C            DEC    R12                    ; = SUB    #1, R12
  F5C2:  23E7            JNZ    loc_F592             
  F5C4:  430C            CLR    R12                    ; = MOV    #0, R12
  F5C6:  403D 0003       MOV    #0x0003, R13         

loc_F5CA:   ; xrefs: 0xF5D8
  F5CA:  9DDE 0288 0002  CMP.B  0x288(R13), 0x2(R14) 
  F5D0:  2401            JZ     loc_F5D4             
  F5D2:  531C            INC    R12                    ; = ADD    #1, R12

loc_F5D4:   ; xrefs: 0xF5D0
  F5D4:  831E            DEC    R14                    ; = SUB    #1, R14
  F5D6:  831D            DEC    R13                    ; = SUB    #1, R13
  F5D8:  23F8            JNZ    loc_F5CA             
  F5DA:  930C            TST    R12                    ; = CMP    #0, R12
  F5DC:  4130            RET                           ; = MOV    @SP+, PC

sub_F5DE:   ; xrefs: 0xFA36, 0xFA62
  F5DE:  403D 0010       MOV    #0x0010, R13         
  F5E2:  430A            CLR    R10                    ; = MOV    #0, R10
  F5E4:  4309            CLR    R9                     ; = MOV    #0, R9
  F5E6:  430C            CLR    R12                    ; = MOV    #0, R12

loc_F5E8:   ; xrefs: 0xF5F8
  F5E8:  C312            CLRC                          ; = BIC    #1, SR
  F5EA:  100F            RRC    R15                  
  F5EC:  2802            JNC    loc_F5F2             
  F5EE:  5E0A            ADD    R14, R10             
  F5F0:  6C09            ADDC   R12, R9              

loc_F5F2:   ; xrefs: 0xF5EC
  F5F2:  5E0E            RLA    R14                    ; = ADD    R14, R14
  F5F4:  6C0C            RLC    R12                    ; = ADDC   R12, R12
  F5F6:  831D            DEC    R13                    ; = SUB    #1, R13
  F5F8:  23F7            JNZ    loc_F5E8             
  F5FA:  4130            RET                           ; = MOV    @SP+, PC

sub_F5FC:   ; xrefs: 0xFA42, 0xFA6E, 0xFA8A
  F5FC:  403D 0010       MOV    #0x0010, R13         
  F600:  430A            CLR    R10                    ; = MOV    #0, R10
  F602:  4309            CLR    R9                     ; = MOV    #0, R9

loc_F604:   ; xrefs: 0xF60C
  F604:  5F0F            RLA    R15                    ; = ADD    R15, R15
  F606:  AA0A            DADD   R10, R10             
  F608:  A909            DADD   R9, R9               
  F60A:  831D            DEC    R13                    ; = SUB    #1, R13
  F60C:  23FB            JNZ    loc_F604             
  F60E:  4130            RET                           ; = MOV    @SP+, PC

bcd_cmp:   ; xrefs: 0xEE5E, 0xEE7E, 0xEEAE, 0xEED0, 0xEF00, 0xEF4E, 0xEFB4, 0xEFD2, 0xF000, 0xF030, 0xF0A0, 0xF0CE
  F610:  4292 024E 0252  MOV    &loop_cnt, &0x0252   
  F616:  430C            CLR    R12                    ; = MOV    #0, R12

loc_F618:   ; xrefs: 0xF634, 0xF63C
  F618:  8392 0252       DEC    &0x0252                ; = SUB    #1, &0x0252
  F61C:  93B2 0252       CMP    #-1, &0x0252         
  F620:  240E            JZ     loc_F63E             
  F622:  4F0E            MOV    R15, R14             
  F624:  521E 0252       ADD    &0x0252, R14         
  F628:  4E6D            MOV.B  @R14, R13            
  F62A:  E37D            INV.B  R13                    ; = XOR.B  #-1, R13
  F62C:  521E 024E       ADD    &loop_cnt, R14       
  F630:  9DCE 0000       CMP.B  R13, 0x0(R14)        
  F634:  27F1            JZ     loc_F618             
  F636:  531C            INC    R12                    ; = ADD    #1, R12
  F638:  4DCE 0000       MOV.B  R13, 0x0(R14)        
  F63C:  3FED            JMP    loc_F618             

loc_F63E:   ; xrefs: 0xF620
  F63E:  5292 024E 024E  ADD    &loop_cnt, &loop_cnt 
  F644:  433D            MOV    #-1, R13             

loc_F646:   ; xrefs: 0xF662
  F646:  4F7E            MOV.B  @R15+, R14           
  F648:  EE0D            XOR    R14, R13             
  F64A:  42B2 0252       MOV    #8, &0x0252          

loc_F64E:   ; xrefs: 0xF65C
  F64E:  C312            CLRC                          ; = BIC    #1, SR
  F650:  100D            RRC    R13                  
  F652:  2802            JNC    loc_F658             
  F654:  E03D A001       XOR    #0xA001, R13         

loc_F658:   ; xrefs: 0xF652
  F658:  8392 0252       DEC    &0x0252                ; = SUB    #1, &0x0252
  F65C:  23F8            JNZ    loc_F64E             
  F65E:  8392 024E       DEC    &loop_cnt              ; = SUB    #1, &loop_cnt
  F662:  23F1            JNZ    loc_F646             
  F664:  9DCF 0000       CMP.B  R13, 0x0(R15)        
  F668:  2401            JZ     loc_F66C             
  F66A:  531C            INC    R12                    ; = ADD    #1, R12

loc_F66C:   ; xrefs: 0xF668
  F66C:  4DCF 0000       MOV.B  R13, 0x0(R15)        
  F670:  108D            SWPB   R13                  
  F672:  9DCF 0001       CMP.B  R13, 0x1(R15)        
  F676:  2401            JZ     loc_F67A             
  F678:  531C            INC    R12                    ; = ADD    #1, R12

loc_F67A:   ; xrefs: 0xF676
  F67A:  4DCF 0001       MOV.B  R13, 0x1(R15)        
  F67E:  533C            ADD    #-1, R12             
  F680:  4130            RET                           ; = MOV    @SP+, PC

memset:   ; xrefs: 0xEC0E, 0xF0F0, 0xF68A
  F682:  43CF 0000       CLR.B  0x0(R15)               ; = MOV.B  #0, 0x0(R15)
  F686:  531F            INC    R15                    ; = ADD    #1, R15
  F688:  831D            DEC    R13                    ; = SUB    #1, R13
  F68A:  23FB            JNZ    memset               
  F68C:  4130            RET                           ; = MOV    @SP+, PC
  F68E:  4FEE 0000       MOV.B  @R15, 0x0(R14)         ; [линейный разбор]
  F692:  531F            INC    R15                    ; = ADD    #1, R15  ; [линейный разбор]
  F694:  531E            INC    R14                    ; = ADD    #1, R14  ; [линейный разбор]
  F696:  831D            DEC    R13                    ; = SUB    #1, R13  ; [линейный разбор]
  F698:  23FA            JNZ    0xF68E                 ; [линейный разбор]
  F69A:  4130            RET                           ; = MOV    @SP+, PC  ; [линейный разбор]

memset_b:   ; xrefs: 0xEC56, 0xF112, 0xF6A4
  F69C:  4FCE 0000       MOV.B  R15, 0x0(R14)        
  F6A0:  531E            INC    R14                    ; = ADD    #1, R14
  F6A2:  831D            DEC    R13                    ; = SUB    #1, R13
  F6A4:  23FB            JNZ    memset_b             
  F6A6:  4130            RET                           ; = MOV    @SP+, PC

sub_F6A8:   ; xrefs: 0xE132, 0xE2D0
  F6A8:  4FEE 0000       MOV.B  @R15, 0x0(R14)       
  F6AC:  F0FE 000F 0000  AND.B  #0x000F, 0x0(R14)    
  F6B2:  4F6F            MOV.B  @R15, R15            
  F6B4:  F07F 00F0       AND.B  #0x00F0, R15         
  F6B8:  C352            CLRC                          ; = BIC.B  #1, SR
  F6BA:  104F            RRC.B  R15                  
  F6BC:  5FCE 0000       ADD.B  R15, 0x0(R14)        
  F6C0:  C352            CLRC                          ; = BIC.B  #1, SR
  F6C2:  104F            RRC.B  R15                  
  F6C4:  C352            CLRC                          ; = BIC.B  #1, SR
  F6C6:  104F            RRC.B  R15                  
  F6C8:  5FCE 0000       ADD.B  R15, 0x0(R14)        
  F6CC:  4130            RET                           ; = MOV    @SP+, PC

sub_F6CE:   ; xrefs: 0xF9F8
  F6CE:  D312            SETC                          ; = BIS    #1, SR
  F6D0:  1242            PUSH.B SR                   
  F6D2:  C3A2 0218       BIC    #2, &status          

loc_F6D6:   ; xrefs: 0xF6F0
  F6D6:  4172            POP.B  SR                     ; = MOV.B  @SP+, SR
  F6D8:  4EE2 0250       MOV.B  @R14, &0x0250        
  F6DC:  7FE2 0250       SUBC.B @R15, &0x0250        
  F6E0:  1242            PUSH.B SR                   
  F6E2:  2402            JZ     loc_F6E8             
  F6E4:  D3A2 0218       BIS    #2, &status          

loc_F6E8:   ; xrefs: 0xF6E2
  F6E8:  831F            DEC    R15                    ; = SUB    #1, R15
  F6EA:  831E            DEC    R14                    ; = SUB    #1, R14
  F6EC:  83D2 024E       DEC.B  &loop_cnt              ; = SUB.B  #1, &loop_cnt
  F6F0:  23F2            JNZ    loc_F6D6             
  F6F2:  4172            POP.B  SR                     ; = MOV.B  @SP+, SR
  F6F4:  4130            RET                           ; = MOV    @SP+, PC

isr_usart1_tx:
  F6F6:  B3D0 0933       BIT.B  #1, P2IFG            
  F6FA:  24A6            JZ     loc_F848             
  F6FC:  C3D2 002D       BIC.B  #1, &P2IE            
  F700:  D232            EINT                          ; = BIS    #8, SR
  F702:  B3E2 002B       BIT.B  #2, &P2IFG           
  F706:  2402            JZ     loc_F70C             
  F708:  C312            CLRC                          ; = BIC    #1, SR
  F70A:  3C01            JMP    loc_F70E             

loc_F70C:   ; xrefs: 0xF706
  F70C:  D312            SETC                          ; = BIS    #1, SR

loc_F70E:   ; xrefs: 0xF70A
  F70E:  1012 0268       RRC    &0x0268              
  F712:  1012 0266       RRC    &0x0266              
  F716:  1012 0264       RRC    &0x0264              
  F71A:  1012 0262       RRC    &0x0262              
  F71E:  93C2 028C       TST.B  &0x028C                ; = CMP.B  #0, &0x028C
  F722:  2034            JNZ    loc_F78C             
  F724:  B0B2 0800 0218  BIT    #0x0800, &status     
  F72A:  2032            JNZ    loc_F790             
  F72C:  1252 0289       PUSH.B &0x0289              
  F730:  1252 028A       PUSH.B &0x028A              
  F734:  1252 028B       PUSH.B &0x028B              
  F738:  120F            PUSH   R15                  
  F73A:  120E            PUSH   R14                  
  F73C:  120D            PUSH   R13                  
  F73E:  120C            PUSH   R12                  
  F740:  403F 0265       MOV    #0x0265, R15         
  F744:  403E 0262       MOV    #0x0262, R14         
  F748:  403C 0005       MOV    #0x0005, R12         
  F74C:  12B0 F582       CALL   #0xF582              
  F750:  413C            POP    R12                    ; = MOV    @SP+, R12
  F752:  413D            POP    R13                    ; = MOV    @SP+, R13
  F754:  413E            POP    R14                    ; = MOV    @SP+, R14
  F756:  413F            POP    R15                    ; = MOV    @SP+, R15
  F758:  41F2 028B       POP.B  &0x028B                ; = MOV.B  @SP+, &0x028B
  F75C:  41F2 028A       POP.B  &0x028A                ; = MOV.B  @SP+, &0x028A
  F760:  41F2 0289       POP.B  &0x0289                ; = MOV.B  @SP+, &0x0289
  F764:  2015            JNZ    loc_F790             
  F766:  4292 0266 025E  MOV    &0x0266, &0x025E     
  F76C:  4292 0268 0260  MOV    &0x0268, &0x0260     
  F772:  42D2 0265 0283  MOV.B  &0x0265, &0x0283     
  F778:  42D2 0262 02B4  MOV.B  &0x0262, &0x02B4     
  F77E:  D0B2 0800 0218  BIS    #0x0800, &status     
  F784:  40F2 003F 028C  MOV.B  #0x003F, &0x028C     
  F78A:  3C02            JMP    loc_F790             

loc_F78C:   ; xrefs: 0xF722
  F78C:  83D2 028C       DEC.B  &0x028C                ; = SUB.B  #1, &0x028C

loc_F790:   ; xrefs: 0xF72A, 0xF764, 0xF78A
  F790:  B392 026A       BIT    #1, &0x026A          
  F794:  2004            JNZ    loc_F79E             
  F796:  D3E2 002A       BIS.B  #2, &P2DIR           
  F79A:  C3E2 0029       BIC.B  #2, &P2OUT           

loc_F79E:   ; xrefs: 0xF794
  F79E:  1112 0270       RRA    &0x0270              
  F7A2:  1012 026E       RRC    &0x026E              
  F7A6:  1012 026C       RRC    &0x026C              
  F7AA:  1012 026A       RRC    &0x026A              
  F7AE:  53D2 025D       INC.B  &0x025D                ; = ADD.B  #1, &0x025D
  F7B2:  90F2 0040 025D  CMP.B  #0x0040, &0x025D     
  F7B8:  203D            JNZ    loc_F834             
  F7BA:  43C2 025D       CLR.B  &0x025D                ; = MOV.B  #0, &0x025D
  F7BE:  93C2 02B3       TST.B  &0x02B3                ; = CMP.B  #0, &0x02B3
  F7C2:  240A            JZ     loc_F7D8             
  F7C4:  4292 0278 026E  MOV    &0x0278, &0x026E     
  F7CA:  4292 027A 0270  MOV    &0x027A, &0x0270     
  F7D0:  42D2 02B5 026D  MOV.B  &0x02B5, &0x026D     
  F7D6:  3C09            JMP    loc_F7EA             

loc_F7D8:   ; xrefs: 0xF7C2
  F7D8:  4292 0272 026E  MOV    &0x0272, &0x026E     
  F7DE:  4292 0276 0270  MOV    &0x0276, &0x0270     
  F7E4:  42D2 0286 026D  MOV.B  &0x0286, &0x026D     

loc_F7EA:   ; xrefs: 0xF7D6
  F7EA:  1252 0289       PUSH.B &0x0289              
  F7EE:  1252 028A       PUSH.B &0x028A              
  F7F2:  1252 028B       PUSH.B &0x028B              
  F7F6:  120F            PUSH   R15                  
  F7F8:  120E            PUSH   R14                  
  F7FA:  120D            PUSH   R13                  
  F7FC:  120C            PUSH   R12                  
  F7FE:  403F 026D       MOV    #0x026D, R15         
  F802:  403E 026A       MOV    #0x026A, R14         
  F806:  403C 0005       MOV    #0x0005, R12         
  F80A:  12B0 F582       CALL   #0xF582              
  F80E:  413C            POP    R12                    ; = MOV    @SP+, R12
  F810:  413D            POP    R13                    ; = MOV    @SP+, R13
  F812:  413E            POP    R14                    ; = MOV    @SP+, R14
  F814:  413F            POP    R15                    ; = MOV    @SP+, R15
  F816:  42D2 028B 026C  MOV.B  &0x028B, &0x026C     
  F81C:  42D2 028A 026B  MOV.B  &0x028A, &0x026B     
  F822:  42D2 0289 026A  MOV.B  &0x0289, &0x026A     
  F828:  41F2 028B       POP.B  &0x028B                ; = MOV.B  @SP+, &0x028B
  F82C:  41F2 028A       POP.B  &0x028A                ; = MOV.B  @SP+, &0x028A
  F830:  41F2 0289       POP.B  &0x0289                ; = MOV.B  @SP+, &0x0289

loc_F834:   ; xrefs: 0xF7B8
  F834:  C3E2 002A       BIC.B  #2, &P2DIR           
  F838:  E3D2 002C       XOR.B  #1, &P2IES           
  F83C:  C3D2 002B       BIC.B  #1, &P2IFG           
  F840:  C3E2 002B       BIC.B  #2, &P2IFG           
  F844:  D3D2 002D       BIS.B  #1, &P2IE            

loc_F848:   ; xrefs: 0xF6FA
  F848:  1300            RETI                        

isr_timerb0:
  F84A:  B392 0154       BIT    #1, &0x0154          
  F84E:  249C            JZ     loc_F988             
  F850:  B0B2 0800 021A  BIT    #0x0800, &flags2     
  F856:  2038            JNZ    loc_F8C8             
  F858:  B2A2 0156       BIT    #4, &0x0156          
  F85C:  2435            JZ     loc_F8C8             
  F85E:  90B2 0040 022C  CMP    #0x0040, &0x022C     
  F864:  342F            JGE    loc_F8C4             
  F866:  5392 024A       INC    &led_cnt               ; = ADD    #1, &led_cnt
  F86A:  92A2 024A       CMP    #4, &led_cnt         
  F86E:  2005            JNZ    loc_F87A             
  F870:  C0F2 0080 0021  BIC.B  #0x0080, &P1OUT      
  F876:  4382 024C       CLR    &led_timer             ; = MOV    #0, &led_timer

loc_F87A:   ; xrefs: 0xF86E
  F87A:  92B2 024A       CMP    #8, &led_cnt         
  F87E:  3822            JL     loc_F8C4             
  F880:  B0B2 0100 021A  BIT    #0x0100, &flags2     
  F886:  2403            JZ     loc_F88E             
  F888:  D0F2 0080 0021  BIS.B  #0x0080, &P1OUT      

loc_F88E:   ; xrefs: 0xF886
  F88E:  4382 024A       CLR    &led_cnt               ; = MOV    #0, &led_cnt
  F892:  40B2 0007 024C  MOV    #0x0007, &led_timer  
  F898:  B3D2 0020       BIT.B  #1, &P1IN            
  F89C:  2003            JNZ    loc_F8A4             
  F89E:  40B2 000A 024C  MOV    #0x000A, &led_timer  

loc_F8A4:   ; xrefs: 0xF89C
  F8A4:  D0B2 0100 0218  BIS    #0x0100, &status     
  F8AA:  5392 0210       INC    &0x0210                ; = ADD    #1, &0x0210
  F8AE:  C0B2 0200 0218  BIC    #0x0200, &status     
  F8B4:  90B2 0040 0210  CMP    #0x0040, &0x0210     
  F8BA:  3804            JL     loc_F8C4             
  F8BC:  4382 0210       CLR    &0x0210                ; = MOV    #0, &0x0210
  F8C0:  5392 0248       INC    &0x0248                ; = ADD    #1, &0x0248

loc_F8C4:   ; xrefs: 0xF864, 0xF87E, 0xF8BA
  F8C4:  4382 022C       CLR    &0x022C                ; = MOV    #0, &0x022C

loc_F8C8:   ; xrefs: 0xF856, 0xF85C
  F8C8:  B2B2 0156       BIT    #8, &0x0156          
  F8CC:  245D            JZ     loc_F988             
  F8CE:  4292 01D0 02B6  MOV    &DMA0CTL, &0x02B6    
  F8D4:  4292 01D2 02B8  MOV    &DMA0SA, &0x02B8     
  F8DA:  C0B2 0800 021A  BIC    #0x0800, &flags2     
  F8E0:  B0B2 8000 02B8  BIT    #0x8000, &0x02B8     
  F8E6:  241E            JZ     loc_F924             
  F8E8:  D0B2 0800 021A  BIS    #0x0800, &flags2     
  F8EE:  E3B2 02B6       INV    &0x02B6                ; = XOR    #-1, &0x02B6
  F8F2:  E3B2 02B8       INV    &0x02B8                ; = XOR    #-1, &0x02B8
  F8F6:  9382 02B8       TST    &0x02B8                ; = CMP    #0, &0x02B8
  F8FA:  2004            JNZ    loc_F904             
  F8FC:  B0B2 E000 02B6  BIT    #0xE000, &0x02B6     
  F902:  2410            JZ     loc_F924             

loc_F904:   ; xrefs: 0xF8FA
  F904:  5292 02B6 02BA  ADD    &0x02B6, &0x02BA     
  F90A:  6292 02B8 02BC  ADDC   &0x02B8, &0x02BC     

loc_F910:   ; xrefs: 0xF922
  F910:  90B2 1C20 02BC  CMP    #0x1C20, &0x02BC     
  F916:  3806            JL     loc_F924             
  F918:  80B2 1C20 02BC  SUB    #0x1C20, &0x02BC     
  F91E:  5392 0248       INC    &0x0248                ; = ADD    #1, &0x0248
  F922:  3FF6            JMP    loc_F910             

loc_F924:   ; xrefs: 0xF8E6, 0xF902, 0xF916
  F924:  4292 02B6 021C  MOV    &0x02B6, &0x021C     
  F92A:  4292 02B8 022A  MOV    &0x02B8, &0x022A     
  F930:  6292 021C 021C  ADDC   &0x021C, &0x021C     
  F936:  6292 022A 022A  ADDC   &0x022A, &0x022A     
  F93C:  6292 021C 021C  ADDC   &0x021C, &0x021C     
  F942:  6292 022A 022A  ADDC   &0x022A, &0x022A     
  F948:  5292 02B6 021C  ADD    &0x02B6, &0x021C     
  F94E:  6292 02B8 022A  ADDC   &0x02B8, &0x022A     
  F954:  4292 01EE 0226  MOV    &0x01EE, &0x0226     
  F95A:  4292 01F0 021C  MOV    &0x01F0, &0x021C     
  F960:  4292 01F2 0228  MOV    &0x01F2, &0x0228     
  F966:  6292 021C 021C  ADDC   &0x021C, &0x021C     
  F96C:  6292 0228 0228  ADDC   &0x0228, &0x0228     
  F972:  C0B2 0007 021A  BIC    #0x0007, &flags2     
  F978:  D2B2 021A       BIS    #8, &flags2          
  F97C:  90B2 0040 022C  CMP    #0x0040, &0x022C     
  F982:  3402            JGE    loc_F988             
  F984:  5392 022C       INC    &0x022C                ; = ADD    #1, &0x022C

loc_F988:   ; xrefs: 0xF84E, 0xF8CC, 0xF982
  F988:  1300            RETI                        

display_update:   ; xrefs: 0xEF8A
  F98A:  B0B2 0080 0218  BIT    #0x0080, &status     
  F990:  2414            JZ     loc_F9BA             
  F992:  C0B2 0080 0218  BIC    #0x0080, &status     
  F998:  B0B2 0100 0218  BIT    #0x0100, &status     
  F99E:  240D            JZ     loc_F9BA             
  F9A0:  C0B2 0100 0218  BIC    #0x0100, &status     
  F9A6:  D2B2 0218       BIS    #8, &status          
  F9AA:  53D2 0256       INC.B  &0x0256                ; = ADD.B  #1, &0x0256
  F9AE:  90F2 0006 0256  CMP.B  #0x0006, &0x0256     
  F9B4:  3802            JL     loc_F9BA             
  F9B6:  43C2 0256       CLR.B  &0x0256                ; = MOV.B  #0, &0x0256

loc_F9BA:   ; xrefs: 0xF990, 0xF99E, 0xF9B4
  F9BA:  B0B2 0040 0218  BIT    #0x0040, &status     
  F9C0:  2433            JZ     loc_FA28             
  F9C2:  C0B2 0040 0218  BIC    #0x0040, &status     
  F9C8:  D0B2 0600 021A  BIS    #0x0600, &flags2     
  F9CE:  423F            MOV    #8, R15              
  F9D0:  403E 02C0       MOV    #0x02C0, R14         
  F9D4:  40F2 0005 024E  MOV.B  #0x0005, &loop_cnt   
  F9DA:  12B0 F350       CALL   #0xF350              
  F9DE:  90F2 0003 02C4  CMP.B  #0x0003, &0x02C4     
  F9E4:  2015            JNZ    loc_FA10             
  F9E6:  9382 02C0       TST    &0x02C0                ; = CMP    #0, &0x02C0
  F9EA:  2412            JZ     loc_FA10             
  F9EC:  403F 02C1       MOV    #0x02C1, R15         
  F9F0:  403E 02BF       MOV    #0x02BF, R14         
  F9F4:  43E2 024E       MOV.B  #2, &loop_cnt        
  F9F8:  12B0 F6CE       CALL   #0xF6CE              
  F9FC:  2C03            JC     loc_FA04             
  F9FE:  C0B2 0200 021A  BIC    #0x0200, &flags2     

loc_FA04:   ; xrefs: 0xF9FC
  FA04:  9382 02C2       TST    &0x02C2                ; = CMP    #0, &0x02C2
  FA08:  2403            JZ     loc_FA10             
  FA0A:  C0B2 0400 021A  BIC    #0x0400, &flags2     

loc_FA10:   ; xrefs: 0xF9E4, 0xF9EA, 0xFA08
  FA10:  C232            DINT                          ; = BIC    #8, SR
  FA12:  B0B2 0600 021A  BIT    #0x0600, &flags2     
  FA18:  C0B2 0100 021A  BIC    #0x0100, &flags2     
  FA1E:  2403            JZ     loc_FA26             
  FA20:  D0B2 0100 021A  BIS    #0x0100, &flags2     

loc_FA26:   ; xrefs: 0xFA1E
  FA26:  D232            EINT                          ; = BIS    #8, SR

loc_FA28:   ; xrefs: 0xF9C0
  FA28:  B392 021A       BIT    #1, &flags2          
  FA2C:  2013            JNZ    loc_FA54             
  FA2E:  421F 0226       MOV    &0x0226, R15         
  FA32:  421E 1002       MOV    &0x1002, R14         
  FA36:  12B0 F5DE       CALL   #0xF5DE              
  FA3A:  4982 021E       MOV    R9, &0x021E          
  FA3E:  421F 021E       MOV    &0x021E, R15         
  FA42:  12B0 F5FC       CALL   #0xF5FC              
  FA46:  4A82 021E       MOV    R10, &0x021E         
  FA4A:  1092 021E       SWPB   &0x021E              
  FA4E:  D392 021A       BIS    #1, &flags2          
  FA52:  3C38            JMP    loc_FAC4             

loc_FA54:   ; xrefs: 0xFA2C
  FA54:  B3A2 021A       BIT    #2, &flags2          
  FA58:  2013            JNZ    loc_FA80             
  FA5A:  421F 0228       MOV    &0x0228, R15         
  FA5E:  421E 1004       MOV    &0x1004, R14         
  FA62:  12B0 F5DE       CALL   #0xF5DE              
  FA66:  4982 0220       MOV    R9, &0x0220          
  FA6A:  421F 0220       MOV    &0x0220, R15         
  FA6E:  12B0 F5FC       CALL   #0xF5FC              
  FA72:  4A82 0220       MOV    R10, &0x0220         
  FA76:  1092 0220       SWPB   &0x0220              
  FA7A:  D3A2 021A       BIS    #2, &flags2          
  FA7E:  3C22            JMP    loc_FAC4             

loc_FA80:   ; xrefs: 0xFA58
  FA80:  B2A2 021A       BIT    #4, &flags2          
  FA84:  201F            JNZ    loc_FAC4             
  FA86:  421F 022A       MOV    &0x022A, R15         
  FA8A:  12B0 F5FC       CALL   #0xF5FC              
  FA8E:  4A82 0222       MOV    R10, &0x0222         
  FA92:  42D2 0222 0224  MOV.B  &0x0222, &0x0224     
  FA98:  49C2 0222       MOV.B  R9, &0x0222          
  FA9C:  42D2 0222 02BE  MOV.B  &0x0222, &0x02BE     
  FAA2:  42D2 0223 02BF  MOV.B  &0x0223, &0x02BF     
  FAA8:  425D 0224       MOV.B  &0x0224, R13         
  FAAC:  422C            MOV    #4, R12              

loc_FAAE:   ; xrefs: 0xFABE
  FAAE:  6D4D            RLC.B  R13                    ; = ADDC.B R13, R13
  FAB0:  62D2 02BF 02BF  ADDC.B &0x02BF, &0x02BF     
  FAB6:  62D2 02BE 02BE  ADDC.B &0x02BE, &0x02BE     
  FABC:  831C            DEC    R12                    ; = SUB    #1, R12
  FABE:  23F7            JNZ    loc_FAAE             
  FAC0:  D2A2 021A       BIS    #4, &flags2          

loc_FAC4:   ; xrefs: 0xFA52, 0xFA7E, 0xFA84
  FAC4:  4130            RET                           ; = MOV    @SP+, PC

sub_FAC6:   ; xrefs: 0xF060
  FAC6:  B0B2 0080 021A  BIT    #0x0080, &flags2     
  FACC:  2001            JNZ    loc_FAD0             
  FACE:  4130            RET                           ; = MOV    @SP+, PC

loc_FAD0:   ; xrefs: 0xFACC
  FAD0:  93C2 02B0       TST.B  &0x02B0                ; = CMP.B  #0, &0x02B0
  FAD4:  2404            JZ     loc_FADE             
  FAD6:  C0B2 0080 021A  BIC    #0x0080, &flags2     
  FADC:  4130            RET                           ; = MOV    @SP+, PC

loc_FADE:   ; xrefs: 0xFAD4
  FADE:  12B0 FAFC       CALL   #0xFAFC              
  FAE2:  2C06            JC     loc_FAF0             
  FAE4:  C0B2 0080 021A  BIC    #0x0080, &flags2     
  FAEA:  43E2 0278       MOV.B  #2, &0x0278          
  FAEE:  4130            RET                           ; = MOV    @SP+, PC

loc_FAF0:   ; xrefs: 0xFAE2
  FAF0:  C0B2 0080 021A  BIC    #0x0080, &flags2     
  FAF6:  43C2 0278       CLR.B  &0x0278                ; = MOV.B  #0, &0x0278
  FAFA:  4130            RET                           ; = MOV    @SP+, PC

sub_FAFC:   ; xrefs: 0xFADE
  FAFC:  425E 02A4       MOV.B  &0x02A4, R14         
  FB00:  4E4D            MOV.B  R14, R13             
  FB02:  F03D 000F       AND    #0x000F, R13         
  FB06:  F03E 00F0       AND    #0x00F0, R14         
  FB0A:  201F            JNZ    loc_FB4A             
  FB0C:  5D0D            RLA    R13                    ; = ADD    R13, R13
  FB0E:  5D0D            RLA    R13                    ; = ADD    R13, R13
  FB10:  403F FB4C       MOV    #0xFB4C, R15         
  FB14:  5D0F            ADD    R13, R15             
  FB16:  425D 02A4       MOV.B  &0x02A4, R13         
  FB1A:  F03D 000F       AND    #0x000F, R13         
  FB1E:  923D            CMP    #8, R13              
  FB20:  3409            JGE    loc_FB34             
  FB22:  4F1D 0002       MOV    0x2(R15), R13        
  FB26:  930D            TST    R13                    ; = CMP    #0, R13
  FB28:  2405            JZ     loc_FB34             
  FB2A:  531D            INC    R13                    ; = ADD    #1, R13
  FB2C:  925D 02B2       CMP.B  &0x02B2, R13         
  FB30:  2001            JNZ    loc_FB34             
  FB32:  3C02            JMP    loc_FB38             

loc_FB34:   ; xrefs: 0xFB20, 0xFB28, 0xFB30
  FB34:  D312            SETC                          ; = BIS    #1, SR
  FB36:  4130            RET                           ; = MOV    @SP+, PC

loc_FB38:   ; xrefs: 0xFB32
  FB38:  4F2E            MOV    @R15, R14            
  FB3A:  4FD2 0002 024E  MOV.B  0x2(R15), &loop_cnt  
  FB40:  403F 02A5       MOV    #0x02A5, R15         
  FB44:  12B0 F412       CALL   #0xF412              
  FB48:  C312            CLRC                          ; = BIC    #1, SR

loc_FB4A:   ; xrefs: 0xFB0A
  FB4A:  4130            RET                           ; = MOV    @SP+, PC
  FB4C:  00 00 00 00 00 00 00 00 00 00 00 00 08 00 02 00 |................|
  FB5C:  0A 00 02 00 00 00 00 00 00 00 00 00 0C 00 01 00 |................|

isr_dac12:
  FB6C:  9382 024C       TST    &led_timer             ; = CMP    #0, &led_timer
  FB70:  2406            JZ     loc_FB7E             
  FB72:  8392 024C       DEC    &led_timer             ; = SUB    #1, &led_timer
  FB76:  2003            JNZ    loc_FB7E             
  FB78:  C0F2 0080 0021  BIC.B  #0x0080, &P1OUT      

loc_FB7E:   ; xrefs: 0xFB70, 0xFB76
  FB7E:  D232            EINT                          ; = BIS    #8, SR
  FB80:  5392 025A       INC    &sys_ticks             ; = ADD    #1, &sys_ticks
  FB84:  B0B2 000F 025A  BIT    #0x000F, &sys_ticks  
  FB8A:  2003            JNZ    loc_FB92             
  FB8C:  D0B2 0080 0218  BIS    #0x0080, &status     

loc_FB92:   ; xrefs: 0xFB8A
  FB92:  B0B2 003F 025A  BIT    #0x003F, &sys_ticks  
  FB98:  2003            JNZ    loc_FBA0             
  FB9A:  D0B2 2008 0218  BIS    #0x2008, &status     

loc_FBA0:   ; xrefs: 0xFB98
  FBA0:  B0B2 007F 025A  BIT    #0x007F, &sys_ticks  
  FBA6:  2017            JNZ    loc_FBD6             
  FBA8:  D0B2 0049 0218  BIS    #0x0049, &status     
  FBAE:  53D2 0225       INC.B  &disp_page             ; = ADD.B  #1, &disp_page
  FBB2:  90F2 0055 1007  CMP.B  #0x0055, &0x1007     
  FBB8:  2408            JZ     loc_FBCA             
  FBBA:  90F2 00AA 1007  CMP.B  #0x00AA, &0x1007     
  FBC0:  2008            JNZ    loc_FBD2             
  FBC2:  90F2 0005 0225  CMP.B  #0x0005, &disp_page  
  FBC8:  3404            JGE    loc_FBD2             

loc_FBCA:   ; xrefs: 0xFBB8
  FBCA:  90F2 0007 0225  CMP.B  #0x0007, &disp_page  
  FBD0:  3802            JL     loc_FBD6             

loc_FBD2:   ; xrefs: 0xFBC0, 0xFBC8
  FBD2:  43C2 0225       CLR.B  &disp_page             ; = MOV.B  #0, &disp_page

loc_FBD6:   ; xrefs: 0xFBA6, 0xFBD0
  FBD6:  B3D2 0056       BIT.B  #1, &BCSCTL1         
  FBDA:  2403            JZ     loc_FBE2             
  FBDC:  D0B2 0400 0218  BIS    #0x0400, &status     

loc_FBE2:   ; xrefs: 0xFBDA
  FBE2:  9382 022E       TST    &rx_timeout            ; = CMP    #0, &rx_timeout
  FBE6:  2409            JZ     loc_FBFA             
  FBE8:  8392 022E       DEC    &rx_timeout            ; = SUB    #1, &rx_timeout
  FBEC:  2006            JNZ    loc_FBFA             
  FBEE:  D0B2 0010 0218  BIS    #0x0010, &status     
  FBF4:  4292 0232 0230  MOV    &rx_ptr, &frame_len  

loc_FBFA:   ; xrefs: 0xFBE6, 0xFBEC
  FBFA:  1300            RETI                        

clk_advance:   ; xrefs: 0xEF8E, 0xFC16, 0xFC30, 0xFC38, 0xFC40, 0xFC48, 0xFC50, 0xFC58, 0xFC66
  FBFC:  9382 0248       TST    &0x0248                ; = CMP    #0, &0x0248
  FC00:  2433            JZ     loc_FC68             
  FC02:  D2B2 0218       BIS    #8, &status          
  FC06:  C0B2 0200 0218  BIC    #0x0200, &status     
  FC0C:  8392 0248       DEC    &0x0248                ; = SUB    #1, &0x0248
  FC10:  C312            CLRC                          ; = BIC    #1, SR
  FC12:  A3D2 0212       DADD.B #1, &sec_frac        
  FC16:  2BF2            JNC    clk_advance          
  FC18:  40F2 0055 0257  MOV.B  #0x0055, &clk_tick   
  FC1E:  A3C2 020A       DADC.B &clk_ss                ; = DADD.B #0, &clk_ss
  FC22:  A3C2 0209       DADC.B &clk_mm                ; = DADD.B #0, &clk_mm
  FC26:  A3C2 0208       DADC.B &clk_hh                ; = DADD.B #0, &clk_hh
  FC2A:  90F2 0040 02C5  CMP.B  #0x0040, &0x02C5     
  FC30:  27E5            JZ     clk_advance          
  FC32:  90F2 0041 02C5  CMP.B  #0x0041, &0x02C5     
  FC38:  27E1            JZ     clk_advance          
  FC3A:  90F2 0042 02C5  CMP.B  #0x0042, &0x02C5     
  FC40:  27DD            JZ     clk_advance          
  FC42:  90F2 0043 02C5  CMP.B  #0x0043, &0x02C5     
  FC48:  27D9            JZ     clk_advance          
  FC4A:  90F2 0048 02C5  CMP.B  #0x0048, &0x02C5     
  FC50:  27D5            JZ     clk_advance          
  FC52:  90F2 004F 02C5  CMP.B  #0x004F, &0x02C5     
  FC58:  27D1            JZ     clk_advance          
  FC5A:  5392 0274       INC    &0x0274                ; = ADD    #1, &0x0274
  FC5E:  403C 0274       MOV    #0x0274, R12         
  FC62:  12B0 F554       CALL   #0xF554              
  FC66:  3FCA            JMP    clk_advance          

loc_FC68:   ; xrefs: 0xFC00
  FC68:  4130            RET                           ; = MOV    @SP+, PC

isr_usart0_rx:
  FC6A:  C0F2 0040 0002  BIC.B  #0x0040, &IFG1       
  FC70:  B0B2 4010 0218  BIT    #0x4010, &status     
  FC76:  200B            JNZ    loc_FC8E             
  FC78:  90B2 0246 0232  CMP    #0x0246, &rx_ptr     
  FC7E:  340A            JGE    loc_FC94             
  FC80:  421B 0232       MOV    &rx_ptr, R11         
  FC84:  42DB 0076 0000  MOV.B  &U0RXBUF, 0x0(R11)   
  FC8A:  5392 0232       INC    &rx_ptr                ; = ADD    #1, &rx_ptr

loc_FC8E:   ; xrefs: 0xFC76
  FC8E:  43A2 022E       MOV    #2, &rx_timeout      
  FC92:  1300            RETI                        

loc_FC94:   ; xrefs: 0xFC7E
  FC94:  40B2 0234 0232  MOV    #0x0234, &rx_ptr     
  FC9A:  43A2 022E       MOV    #2, &rx_timeout      
  FC9E:  1300            RETI                        

isr_usart0_tx:
  FCA0:  C0F2 0080 0002  BIC.B  #0x0080, &IFG1       
  FCA6:  B0B2 4000 0218  BIT    #0x4000, &status     
  FCAC:  2004            JNZ    loc_FCB6             
  FCAE:  40B2 0234 0232  MOV    #0x0234, &rx_ptr     
  FCB4:  1300            RETI                        

loc_FCB6:   ; xrefs: 0xFCAC
  FCB6:  421B 0232       MOV    &rx_ptr, R11         
  FCBA:  4BE2 0077       MOV.B  @R11, &U0TXBUF       
  FCBE:  5392 0232       INC    &rx_ptr                ; = ADD    #1, &rx_ptr
  FCC2:  9292 0230 0232  CMP    &frame_len, &rx_ptr  
  FCC8:  3401            JGE    loc_FCCC             
  FCCA:  1300            RETI                        

loc_FCCC:   ; xrefs: 0xFCC8
  FCCC:  C0B2 4000 0218  BIC    #0x4000, &status     
  FCD2:  1300            RETI                        
  FCD4:  FF FF FF FF FF FF FF FF FF FF FF FF FF FF FF FF |................|
  FCE4:  FF FF FF FF FF FF FF FF FF FF FF FF FF FF FF FF |................|
  FCF4:  FF FF FF FF FF FF FF FF FF FF FF FF FF FF FF FF |................|
  FD04:  FF FF FF FF FF FF FF FF FF FF FF FF FF FF FF FF |................|
  FD14:  FF FF FF FF FF FF FF FF FF FF FF FF FF FF FF FF |................|
  FD24:  FF FF FF FF FF FF FF FF FF FF FF FF FF FF FF FF |................|
  FD34:  FF FF FF FF FF FF FF FF FF FF FF FF FF FF FF FF |................|
  FD44:  FF FF FF FF FF FF FF FF FF FF FF FF FF FF FF FF |................|
  FD54:  FF FF FF FF FF FF FF FF FF FF FF FF FF FF FF FF |................|
  FD64:  FF FF FF FF FF FF FF FF FF FF FF FF FF FF FF FF |................|
  FD74:  FF FF FF FF FF FF FF FF FF FF FF FF FF FF FF FF |................|
  FD84:  FF FF FF FF FF FF FF FF FF FF FF FF FF FF FF FF |................|
  FD94:  FF FF FF FF FF FF FF FF FF FF FF FF FF FF FF FF |................|
  FDA4:  FF FF FF FF FF FF FF FF FF FF FF FF FF FF FF FF |................|
  FDB4:  FF FF FF FF FF FF FF FF FF FF FF FF FF FF FF FF |................|
  FDC4:  FF FF FF FF FF FF FF FF FF FF FF FF FF FF FF FF |................|
  FDD4:  FF FF FF FF FF FF FF FF FF FF FF FF FF FF FF FF |................|
  FDE4:  FF FF FF FF FF FF FF FF FF FF FF FF FF FF FF FF |................|
  FDF4:  FF FF FF FF FF FF FF FF FF FF FF FF FF FF FF FF |................|
  FE04:  FF FF FF FF FF FF FF FF FF FF FF FF FF FF FF FF |................|
  FE14:  FF FF FF FF FF FF FF FF FF FF FF FF FF FF FF FF |................|
  FE24:  FF FF FF FF FF FF FF FF FF FF FF FF FF FF FF FF |................|
  FE34:  FF FF FF FF FF FF FF FF FF FF FF FF FF FF FF FF |................|
  FE44:  FF FF FF FF FF FF FF FF FF FF FF FF FF FF FF FF |................|
  FE54:  FF FF FF FF FF FF FF FF FF FF FF FF FF FF FF FF |................|
  FE64:  FF FF FF FF FF FF FF FF FF FF FF FF FF FF FF FF |................|
  FE74:  FF FF FF FF FF FF FF FF FF FF FF FF FF FF FF FF |................|
  FE84:  FF FF FF FF FF FF FF FF FF FF FF FF FF FF FF FF |................|
  FE94:  FF FF FF FF FF FF FF FF FF FF FF FF FF FF FF FF |................|
  FEA4:  FF FF FF FF FF FF FF FF FF FF FF FF FF FF FF FF |................|
  FEB4:  FF FF FF FF FF FF FF FF FF FF FF FF FF FF FF FF |................|
  FEC4:  FF FF FF FF FF FF FF FF FF FF FF FF FF FF FF FF |................|
  FED4:  FF FF FF FF FF FF FF FF FF FF FF FF FF FF FF FF |................|
  FEE4:  FF FF FF FF FF FF FF FF FF FF FF FF FF FF FF FF |................|
  FEF4:  FF FF FF FF FF FF FF FF FF FF FF FF FF FF FF FF |................|
  FF04:  FF FF FF FF FF FF FF FF FF FF FF FF FF FF FF FF |................|
  FF14:  FF FF FF FF FF FF FF FF FF FF FF FF FF FF FF FF |................|
  FF24:  FF FF FF FF FF FF FF FF FF FF FF FF FF FF FF FF |................|
  FF34:  FF FF FF FF FF FF FF FF FF FF FF FF FF FF FF FF |................|
  FF44:  FF FF FF FF FF FF FF FF FF FF FF FF FF FF FF FF |................|
  FF54:  FF FF FF FF FF FF FF FF FF FF FF FF FF FF FF FF |................|
  FF64:  FF FF FF FF FF FF FF FF FF FF FF FF FF FF FF FF |................|
  FF74:  FF FF FF FF FF FF FF FF FF FF FF FF FF FF FF FF |................|
  FF84:  FF FF FF FF FF FF FF FF FF FF FF FF FF FF FF FF |................|
  FF94:  FF FF FF FF FF FF FF FF FF FF FF FF FF FF FF FF |................|
  FFA4:  FF FF FF FF FF FF FF FF FF FF FF FF FF FF FF FF |................|
  FFB4:  FF FF FF FF FF FF FF FF FF FF FF FF FF FF FF FF |................|
  FFC4:  FF FF FF FF FF FF FF FF FF FF FF FF FF FF FF FF |................|
  FFD4:  FF FF FF FF FF FF FF FF FF FF FF FF 6C FB F6 F6 |............l...|
  FFE4:  FF FF FF FF 2E EE 2E EE FF FF FF FF A0 FC 6A FC |..............j.|
  FFF4:  2E EE FF FF FF FF 4A F8 2E EE 2E EE             |......J.....|
